LabVIEW Measurement	
Writer_Version	2
Reader_Version	2
Separator	Tab
Decimal_Separator	,
Multi_Headings	No
X_Columns	Multi
Time_Pref	Absolute
Operator	Alunos
Description	Cont Acq&Graph Voltage Int Clk - LVM71 - Data File
Date	2023/06/01
Time	12:17:10,0060463999427315447
***End_of_Header***	
	
Channels	1	
Samples	500	
Date	2023/06/01	
Time	12:17:10,0060463999427315447	
Y_Unit_Label	Volts	
X_Dimension	Time	
X0	0,0000000000000000E+0	
Delta_X	0,002778	
***End_of_Header***		
X_Value	Dev1/ai1	Comment
0,000000	1,731751
0,002778	1,737340
0,005555	1,728792
0,008333	1,694270
0,011111	1,647254
0,013889	1,610759
0,016667	1,583470
0,019444	1,564729
0,022222	1,536125
0,025000	1,493384
0,027777	1,446039
0,030555	1,421380
0,033333	1,418750
0,036111	1,428285
0,038888	1,427956
0,041666	1,414147
0,044444	1,398037
0,047222	1,394749
0,049999	1,405928
0,052777	1,423353
0,055555	1,434203
0,058333	1,428613
0,061110	1,415462
0,063888	1,412832
0,066666	1,424339
0,069444	1,441436
0,072221	1,452615
0,074999	1,443737
0,077777	1,427298
0,080555	1,426312
0,083332	1,439792
0,086110	1,459190
0,088888	1,469383
0,091666	1,458861
0,094443	1,432230
0,097221	1,408887
0,099999	1,387844
0,102777	1,386858
0,105554	1,404941
0,108332	1,466423
0,111110	1,616677
0,113888	1,860962
0,116665	2,205856
0,119443	2,625382
0,122221	3,025511
0,124999	3,193191
0,127776	3,195492
0,130554	3,197136
0,133332	3,195492
0,136110	3,188588
0,138887	3,092254
0,141665	2,659576
0,144443	2,058890
0,147221	1,518042
0,149998	1,136655
0,152776	0,956153
0,155554	0,922946
0,158332	0,970620
0,161109	1,051500
0,163887	1,143888
0,166665	1,234961
0,169443	1,322746
0,172220	1,370090
0,174998	1,385543
0,177776	1,376337
0,180554	1,375680
0,183331	1,385543
0,186109	1,405270
0,188887	1,415133
0,191665	1,409544
0,194442	1,397050
0,197220	1,395735
0,199998	1,414476
0,202776	1,437491
0,205553	1,450642
0,208331	1,437162
0,211109	1,412832
0,213887	1,405599
0,216664	1,443737
0,219442	1,505877
0,222220	1,566373
0,224998	1,605498
0,227775	1,630815
0,230553	1,656131
0,233331	1,686708
0,236109	1,719257
0,238886	1,738984
0,241664	1,738655
0,244442	1,726490
0,247220	1,718271
0,249997	1,716627
0,252775	1,720901
0,255553	1,710051
0,258331	1,675529
0,261108	1,626212
0,263886	1,589717
0,266664	1,566702
0,269442	1,548290
0,272220	1,522974
0,274997	1,479904
0,277775	1,438477
0,280553	1,413161
0,283330	1,411846
0,286108	1,419079
0,288886	1,425326
0,291664	1,411846
0,294441	1,398694
0,297219	1,392119
0,299997	1,404612
0,302775	1,426970
0,305553	1,436504
0,308330	1,428613
0,311108	1,410859
0,313886	1,410530
0,316663	1,420723
0,319441	1,443080
0,322219	1,449656
0,324997	1,443737
0,327774	1,427627
0,330552	1,425654
0,333330	1,438148
0,336108	1,462478
0,338886	1,471355
0,341663	1,455245
0,344441	1,424339
0,347219	1,390475
0,349996	1,376008
0,352774	1,380611
0,355552	1,433545
0,358330	1,530207
0,361107	1,712682
0,363885	2,012531
0,366663	2,387015
0,369441	2,807528
0,372218	3,175765
0,374996	3,194835
0,377774	3,196150
0,380552	3,195492
0,383329	3,193848
0,386107	3,179382
0,388885	2,928520
0,391663	2,399837
0,394440	1,802439
0,397218	1,312553
0,399996	1,023225
0,402774	0,922946
0,405551	0,943988
0,408329	1,018293
0,411107	1,100160
0,413885	1,192548
0,416662	1,278360
0,419440	1,346418
0,422218	1,385872
0,424996	1,387187
0,427773	1,375022
0,430551	1,371405
0,433329	1,386201
0,436107	1,404612
0,438884	1,418750
0,441662	1,410202
0,444440	1,399352
0,447218	1,402640
0,449995	1,421380
0,452773	1,442422
0,455551	1,453272
0,458329	1,439463
0,461106	1,414147
0,463884	1,425983
0,466662	1,470040
0,469440	1,537440
0,472217	1,594320
0,474995	1,630486
0,477773	1,647254
0,480551	1,670926
0,483328	1,697886
0,486106	1,728463
0,488884	1,746217
0,491662	1,739313
0,494439	1,722874
0,497217	1,711695
0,499995	1,713339
0,502773	1,718600
0,505551	1,704791
0,508328	1,665337
0,511106	1,619636
0,513884	1,579853
0,516661	1,555852
0,519439	1,537440
0,522217	1,510480
0,524995	1,470369
0,527772	1,431244
0,530550	1,411188
0,533328	1,410202
0,536106	1,423682
0,538883	1,428285
0,541661	1,419408
0,544439	1,399352
0,547217	1,397050
0,549994	1,408229
0,552772	1,429271
0,555550	1,437491
0,558328	1,429600
0,561105	1,412832
0,563883	1,410530
0,566661	1,424668
0,569439	1,445053
0,572217	1,456560
0,574994	1,448669
0,577772	1,435189
0,580550	1,431901
0,583327	1,443737
0,586105	1,458533
0,588883	1,468396
0,591661	1,448998
0,594438	1,413489
0,597216	1,381926
0,599994	1,372720
0,602772	1,396393
0,605549	1,469383
0,608327	1,617992
0,611105	1,842222
0,613883	2,173306
0,616660	2,581983
0,619438	2,992633
0,622216	3,192862
0,624994	3,195821
0,627771	3,195163
0,630549	3,194835
0,633327	3,189245
0,636105	3,118557
0,638882	2,717770
0,641660	2,126619
0,644438	1,564401
0,647216	1,155067
0,649994	0,952537
0,652771	0,920316
0,655549	0,982785
0,658327	1,067939
0,661104	1,149806
0,663882	1,228056
0,666660	1,304005
0,669438	1,365487
0,672215	1,395735
0,674993	1,394749
0,677771	1,382255
0,680549	1,381926
0,683326	1,392447
0,686104	1,412832
0,688882	1,423353
0,691660	1,416449
0,694437	1,406585
0,697215	1,409215
0,699993	1,426312
0,702771	1,447683
0,705548	1,455902
0,708326	1,437491
0,711104	1,418750
0,713882	1,435189
0,716660	1,487794
0,719437	1,557825
0,722215	1,618650
0,724993	1,651199
0,727770	1,663364
0,730548	1,678817
0,733326	1,706106
0,736104	1,734381
0,738881	1,752135
0,741659	1,747204
0,744437	1,727806
0,747215	1,714654
0,749992	1,708079
0,752770	1,706106
0,755548	1,688023
0,758326	1,645281
0,761103	1,592676
0,763881	1,557825
0,766659	1,533166
0,769437	1,515083
0,772214	1,490753
0,774992	1,452943
0,777770	1,419736
0,780548	1,403955
0,783326	1,406914
0,786103	1,418750
0,788881	1,428942
0,791659	1,416449
0,794436	1,401653
0,797214	1,400667
0,799992	1,411517
0,802770	1,429271
0,805547	1,436833
0,808325	1,426970
0,811103	1,413161
0,813881	1,413489
0,816658	1,427298
0,819436	1,448340
0,822214	1,457546
0,824992	1,448669
0,827769	1,433545
0,830547	1,434203
0,833325	1,445381
0,836103	1,464451
0,838880	1,465108
0,841658	1,435847
0,844436	1,395078
0,847214	1,363186
0,849991	1,363186
0,852769	1,418092
0,855547	1,526591
0,858325	1,708407
0,861102	1,990832
0,863880	2,346246
0,866658	2,760512
0,869436	3,154394
0,872213	3,193519
0,874991	3,195492
0,877769	3,194835
0,880547	3,192533
0,883324	3,181026
0,886102	2,950220
0,888880	2,446196
0,891658	1,850770
0,894435	1,339185
0,897213	1,026841
0,899991	0,906178
0,902769	0,931166
0,905546	1,015005
0,908324	1,104763
0,911102	1,182027
0,913880	1,253372
0,916657	1,322746
0,919435	1,372720
0,922213	1,397708
0,924991	1,389160
0,927768	1,375680
0,930546	1,370090
0,933324	1,384885
0,936102	1,404284
0,938879	1,417435
0,941657	1,411188
0,944435	1,400667
0,947213	1,405928
0,949990	1,422038
0,952768	1,441436
0,955546	1,445710
0,958324	1,424339
0,961101	1,417435
0,963879	1,450971
0,966657	1,508836
0,969435	1,581497
0,972212	1,633774
0,974990	1,658104
0,977768	1,666652
0,980546	1,684077
0,983323	1,705777
0,986101	1,735039
0,988879	1,746217
0,991657	1,734710
0,994434	1,713668
0,997212	1,700188
0,999990	1,698544
1,002768	1,696900
1,005545	1,675858
1,008323	1,628184
1,011101	1,580511
1,013879	1,540400
1,016656	1,517714
1,019434	1,499630
1,022212	1,478588
1,024990	1,444724
1,027767	1,413489
1,030545	1,400996
1,033323	1,404284
1,036101	1,420723
1,038879	1,423682
1,041656	1,414147
1,044434	1,395735
1,047212	1,396722
1,049989	1,408558
1,052767	1,431901
1,055545	1,439463
1,058323	1,430257
1,061101	1,414805
1,063878	1,414147
1,066656	1,428613
1,069434	1,443409
1,072211	1,451299
1,074989	1,439792
1,077767	1,427956
1,080545	1,425983
1,083322	1,443080
1,086100	1,461163
1,088878	1,461821
1,091656	1,427956
1,094433	1,381598
1,097211	1,358583
1,099989	1,375351
1,102767	1,454587
1,105544	1,613060
1,108322	1,833674
1,111100	2,147332
1,113878	2,539899
1,116656	2,949562
1,119433	3,191875
1,122211	3,194506
1,124989	3,195821
1,127766	3,195163
1,130544	3,189903
1,133322	3,134667
1,136100	2,758868
1,138877	2,187115
1,141655	1,617992
1,144433	1,176766
1,147211	0,945303
1,149988	0,896315
1,152766	0,963715
1,155544	1,072213
1,158322	1,159341
1,161099	1,233974
1,163877	1,296772
1,166655	1,352336
1,169433	1,390804
1,172210	1,405270
1,174988	1,394091
1,177766	1,378310
1,180544	1,378310
1,183321	1,390804
1,186099	1,417435
1,188877	1,428285
1,191655	1,421709
1,194433	1,408558
1,197210	1,413818
1,199988	1,427298
1,202766	1,447354
1,205543	1,444066
1,208321	1,430586
1,211099	1,437819
1,213877	1,478588
1,216654	1,542701
1,219432	1,610759
1,222210	1,659419
1,224988	1,675200
1,227765	1,678488
1,230543	1,687365
1,233321	1,713339
1,236099	1,740957
1,238876	1,753451
1,241654	1,740299
1,244432	1,716956
1,247210	1,700845
1,249988	1,693941
1,252765	1,684735
1,255543	1,659748
1,258321	1,615691
1,261098	1,562757
1,263876	1,525276
1,266654	1,498315
1,269432	1,483849
1,272209	1,462149
1,274987	1,434203
1,277765	1,404284
1,280543	1,393105
1,283320	1,398366
1,286098	1,415462
1,288876	1,423682
1,291654	1,412174
1,294431	1,399352
1,297209	1,398037
1,299987	1,412174
1,302765	1,427956
1,305542	1,438477
1,308320	1,426970
1,311098	1,413818
1,313876	1,414805
1,316653	1,430586
1,319431	1,449327
1,322209	1,457875
1,324987	1,445710
1,327765	1,429600
1,330542	1,427956
1,333320	1,438477
1,336098	1,460177
1,338875	1,452615
1,341653	1,415791
1,344431	1,372720
1,347209	1,355624
1,349986	1,399023
1,352764	1,513768
1,355542	1,708407
1,358320	1,983598
1,361097	2,322573
1,363875	2,723360
1,366653	3,117571
1,369431	3,192533
1,372208	3,195163
1,374986	3,195163
1,377764	3,193519
1,380542	3,182998
1,383319	2,974879
1,386097	2,490910
1,388875	1,907978
1,391653	1,391790
1,394430	1,051171
1,397208	0,903877
1,399986	0,913740
1,402764	1,009087
1,405541	1,113311
1,408319	1,199123
1,411097	1,258304
1,413875	1,313211
1,416652	1,359240
1,419430	1,393763
1,422208	1,402640
1,424986	1,393763
1,427763	1,376995
1,430541	1,376995
1,433319	1,395406
1,436097	1,416449
1,438874	1,427956
1,441652	1,419408
1,444430	1,408558
1,447208	1,411188
1,449985	1,426970
1,452763	1,444066
1,455541	1,442422
1,458319	1,439135
1,461097	1,453601
1,463874	1,499630
1,466652	1,567031
1,469430	1,631801
1,472207	1,674543
1,474985	1,687694
1,477763	1,687365
1,480541	1,700188
1,483318	1,722874
1,486096	1,750163
1,488874	1,758711
1,491652	1,743916
1,494429	1,718600
1,497207	1,701174
1,499985	1,690653
1,502763	1,681118
1,505540	1,656131
1,508318	1,606485
1,511096	1,551907
1,513874	1,510480
1,516652	1,484507
1,519429	1,473657
1,522207	1,458204
1,524985	1,431244
1,527762	1,405928
1,530540	1,395406
1,533318	1,403626
1,536096	1,422695
1,538873	1,427956
1,541651	1,415462
1,544429	1,400009
1,547207	1,401325
1,549984	1,417106
1,552762	1,444066
1,555540	1,450313
1,558318	1,441107
1,561095	1,426641
1,563873	1,424011
1,566651	1,436833
1,569429	1,457218
1,572207	1,468067
1,574984	1,455574
1,577762	1,438806
1,580540	1,432559
1,583317	1,445381
1,586095	1,453601
1,588873	1,442422
1,591651	1,403955
1,594428	1,367131
1,597206	1,368118
1,599984	1,438477
1,602762	1,598923
1,605539	1,829399
1,608317	2,143716
1,611095	2,516555
1,613873	2,907478
1,616650	3,188916
1,619428	3,194506
1,622206	3,196807
1,624984	3,195492
1,627761	3,191547
1,630539	3,138941
1,633317	2,766759
1,636095	2,209472
1,638872	1,652843
1,641650	1,206028
1,644428	0,953194
1,647206	0,883492
1,649983	0,942673
1,652761	1,055446
1,655539	1,164601
1,658317	1,237920
1,661094	1,291840
1,663872	1,333595
1,666650	1,368118
1,669428	1,392776
1,672206	1,399681
1,674983	1,389488
1,677761	1,377652
1,680539	1,381269
1,683316	1,397379
1,686094	1,422367
1,688872	1,429600
1,691650	1,423353
1,694427	1,410530
1,697205	1,416120
1,699983	1,428942
1,702761	1,445053
1,705538	1,444724
1,708316	1,449984
1,711094	1,475301
1,713872	1,524947
1,716649	1,592676
1,719427	1,656131
1,722205	1,692297
1,724983	1,698873
1,727761	1,697886
1,730538	1,704791
1,733316	1,725833
1,736094	1,750820
1,738871	1,756081
1,741649	1,737340
1,744427	1,709394
1,747205	1,690982
1,749982	1,680461
1,752760	1,666652
1,755538	1,637390
1,758316	1,589388
1,761093	1,532509
1,763871	1,498644
1,766649	1,478917
1,769427	1,471684
1,772204	1,457875
1,774982	1,434203
1,777760	1,405928
1,780538	1,399352
1,783316	1,407571
1,786093	1,421380
1,788871	1,428613
1,791649	1,416120
1,794426	1,404284
1,797204	1,405270
1,799982	1,422038
1,802760	1,440450
1,805537	1,450971
1,808315	1,436833
1,811093	1,424011
1,813871	1,421709
1,816648	1,436833
1,819426	1,456889
1,822204	1,466095
1,824982	1,454587
1,827759	1,438148
1,830537	1,438806
1,833315	1,448012
1,836093	1,456889
1,838871	1,436833
1,841648	1,398366
1,844426	1,365487
1,847204	1,394420
1,849981	1,491740
1,852759	1,694927
1,855537	1,979324
1,858315	2,315011
1,861092	2,703962
1,863870	3,088309
1,866648	3,193191
1,869426	3,196478
1,872203	3,196150
1,874981	3,195163
1,877759	3,185300
1,880537	2,996250
1,883315	2,520501
1,886092	1,941843
1,888870	1,432888
1,891648	1,077474
1,894426	0,909137
1,897203	0,899932
1,899981	0,988374
1,902759	1,108379
1,905536	1,210631
1,908314	1,277045
1,911092	1,314855
1,913870	1,349706
1,916647	1,377652
1,919425	1,401982
1,922203	1,404941
1,924981	1,397379
1,927758	1,381926
1,930536	1,384557
1,933314	1,400996
1,936092	1,423353
1,938870	1,434203
1,941647	1,425654
1,944425	1,414147
1,947203	1,415462
1,949980	1,429600
1,952758	1,436504
1,955536	1,452286
1,958314	1,469383
1,961091	1,499630
1,963869	1,552564
1,966647	1,615691
1,969425	1,669282
1,972202	1,700517
1,974980	1,704462
1,977758	1,699201
1,980536	1,708407
1,983313	1,730436
1,986091	1,751149
1,988869	1,752793
1,991647	1,731751
1,994425	1,700188
1,997202	1,678817
1,999980	1,663035
2,002758	1,651199
2,005535	1,618321
2,008313	1,566702
2,011091	1,516727
2,013869	1,478588
2,016646	1,460505
2,019424	1,456231
2,022202	1,447025
2,024980	1,423353
2,027757	1,401982
2,030535	1,394091
2,033313	1,405270
2,036091	1,423353
2,038868	1,431573
2,041646	1,419408
2,044424	1,407571
2,047202	1,405599
2,049980	1,421051
2,052757	1,442751
2,055535	1,449656
2,058313	1,442094
2,061090	1,429271
2,063868	1,429600
2,066646	1,438148
2,069424	1,455574
2,072201	1,459848
2,074979	1,452615
2,077757	1,437819
2,080535	1,439463
2,083312	1,447354
2,086090	1,448340
2,088868	1,424339
2,091646	1,384885
2,094423	1,365816
2,097201	1,419408
2,099979	1,572291
2,102757	1,807371
2,105535	2,136482
2,108312	2,507021
2,111090	2,889395
2,113868	3,186944
2,116645	3,195492
2,119423	3,197794
2,122201	3,196478
2,124979	3,192533
2,127756	3,153079
2,130534	2,794048
2,133312	2,241693
2,136090	1,689009
2,138867	1,246139
2,141645	0,985744
2,144423	0,889411
2,147201	0,928536
2,149979	1,034403
2,152756	1,151121
2,155534	1,245482
2,158312	1,298744
2,161089	1,330636
2,163867	1,353651
2,166645	1,376666
2,169423	1,397050
2,172200	1,403626
2,174978	1,392119
2,177756	1,380611
2,180534	1,385214
2,183311	1,402640
2,186089	1,424011
2,188867	1,435847
2,191645	1,427298
2,194422	1,413161
2,197200	1,413489
2,199978	1,421380
2,202756	1,437819
2,205534	1,464122
2,208311	1,491740
2,211089	1,526591
2,213867	1,577223
2,216644	1,630486
2,219422	1,679146
2,222200	1,703147
2,224978	1,705448
2,227755	1,701832
2,230533	1,707421
2,233311	1,727148
2,236089	1,745560
2,238866	1,746546
2,241644	1,720572
2,244422	1,688680
2,247200	1,662378
2,249977	1,643308
2,252755	1,625554
2,255533	1,593333
2,258311	1,543030
2,261089	1,491082
2,263866	1,455574
2,266644	1,445381
2,269422	1,445710
2,272199	1,439792
2,274977	1,419408
2,277755	1,396393
2,280533	1,393105
2,283310	1,406256
2,286088	1,422695
2,288866	1,428285
2,291644	1,417106
2,294421	1,402640
2,297199	1,405270
2,299977	1,418750
2,302755	1,436833
2,305532	1,445710
2,308310	1,431901
2,311088	1,418421
2,313866	1,419736
2,316644	1,435189
2,319421	1,452286
2,322199	1,461163
2,324977	1,451957
2,327754	1,437162
2,330532	1,435847
2,333310	1,435518
2,336088	1,429600
2,338865	1,404941
2,341643	1,375022
2,344421	1,381598
2,347199	1,466752
2,349976	1,657446
2,352754	1,949076
2,355532	2,300545
2,358310	2,697057
2,361088	3,067924
2,363865	3,193519
2,366643	3,196478
2,369421	3,198451
2,372198	3,195163
2,374976	3,185957
2,377754	3,016963
2,380532	2,547461
2,383309	1,964200
2,386087	1,458861
2,388865	1,111010
2,391643	0,931823
2,394420	0,901575
2,397198	0,970620
2,399976	1,081091
2,402754	1,197151
2,405531	1,279018
2,408309	1,326362
2,411087	1,346089
2,413865	1,361542
2,416643	1,379296
2,419420	1,401325
2,422198	1,406585
2,424976	1,399352
2,427754	1,385872
2,430531	1,391132
2,433309	1,408229
2,436087	1,431244
2,438864	1,443080
2,441642	1,434203
2,444420	1,421380
2,447198	1,418092
2,449975	1,424011
2,452753	1,444724
2,455531	1,479904
2,458309	1,513768
2,461086	1,551578
2,463864	1,599252
2,466642	1,650870
2,469420	1,693612
2,472198	1,715969
2,474975	1,716956
2,477753	1,716298
2,480531	1,725175
2,483308	1,739313
2,486086	1,751149
2,488864	1,743587
2,491642	1,713668
2,494419	1,674872
2,497197	1,650542
2,499975	1,630815
2,502753	1,616019
2,505530	1,585114
2,508308	1,534481
2,511086	1,481547
2,513864	1,449656
2,516641	1,437819
2,519419	1,439792
2,522197	1,439135
2,524975	1,416449
2,527753	1,400996
2,530530	1,396393
2,533308	1,407900
2,536086	1,423353
2,538863	1,428942
2,541641	1,416449
2,544419	1,404941
2,547197	1,408887
2,549974	1,421709
2,552752	1,443080
2,555530	1,447025
2,558308	1,436833
2,561085	1,420723
2,563863	1,424997
2,566641	1,435847
2,569419	1,457218
2,572196	1,461492
2,574974	1,451628
2,577752	1,436504
2,580530	1,430586
2,583308	1,423682
2,586085	1,411517
2,588863	1,393763
2,591641	1,375022
2,594418	1,412503
2,597196	1,538756
2,599974	1,766273
2,602752	2,104262
2,605529	2,487951
2,608307	2,875257
2,611085	3,184971
2,613863	3,195163
2,616640	3,196150
2,619418	3,196807
2,622196	3,192862
2,624974	3,161299
2,627752	2,817392
2,630529	2,263721
2,633307	1,704791
2,636085	1,266853
2,638863	1,009745
2,641640	0,909466
2,644418	0,925577
2,647196	1,021252
2,649973	1,133696
2,652751	1,240221
2,655529	1,313868
2,658307	1,349377
2,661084	1,361213
2,663862	1,370090
2,666640	1,387187
2,669418	1,403297
2,672195	1,408887
2,674973	1,393434
2,677751	1,383899
2,680529	1,388173
2,683307	1,406585
2,686084	1,427627
2,688862	1,441436
2,691640	1,432888
2,694417	1,421380
2,697195	1,416120
2,699973	1,423024
2,702751	1,459190
2,705528	1,499630
2,708306	1,537112
2,711084	1,574593
2,713862	1,622266
2,716639	1,666652
2,719417	1,707421
2,722195	1,725175
2,724973	1,724518
2,727750	1,718928
2,730528	1,723860
2,733306	1,735696
2,736084	1,746217
2,738862	1,738327
2,741639	1,706763
2,744417	1,668625
2,747195	1,636733
2,749972	1,618650
2,752750	1,600238
2,755528	1,568675
2,758306	1,519357
2,761083	1,473328
2,763861	1,445381
2,766639	1,438148
2,769417	1,440121
2,772194	1,432230
2,774972	1,410859
2,777750	1,393763
2,780528	1,397050
2,783305	1,409873
2,786083	1,432559
2,788861	1,435847
2,791639	1,425654
2,794416	1,408558
2,797194	1,409215
2,799972	1,425654
2,802750	1,443737
2,805527	1,448998
2,808305	1,438477
2,811083	1,424668
2,813861	1,427298
2,816638	1,444724
2,819416	1,462149
2,822194	1,468396
2,824972	1,453930
2,827749	1,439792
2,830527	1,425654
2,833305	1,414147
2,836083	1,399023
2,838861	1,388173
2,841638	1,392447
2,844416	1,454916
2,847194	1,632130
2,849971	1,910280
2,852749	2,272927
2,855527	2,685878
2,858305	3,059376
2,861082	3,192533
2,863860	3,196150
2,866638	3,196478
2,869416	3,195492
2,872193	3,187601
2,874971	3,043594
2,877749	2,578695
2,880527	1,989188
2,883304	1,475958
2,886082	1,127778
2,888860	0,954181
2,891638	0,912425
2,894416	0,965359
2,897193	1,063994
2,899971	1,174794
2,902749	1,271127
2,905526	1,334253
2,908304	1,356281
2,911082	1,361213
2,913860	1,368118
2,916637	1,384228
2,919415	1,404284
2,922193	1,407243
2,924971	1,395406
2,927748	1,381926
2,930526	1,388831
2,933304	1,409544
2,936082	1,436175
2,938859	1,444066
2,941637	1,435518
2,944415	1,419736
2,947193	1,411846
2,949971	1,430586
2,952748	1,475629
2,955526	1,523632
2,958304	1,563414
2,961081	1,595635
2,963859	1,633445
2,966637	1,675200
2,969415	1,709394
2,972192	1,726819
2,974970	1,723531
2,977748	1,717942
2,980526	1,720572
2,983303	1,730107
2,986081	1,737340
2,988859	1,729449
2,991637	1,695256
2,994414	1,652186
2,997192	1,620294
2,999970	1,597279
3,002748	1,578538
3,005525	1,547304
3,008303	1,498644
3,011081	1,452286
3,013859	1,431901
3,016636	1,426641
3,019414	1,432230
3,022192	1,430586
3,024970	1,413161
3,027747	1,400667
3,030525	1,399023
3,033303	1,410530
3,036081	1,427956
3,038858	1,435189
3,041636	1,421709
3,044414	1,409215
3,047192	1,411846
3,049969	1,425983
3,052747	1,444066
3,055525	1,447354
3,058303	1,435847
3,061080	1,424011
3,063858	1,427298
3,066636	1,440450
3,069414	1,461492
3,072191	1,467410
3,074969	1,455245
3,077747	1,437162
3,080525	1,423024
3,083302	1,407243
3,086080	1,399023
3,088858	1,393105
3,091636	1,426641
3,094413	1,532838
3,097191	1,738984
3,099969	2,068096
3,102747	2,460005
3,105524	2,864079
3,108302	3,183985
3,111080	3,194506
3,113858	3,195492
3,116635	3,196478
3,119413	3,192533
3,122191	3,172148
3,124969	2,865394
3,127746	2,315340
3,130524	1,739313
3,133302	1,280661
3,136080	1,021581
3,138857	0,921631
3,141635	0,936426
3,144413	1,007115
3,147191	1,109366
3,149968	1,215234
3,152746	1,304334
3,155524	1,359569
3,158302	1,375680
3,161079	1,370748
3,163857	1,372392
3,166635	1,387844
3,169413	1,404941
3,172190	1,410859
3,174968	1,400338
3,177746	1,393105
3,180524	1,397050
3,183301	1,418092
3,186079	1,440450
3,188857	1,449327
3,191635	1,435189
3,194412	1,415791
3,197190	1,408887
3,199968	1,435847
3,202746	1,493055
3,205523	1,545002
3,208301	1,585114
3,211079	1,614376
3,213857	1,650542
3,216634	1,684735
3,219412	1,718600
3,222190	1,735039
3,224968	1,733066
3,227745	1,727148
3,230523	1,729121
3,233301	1,736683
3,236079	1,741943
3,238856	1,726162
3,241634	1,688023
3,244412	1,642651
3,247190	1,606814
3,249967	1,588073
3,252745	1,568675
3,255523	1,539742
3,258301	1,487794
3,261078	1,447354
3,263856	1,425326
3,266634	1,425654
3,269412	1,432888
3,272189	1,429600
3,274967	1,415791
3,277745	1,399352
3,280523	1,399681
3,283300	1,411846
3,286078	1,433216
3,288856	1,436504
3,291634	1,424668
3,294411	1,406914
3,297189	1,408887
3,299967	1,422367
3,302745	1,445381
3,305522	1,451299
3,308300	1,441107
3,311078	1,429600
3,313856	1,430586
3,316634	1,447354
3,319411	1,463136
3,322189	1,470369
3,324967	1,454259
3,327744	1,429929
3,330522	1,405599
3,333300	1,392119
3,336078	1,389160
3,338855	1,407243
3,341633	1,466095
3,344411	1,621280
3,347189	1,876744
3,349966	2,230514
3,352744	2,649712
3,355522	3,040635
3,358300	3,192862
3,361077	3,195492
3,363855	3,195492
3,366633	3,195163
3,369411	3,188588
3,372189	3,079432
3,374966	2,633273
3,377744	2,033245
3,380522	1,504562
3,383299	1,135997
3,386077	0,961085
3,388855	0,932481
3,391633	0,978182
3,394410	1,064980
3,397188	1,159341
3,399966	1,255674
3,402744	1,336226
3,405521	1,381926
3,408299	1,384228
3,411077	1,376995
3,413855	1,375022
3,416632	1,391461
3,419410	1,409873
3,422188	1,415133
3,424966	1,406585
3,427744	1,396064
3,430521	1,402640
3,433299	1,420065
3,436077	1,447354
3,438854	1,449984
3,441632	1,437162
3,444410	1,409873
3,447188	1,412832
3,449965	1,451628
3,452743	1,516727
3,455521	1,572291
3,458299	1,610101
3,461076	1,637062
3,463854	1,665008
3,466632	1,697886
3,469410	1,731093
3,472187	1,747861
3,474965	1,740299
3,477743	1,727806
3,480521	1,721230
3,483298	1,727806
3,486076	1,734381
3,488854	1,719257
3,491632	1,678817
3,494409	1,630486
3,497187	1,593991
3,499965	1,568675
3,502743	1,549934
3,505520	1,514426
3,508298	1,468725
3,511076	1,424997
3,513854	1,411517
3,516631	1,415133
3,519409	1,425326
3,522187	1,426312
3,524965	1,412832
3,527742	1,396064
3,530520	1,396722
3,533298	1,409873
3,536076	1,427298
3,538853	1,431244
3,541631	1,417106
3,544409	1,407900
3,547187	1,410202
3,549964	1,426312
3,552742	1,445710
3,555520	1,453601
3,558298	1,440450
3,561075	1,427627
3,563853	1,429929
3,566631	1,442094
3,569409	1,460834
3,572186	1,462807
3,574964	1,442751
3,577742	1,412174
3,580520	1,388502
3,583297	1,379954
3,586075	1,392776
3,588853	1,436175
3,591631	1,533495
3,594408	1,717613
3,597186	2,029628
3,599964	2,410687
3,602742	2,831529
3,605519	3,180039
3,608297	3,193519
3,611075	3,194506
3,613853	3,195163
3,616630	3,191875
3,619408	3,176423
3,622186	2,898601
3,624964	2,362027
3,627741	1,771534
3,630519	1,293155
3,633297	1,017964
3,636075	0,920316
3,638852	0,943002
3,641630	1,014677
3,644408	1,099174
3,647186	1,192548
3,649963	1,280333
3,652741	1,352336
3,655519	1,382913
3,658297	1,381926
3,661074	1,368775
3,663852	1,372063
3,666630	1,388173
3,669408	1,407571
3,672185	1,416120
3,674963	1,408887
3,677741	1,398694
3,680519	1,404941
3,683296	1,424668
3,686074	1,443409
3,688852	1,448669
3,691630	1,427956
3,694407	1,403626
3,697185	1,419079
3,699963	1,469054
3,702741	1,536125
3,705518	1,596293
3,708296	1,630486
3,711074	1,648898
3,713852	1,671255
3,716629	1,698215
3,719407	1,727148
3,722185	1,742272
3,724963	1,736354
3,727740	1,722545
3,730518	1,718600
3,733296	1,721559
3,736074	1,723203
3,738851	1,701832
3,741629	1,656789
3,744407	1,611745
3,747185	1,577552
3,749962	1,552564
3,752740	1,532180
3,755518	1,501274
3,758296	1,457875
3,761073	1,424668
3,763851	1,410530
3,766629	1,415791
3,769407	1,424997
3,772184	1,424997
3,774962	1,412174
3,777740	1,398694
3,780518	1,402640
3,783295	1,415791
3,786073	1,436175
3,788851	1,437491
3,791629	1,427627
3,794406	1,414476
3,797184	1,416449
3,799962	1,431573
3,802740	1,450313
3,805517	1,451957
3,808295	1,440450
3,811073	1,426641
3,813851	1,430915
3,816628	1,448669
3,819406	1,466752
3,822184	1,470698
3,824962	1,444395
3,827739	1,409215
3,830517	1,377323
3,833295	1,371405
3,836073	1,394420
3,838850	1,467081
3,841628	1,615033
3,844406	1,847482
3,847184	2,185800
3,849961	2,603025
3,852739	3,013017
3,855517	3,191547
3,858295	3,193848
3,861072	3,195163
3,863850	3,194835
3,866628	3,188916
3,869406	3,098501
3,872183	2,676344
3,874961	2,079274
3,877739	1,526919
3,880517	1,135997
3,883294	0,947276
3,886072	0,919987
3,888850	0,980154
3,891628	1,062021
3,894405	1,146189
3,897183	1,230029
3,899961	1,309265
3,902739	1,366802
3,905516	1,392447
3,908294	1,381269
3,911072	1,369761
3,913850	1,372063
3,916627	1,389817
3,919405	1,411517
3,922183	1,417435
3,924961	1,409215
3,927738	1,401325
3,930516	1,410530
3,933294	1,426312
3,936072	1,446697
3,938849	1,443080
3,941627	1,421709
3,944405	1,410530
3,947183	1,438477
3,949960	1,497329
3,952738	1,569990
3,955516	1,623253
3,958294	1,651199
3,961071	1,665008
3,963849	1,683749
3,966627	1,711366
3,969405	1,740299
3,972182	1,751478
3,974960	1,737669
3,977738	1,720572
3,980516	1,712353
3,983293	1,714654
3,986071	1,714325
3,988849	1,694599
3,991627	1,650870
3,994404	1,598594
3,997182	1,562428
3,999960	1,538098
4,002738	1,519029
4,005515	1,487794
4,008293	1,448669
4,011071	1,415133
4,013849	1,409544
4,016627	1,415791
4,019404	1,430257
4,022182	1,431244
4,024960	1,416777
4,027737	1,399023
4,030515	1,401982
4,033293	1,418421
4,036071	1,434532
4,038848	1,441107
4,041626	1,426641
4,044404	1,415133
4,047182	1,414147
4,049959	1,429600
4,052737	1,446039
4,055515	1,455902
4,058293	1,442094
4,061070	1,431901
4,063848	1,431901
4,066626	1,443080
4,069404	1,460505
4,072182	1,459519
4,074959	1,430586
4,077737	1,389160
4,080515	1,364830
4,083292	1,364501
4,086070	1,425326
4,088848	1,530865
4,091626	1,716298
4,094403	2,006613
4,097181	2,370904
4,099959	2,789116
4,102737	3,170833
4,105514	3,193848
4,108292	3,195821
4,111070	3,195163
4,113848	3,194177
4,116625	3,180368
4,119403	2,934767
4,122181	2,418907
4,124959	1,818878
4,127737	1,316499
4,130514	1,014348
4,133292	0,909466
4,136070	0,941029
4,138847	1,030129
4,141625	1,118901
4,144403	1,197151
4,147181	1,269812
4,149958	1,336554
4,152736	1,385872
4,155514	1,399023
4,158292	1,389488
4,161069	1,375022
4,163847	1,379296
4,166625	1,393105
4,169403	1,413818
4,172180	1,420723
4,174958	1,413489
4,177736	1,405599
4,180514	1,412503
4,183292	1,430586
4,186069	1,446368
4,188847	1,445381
4,191625	1,421051
4,194402	1,422367
4,197180	1,459190
4,199958	1,524618
4,202736	1,595306
4,205513	1,646596
4,208291	1,663364
4,211069	1,671255
4,213847	1,687694
4,216624	1,713010
4,219402	1,742601
4,222180	1,750820
4,224958	1,735039
4,227735	1,716627
4,230513	1,712353
4,233291	1,712024
4,236069	1,709394
4,238846	1,684077
4,241624	1,637390
4,244402	1,583799
4,247180	1,547633
4,249957	1,520344
4,252735	1,500288
4,255513	1,470698
4,258291	1,436175
4,261068	1,409544
4,263846	1,402968
4,266624	1,411846
4,269402	1,427298
4,272180	1,426970
4,274957	1,405270
4,277735	1,393434
4,280513	1,394420
4,283290	1,412174
4,286068	1,432559
4,288846	1,437491
4,291624	1,425983
4,294401	1,414147
4,297179	1,416777
4,299957	1,434532
4,302735	1,451957
4,305512	1,452943
4,308290	1,441436
4,311068	1,426312
4,313846	1,430257
4,316623	1,447354
4,319401	1,467081
4,322179	1,457875
4,324957	1,424997
4,327735	1,378639
4,330512	1,357925
4,333290	1,379954
4,336068	1,457875
4,338845	1,618650
4,341623	1,841236
4,344401	2,162127
4,347179	2,561927
4,349956	2,969947
4,352734	3,191547
4,355512	3,195163
4,358290	3,196478
4,361067	3,195492
4,363845	3,189903
4,366623	3,115269
4,369401	2,716784
4,372178	2,133852
4,374956	1,571305
4,377734	1,149806
4,380512	0,943331
4,383290	0,907494
4,386067	0,980812
4,388845	1,078460
4,391623	1,162957
4,394400	1,231015
4,397178	1,297101
4,399956	1,353651
4,402734	1,392447
4,405511	1,402968
4,408289	1,386529
4,411067	1,374036
4,413845	1,376995
4,416622	1,396064
4,419400	1,420065
4,422178	1,427956
4,424956	1,415462
4,427733	1,406914
4,430511	1,410202
4,433289	1,426312
4,436067	1,443737
4,438845	1,439463
4,441622	1,424011
4,444400	1,434532
4,447178	1,481876
4,449955	1,547633
4,452733	1,616677
4,455511	1,658761
4,458289	1,671913
4,461066	1,676844
4,463844	1,691968
4,466622	1,717942
4,469400	1,744902
4,472177	1,752464
4,474955	1,737669
4,477733	1,718271
4,480511	1,707092
4,483288	1,702161
4,486066	1,690653
4,488844	1,657775
4,491622	1,608129
4,494400	1,561113
4,497177	1,524289
4,499955	1,501932
4,502733	1,484507
4,505510	1,458861
4,508288	1,430257
4,511066	1,405270
4,513844	1,401653
4,516621	1,412174
4,519399	1,429271
4,522177	1,427956
4,524955	1,412174
4,527732	1,398366
4,530510	1,402968
4,533288	1,418092
4,536066	1,437819
4,538843	1,443409
4,541621	1,429929
4,544399	1,417106
4,547177	1,420065
4,549955	1,434860
4,552732	1,452615
4,555510	1,457875
4,558288	1,445710
4,561065	1,430915
4,563843	1,434532
4,566621	1,449327
4,569399	1,465108
4,572176	1,452943
4,574954	1,411517
4,577732	1,368118
4,580510	1,356939
4,583287	1,405928
4,586065	1,524618
4,588843	1,719257
4,591621	1,999051
4,594398	2,343944
4,597176	2,751306
4,599954	3,145517
4,602732	3,194177
4,605510	3,196807
4,608287	3,196807
4,611065	3,193519
4,613843	3,182670
4,616620	2,952850
4,619398	2,456059
4,622176	1,866552
4,624954	1,354966
4,627731	1,031116
4,630509	0,896644
4,633287	0,920645
4,636065	1,016978
4,638842	1,120216
4,641620	1,200767
4,644398	1,261263
4,647176	1,317814
4,649953	1,364172
4,652731	1,396722
4,655509	1,402311
4,658287	1,391790
4,661065	1,378639
4,663842	1,383570
4,666620	1,401982
4,669398	1,423024
4,672175	1,423353
4,674953	1,413818
4,677731	1,403626
4,680509	1,410202
4,683286	1,427298
4,686064	1,440778
4,688842	1,433874
4,691620	1,432559
4,694397	1,454916
4,697175	1,503905
4,699953	1,574264
4,702731	1,635089
4,705508	1,673228
4,708286	1,681118
4,711064	1,684735
4,713842	1,698544
4,716620	1,726490
4,719397	1,749176
4,722175	1,752135
4,724953	1,733395
4,727730	1,709723
4,730508	1,696571
4,733286	1,684406
4,736064	1,672570
4,738841	1,639692
4,741619	1,593662
4,744397	1,542372
4,747175	1,508836
4,749953	1,486808
4,752730	1,477273
4,755508	1,460834
4,758286	1,430257
4,761063	1,405928
4,763841	1,397379
4,766619	1,408887
4,769397	1,421709
4,772175	1,424339
4,774952	1,406256
4,777730	1,397379
4,780508	1,399681
4,783285	1,419079
4,786063	1,439792
4,788841	1,443409
4,791619	1,432230
4,794396	1,424011
4,797174	1,425983
4,799952	1,440450
4,802730	1,457218
4,805508	1,454916
4,808285	1,446368
4,811063	1,431901
4,813841	1,436833
4,816618	1,449656
4,819396	1,459190
4,822174	1,441107
4,824952	1,402311
4,827730	1,366474
4,830507	1,373049
4,833285	1,448669
4,836063	1,610759
4,838840	1,843537
4,841618	2,160483
4,844396	2,542529
4,847174	2,940356
4,849951	3,190232
4,852729	3,196807
4,855507	3,198122
4,858285	3,196807
4,861063	3,190232
4,863840	3,131708
4,866618	2,750320
4,869396	2,183498
4,872173	1,625554
4,874951	1,191233
4,877729	0,949906
4,880507	0,893685
4,883285	0,954509
4,886062	1,069583
4,888840	1,167889
4,891618	1,239235
4,894395	1,288881
4,897173	1,340171
4,899951	1,375680
4,902729	1,401325
4,905506	1,405270
4,908284	1,392119
4,911062	1,380940
4,913840	1,383899
4,916618	1,404284
4,919395	1,423682
4,922173	1,431901
4,924951	1,421380
4,927728	1,415791
4,930506	1,419079
4,933284	1,434860
4,936062	1,443737
4,938839	1,440121
4,941617	1,445053
4,944395	1,475629
4,947173	1,528892
4,949950	1,594320
4,952728	1,657446
4,955506	1,690324
4,958284	1,697886
4,961061	1,698215
4,963839	1,709065
4,966617	1,730436
4,969395	1,751149
4,972173	1,750163
4,974950	1,728134
4,977728	1,702489
4,980506	1,685721
4,983283	1,677502
4,986061	1,662049
4,988839	1,627856
4,991617	1,578538
4,994394	1,531194
4,997172	1,496014
4,999950	1,481547
5,002728	1,470040
5,005505	1,454587
5,008283	1,428285
5,011061	1,406914
5,013839	1,402968
5,016616	1,414805
5,019394	1,431244
5,022172	1,428285
5,024950	1,416120
5,027728	1,404284
5,030505	1,413161
5,033283	1,428285
5,036061	1,448012
5,038838	1,449656
5,041616	1,437491
5,044394	1,424011
5,047172	1,427298
5,049949	1,439792
5,052727	1,456231
5,055505	1,460505
5,058283	1,448340
5,061060	1,438477
5,063838	1,442751
5,066616	1,454916
5,069394	1,452943
5,072171	1,431244
5,074949	1,384228
5,077727	1,357925
5,080505	1,388831
5,083282	1,496343
5,086060	1,702161
5,088838	1,992476
5,091616	2,332108
5,094393	2,724346
5,097171	3,109680
5,099949	3,194177
5,102727	3,197136
5,105504	3,197465
5,108282	3,195163
5,111060	3,181683
5,113838	2,972248
5,116615	2,486307
5,119393	1,906006
5,122171	1,399023
5,124949	1,056432
5,127726	0,902233
5,130504	0,902891
5,133282	0,997251
5,136060	1,113969
5,138837	1,210631
5,141615	1,271784
5,144393	1,313868
5,147171	1,347075
5,149948	1,378639
5,152726	1,398037
5,155504	1,400338
5,158282	1,388831
5,161059	1,378967
5,163837	1,387187
5,166615	1,408887
5,169393	1,429600
5,172170	1,436833
5,174948	1,428942
5,177726	1,419079
5,180504	1,423024
5,183281	1,435189
5,186059	1,439135
5,188837	1,446368
5,191615	1,464451
5,194392	1,496014
5,197170	1,554866
5,199948	1,616348
5,202726	1,669611
5,205503	1,699530
5,208281	1,701174
5,211059	1,700188
5,213837	1,712682
5,216614	1,736025
5,219392	1,754108
5,222170	1,751149
5,224948	1,725833
5,227726	1,698544
5,230503	1,676844
5,233281	1,661720
5,236059	1,643308
5,238836	1,609115
5,241614	1,558154
5,244392	1,511467
5,247170	1,482534
5,249947	1,467081
5,252725	1,460177
5,255503	1,445053
5,258281	1,419736
5,261058	1,399681
5,263836	1,397379
5,266614	1,410202
5,269392	1,424011
5,272169	1,424997
5,274947	1,409873
5,277725	1,402640
5,280503	1,408887
5,283281	1,427298
5,286058	1,444066
5,288836	1,446368
5,291614	1,431244
5,294391	1,421380
5,297169	1,425654
5,299947	1,441107
5,302725	1,461163
5,305502	1,461821
5,308280	1,450313
5,311058	1,436504
5,313836	1,439792
5,316613	1,446368
5,319391	1,443409
5,322169	1,413489
5,324947	1,374364
5,327724	1,359240
5,330502	1,420394
5,333280	1,579525
5,336058	1,818221
5,338835	2,147003
5,341613	2,525104
5,344391	2,906163
5,347169	3,188916
5,349946	3,195163
5,352724	3,197136
5,355502	3,196478
5,358280	3,190889
5,361057	3,139599
5,363835	2,764458
5,366613	2,204869
5,369391	1,658432
5,372168	1,226084
5,374946	0,977195
5,377724	0,893356
5,380502	0,943660
5,383279	1,050843
5,386057	1,161313
5,388835	1,245482
5,391613	1,297758
5,394390	1,327349
5,397168	1,356281
5,399946	1,380940
5,402724	1,400667
5,405501	1,404941
5,408279	1,392447
5,411057	1,383899
5,413835	1,388831
5,416612	1,405270
5,419390	1,422038
5,422168	1,433874
5,424946	1,425654
5,427723	1,420394
5,430501	1,426312
5,433279	1,435847
5,436057	1,446368
5,438834	1,466752
5,441612	1,489767
5,444390	1,526262
5,447168	1,583141
5,449945	1,637062
5,452723	1,683749
5,455501	1,702489
5,458279	1,702818
5,461056	1,700845
5,463834	1,717285
5,466612	1,736683
5,469390	1,751478
5,472167	1,743587
5,474945	1,714325
5,477723	1,683749
5,480501	1,662049
5,483278	1,644952
5,486056	1,627527
5,488834	1,595635
5,491612	1,542372
5,494389	1,496343
5,497167	1,462149
5,499945	1,451628
5,502723	1,447025
5,505501	1,438148
5,508278	1,414476
5,511056	1,397708
5,513834	1,397379
5,516611	1,413489
5,519389	1,429600
5,522167	1,430257
5,524945	1,419736
5,527722	1,405928
5,530500	1,411188
5,533278	1,426312
5,536056	1,447354
5,538833	1,446039
5,541611	1,435189
5,544389	1,422695
5,547167	1,429600
5,549944	1,442094
5,552722	1,459190
5,555500	1,461163
5,558278	1,446697
5,561056	1,434532
5,563833	1,436833
5,566611	1,438806
5,569389	1,426641
5,572166	1,400009
5,574944	1,363843
5,577722	1,378967
5,580500	1,470040
5,583277	1,672241
5,586055	1,967159
5,588833	2,318628
5,591611	2,709880
5,594388	3,084363
5,597166	3,193848
5,599944	3,196150
5,602722	3,196150
5,605499	3,193519
5,608277	3,182998
5,611055	2,991647
5,613833	2,512281
5,616611	1,933623
5,619388	1,434532
5,622166	1,091940
5,624944	0,920645
5,627721	0,897301
5,630499	0,973579
5,633277	1,089310
5,636055	1,203069
5,638832	1,281977
5,641610	1,323732
5,644388	1,350363
5,647166	1,368446
5,649944	1,389817
5,652721	1,403955
5,655499	1,404941
5,658277	1,390804
5,661054	1,384228
5,663832	1,391461
5,666610	1,410202
5,669388	1,433545
5,672165	1,437819
5,674943	1,430257
5,677721	1,417435
5,680499	1,422367
5,683276	1,427298
5,686054	1,452615
5,688832	1,478260
5,691610	1,510152
5,694387	1,550592
5,697165	1,604841
5,699943	1,657117
5,702721	1,698873
5,705499	1,714983
5,708276	1,713997
5,711054	1,711038
5,713832	1,722545
5,716609	1,740299
5,719387	1,750163
5,722165	1,738655
5,724943	1,709065
5,727720	1,674214
5,730498	1,648898
5,733276	1,634760
5,736054	1,615691
5,738831	1,583141
5,741609	1,530865
5,744387	1,479904
5,747165	1,452943
5,749942	1,443737
5,752720	1,444724
5,755498	1,433545
5,758276	1,411517
5,761054	1,392447
5,763831	1,397379
5,766609	1,410202
5,769387	1,429271
5,772164	1,429929
5,774942	1,414805
5,777720	1,404941
5,780498	1,409544
5,783275	1,424997
5,786053	1,440778
5,788831	1,443737
5,791609	1,429929
5,794386	1,421380
5,797164	1,423024
5,799942	1,441436
5,802720	1,458861
5,805497	1,459519
5,808275	1,446368
5,811053	1,436504
5,813831	1,435847
5,816608	1,435847
5,819386	1,424339
5,822164	1,397379
5,824942	1,378639
5,827719	1,415791
5,830497	1,552236
5,833275	1,782712
5,836053	2,123331
5,838830	2,507021
5,841608	2,889395
5,844386	3,186286
5,847164	3,194835
5,849941	3,196807
5,852719	3,195492
5,855497	3,191218
5,858275	3,152093
5,861052	2,788459
5,863830	2,234788
5,866608	1,685721
5,869386	1,253701
5,872163	1,002512
5,874941	0,903219
5,877719	0,926892
5,880497	1,023554
5,883274	1,139614
5,886052	1,245482
5,888830	1,312225
5,891608	1,345103
5,894385	1,358254
5,897163	1,373378
5,899941	1,390146
5,902719	1,408558
5,905496	1,407571
5,908274	1,394091
5,911052	1,384885
5,913830	1,393434
5,916607	1,410859
5,919385	1,430257
5,922163	1,435847
5,924941	1,423682
5,927718	1,413161
5,930496	1,413161
5,933274	1,425326
5,936052	1,458861
5,938829	1,497987
5,941607	1,529221
5,944385	1,569004
5,947163	1,614376
5,949940	1,660076
5,952718	1,696571
5,955496	1,713668
5,958274	1,710709
5,961051	1,709723
5,963829	1,721887
5,966607	1,735039
5,969385	1,743258
5,972162	1,729449
5,974940	1,696242
5,977718	1,659748
5,980496	1,635089
5,983273	1,618650
5,986051	1,599580
5,988829	1,559469
5,991607	1,506206
5,994384	1,458204
5,997162	1,430915
5,999940	1,428942
6,002718	1,431244
6,005495	1,424011
6,008273	1,403297
6,011051	1,390146
6,013829	1,391790
6,016606	1,407571
6,019384	1,424668
6,022162	1,426312
6,024940	1,412832
6,027717	1,400338
6,030495	1,405599
6,033273	1,423682
6,036051	1,440121
6,038828	1,439463
6,041606	1,427956
6,044384	1,418092
6,047162	1,424668
6,049939	1,438806
6,052717	1,453272
6,055495	1,453272
6,058273	1,442094
6,061050	1,431244
6,063828	1,421380
6,066606	1,413489
6,069384	1,398366
6,072161	1,382255
6,074939	1,390146
6,077717	1,459190
6,080495	1,643308
6,083272	1,930993
6,086050	2,291339
6,088828	2,700016
6,091606	3,073185
6,094383	3,193191
6,097161	3,194506
6,099939	3,195492
6,102717	3,193519
6,105494	3,185300
6,108272	3,027155
6,111050	2,555680
6,113828	1,967817
6,116605	1,454587
6,119383	1,112325
6,122161	0,941358
6,124939	0,905521
6,127717	0,962071
6,130494	1,063336
6,133272	1,176109
6,136050	1,272442
6,138827	1,333924
6,141605	1,354966
6,144383	1,361871
6,147161	1,370090
6,149938	1,386858
6,152716	1,403955
6,155494	1,406585
6,158272	1,392776
6,161049	1,388173
6,163827	1,395406
6,166605	1,417106
6,169383	1,438806
6,172160	1,440450
6,174938	1,427956
6,177716	1,413161
6,180494	1,411846
6,183272	1,434203
6,186049	1,479246
6,188827	1,521001
6,191605	1,559798
6,194382	1,594320
6,197160	1,637062
6,199938	1,680461
6,202716	1,715641
6,205493	1,730765
6,208271	1,725175
6,211049	1,717942
6,213827	1,722216
6,216604	1,735039
6,219382	1,741943
6,222160	1,725833
6,224938	1,686708
6,227715	1,648569
6,230493	1,623581
6,233271	1,608457
6,236049	1,588731
6,238827	1,551578
6,241604	1,497329
6,244382	1,451299
6,247160	1,433874
6,249937	1,431244
6,252715	1,439135
6,255493	1,427956
6,258271	1,413489
6,261048	1,397050
6,263826	1,402311
6,266604	1,413489
6,269382	1,430915
6,272159	1,429929
6,274937	1,414805
6,277715	1,402968
6,280493	1,409873
6,283270	1,430257
6,286048	1,448012
6,288826	1,450971
6,291604	1,433874
6,294382	1,425983
6,297159	1,429600
6,299937	1,447025
6,302715	1,462478
6,305492	1,465766
6,308270	1,447354
6,311048	1,430586
6,313826	1,414147
6,316603	1,400009
6,319381	1,393105
6,322159	1,383570
6,324937	1,422038
6,327714	1,537440
6,330492	1,755423
6,333270	2,088809
6,336048	2,481704
6,338825	2,877888
6,341603	3,183656
6,344381	3,192862
6,347159	3,194835
6,349937	3,195163
6,352714	3,191547
6,355492	3,166230
6,358270	2,831529
6,361047	2,276873
6,363825	1,710380
6,366603	1,267510
6,369381	1,015334
6,372158	0,925577
6,374936	0,938399
6,377714	1,018293
6,380492	1,120544
6,383269	1,231015
6,386047	1,314197
6,388825	1,360884
6,391603	1,371734
6,394380	1,366474
6,397158	1,374364
6,399936	1,391461
6,402714	1,409215
6,405491	1,407243
6,408269	1,398694
6,411047	1,389817
6,413825	1,401325
6,416602	1,422367
6,419380	1,445710
6,422158	1,448340
6,424936	1,434532
6,427713	1,418092
6,430491	1,417435
6,433269	1,449327
6,436047	1,501603
6,438824	1,551907
6,441602	1,585771
6,444380	1,620951
6,447158	1,656460
6,449935	1,693941
6,452713	1,722545
6,455491	1,731751
6,458269	1,725833
6,461046	1,720244
6,463824	1,722216
6,466602	1,732409
6,469380	1,737669
6,472157	1,719586
6,474935	1,681447
6,477713	1,638705
6,480491	1,612732
6,483268	1,590703
6,486046	1,571963
6,488824	1,531851
6,491602	1,482205
6,494379	1,442094
6,497157	1,427627
6,499935	1,431244
6,502713	1,439792
6,505490	1,434203
6,508268	1,418750
6,511046	1,404941
6,513824	1,404284
6,516601	1,419079
6,519379	1,434860
6,522157	1,437491
6,524935	1,424011
6,527712	1,417435
6,530490	1,419408
6,533268	1,439792
6,536046	1,454587
6,538823	1,455245
6,541601	1,441765
6,544379	1,429271
6,547157	1,437162
6,549934	1,454587
6,552712	1,472670
6,555490	1,468725
6,558268	1,454916
6,561045	1,426641
6,563823	1,407243
6,566601	1,393434
6,569379	1,390475
6,572156	1,406914
6,574934	1,469054
6,577712	1,629828
6,580490	1,897786
6,583267	2,253529
6,586045	2,673713
6,588823	3,062664
6,591601	3,190889
6,594378	3,194177
6,597156	3,195821
6,599934	3,194835
6,602712	3,187601
6,605489	3,062006
6,608267	2,604012
6,611045	2,000366
6,613823	1,472342
6,616600	1,114955
6,619378	0,949906
6,622156	0,922289
6,624934	0,976538
6,627711	1,066295
6,630489	1,171177
6,633267	1,264880
6,636045	1,342144
6,638822	1,376995
6,641600	1,376337
6,644378	1,367131
6,647156	1,373049
6,649933	1,389817
6,652711	1,411517
6,655489	1,416120
6,658267	1,406914
6,661044	1,402968
6,663822	1,406585
6,666600	1,425654
6,669378	1,442422
6,672155	1,443409
6,674933	1,425983
6,677711	1,406585
6,680489	1,415791
6,683266	1,460177
6,686044	1,523303
6,688822	1,575579
6,691600	1,611088
6,694377	1,634431
6,697155	1,663364
6,699933	1,695585
6,702711	1,726819
6,705488	1,736354
6,708266	1,728463
6,711044	1,719257
6,713822	1,719915
6,716599	1,728792
6,719377	1,731751
6,722155	1,712024
6,724933	1,670926
6,727710	1,629500
6,730488	1,596293
6,733266	1,576894
6,736044	1,553222
6,738821	1,512453
6,741599	1,464451
6,744377	1,427956
6,747155	1,417106
6,749932	1,424011
6,752710	1,431573
6,755488	1,424668
6,758266	1,409544
6,761043	1,393105
6,763821	1,398037
6,766599	1,413161
6,769377	1,431244
6,772154	1,432230
6,774932	1,420065
6,777710	1,411188
6,780488	1,418421
6,783265	1,435847
6,786043	1,450971
6,788821	1,451957
6,791599	1,436175
6,794376	1,426641
6,797154	1,433874
6,799932	1,451957
6,802710	1,467410
6,805487	1,466752
6,808265	1,445381
6,811043	1,416449
6,813821	1,394091
6,816598	1,383899
6,819376	1,390804
6,822154	1,432559
6,824932	1,535797
6,827709	1,730107
6,830487	2,050999
6,833265	2,439620
6,836043	2,854544
6,838820	3,182670
6,841598	3,193519
6,844376	3,195821
6,847154	3,195821
6,849931	3,192533
6,852709	3,174779
6,855487	2,868353
6,858265	2,317970
6,861042	1,731093
6,863820	1,270798
6,866598	1,012704
6,869376	0,926892
6,872153	0,951879
6,874931	1,024211
6,877709	1,111667
6,880487	1,205370
6,883264	1,293813
6,886042	1,356610
6,888820	1,381926
6,891598	1,377323
6,894375	1,367789
6,897153	1,375351
6,899931	1,394091
6,902709	1,411517
6,905486	1,412174
6,908264	1,404941
6,911042	1,391132
6,913820	1,401325
6,916597	1,421051
6,919375	1,442422
6,922153	1,442094
6,924931	1,424011
6,927708	1,406914
6,930486	1,427298
6,933264	1,482534
6,936042	1,544345
6,938819	1,597608
6,941597	1,626869
6,944375	1,648240
6,947153	1,673885
6,949930	1,704462
6,952708	1,728134
6,955486	1,737011
6,958264	1,725504
6,961041	1,715969
6,963819	1,714983
6,966597	1,718928
6,969375	1,719586
6,972152	1,694927
6,974930	1,650213
6,977708	1,603526
6,980486	1,574264
6,983263	1,552564
6,986041	1,533495
6,988819	1,494370
6,991597	1,449984
6,994374	1,418421
6,997152	1,413161
6,999930	1,421380
7,002708	1,431573
7,005485	1,424668
7,008263	1,404941
7,011041	1,395078
7,013819	1,397379
7,016596	1,416449
7,019374	1,431901
7,022152	1,432888
7,024930	1,417106
7,027707	1,412174
7,030485	1,417764
7,033263	1,436504
7,036041	1,454259
7,038818	1,450971
7,041596	1,435847
7,044374	1,424668
7,047152	1,435518
7,049929	1,450642
7,052707	1,469383
7,055485	1,464122
7,058263	1,440121
7,061040	1,403626
7,063818	1,379296
7,066596	1,373707
7,069374	1,402968
7,072151	1,473657
7,074929	1,630486
7,077707	1,870826
7,080485	2,212431
7,083263	2,632944
7,086040	3,039649
7,088818	3,191875
7,091596	3,195492
7,094373	3,197136
7,097151	3,196478
7,099929	3,189574
7,102707	3,091925
7,105484	2,657603
7,108262	2,055273
7,111040	1,505549
7,113818	1,126134
7,116595	0,948263
7,119373	0,929851
7,122151	0,986730
7,124929	1,071885
7,127706	1,154409
7,130484	1,243838
7,133262	1,316499
7,136040	1,373378
7,138818	1,388173
7,141595	1,379954
7,144373	1,371405
7,147151	1,383242
7,149928	1,400667
7,152706	1,419736
7,155484	1,423024
7,158262	1,409544
7,161039	1,404612
7,163817	1,411846
7,166595	1,431901
7,169373	1,448340
7,172150	1,448998
7,174928	1,421380
7,177706	1,416120
7,180484	1,445710
7,183261	1,508836
7,186039	1,575250
7,188817	1,622924
7,191595	1,647254
7,194372	1,663364
7,197150	1,684406
7,199928	1,713339
7,202706	1,738655
7,205483	1,741614
7,208261	1,728134
7,211039	1,712353
7,213817	1,710051
7,216594	1,712682
7,219372	1,707750
7,222150	1,679146
7,224928	1,632787
7,227705	1,586100
7,230483	1,554537
7,233261	1,536783
7,236039	1,516070
7,238816	1,484507
7,241594	1,443737
7,244372	1,415791
7,247150	1,408558
7,249927	1,418750
7,252705	1,426641
7,255483	1,424011
7,258261	1,406256
7,261038	1,396064
7,263816	1,402311
7,266594	1,420723
7,269372	1,437491
7,272149	1,435847
7,274927	1,421709
7,277705	1,409215
7,280483	1,419408
7,283260	1,437819
7,286038	1,454916
7,288816	1,452943
7,291594	1,436504
7,294371	1,425983
7,297149	1,432559
7,299927	1,449656
7,302705	1,464122
7,305482	1,458533
7,308260	1,424339
7,311038	1,386858
7,313816	1,364172
7,316593	1,370748
7,319371	1,430257
7,322149	1,541715
7,324927	1,727477
7,327704	2,026998
7,330482	2,400824
7,333260	2,820022
7,336038	3,179711
7,338815	3,194835
7,341593	3,196150
7,344371	3,197136
7,347149	3,194506
7,349926	3,179053
7,352704	2,908793
7,355482	2,377480
7,358260	1,782712
7,361037	1,292498
7,363815	1,010074
7,366593	0,915056
7,369371	0,950564
7,372148	1,030787
7,374926	1,113640
7,377704	1,194192
7,380482	1,270469
7,383259	1,343459
7,386037	1,387516
7,388815	1,398037
7,391593	1,386201
7,394370	1,378967
7,397148	1,384557
7,399926	1,403297
7,402704	1,420394
7,405481	1,423353
7,408259	1,411188
7,411037	1,403626
7,413815	1,413489
7,416592	1,436833
7,419370	1,457218
7,422148	1,450642
7,424926	1,429600
7,427703	1,428613
7,430481	1,468396
7,433259	1,531851
7,436037	1,598265
7,438814	1,641665
7,441592	1,660405
7,444370	1,671255
7,447148	1,693941
7,449925	1,722216
7,452703	1,746217
7,455481	1,749834
7,458259	1,734381
7,461036	1,718928
7,463814	1,714325
7,466592	1,714325
7,469370	1,704791
7,472147	1,671255
7,474925	1,621938
7,477703	1,574264
7,480481	1,544345
7,483258	1,525276
7,486036	1,503905
7,488814	1,468725
7,491592	1,432230
7,494369	1,407571
7,497147	1,404941
7,499925	1,414147
7,502703	1,427956
7,505480	1,424668
7,508258	1,408558
7,511036	1,400009
7,513814	1,406585
7,516591	1,425326
7,519369	1,439135
7,522147	1,439135
7,524925	1,422695
7,527702	1,414476
7,530480	1,420065
7,533258	1,437819
7,536036	1,454259
7,538813	1,452286
7,541591	1,439792
7,544369	1,430257
7,547147	1,436833
7,549924	1,454587
7,552702	1,470040
7,555480	1,454259
7,558258	1,418092
7,561035	1,375351
7,563813	1,361871
7,566591	1,385543
7,569369	1,469383
7,572146	1,627527
7,574924	1,859647
7,577702	2,183498
7,580480	2,592175
7,583257	3,002496
7,586035	3,193519
7,588813	3,196150
7,591591	3,197794
7,594368	3,196150
7,597146	3,189245
7,599924	3,100474
7,602702	2,690153
7,605479	2,100645
7,608257	1,545660
7,611035	1,139285
7,613813	0,944975
7,616590	0,920645
7,619368	0,993306
7,622146	1,084050
7,624924	1,163615
7,627701	1,232330
7,630479	1,305978
7,633257	1,361871
7,636035	1,398366
7,638812	1,400667
7,641590	1,383570
7,644368	1,371734
7,647146	1,380611
7,649923	1,398694
7,652701	1,417764
7,655479	1,420723
7,658257	1,407900
7,661034	1,407571
7,663812	1,417106
7,666590	1,437162
7,669368	1,452615
7,672145	1,444066
7,674923	1,426641
7,677701	1,443409
7,680479	1,493384
7,683256	1,562428
7,686034	1,627198
7,688812	1,665666
7,691590	1,676515
7,694367	1,683091
7,697145	1,704133
7,699923	1,730765
7,702701	1,752464
7,705478	1,751149
7,708256	1,735696
7,711034	1,715312
7,713812	1,707421
7,716589	1,704791
7,719367	1,693283
7,722145	1,654158
7,724923	1,602539
7,727700	1,557825
7,730478	1,524947
7,733256	1,505877
7,736034	1,487794
7,738811	1,459190
7,741589	1,423682
7,744367	1,403297
7,747145	1,399681
7,749922	1,414805
7,752700	1,426641
7,755478	1,424011
7,758256	1,407571
7,761033	1,398366
7,763811	1,406256
7,766589	1,425654
7,769367	1,442094
7,772144	1,438148
7,774922	1,425326
7,777700	1,413489
7,780478	1,423024
7,783255	1,437491
7,786033	1,454587
7,788811	1,450642
7,791589	1,437491
7,794366	1,429271
7,797144	1,437491
7,799922	1,456560
7,802700	1,467410
7,805477	1,449327
7,808255	1,403297
7,811033	1,367460
7,813811	1,360227
7,816588	1,416449
7,819366	1,533824
7,822144	1,728463
7,824922	2,015819
7,827699	2,366959
7,830477	2,775307
7,833255	3,164915
7,836033	3,196150
7,838810	3,197136
7,841588	3,196807
7,844366	3,192862
7,847144	3,179382
7,849921	2,936740
7,852699	2,432716
7,855477	1,844195
7,858255	1,339842
7,861032	1,023882
7,863810	0,908151
7,866588	0,930837
7,869366	1,027170
7,872143	1,122517
7,874921	1,200439
7,877699	1,261592
7,880477	1,320115
7,883254	1,370748
7,886032	1,397050
7,888810	1,398694
7,891588	1,382913
7,894365	1,378310
7,897143	1,385214
7,899921	1,410202
7,902699	1,428285
7,905476	1,424668
7,908254	1,412503
7,911032	1,406914
7,913810	1,416449
7,916587	1,436175
7,919365	1,448669
7,922143	1,432888
7,924921	1,432230
7,927698	1,452943
7,930476	1,509165
7,933254	1,577223
7,936032	1,637390
7,938809	1,667638
7,941587	1,679146
7,944365	1,683749
7,947143	1,704791
7,949920	1,731751
7,952698	1,751807
7,955476	1,748519
7,958254	1,726162
7,961031	1,706106
7,963809	1,697558
7,966587	1,692626
7,969365	1,676515
7,972142	1,642322
7,974920	1,586429
7,977698	1,542701
7,980476	1,514097
7,983253	1,497658
7,986031	1,481547
7,988809	1,454916
7,991587	1,423682
7,994364	1,402640
7,997142	1,401325
7,999920	1,412832
8,002698	1,429600
8,005475	1,423353
8,008253	1,407900
8,011031	1,396064
8,013809	1,406256
8,016586	1,424339
8,019364	1,445053
8,022142	1,444395
8,024920	1,427627
8,027698	1,416449
8,030475	1,422038
8,033253	1,442751
8,036031	1,458861
8,038809	1,458861
8,041586	1,441436
8,044364	1,435189
8,047142	1,439792
8,049919	1,459190
8,052697	1,463793
8,055475	1,437819
8,058253	1,388831
8,061030	1,356610
8,063808	1,370090
8,066586	1,450313
8,069364	1,621280
8,072141	1,857346
8,074919	2,175936
8,077697	2,565215
8,080475	2,965015
8,083253	3,191547
8,086030	3,197136
8,088808	3,196807
8,091586	3,195821
8,094364	3,189245
8,097141	3,113954
8,099919	2,718099
8,102697	2,146675
8,105474	1,595635
8,108252	1,168547
8,111030	0,943988
8,113808	0,897630
8,116585	0,969962
8,119363	1,075501
8,122141	1,170191
8,124919	1,235947
8,127696	1,291511
8,130474	1,341157
8,133252	1,381926
8,136030	1,402311
8,138808	1,398037
8,141585	1,381269
8,144363	1,371734
8,147141	1,381269
8,149919	1,402968
8,152696	1,422367
8,155474	1,423024
8,158252	1,412174
8,161029	1,407571
8,163807	1,419408
8,166585	1,437819
8,169363	1,444724
8,172140	1,437491
8,174918	1,441107
8,177696	1,477931
8,180474	1,539413
8,183251	1,610430
8,186029	1,665008
8,188807	1,689009
8,191585	1,690982
8,194363	1,694927
8,197140	1,713010
8,199918	1,739313
8,202696	1,758711
8,205474	1,752793
8,208251	1,727806
8,211029	1,702489
8,213807	1,689667
8,216584	1,678488
8,219362	1,660405
8,222140	1,623581
8,224918	1,573278
8,227695	1,524947
8,230473	1,493712
8,233251	1,478588
8,236029	1,467410
8,238806	1,443080
8,241584	1,414805
8,244362	1,395735
8,247140	1,397708
8,249917	1,416777
8,252695	1,428285
8,255473	1,423024
8,258251	1,406585
8,261029	1,396064
8,263806	1,403955
8,266584	1,424668
8,269362	1,438806
8,272139	1,435518
8,274917	1,423353
8,277695	1,415133
8,280473	1,427956
8,283250	1,447025
8,286028	1,461492
8,288806	1,456231
8,291584	1,440450
8,294361	1,427956
8,297139	1,437819
8,299917	1,454587
8,302695	1,452943
8,305472	1,424339
8,308250	1,377652
8,311028	1,352336
8,313806	1,392119
8,316584	1,507850
8,319361	1,712353
8,322139	2,003325
8,324917	2,345588
8,327694	2,743744
8,330472	3,132695
8,333250	3,194177
8,336028	3,196478
8,338805	3,196150
8,341583	3,193848
8,344361	3,181026
8,347139	2,963700
8,349916	2,473485
8,352694	1,893183
8,355472	1,382913
8,358250	1,043609
8,361027	0,895329
8,363805	0,906507
8,366583	1,005471
8,369361	1,119229
8,372139	1,208987
8,374916	1,267839
8,377694	1,315841
8,380472	1,353651
8,383249	1,386529
8,386027	1,403297
8,388805	1,399681
8,391583	1,381598
8,394360	1,374364
8,397138	1,384228
8,399916	1,410202
8,402694	1,425983
8,405471	1,426641
8,408249	1,417106
8,411027	1,414476
8,413805	1,424011
8,416582	1,438477
8,419360	1,443737
8,422138	1,448340
8,424916	1,465108
8,427694	1,498973
8,430471	1,563086
8,433249	1,625554
8,436027	1,674543
8,438804	1,692955
8,441582	1,692297
8,444360	1,693612
8,447138	1,713997
8,449915	1,738327
8,452693	1,751478
8,455471	1,741943
8,458249	1,714983
8,461026	1,694270
8,463804	1,679146
8,466582	1,667967
8,469360	1,645281
8,472137	1,609115
8,474915	1,556510
8,477693	1,510480
8,480471	1,480232
8,483249	1,467081
8,486026	1,457546
8,488804	1,438148
8,491582	1,411846
8,494359	1,394420
8,497137	1,400009
8,499915	1,414147
8,502693	1,426641
8,505470	1,417106
8,508248	1,401982
8,511026	1,392447
8,513804	1,403626
8,516581	1,419408
8,519359	1,435847
8,522137	1,434532
8,524915	1,419736
8,527692	1,413818
8,530470	1,419736
8,533248	1,439792
8,536026	1,452286
8,538804	1,452286
8,541581	1,436504
8,544359	1,430915
8,547137	1,435189
8,549914	1,446697
8,552692	1,437819
8,555470	1,401982
8,558248	1,362199
8,561025	1,357596
8,563803	1,426970
8,566581	1,592018
8,569359	1,835317
8,572136	2,158840
8,574914	2,532337
8,577692	2,917670
8,580470	3,189245
8,583247	3,195163
8,586025	3,195821
8,588803	3,195163
8,591581	3,188916
8,594359	3,123817
8,597136	2,736182
8,599914	2,172977
8,602692	1,629171
8,605469	1,200767
8,608247	0,955167
8,611025	0,885136
8,613803	0,936755
8,616580	1,052815
8,619358	1,162957
8,622136	1,246468
8,624914	1,295785
8,627691	1,332609
8,630469	1,362199
8,633247	1,388831
8,636025	1,401653
8,638802	1,397050
8,641580	1,381598
8,644358	1,371077
8,647136	1,387187
8,649914	1,410530
8,652691	1,429271
8,655469	1,427956
8,658247	1,418421
8,661024	1,410530
8,663802	1,422038
8,666580	1,431573
8,669358	1,444724
8,672135	1,459190
8,674913	1,486808
8,677691	1,529878
8,680469	1,586758
8,683246	1,645281
8,686024	1,686050
8,688802	1,699530
8,691580	1,697229
8,694357	1,703476
8,697135	1,719915
8,699913	1,741614
8,702691	1,750820
8,705469	1,737669
8,708246	1,706763
8,711024	1,679803
8,713802	1,660734
8,716579	1,648240
8,719357	1,630486
8,722135	1,589059
8,724913	1,534810
8,727690	1,488452
8,730468	1,461821
8,733246	1,449327
8,736024	1,447354
8,738801	1,429271
8,741579	1,407243
8,744357	1,393105
8,747135	1,398366
8,749912	1,415133
8,752690	1,426312
8,755468	1,420723
8,758246	1,403626
8,761024	1,396722
8,763801	1,403297
8,766579	1,426641
8,769357	1,439463
8,772134	1,438148
8,774912	1,424011
8,777690	1,419736
8,780468	1,428285
8,783245	1,448669
8,786023	1,461492
8,788801	1,455245
8,791579	1,438477
8,794356	1,427298
8,797134	1,434860
8,799912	1,441765
8,802690	1,431901
8,805467	1,396722
8,808245	1,368118
8,811023	1,386858
8,813801	1,488452
8,816579	1,691639
8,819356	1,989188
8,822134	2,337040
8,824912	2,726976
8,827689	3,102446
8,830467	3,192204
8,833245	3,194835
8,836023	3,195821
8,838800	3,194177
8,841578	3,182998
8,844356	2,977180
8,847134	2,492883
8,849911	1,915212
8,852689	1,416777
8,855467	1,079118
8,858245	0,914727
8,861022	0,903219
8,863800	0,985744
8,866578	1,102461
8,869356	1,211617
8,872134	1,280990
8,874911	1,322746
8,877689	1,345760
8,880467	1,369433
8,883244	1,390475
8,886022	1,406585
8,888800	1,401325
8,891578	1,384885
8,894355	1,382255
8,897133	1,397379
8,899911	1,421380
8,902689	1,440121
8,905466	1,439792
8,908244	1,427298
8,911022	1,421709
8,913800	1,425983
8,916577	1,434532
8,919355	1,453601
8,922133	1,477931
8,924911	1,509494
8,927688	1,555852
8,930466	1,610759
8,933244	1,664022
8,936022	1,701832
8,938800	1,712682
8,941577	1,708407
8,944355	1,708736
8,947133	1,723860
8,949910	1,744902
8,952688	1,754766
8,955466	1,739971
8,958244	1,710051
8,961021	1,677502
8,963799	1,659090
8,966577	1,644952
8,969355	1,620622
8,972132	1,578210
8,974910	1,521988
8,977688	1,476945
8,980466	1,455574
8,983244	1,450313
8,986021	1,446697
8,988799	1,431573
8,991577	1,406256
8,994355	1,391461
8,997132	1,400009
8,999910	1,416120
9,002688	1,430915
9,005465	1,428613
9,008243	1,412832
9,011021	1,406256
9,013799	1,418092
9,016576	1,436833
9,019354	1,449656
9,022132	1,445381
9,024910	1,427956
9,027687	1,422038
9,030465	1,432888
9,033243	1,450642
9,036021	1,462807
9,038798	1,458533
9,041576	1,441107
9,044354	1,433874
9,047132	1,432888
9,049910	1,431901
9,052687	1,418092
9,055465	1,391461
9,058243	1,374036
9,061020	1,424339
9,063798	1,572620
9,066576	1,810330
9,069354	2,146675
9,072131	2,529049
9,074909	2,908793
9,077687	3,186286
9,080465	3,193519
9,083242	3,195492
9,086020	3,195821
9,088798	3,190232
9,091576	3,145846
9,094353	2,774979
9,097131	2,214404
9,099909	1,665666
9,102687	1,236276
9,105465	0,985744
9,108242	0,894342
9,111020	0,929522
9,113798	1,030787
9,116575	1,150464
9,119353	1,249756
9,122131	1,313211
9,124909	1,344116
9,127686	1,360884
9,130464	1,376666
9,133242	1,397379
9,136020	1,410530
9,138797	1,405270
9,141575	1,393434
9,144353	1,386529
9,147131	1,399681
9,149908	1,418421
9,152686	1,438806
9,155464	1,439463
9,158242	1,429271
9,161020	1,421380
9,163797	1,425983
9,166575	1,436175
9,169353	1,466423
9,172130	1,502261
9,174908	1,535468
9,177686	1,577881
9,180464	1,628513
9,183241	1,678817
9,186019	1,715312
9,188797	1,724847
9,191575	1,717613
9,194352	1,714983
9,197130	1,724189
9,199908	1,741614
9,202686	1,747861
9,205463	1,732737
9,208241	1,699859
9,211019	1,667310
9,213797	1,641665
9,216575	1,625554
9,219352	1,605170
9,222130	1,560455
9,224908	1,506864
9,227685	1,462807
9,230463	1,447025
9,233241	1,446039
9,236019	1,447683
9,238796	1,427298
9,241574	1,401982
9,244352	1,393434
9,247130	1,399352
9,249907	1,417435
9,252685	1,431901
9,255463	1,426312
9,258241	1,407571
9,261018	1,403297
9,263796	1,412503
9,266574	1,434203
9,269352	1,447354
9,272130	1,445053
9,274907	1,432888
9,277685	1,430257
9,280463	1,437819
9,283240	1,455245
9,286018	1,468725
9,288796	1,459848
9,291574	1,447683
9,294351	1,436504
9,297129	1,434532
9,299907	1,424997
9,302685	1,407571
9,305462	1,381269
9,308240	1,394420
9,311018	1,470698
9,313796	1,665666
9,316573	1,960912
9,319351	2,320272
9,322129	2,717442
9,324907	3,086994
9,327685	3,191547
9,330462	3,194506
9,333240	3,195163
9,336018	3,194506
9,338795	3,185957
9,341573	3,010387
9,344351	2,531350
9,347129	1,947761
9,349906	1,442751
9,352684	1,103119
9,355462	0,935111
9,358240	0,907165
9,361017	0,972264
9,363795	1,082406
9,366573	1,193205
9,369351	1,284607
9,372128	1,335568
9,374906	1,355295
9,377684	1,362199
9,380462	1,379954
9,383240	1,396393
9,386017	1,412503
9,388795	1,405270
9,391573	1,394749
9,394350	1,393105
9,397128	1,406585
9,399906	1,428285
9,402684	1,443737
9,405461	1,439792
9,408239	1,421051
9,411017	1,418092
9,413795	1,416449
9,416572	1,444066
9,419350	1,484507
9,422128	1,528563
9,424906	1,563743
9,427683	1,605498
9,430461	1,646267
9,433239	1,687037
9,436017	1,715641
9,438795	1,723531
9,441572	1,719915
9,444350	1,719257
9,447128	1,730436
9,449905	1,743258
9,452683	1,745231
9,455461	1,723531
9,458239	1,686050
9,461016	1,650870
9,463794	1,625883
9,466572	1,606485
9,469350	1,581169
9,472127	1,536125
9,474905	1,483849
9,477683	1,447683
9,480461	1,431901
9,483238	1,435518
9,486016	1,434532
9,488794	1,424668
9,491572	1,402311
9,494350	1,394420
9,497127	1,397379
9,499905	1,413489
9,502683	1,422367
9,505460	1,418092
9,508238	1,404284
9,511016	1,400009
9,513794	1,412832
9,516571	1,432559
9,519349	1,449656
9,522127	1,446697
9,524905	1,432230
9,527682	1,422038
9,530460	1,431244
9,533238	1,445381
9,536016	1,459848
9,538793	1,451957
9,541571	1,439463
9,544349	1,428285
9,547127	1,420394
9,549905	1,410530
9,552682	1,398694
9,555460	1,389160
9,558238	1,421709
9,561015	1,546975
9,563793	1,770547
9,566571	2,109193
9,569349	2,500445
9,572126	2,893012
9,574904	3,185629
9,577682	3,194506
9,580460	3,195821
9,583237	3,195821
9,586015	3,191547
9,588793	3,160641
9,591571	2,810816
9,594348	2,249255
9,597126	1,684406
9,599904	1,247454
9,602682	1,004156
9,605460	0,909466
9,608237	0,931495
9,611015	1,014677
9,613793	1,122517
9,616570	1,231344
9,619348	1,313540
9,622126	1,354966
9,624904	1,364172
9,627681	1,366145
9,630459	1,372720
9,633237	1,394420
9,636015	1,408887
9,638792	1,408229
9,641570	1,396064
9,644348	1,395406
9,647126	1,406914
9,649903	1,431573
9,652681	1,447025
9,655459	1,444066
9,658237	1,425654
9,661015	1,406914
9,663792	1,408558
9,666570	1,443080
9,669348	1,495028
9,672125	1,539742
9,674903	1,580840
9,677681	1,617335
9,680459	1,659419
9,683236	1,697229
9,686014	1,722545
9,688792	1,726819
9,691570	1,721887
9,694347	1,720901
9,697125	1,727477
9,699903	1,734381
9,702681	1,730436
9,705458	1,707750
9,708236	1,669282
9,711014	1,636075
9,713792	1,611745
9,716569	1,594977
9,719347	1,567360
9,722125	1,521330
9,724903	1,470369
9,727680	1,435189
9,730458	1,426312
9,733236	1,429929
9,736014	1,433216
9,738791	1,418092
9,741569	1,400009
9,744347	1,390475
9,747125	1,397379
9,749902	1,415791
9,752680	1,431244
9,755458	1,424668
9,758236	1,409544
9,761013	1,407571
9,763791	1,416777
9,766569	1,437819
9,769347	1,448669
9,772125	1,441436
9,774902	1,425326
9,777680	1,422038
9,780458	1,430915
9,783235	1,451628
9,786013	1,466752
9,788791	1,461492
9,791569	1,447354
9,794346	1,426641
9,797124	1,409215
9,799902	1,394420
9,802680	1,387187
9,805457	1,398366
9,808235	1,465108
9,811013	1,635089
9,813791	1,912910
9,816568	2,276544
9,819346	2,694756
9,822124	3,077788
9,824902	3,191547
9,827679	3,195492
9,830457	3,196478
9,833235	3,195163
9,836013	3,188588
9,838790	3,042608
9,841568	2,573435
9,844346	1,975708
9,847124	1,456231
9,849901	1,111667
9,852679	0,949578
9,855457	0,923275
9,858235	0,975551
9,861012	1,068926
9,863790	1,177753
9,866568	1,272771
9,869346	1,344774
9,872123	1,372392
9,874901	1,373378
9,877679	1,368775
9,880457	1,382584
9,883234	1,399352
9,886012	1,415462
9,888790	1,412832
9,891568	1,401982
9,894346	1,399681
9,897123	1,413818
9,899901	1,434532
9,902679	1,448669
9,905456	1,444066
9,908234	1,424997
9,911012	1,411188
9,913790	1,425654
9,916567	1,472342
9,919345	1,528563
9,922123	1,573278
9,924901	1,604841
9,927678	1,637390
9,930456	1,669282
9,933234	1,703804
9,936012	1,729121
9,938789	1,732737
9,941567	1,725175
9,944345	1,721559
9,947123	1,728134
9,949901	1,737998
9,952678	1,736354
9,955456	1,704791
9,958234	1,662049
9,961011	1,620951
9,963789	1,593991
9,966567	1,576566
9,969345	1,551907
9,972122	1,507192
9,974900	1,460177
9,977678	1,429929
9,980456	1,420065
9,983233	1,433216
9,986011	1,433545
9,988789	1,424011
9,991567	1,402968
9,994344	1,396064
9,997122	1,400996
9,999900	1,421709
10,002678	1,431573
10,005456	1,429271
10,008233	1,416777
10,011011	1,410859
10,013789	1,425654
10,016566	1,443409
10,019344	1,458533
10,022122	1,448340
10,024900	1,433545
10,027677	1,423682
10,030455	1,437162
10,033233	1,452943
10,036011	1,467410
10,038788	1,461821
10,041566	1,439463
10,044344	1,414147
10,047122	1,396064
10,049899	1,388831
10,052677	1,390804
10,055455	1,432230
10,058233	1,535797
10,061011	1,740957
10,063788	2,066123
10,066566	2,460333
10,069344	2,872298
10,072121	3,184313
10,074899	3,194835
10,077677	3,196807
10,080455	3,196807
10,083232	3,192862
10,086010	3,169518
10,088788	2,844352
10,091566	2,285092
10,094343	1,706763
10,097121	1,256660
10,099899	1,003169
10,102677	0,922289
10,105454	0,942016
10,108232	1,017964
10,111010	1,106736
10,113788	1,206028
10,116566	1,295128
10,119343	1,355624
10,122121	1,376995
10,124899	1,371734
10,127676	1,368118
10,130454	1,374036
10,133232	1,399023
10,136010	1,410202
10,138787	1,407571
10,141565	1,392119
10,144343	1,393105
10,147121	1,404941
10,149898	1,430915
10,152676	1,443737
10,155454	1,438148
10,158232	1,417764
10,161009	1,402968
10,163787	1,427956
10,166565	1,484507
10,169343	1,542701
10,172121	1,584128
10,174898	1,618650
10,177676	1,642651
10,180454	1,675529
10,183231	1,706763
10,186009	1,731751
10,188787	1,733066
10,191565	1,724189
10,194342	1,716627
10,197120	1,719586
10,199898	1,725175
10,202676	1,718928
10,205453	1,687365
10,208231	1,639692
10,211009	1,600895
10,213787	1,573607
10,216564	1,559469
10,219342	1,531522
10,222120	1,493055
10,224898	1,446039
10,227676	1,421709
10,230453	1,418421
10,233231	1,423353
10,236009	1,427627
10,238786	1,414147
10,241564	1,399352
10,244342	1,391461
10,247120	1,404941
10,249897	1,422367
10,252675	1,438806
10,255453	1,430915
10,258231	1,418421
10,261008	1,412832
10,263786	1,425983
10,266564	1,444066
10,269342	1,452943
10,272119	1,444724
10,274897	1,429271
10,277675	1,427627
10,280453	1,437491
10,283231	1,458204
10,286008	1,468067
10,288786	1,462478
10,291564	1,431901
10,294341	1,404941
10,297119	1,382913
10,299897	1,386529
10,302675	1,413161
10,305452	1,478917
10,308230	1,635746
10,311008	1,888580
10,313786	2,239391
10,316563	2,661877
10,319341	3,062335
10,322119	3,193519
10,324897	3,196807
10,327674	3,196807
10,330452	3,196150
10,333230	3,188916
10,336008	3,074500
10,338786	2,626369
10,341563	2,022066
10,344341	1,484507
10,347119	1,118901
10,349896	0,953523
10,352674	0,930837
10,355452	0,986401
10,358230	1,065967
10,361007	1,156382
10,363785	1,247126
10,366563	1,330965
10,369341	1,377652
10,372118	1,388831
10,374896	1,379954
10,377674	1,375680
10,380452	1,388173
10,383229	1,406585
10,386007	1,420065
10,388785	1,417106
10,391563	1,403626
10,394341	1,397708
10,397118	1,413818
10,399896	1,435189
10,402674	1,452943
10,405451	1,445710
10,408229	1,420394
10,411007	1,418750
10,413785	1,455245
10,416562	1,516727
10,419340	1,579525
10,422118	1,622595
10,424896	1,644295
10,427673	1,665994
10,430451	1,693612
10,433229	1,727148
10,436007	1,751149
10,438784	1,751478
10,441562	1,734710
10,444340	1,721230
10,447118	1,721230
10,449896	1,727477
10,452673	1,720572
10,455451	1,686050
10,458229	1,636733
10,461006	1,592676
10,463784	1,565387
10,466562	1,546646
10,469340	1,521001
10,472117	1,480561
10,474895	1,442422
10,477673	1,420394
10,480451	1,415133
10,483228	1,424339
10,486006	1,427298
10,488784	1,416120
10,491562	1,397379
10,494339	1,392776
10,497117	1,400667
10,499895	1,425983
10,502673	1,436833
10,505451	1,430586
10,508228	1,414147
10,511006	1,408558
10,513784	1,422367
10,516561	1,443080
10,519339	1,453930
10,522117	1,447025
10,524895	1,432559
10,527672	1,428285
10,530450	1,441107
10,533228	1,459190
10,536006	1,470369
10,538783	1,459519
10,541561	1,425654
10,544339	1,388502
10,547117	1,369433
10,549894	1,377652
10,552672	1,433216
10,555450	1,543359
10,558228	1,731422
10,561006	2,038834
10,563783	2,418907
10,566561	2,839420
10,569339	3,183985
10,572116	3,195492
10,574894	3,196150
10,577672	3,196150
10,580450	3,192862
10,583227	3,174450
10,586005	2,883148
10,588783	2,342629
10,591561	1,752793
10,594338	1,277702
10,597116	1,010074
10,599894	0,922289
10,602672	0,960099
10,605449	1,032760
10,608227	1,114298
10,611005	1,196493
10,613783	1,278031
10,616560	1,348391
10,619338	1,388502
10,622116	1,393105
10,624894	1,377981
10,627671	1,376337
10,630449	1,385543
10,633227	1,406256
10,636005	1,416777
10,638782	1,408887
10,641560	1,395735
10,644338	1,395735
10,647116	1,409873
10,649893	1,435847
10,652671	1,446697
10,655449	1,435847
10,658227	1,415462
10,661004	1,421709
10,663782	1,469383
10,666560	1,536454
10,669338	1,600895
10,672116	1,634431
10,674893	1,653501
10,677671	1,667967
10,680449	1,694927
10,683226	1,723860
10,686004	1,743916
10,688782	1,741286
10,691560	1,728134
10,694337	1,717285
10,697115	1,713997
10,699893	1,714654
10,702671	1,699201
10,705448	1,661391
10,708226	1,611417
10,711004	1,574264
10,713782	1,546318
10,716559	1,529221
10,719337	1,499302
10,722115	1,464122
10,724893	1,427298
10,727670	1,409215
10,730448	1,412503
10,733226	1,421051
10,736004	1,427956
10,738781	1,415133
10,741559	1,396722
10,744337	1,390475
10,747115	1,408229
10,749892	1,426312
10,752670	1,441765
10,755448	1,429600
10,758226	1,413818
10,761003	1,408558
10,763781	1,421709
10,766559	1,440121
10,769337	1,451628
10,772114	1,445053
10,774892	1,431244
10,777670	1,430257
10,780448	1,443737
10,783226	1,465108
10,786003	1,471684
10,788781	1,451628
10,791559	1,408558
10,794336	1,376008
10,797114	1,362857
10,799892	1,396064
10,802670	1,474643
10,805447	1,632130
10,808225	1,868524
10,811003	2,202568
10,813781	2,616834
10,816558	3,025511
10,819336	3,192533
10,822114	3,196478
10,824892	3,195821
10,827669	3,195163
10,830447	3,186286
10,833225	3,079760
10,836003	2,648068
10,838780	2,053629
10,841558	1,509494
10,844336	1,121202
10,847114	0,936426
10,849892	0,918343
10,852669	0,980812
10,855447	1,073200
10,858225	1,150464
10,861002	1,231344
10,863780	1,304663
10,866558	1,368118
10,869336	1,393434
10,872113	1,399352
10,874891	1,381926
10,877669	1,377323
10,880447	1,390146
10,883224	1,409215
10,886002	1,424011
10,888780	1,419408
10,891558	1,410530
10,894335	1,407571
10,897113	1,424339
10,899891	1,439463
10,902669	1,452943
10,905447	1,431901
10,908224	1,419408
10,911002	1,437819
10,913780	1,494370
10,916557	1,564401
10,919335	1,625225
10,922113	1,654816
10,924891	1,665337
10,927668	1,679803
10,930446	1,703804
10,933224	1,735039
10,936002	1,753122
10,938779	1,747532
10,941557	1,725833
10,944335	1,713339
10,947113	1,708079
10,949890	1,708736
10,952668	1,691968
10,955446	1,650542
10,958224	1,601882
10,961002	1,563086
10,963779	1,538427
10,966557	1,516070
10,969335	1,496671
10,972112	1,455902
10,974890	1,423682
10,977668	1,406914
10,980446	1,406585
10,983223	1,417764
10,986001	1,429600
10,988779	1,418421
10,991557	1,404284
10,994334	1,400667
10,997112	1,411846
10,999890	1,431244
11,002668	1,437491
11,005445	1,429929
11,008223	1,414805
11,011001	1,412832
11,013779	1,424668
11,016557	1,447683
11,019334	1,456231
11,022112	1,448998
11,024890	1,433216
11,027667	1,429271
11,030445	1,441436
11,033223	1,459848
11,036001	1,466423
11,038778	1,440778
11,041556	1,399681
11,044334	1,362528
11,047112	1,366145
11,049889	1,424997
11,052667	1,546646
11,055445	1,736354
11,058223	2,026340
11,061000	2,383398
11,063778	2,796350
11,066556	3,173792
11,069334	3,195163
11,072112	3,196150
11,074889	3,195821
11,077667	3,192204
11,080445	3,176094
11,083222	2,905177
11,086000	2,385042
11,088778	1,795864
11,091556	1,298744
11,094333	1,003827
11,097111	0,897301
11,099889	0,932810
11,102667	1,024540
11,105444	1,115613
11,108222	1,190904
11,111000	1,257975
11,113778	1,323074
11,116555	1,373378
11,119333	1,395406
11,122111	1,386201
11,124889	1,371405
11,127667	1,367460
11,130444	1,376337
11,133222	1,397708
11,136000	1,413818
11,138777	1,407900
11,141555	1,400009
11,144333	1,402968
11,147111	1,418421
11,149888	1,441107
11,152666	1,447025
11,155444	1,430915
11,158222	1,427298
11,160999	1,458533
11,163777	1,515412
11,166555	1,590374
11,169333	1,645939
11,172110	1,670926
11,174888	1,677173
11,177666	1,685721
11,180444	1,708407
11,183222	1,737669
11,185999	1,753122
11,188777	1,742930
11,191555	1,721230
11,194332	1,703147
11,197110	1,697886
11,199888	1,693612
11,202666	1,673885
11,205443	1,633116
11,208221	1,580511
11,210999	1,539742
11,213777	1,516398
11,216554	1,499302
11,219332	1,475301
11,222110	1,443737
11,224888	1,414476
11,227665	1,399352
11,230443	1,404284
11,233221	1,419408
11,235999	1,427956
11,238777	1,419736
11,241554	1,401653
11,244332	1,397379
11,247110	1,410202
11,249887	1,430915
11,252665	1,443080
11,255443	1,436175
11,258221	1,421709
11,260998	1,416449
11,263776	1,426970
11,266554	1,446039
11,269332	1,457218
11,272109	1,449656
11,274887	1,434860
11,277665	1,433545
11,280443	1,444724
11,283220	1,462807
11,285998	1,462149
11,288776	1,430915
11,291554	1,384228
11,294331	1,360884
11,297109	1,376666
11,299887	1,463793
11,302665	1,631143
11,305442	1,863264
11,308220	2,182512
11,310998	2,578366
11,313776	2,980468
11,316553	3,192533
11,319331	3,194835
11,322109	3,195821
11,324887	3,194835
11,327664	3,188259
11,330442	3,106721
11,333220	2,701660
11,335998	2,122016
11,338775	1,564401
11,341553	1,146847
11,344331	0,934782
11,347109	0,899274
11,349887	0,973908
11,352664	1,080433
11,355442	1,171506
11,358220	1,238248
11,360997	1,298744
11,363775	1,349048
11,366553	1,391461
11,369331	1,404941
11,372108	1,395735
11,374886	1,377981
11,377664	1,373378
11,380442	1,385214
11,383219	1,410202
11,385997	1,425654
11,388775	1,424011
11,391553	1,414805
11,394330	1,413489
11,397108	1,428942
11,399886	1,446368
11,402664	1,448340
11,405441	1,435518
11,408219	1,441765
11,410997	1,482534
11,413775	1,548290
11,416552	1,616019
11,419330	1,666652
11,422108	1,684406
11,424886	1,684406
11,427663	1,694599
11,430441	1,716298
11,433219	1,744573
11,435997	1,756410
11,438774	1,742930
11,441552	1,715641
11,444330	1,698544
11,447108	1,690653
11,449885	1,685064
11,452663	1,663364
11,455441	1,620951
11,458219	1,571305
11,460997	1,529221
11,463774	1,502261
11,466552	1,482205
11,469330	1,468067
11,472107	1,436833
11,474885	1,413161
11,477663	1,400667
11,480441	1,409873
11,483218	1,426312
11,485996	1,434532
11,488774	1,423682
11,491552	1,408229
11,494329	1,405928
11,497107	1,415462
11,499885	1,437819
11,502663	1,444395
11,505440	1,435847
11,508218	1,418750
11,510996	1,417435
11,513774	1,428285
11,516551	1,452615
11,519329	1,458533
11,522107	1,450313
11,524885	1,433874
11,527662	1,431244
11,530440	1,444066
11,533218	1,460505
11,535996	1,452615
11,538773	1,415791
11,541551	1,378310
11,544329	1,358254
11,547107	1,410202
11,549884	1,529878
11,552662	1,735696
11,555440	2,025025
11,558218	2,366630
11,560995	2,764129
11,563773	3,151435
11,566551	3,193519
11,569329	3,195821
11,572106	3,195163
11,574884	3,193191
11,577662	3,179053
11,580440	2,932794
11,583217	2,432058
11,585995	1,852085
11,588773	1,349706
11,591551	1,024869
11,594328	0,896973
11,597106	0,917686
11,599884	1,018951
11,602662	1,127120
11,605439	1,212603
11,608217	1,270140
11,610995	1,319787
11,613773	1,362528
11,616550	1,389488
11,619328	1,402311
11,622106	1,388173
11,624884	1,376337
11,627661	1,372392
11,630439	1,393105
11,633217	1,415133
11,635995	1,430586
11,638772	1,424339
11,641550	1,414147
11,644328	1,414805
11,647106	1,423353
11,649883	1,441765
11,652661	1,438806
11,655439	1,441436
11,658217	1,456231
11,660994	1,506864
11,663772	1,568675
11,666550	1,640021
11,669328	1,679146
11,672105	1,691639
11,674883	1,688680
11,677661	1,698544
11,680439	1,721559
11,683216	1,748519
11,685994	1,757396
11,688772	1,740299
11,691550	1,713668
11,694327	1,693283
11,697105	1,682105
11,699883	1,671913
11,702661	1,647254
11,705438	1,599252
11,708216	1,549277
11,710994	1,505549
11,713772	1,480890
11,716549	1,468725
11,719327	1,455902
11,722105	1,431244
11,724883	1,405270
11,727660	1,392447
11,730438	1,399681
11,733216	1,422367
11,735994	1,426312
11,738771	1,420723
11,741549	1,401653
11,744327	1,402968
11,747105	1,415462
11,749882	1,435518
11,752660	1,443737
11,755438	1,436833
11,758216	1,422038
11,760993	1,419079
11,763771	1,434203
11,766549	1,446368
11,769327	1,456889
11,772104	1,445381
11,774882	1,436175
11,777660	1,434532
11,780438	1,450642
11,783215	1,457546
11,785993	1,447025
11,788771	1,404612
11,791549	1,366474
11,794326	1,367789
11,797104	1,439792
11,799882	1,612074
11,802660	1,857346
11,805438	2,179882
11,808215	2,561599
11,810993	2,950220
11,813771	3,189574
11,816548	3,195163
11,819326	3,196150
11,822104	3,195163
11,824882	3,188259
11,827659	3,111324
11,830437	2,709880
11,833215	2,143387
11,835993	1,599909
11,838770	1,176766
11,841548	0,946947
11,844326	0,887438
11,847104	0,952537
11,849881	1,066953
11,852659	1,175122
11,855437	1,245153
11,858215	1,297429
11,860993	1,335897
11,863770	1,368775
11,866548	1,394420
11,869326	1,401325
11,872103	1,393763
11,874881	1,380940
11,877659	1,378639
11,880437	1,394091
11,883214	1,418750
11,885992	1,428613
11,888770	1,424339
11,891548	1,411846
11,894325	1,411188
11,897103	1,424997
11,899881	1,436504
11,902659	1,442094
11,905436	1,454587
11,908214	1,482863
11,910992	1,530207
11,913770	1,595964
11,916548	1,655802
11,919325	1,690982
11,922103	1,698215
11,924881	1,696900
11,927658	1,707092
11,930436	1,730436
11,933214	1,752464
11,935992	1,757396
11,938769	1,739642
11,941547	1,708079
11,944325	1,685393
11,947103	1,671913
11,949880	1,658432
11,952658	1,630157
11,955436	1,585443
11,958214	1,529550
11,960991	1,490096
11,963769	1,468725
11,966547	1,461821
11,969325	1,449984
11,972103	1,428285
11,974880	1,401325
11,977658	1,393105
11,980436	1,403955
11,983213	1,421709
11,985991	1,430915
11,988769	1,416449
11,991547	1,402640
11,994324	1,402640
11,997102	1,416449
11,999880	1,437491
12,002658	1,446697
12,005435	1,438148
12,008213	1,426312
12,010991	1,425983
12,013769	1,437162
12,016546	1,457546
12,019324	1,463793
12,022102	1,449656
12,024880	1,435847
12,027658	1,435189
12,030435	1,446039
12,033213	1,452286
12,035991	1,434860
12,038768	1,395078
12,041546	1,366802
12,044324	1,396064
12,047102	1,506864
12,049879	1,715641
12,052657	2,016148
12,055435	2,359397
12,058213	2,746375
12,060990	3,125461
12,063768	3,192862
12,066546	3,195821
12,069324	3,196478
12,072101	3,193848
12,074879	3,183327
12,077657	2,959755
12,080435	2,465923
12,083213	1,889895
12,085990	1,388502
12,088768	1,056432
12,091546	0,901904
12,094323	0,904863
12,097101	0,998566
12,099879	1,120873
12,102657	1,222796
12,105434	1,285922
12,108212	1,321759
12,110990	1,349377
12,113768	1,375351
12,116545	1,395406
12,119323	1,404941
12,122101	1,393105
12,124879	1,381926
12,127656	1,381926
12,130434	1,404284
12,133212	1,426312
12,135990	1,441436
12,138768	1,433545
12,141545	1,420723
12,144323	1,419408
12,147101	1,424997
12,149878	1,434532
12,152656	1,452615
12,155434	1,475301
12,158212	1,505220
12,160989	1,558483
12,163767	1,617992
12,166545	1,677173
12,169323	1,708736
12,172100	1,711038
12,174878	1,706106
12,177656	1,713010
12,180434	1,730765
12,183211	1,750492
12,185989	1,750820
12,188767	1,727148
12,191545	1,697886
12,194323	1,670926
12,197100	1,655473
12,199878	1,641665
12,202656	1,614047
12,205433	1,563086
12,208211	1,512782
12,210989	1,472013
12,213767	1,453601
12,216544	1,454259
12,219322	1,444395
12,222100	1,424997
12,224878	1,401982
12,227655	1,397379
12,230433	1,406914
12,233211	1,424339
12,235989	1,425654
12,238766	1,415791
12,241544	1,401982
12,244322	1,403955
12,247100	1,418092
12,249878	1,440778
12,252655	1,449327
12,255433	1,441765
12,258211	1,428285
12,260988	1,423353
12,263766	1,438477
12,266544	1,454259
12,269322	1,460834
12,272099	1,446368
12,274877	1,435518
12,277655	1,433216
12,280433	1,441765
12,283210	1,437491
12,285988	1,415791
12,288766	1,380611
12,291544	1,363843
12,294321	1,423682
12,297099	1,583470
12,299877	1,835646
12,302655	2,174621
12,305432	2,556667
12,308210	2,933781
12,310988	3,188259
12,313766	3,194506
12,316543	3,195492
12,319321	3,196478
12,322099	3,191547
12,324877	3,128749
12,327654	2,737169
12,330432	2,168703
12,333210	1,626212
12,335988	1,208658
12,338765	0,967332
12,341543	0,894013
12,344321	0,936098
12,347099	1,047226
12,349876	1,162957
12,352654	1,258962
12,355432	1,306964
12,358210	1,337870
12,360988	1,356939
12,363765	1,378310
12,366543	1,398694
12,369321	1,405928
12,372098	1,398037
12,374876	1,385214
12,377654	1,389488
12,380432	1,405928
12,383209	1,431901
12,385987	1,438477
12,388765	1,431573
12,391543	1,416777
12,394320	1,417435
12,397098	1,420065
12,399876	1,438477
12,402654	1,463793
12,405431	1,496343
12,408209	1,532838
12,410987	1,579525
12,413765	1,638048
12,416542	1,683749
12,419320	1,709723
12,422098	1,711366
12,424876	1,707421
12,427653	1,713339
12,430431	1,729449
12,433209	1,742930
12,435987	1,744573
12,438764	1,719915
12,441542	1,687037
12,444320	1,662378
12,447098	1,641007
12,449875	1,623910
12,452653	1,592676
12,455431	1,547304
12,458209	1,493384
12,460986	1,460834
12,463764	1,444724
12,466542	1,448012
12,469320	1,440121
12,472097	1,420065
12,474875	1,398037
12,477653	1,397708
12,480431	1,408558
12,483208	1,425326
12,485986	1,433216
12,488764	1,418750
12,491542	1,407900
12,494319	1,408229
12,497097	1,424339
12,499875	1,440121
12,502653	1,452286
12,505430	1,440778
12,508208	1,429929
12,510986	1,430257
12,513764	1,441765
12,516541	1,460505
12,519319	1,469054
12,522097	1,459848
12,524875	1,445053
12,527652	1,442751
12,530430	1,437162
12,533208	1,433545
12,535986	1,404612
12,538763	1,377652
12,541541	1,390804
12,544319	1,484835
12,547097	1,687037
12,549874	1,991818
12,552652	2,350191
12,555430	2,743087
12,558208	3,112310
12,560985	3,192862
12,563763	3,195492
12,566541	3,196478
12,569319	3,195163
12,572096	3,184971
12,574874	2,981783
12,577652	2,492554
12,580430	1,908965
12,583207	1,414147
12,585985	1,085365
12,588763	0,925577
12,591541	0,905850
12,594318	0,981470
12,597096	1,096543
12,599874	1,213261
12,602652	1,291840
12,605429	1,336883
12,608207	1,349048
12,610985	1,362528
12,613763	1,380282
12,616540	1,403626
12,619318	1,414805
12,622096	1,407243
12,624874	1,392119
12,627651	1,394091
12,630429	1,409544
12,633207	1,429600
12,635985	1,441765
12,638762	1,433874
12,641540	1,422367
12,644318	1,418421
12,647096	1,422038
12,649873	1,448340
12,652651	1,488452
12,655429	1,523632
12,658207	1,560126
12,660984	1,608129
12,663762	1,655802
12,666540	1,699859
12,669318	1,721559
12,672095	1,721887
12,674873	1,716298
12,677651	1,722545
12,680429	1,737998
12,683206	1,751478
12,685984	1,744902
12,688762	1,715312
12,691540	1,676844
12,694317	1,647911
12,697095	1,625554
12,699873	1,609444
12,702651	1,579196
12,705429	1,529550
12,708206	1,480561
12,710984	1,448669
12,713762	1,440778
12,716539	1,443080
12,719317	1,438477
12,722095	1,417435
12,724873	1,399681
12,727650	1,395078
12,730428	1,406914
12,733206	1,426312
12,735984	1,429929
12,738761	1,424668
12,741539	1,411517
12,744317	1,409873
12,747095	1,421380
12,749872	1,442422
12,752650	1,448998
12,755428	1,439792
12,758206	1,428613
12,760984	1,427298
12,763761	1,441436
12,766539	1,456889
12,769317	1,462807
12,772094	1,450971
12,774872	1,437162
12,777650	1,428942
12,780428	1,424997
12,783205	1,412174
12,785983	1,394091
12,788761	1,380282
12,791539	1,422367
12,794316	1,561770
12,797094	1,795535
12,799872	2,137469
12,802650	2,531022
12,805427	2,918657
12,808205	3,187930
12,810983	3,195163
12,813761	3,197136
12,816539	3,196150
12,819316	3,192204
12,822094	3,143873
12,824872	2,760841
12,827649	2,192704
12,830427	1,645610
12,833205	1,225755
12,835983	0,992319
12,838760	0,908151
12,841538	0,936426
12,844316	1,025526
12,847094	1,135011
12,849871	1,239564
12,852649	1,315184
12,855427	1,347075
12,858205	1,357925
12,860982	1,365816
12,863760	1,381269
12,866538	1,403626
12,869316	1,411188
12,872093	1,401653
12,874871	1,388502
12,877649	1,389488
12,880427	1,402968
12,883204	1,431244
12,885982	1,439135
12,888760	1,430915
12,891538	1,418421
12,894315	1,412832
12,897093	1,422367
12,899871	1,460505
12,902649	1,504233
12,905426	1,543359
12,908204	1,584128
12,910982	1,624568
12,913760	1,666323
12,916537	1,703147
12,919315	1,721887
12,922093	1,718928
12,924871	1,713339
12,927649	1,716627
12,930426	1,729449
12,933204	1,740957
12,935982	1,736683
12,938759	1,706435
12,941537	1,666981
12,944315	1,633445
12,947093	1,611745
12,949870	1,596950
12,952648	1,563743
12,955426	1,519357
12,958204	1,468725
12,960981	1,440121
12,963759	1,431901
12,966537	1,437491
12,969315	1,431573
12,972092	1,415791
12,974870	1,395078
12,977648	1,394749
12,980426	1,405270
12,983203	1,422038
12,985981	1,431573
12,988759	1,419408
12,991537	1,409544
12,994314	1,407243
12,997092	1,424668
12,999870	1,441107
13,002648	1,450642
13,005425	1,436175
13,008203	1,423682
13,010981	1,424011
13,013759	1,436504
13,016536	1,455245
13,019314	1,462149
13,022092	1,452615
13,024870	1,437162
13,027647	1,427298
13,030425	1,413161
13,033203	1,404941
13,035981	1,390475
13,038758	1,405599
13,041536	1,477273
13,044314	1,661720
13,047092	1,952364
13,049869	2,319943
13,052647	2,728620
13,055425	3,101789
13,058203	3,192204
13,060980	3,196478
13,063758	3,196478
13,066536	3,195821
13,069314	3,185300
13,072091	3,001510
13,074869	2,513267
13,077647	1,922445
13,080425	1,422695
13,083202	1,096543
13,085980	0,943331
13,088758	0,919658
13,091536	0,977524
13,094313	1,075501
13,097091	1,185315
13,099869	1,281977
13,102647	1,342801
13,105424	1,365158
13,108202	1,364501
13,110980	1,372720
13,113758	1,388173
13,116535	1,407900
13,119313	1,410859
13,122091	1,403626
13,124869	1,390804
13,127646	1,395735
13,130424	1,414805
13,133202	1,438148
13,135980	1,449656
13,138757	1,440450
13,141535	1,426641
13,144313	1,414805
13,147091	1,440121
13,149868	1,479904
13,152646	1,531194
13,155424	1,566045
13,158202	1,600567
13,160979	1,638705
13,163757	1,680461
13,166535	1,715641
13,169313	1,735696
13,172090	1,733395
13,174868	1,724847
13,177646	1,721230
13,180424	1,725175
13,183201	1,732737
13,185979	1,722874
13,188757	1,691639
13,191535	1,647583
13,194312	1,617663
13,197090	1,593333
13,199868	1,578538
13,202646	1,548290
13,205423	1,498315
13,208201	1,455574
13,210979	1,429929
13,213757	1,428613
13,216534	1,434203
13,219312	1,433216
13,222090	1,411517
13,224868	1,399681
13,227645	1,395078
13,230423	1,408558
13,233201	1,426312
13,235979	1,433545
13,238756	1,422695
13,241534	1,412174
13,244312	1,412174
13,247090	1,424668
13,249867	1,443409
13,252645	1,445053
13,255423	1,436504
13,258201	1,422038
13,260978	1,422367
13,263756	1,436504
13,266534	1,459848
13,269312	1,463793
13,272089	1,452615
13,274867	1,430586
13,277645	1,409873
13,280423	1,393434
13,283200	1,385543
13,285978	1,387516
13,288756	1,429600
13,291534	1,550263
13,294311	1,767259
13,297089	2,106234
13,299867	2,507021
13,302645	2,907478
13,305422	3,187930
13,308200	3,193848
13,310978	3,197136
13,313756	3,196478
13,316533	3,190889
13,319311	3,154394
13,322089	2,792075
13,324867	2,225582
13,327644	1,666981
13,330422	1,236605
13,333200	1,004484
13,335978	0,926563
13,338755	0,949578
13,341533	1,021252
13,344311	1,116928
13,347089	1,216878
13,349866	1,304991
13,352644	1,361213
13,355422	1,375680
13,358200	1,373049
13,360977	1,374036
13,363755	1,389160
13,366533	1,404612
13,369311	1,412503
13,372088	1,401325
13,374866	1,393763
13,377644	1,397379
13,380422	1,415791
13,383199	1,440450
13,385977	1,448669
13,388755	1,434860
13,391533	1,417106
13,394310	1,412174
13,397088	1,440778
13,399866	1,498644
13,402644	1,552236
13,405421	1,592347
13,408199	1,620622
13,410977	1,649884
13,413755	1,683749
13,416532	1,719915
13,419310	1,735368
13,422088	1,734710
13,424866	1,726162
13,427643	1,724189
13,430421	1,730765
13,433199	1,735039
13,435977	1,721230
13,438754	1,683091
13,441532	1,638705
13,444310	1,602868
13,447088	1,581169
13,449865	1,560784
13,452643	1,529221
13,455421	1,484507
13,458199	1,441765
13,460976	1,418750
13,463754	1,420394
13,466532	1,428285
13,469310	1,425654
13,472087	1,413489
13,474865	1,399023
13,477643	1,401653
13,480421	1,413818
13,483198	1,429929
13,485976	1,434860
13,488754	1,425326
13,491532	1,410859
13,494309	1,410202
13,497087	1,424011
13,499865	1,442751
13,502643	1,449327
13,505420	1,437819
13,508198	1,427298
13,510976	1,429271
13,513754	1,442094
13,516531	1,460834
13,519309	1,468396
13,522087	1,453601
13,524865	1,427298
13,527642	1,403297
13,530420	1,385214
13,533198	1,386529
13,535976	1,413818
13,538753	1,483849
13,541531	1,649555
13,544309	1,919157
13,547087	2,277530
13,549864	2,702646
13,552642	3,094556
13,555420	3,193191
13,558198	3,196150
13,560975	3,196807
13,563753	3,193848
13,566531	3,186615
13,569309	3,034060
13,572086	2,558311
13,574864	1,957625
13,577642	1,440121
13,580420	1,100489
13,583197	0,947934
13,585975	0,933139
13,588753	0,988374
13,591531	1,073857
13,594308	1,168547
13,597086	1,257647
13,599864	1,337212
13,602642	1,374036
13,605419	1,377652
13,608197	1,365487
13,610975	1,364172
13,613753	1,378967
13,616530	1,402640
13,619308	1,408887
13,622086	1,405270
13,624864	1,394749
13,627641	1,399352
13,630419	1,419736
13,633197	1,438806
13,635975	1,444395
13,638752	1,431901
13,641530	1,411846
13,644308	1,417435
13,647086	1,462149
13,649863	1,521330
13,652641	1,580840
13,655419	1,615691
13,658197	1,639692
13,660975	1,663364
13,663752	1,696242
13,666530	1,726162
13,669308	1,741943
13,672085	1,737669
13,674863	1,726162
13,677641	1,721230
13,680419	1,722545
13,683196	1,727806
13,685974	1,710709
13,688752	1,672570
13,691530	1,623910
13,694307	1,587744
13,697085	1,564072
13,699863	1,544674
13,702641	1,514097
13,705418	1,470369
13,708196	1,432559
13,710974	1,413489
13,713752	1,414476
13,716530	1,420723
13,719307	1,423353
13,722085	1,408229
13,724863	1,397708
13,727640	1,396393
13,730418	1,410530
13,733196	1,428285
13,735974	1,433545
13,738751	1,420065
13,741529	1,408229
13,744307	1,411517
13,747085	1,425326
13,749862	1,445710
13,752640	1,448340
13,755418	1,438806
13,758196	1,423682
13,760973	1,429271
13,763751	1,442751
13,766529	1,465437
13,769307	1,468725
13,772085	1,448340
13,774862	1,414805
13,777640	1,384228
13,780418	1,372720
13,783195	1,383570
13,785973	1,442422
13,788751	1,555852
13,791529	1,755423
13,794306	2,077630
13,797084	2,468224
13,799862	2,883148
13,802640	3,187601
13,805417	3,194506
13,808195	3,196150
13,810973	3,195492
13,813751	3,191547
13,816528	3,165902
13,819306	2,842050
13,822084	2,281804
13,824862	1,698215
13,827640	1,245482
13,830417	0,992648
13,833195	0,918343
13,835973	0,952208
13,838750	1,034732
13,841528	1,117585
13,844306	1,208001
13,847084	1,290196
13,849861	1,354637
13,852639	1,385872
13,855417	1,382913
13,858195	1,369433
13,860972	1,367789
13,863750	1,383899
13,866528	1,400996
13,869306	1,413489
13,872083	1,403626
13,874861	1,398694
13,877639	1,405270
13,880417	1,424997
13,883194	1,445710
13,885972	1,448669
13,888750	1,425983
13,891528	1,406256
13,894305	1,425654
13,897083	1,474314
13,899861	1,544345
13,902639	1,600895
13,905416	1,635418
13,908194	1,651528
13,910972	1,672570
13,913750	1,698544
13,916527	1,730765
13,919305	1,744573
13,922083	1,740299
13,924861	1,726162
13,927638	1,719586
13,930416	1,719257
13,933194	1,718600
13,935972	1,697558
13,938750	1,651528
13,941527	1,606814
13,944305	1,572291
13,947083	1,556839
13,949860	1,535797
13,952638	1,504233
13,955416	1,460834
13,958194	1,427627
13,960971	1,411846
13,963749	1,416777
13,966527	1,427298
13,969305	1,429600
13,972082	1,420723
13,974860	1,402968
13,977638	1,408558
13,980416	1,423024
13,983193	1,443737
13,985971	1,445710
13,988749	1,433216
13,991527	1,417764
13,994304	1,421051
13,997082	1,437162
13,999860	1,453272
14,002638	1,457546
14,005415	1,442422
14,008193	1,430586
14,010971	1,432888
14,013749	1,449656
14,016526	1,463464
14,019304	1,467739
14,022082	1,441107
14,024860	1,407900
14,027637	1,377981
14,030415	1,373707
14,033193	1,408558
14,035971	1,489109
14,038748	1,651528
14,041526	1,899759
14,044304	2,241364
14,047082	2,660562
14,049859	3,067595
14,052637	3,193519
14,055415	3,195821
14,058193	3,195492
14,060970	3,193848
14,063748	3,187273
14,066526	3,062664
14,069304	2,612889
14,072081	2,009243
14,074859	1,465766
14,077637	1,097858
14,080415	0,930508
14,083192	0,923604
14,085970	0,994950
14,088748	1,079447
14,091526	1,164601
14,094303	1,242523
14,097081	1,318143
14,099859	1,373378
14,102637	1,395078
14,105414	1,386201
14,108192	1,373378
14,110970	1,373378
14,113748	1,388173
14,116525	1,409544
14,119303	1,418092
14,122081	1,411846
14,124859	1,402968
14,127636	1,411188
14,130414	1,428942
14,133192	1,449656
14,135970	1,449656
14,138747	1,427298
14,141525	1,415791
14,144303	1,441107
14,147081	1,501603
14,149858	1,569661
14,152636	1,620294
14,155414	1,647911
14,158192	1,664351
14,160969	1,683749
14,163747	1,712024
14,166525	1,740957
14,169303	1,752464
14,172080	1,741614
14,174858	1,722545
14,177636	1,713339
14,180414	1,712353
14,183191	1,706763
14,185969	1,684406
14,188747	1,642651
14,191525	1,592018
14,194302	1,555195
14,197080	1,528563
14,199858	1,509823
14,202636	1,482863
14,205413	1,444724
14,208191	1,414147
14,210969	1,406585
14,213747	1,410202
14,216524	1,426312
14,219302	1,430257
14,222080	1,415791
14,224858	1,403297
14,227635	1,406256
14,230413	1,419079
14,233191	1,434532
14,235969	1,440778
14,238746	1,426970
14,241524	1,413489
14,244302	1,412832
14,247080	1,425983
14,249857	1,447354
14,252635	1,452943
14,255413	1,442094
14,258191	1,432888
14,260968	1,433545
14,263746	1,445381
14,266524	1,463136
14,269302	1,460834
14,272079	1,431244
14,274857	1,390146
14,277635	1,363843
14,280413	1,371077
14,283190	1,436175
14,285968	1,560455
14,288746	1,753779
14,291524	2,057246
14,294301	2,430414
14,297079	2,842050
14,299857	3,184642
14,302635	3,193519
14,305412	3,195492
14,308190	3,194177
14,310968	3,190889
14,313746	3,170833
14,316523	2,870654
14,319301	2,329807
14,322079	1,742930
14,324857	1,261921
14,327634	0,989689
14,330412	0,901575
14,333190	0,949906
14,335968	1,041308
14,338745	1,128106
14,341523	1,203069
14,344301	1,275072
14,347079	1,336554
14,349856	1,381926
14,352634	1,397379
14,355412	1,387844
14,358190	1,376337
14,360967	1,376337
14,363745	1,394091
14,366523	1,413489
14,369301	1,422695
14,372078	1,411846
14,374856	1,404284
14,377634	1,410859
14,380412	1,428613
14,383189	1,447683
14,385967	1,446697
14,388745	1,424339
14,391523	1,424339
14,394300	1,462807
14,397078	1,523632
14,399856	1,597936
14,402634	1,646267
14,405411	1,668296
14,408189	1,676515
14,410967	1,692955
14,413745	1,715312
14,416522	1,743258
14,419300	1,752135
14,422078	1,738327
14,424856	1,719586
14,427633	1,707421
14,430411	1,705448
14,433189	1,697558
14,435967	1,668625
14,438744	1,620951
14,441522	1,573935
14,444300	1,533824
14,447078	1,513768
14,449855	1,497000
14,452633	1,472342
14,455411	1,438477
14,458189	1,413818
14,460966	1,403297
14,463744	1,410859
14,466522	1,428613
14,469300	1,428613
14,472077	1,415462
14,474855	1,399681
14,477633	1,402311
14,480411	1,416449
14,483188	1,438148
14,485966	1,439135
14,488744	1,426312
14,491522	1,410530
14,494299	1,412832
14,497077	1,431244
14,499855	1,450313
14,502633	1,453601
14,505410	1,440778
14,508188	1,428285
14,510966	1,428285
14,513744	1,448012
14,516521	1,462149
14,519299	1,455902
14,522077	1,421051
14,524855	1,379625
14,527632	1,359240
14,530410	1,389160
14,533188	1,476616
14,535966	1,648898
14,538743	1,885621
14,541521	2,210787
14,544299	2,615190
14,547077	3,021237
14,549854	3,190889
14,552632	3,195821
14,555410	3,195163
14,558188	3,194506
14,560965	3,188259
14,563743	3,076473
14,566521	2,648068
14,569299	2,058232
14,572076	1,507521
14,574854	1,113640
14,577632	0,922618
14,580410	0,901904
14,583187	0,981798
14,585965	1,086022
14,588743	1,166903
14,591521	1,237262
14,594298	1,297429
14,597076	1,350034
14,599854	1,385214
14,602632	1,393763
14,605409	1,380282
14,608187	1,368775
14,610965	1,371734
14,613743	1,389817
14,616521	1,415462
14,619298	1,422367
14,622076	1,418092
14,624854	1,409873
14,627631	1,414805
14,630409	1,425654
14,633187	1,444066
14,635965	1,438148
14,638742	1,429929
14,641520	1,442422
14,644298	1,489767
14,647076	1,558811
14,649853	1,625883
14,652631	1,667967
14,655409	1,681776
14,658187	1,687037
14,660964	1,699530
14,663742	1,723860
14,666520	1,745560
14,669298	1,752135
14,672075	1,734052
14,674853	1,711695
14,677631	1,698544
14,680409	1,694927
14,683186	1,686050
14,685964	1,656460
14,688742	1,608129
14,691520	1,557825
14,694297	1,523632
14,697075	1,500288
14,699853	1,486150
14,702631	1,462149
14,705408	1,432559
14,708186	1,406585
14,710964	1,401325
14,713742	1,409215
14,716519	1,427627
14,719297	1,425983
14,722075	1,408887
14,724853	1,397379
14,727630	1,399681
14,730408	1,416120
14,733186	1,433874
14,735964	1,440121
14,738741	1,425983
14,741519	1,414476
14,744297	1,414805
14,747075	1,435189
14,749852	1,452286
14,752630	1,458861
14,755408	1,445053
14,758186	1,435189
14,760963	1,437819
14,763741	1,451628
14,766519	1,466095
14,769297	1,448669
14,772074	1,411517
14,774852	1,374693
14,777630	1,367460
14,780408	1,421380
14,783185	1,554208
14,785963	1,756410
14,788741	2,048697
14,791519	2,401810
14,794296	2,803254
14,797074	3,173464
14,799852	3,195163
14,802630	3,195821
14,805407	3,195821
14,808185	3,192862
14,810963	3,175765
14,813741	2,897286
14,816518	2,380110
14,819296	1,798494
14,822074	1,304334
14,824852	1,004484
14,827629	0,891383
14,830407	0,927549
14,833185	1,029472
14,835963	1,131065
14,838740	1,211617
14,841518	1,266853
14,844296	1,321759
14,847074	1,364501
14,849851	1,395735
14,852629	1,400009
14,855407	1,389160
14,858185	1,375680
14,860962	1,379954
14,863740	1,398694
14,866518	1,420723
14,869296	1,427627
14,872073	1,417435
14,874851	1,409215
14,877629	1,413489
14,880407	1,430257
14,883184	1,440121
14,885962	1,435518
14,888740	1,434532
14,891518	1,457546
14,894295	1,507521
14,897073	1,575908
14,899851	1,641665
14,902629	1,681776
14,905406	1,689996
14,908184	1,693283
14,910962	1,706763
14,913740	1,730107
14,916517	1,752464
14,919295	1,751807
14,922073	1,730436
14,924851	1,706763
14,927628	1,692297
14,930406	1,684077
14,933184	1,672899
14,935962	1,642980
14,938739	1,593662
14,941517	1,540728
14,944295	1,503905
14,947073	1,481547
14,949850	1,470040
14,952628	1,452286
14,955406	1,425654
14,958184	1,404612
14,960961	1,398694
14,963739	1,410859
14,966517	1,426312
14,969295	1,424011
14,972072	1,408887
14,974850	1,397050
14,977628	1,399352
14,980406	1,417106
14,983183	1,438806
14,985961	1,442422
14,988739	1,430257
14,991517	1,413489
14,994294	1,416449
14,997072	1,431244
14,999850	1,448340
15,002628	1,450313
15,005405	1,440450
15,008183	1,429929
15,010961	1,434532
15,013739	1,451957
15,016516	1,457875
15,019294	1,439463
15,022072	1,392776
15,024850	1,358254
15,027627	1,368446
15,030405	1,452286
15,033183	1,630486
15,035961	1,877730
15,038738	2,199280
15,041516	2,590531
15,044294	2,988688
15,047072	3,191875
15,049849	3,195163
15,052627	3,196478
15,055405	3,195163
15,058183	3,189574
15,060960	3,095213
15,063738	2,677001
15,066516	2,098015
15,069294	1,551578
15,072071	1,140600
15,074849	0,925248
15,077627	0,886780
15,080405	0,960427
15,083182	1,075172
15,085960	1,177095
15,088738	1,243509
15,091516	1,297758
15,094293	1,341157
15,097071	1,376666
15,099849	1,400667
15,102627	1,401653
15,105404	1,385543
15,108182	1,376995
15,110960	1,383242
15,113738	1,403297
15,116515	1,426641
15,119293	1,433545
15,122071	1,425983
15,124849	1,415791
15,127626	1,419079
15,130404	1,430915
15,133182	1,439135
15,135960	1,438148
15,138737	1,451957
15,141515	1,483849
15,144293	1,538427
15,147071	1,604183
15,149848	1,661063
15,152626	1,689009
15,155404	1,692955
15,158182	1,692955
15,160959	1,706106
15,163737	1,731093
15,166515	1,751149
15,169293	1,749505
15,172070	1,728463
15,174848	1,703804
15,177626	1,685064
15,180404	1,673228
15,183181	1,656460
15,185959	1,624568
15,188737	1,577552
15,191515	1,527577
15,194292	1,495685
15,197070	1,478260
15,199848	1,470369
15,202626	1,452286
15,205403	1,427627
15,208181	1,400667
15,210959	1,398037
15,213737	1,409873
15,216514	1,424668
15,219292	1,425654
15,222070	1,413489
15,224848	1,404284
15,227625	1,408887
15,230403	1,426641
15,233181	1,443409
15,235959	1,447354
15,238736	1,432888
15,241514	1,423682
15,244292	1,426641
15,247070	1,445381
15,249847	1,463793
15,252625	1,465437
15,255403	1,448012
15,258181	1,433545
15,260958	1,437162
15,263736	1,448998
15,266514	1,448669
15,269292	1,420065
15,272069	1,378639
15,274847	1,353980
15,277625	1,398694
15,280403	1,517385
15,283180	1,733724
15,285958	2,038176
15,288736	2,387344
15,291514	2,777280
15,294291	3,153079
15,297069	3,193191
15,299847	3,196807
15,302625	3,196478
15,305402	3,194177
15,308180	3,179053
15,310958	2,919314
15,313736	2,408057
15,316513	1,836961
15,319291	1,349706
15,322069	1,032102
15,324847	0,899274
15,327624	0,916699
15,330402	1,018293
15,333180	1,135997
15,335958	1,229043
15,338735	1,289210
15,341513	1,327020
15,344291	1,358912
15,347069	1,383570
15,349846	1,406585
15,352624	1,407571
15,355402	1,398694
15,358180	1,381269
15,360957	1,388502
15,363735	1,405270
15,366513	1,424011
15,369291	1,432559
15,372068	1,425326
15,374846	1,416777
15,377624	1,421051
15,380402	1,433216
15,383179	1,437162
15,385957	1,453272
15,388735	1,472342
15,391513	1,508508
15,394290	1,563414
15,397068	1,626869
15,399846	1,677831
15,402624	1,702818
15,405401	1,702489
15,408179	1,701832
15,410957	1,714654
15,413735	1,737340
15,416512	1,754766
15,419290	1,748848
15,422068	1,725504
15,424846	1,696900
15,427623	1,677173
15,430401	1,661063
15,433179	1,645281
15,435957	1,610101
15,438734	1,561442
15,441512	1,512124
15,444290	1,476616
15,447068	1,461492
15,449845	1,457546
15,452623	1,443737
15,455401	1,416777
15,458179	1,400009
15,460956	1,399681
15,463734	1,415462
15,466512	1,427956
15,469290	1,428285
15,472067	1,413489
15,474845	1,403626
15,477623	1,405928
15,480401	1,423682
15,483178	1,440778
15,485956	1,441436
15,488734	1,431244
15,491512	1,422038
15,494289	1,424997
15,497067	1,438148
15,499845	1,455902
15,502623	1,453930
15,505400	1,443737
15,508178	1,429600
15,510956	1,436175
15,513734	1,443409
15,516511	1,440121
15,519289	1,410530
15,522067	1,375022
15,524845	1,369104
15,527622	1,434860
15,530400	1,607142
15,533178	1,859647
15,535956	2,192047
15,538733	2,575079
15,541511	2,955480
15,544289	3,190560
15,547067	3,195821
15,549844	3,197465
15,552622	3,196150
15,555400	3,190232
15,558178	3,101789
15,560955	2,687194
15,563733	2,118399
15,566511	1,589059
15,569289	1,182684
15,572066	0,958126
15,574844	0,892698
15,577622	0,948591
15,580400	1,057089
15,583177	1,170191
15,585955	1,254359
15,588733	1,303676
15,591511	1,333595
15,594288	1,357596
15,597066	1,378967
15,599844	1,397050
15,602622	1,400996
15,605399	1,389817
15,608177	1,382255
15,610955	1,388502
15,613733	1,408887
15,616510	1,429929
15,619288	1,437491
15,622066	1,424339
15,624844	1,415462
15,627621	1,419079
15,630399	1,426641
15,633177	1,442751
15,635955	1,465108
15,638732	1,493384
15,641510	1,529550
15,644288	1,584456
15,647066	1,642322
15,649843	1,689996
15,652621	1,708407
15,655399	1,710380
15,658177	1,709723
15,660954	1,719915
15,663732	1,736683
15,666510	1,749505
15,669288	1,740957
15,672065	1,715641
15,674843	1,689009
15,677621	1,667310
15,680399	1,649227
15,683176	1,628184
15,685954	1,589388
15,688732	1,536454
15,691510	1,489767
15,694287	1,461163
15,697065	1,452943
15,699843	1,450642
15,702621	1,441107
15,705398	1,417435
15,708176	1,393763
15,710954	1,393434
15,713732	1,404941
15,716509	1,420394
15,719287	1,422038
15,722065	1,411846
15,724843	1,401653
15,727620	1,408558
15,730398	1,424997
15,733176	1,442094
15,735954	1,444395
15,738731	1,431901
15,741509	1,421380
15,744287	1,424011
15,747065	1,440778
15,749842	1,456231
15,752620	1,458533
15,755398	1,444724
15,758176	1,435847
15,760953	1,440450
15,763731	1,439792
15,766509	1,427627
15,769287	1,400009
15,772064	1,371405
15,774842	1,394420
15,777620	1,495685
15,780398	1,702489
15,783175	2,015819
15,785953	2,374850
15,788731	2,763471
15,791509	3,130393
15,794286	3,193848
15,797064	3,196478
15,799842	3,197136
15,802620	3,194177
15,805397	3,181354
15,808175	2,936082
15,810953	2,433373
15,813731	1,859647
15,816508	1,377981
15,819286	1,061692
15,822064	0,912754
15,824842	0,908151
15,827619	0,990675
15,830397	1,106736
15,833175	1,217864
15,835953	1,290525
15,838730	1,329979
15,841508	1,349048
15,844286	1,365816
15,847064	1,383242
15,849841	1,401982
15,852619	1,404612
15,855397	1,395078
15,858175	1,385214
15,860952	1,392119
15,863730	1,408887
15,866508	1,431244
15,869286	1,436833
15,872063	1,428942
15,874841	1,420394
15,877619	1,421709
15,880397	1,429929
15,883174	1,455902
15,885952	1,490425
15,888730	1,521988
15,891508	1,563414
15,894285	1,612074
15,897063	1,663693
15,899841	1,704133
15,902619	1,721230
15,905396	1,717285
15,908174	1,715641
15,910952	1,723531
15,913730	1,739313
15,916507	1,749176
15,919285	1,738984
15,922063	1,710051
15,924841	1,674543
15,927618	1,651199
15,930396	1,630157
15,933174	1,610430
15,935952	1,575250
15,938729	1,524618
15,941507	1,474643
15,944285	1,448669
15,947063	1,441436
15,949840	1,442094
15,952618	1,433216
15,955396	1,410859
15,958174	1,399352
15,960951	1,399352
15,963729	1,413489
15,966507	1,427627
15,969285	1,428285
15,972062	1,413489
15,974840	1,407900
15,977618	1,413161
15,980396	1,430586
15,983173	1,449327
15,985951	1,448669
15,988729	1,433545
15,991507	1,420723
15,994284	1,424668
15,997062	1,440450
15,999840	1,460834
16,002618	1,458533
16,005395	1,447354
16,008173	1,435518
16,010951	1,430586
16,013729	1,426312
16,016506	1,411188
16,019284	1,385872
16,022062	1,376337
16,024840	1,428613
16,027617	1,584456
16,030395	1,831701
16,033173	2,179553
16,035951	2,572777
16,038728	2,952193
16,041506	3,189903
16,044284	3,197136
16,047062	3,197794
16,049839	3,197136
16,052617	3,190232
16,055395	3,124146
16,058173	2,723031
16,060951	2,150291
16,063728	1,611088
16,066506	1,207014
16,069284	0,978511
16,072062	0,904863
16,074839	0,937413
16,077617	1,037691
16,080395	1,146518
16,083172	1,252057
16,085950	1,319129
16,088728	1,350692
16,091506	1,361542
16,094283	1,374036
16,097061	1,391461
16,099839	1,404941
16,102617	1,404941
16,105394	1,390475
16,108172	1,387187
16,110950	1,397708
16,113728	1,419736
16,116505	1,439135
16,119283	1,443080
16,122061	1,428942
16,124839	1,421709
16,127616	1,417764
16,130394	1,429929
16,133172	1,465437
16,135950	1,503576
16,138727	1,541057
16,141505	1,580511
16,144283	1,626212
16,147061	1,668625
16,149838	1,704791
16,152616	1,716298
16,155394	1,714983
16,158172	1,713010
16,160949	1,723860
16,163727	1,739313
16,166505	1,750163
16,169283	1,737011
16,172061	1,702818
16,174838	1,664679
16,177616	1,634760
16,180394	1,615362
16,183172	1,594649
16,185949	1,557496
16,188727	1,505549
16,191505	1,462478
16,194282	1,437491
16,197060	1,441107
16,199838	1,441765
16,202616	1,430586
16,205393	1,409544
16,208171	1,394420
16,210949	1,396393
16,213727	1,412503
16,216504	1,429929
16,219282	1,430257
16,222060	1,419736
16,224838	1,407900
16,227615	1,414805
16,230393	1,429271
16,233171	1,446039
16,235949	1,444066
16,238726	1,431573
16,241504	1,421051
16,244282	1,427956
16,247060	1,444724
16,249837	1,459848
16,252615	1,461163
16,255393	1,447683
16,258171	1,436175
16,260948	1,421051
16,263726	1,409544
16,266504	1,393105
16,269282	1,378310
16,272059	1,395406
16,274837	1,482205
16,277615	1,676187
16,280393	1,979982
16,283171	2,347890
16,285948	2,751964
16,288726	3,121845
16,291504	3,193848
16,294282	3,196807
16,297059	3,196807
16,299837	3,194177
16,302615	3,182670
16,305392	2,967974
16,308170	2,469539
16,310948	1,888251
16,313726	1,397050
16,316503	1,085036
16,319281	0,938728
16,322059	0,919987
16,324837	0,984100
16,327614	1,083063
16,330392	1,192877
16,333170	1,283949
16,335948	1,343788
16,338725	1,364830
16,341503	1,370419
16,344281	1,375022
16,347059	1,392447
16,349836	1,409873
16,352614	1,409215
16,355392	1,399681
16,358170	1,392776
16,360947	1,400667
16,363725	1,422695
16,366503	1,441765
16,369281	1,442422
16,372058	1,430586
16,374836	1,416777
16,377614	1,415462
16,380392	1,442094
16,383169	1,490753
16,385947	1,535797
16,388725	1,574264
16,391503	1,607142
16,394281	1,646596
16,397058	1,685721
16,399836	1,716627
16,402614	1,728463
16,405392	1,724847
16,408169	1,720244
16,410947	1,725504
16,413725	1,734052
16,416502	1,739971
16,419280	1,722874
16,422058	1,685393
16,424836	1,644952
16,427613	1,615362
16,430391	1,594649
16,433169	1,575250
16,435947	1,539413
16,438724	1,489767
16,441502	1,446039
16,444280	1,429929
16,447058	1,427956
16,449835	1,433545
16,452613	1,425654
16,455391	1,408887
16,458169	1,399023
16,460946	1,402640
16,463724	1,416449
16,466502	1,432230
16,469280	1,433874
16,472057	1,420065
16,474835	1,410859
16,477613	1,415462
16,480391	1,430915
16,483168	1,447025
16,485946	1,446039
16,488724	1,432559
16,491502	1,423682
16,494279	1,430257
16,497057	1,448998
16,499835	1,466423
16,502613	1,465766
16,505390	1,448669
16,508168	1,427956
16,510946	1,412174
16,513724	1,394420
16,516502	1,388831
16,519279	1,388831
16,522057	1,437162
16,524835	1,573278
16,527613	1,801453
16,530390	2,143716
16,533168	2,547790
16,535946	2,941343
16,538723	3,189574
16,541501	3,195492
16,544279	3,196478
16,547057	3,196478
16,549834	3,190560
16,552612	3,145846
16,555390	2,767088
16,558168	2,193362
16,560945	1,637390
16,563723	1,215563
16,566501	0,990675
16,569279	0,917028
16,572056	0,945961
16,574834	1,026513
16,577612	1,129093
16,580390	1,230358
16,583167	1,313868
16,585945	1,357596
16,588723	1,366474
16,591501	1,365816
16,594278	1,373707
16,597056	1,390146
16,599834	1,404284
16,602612	1,405928
16,605389	1,392776
16,608167	1,387516
16,610945	1,395406
16,613723	1,421709
16,616501	1,442751
16,619278	1,447025
16,622056	1,430915
16,624834	1,410859
16,627612	1,409873
16,630389	1,446368
16,633167	1,502918
16,635945	1,551907
16,638723	1,587087
16,641500	1,621280
16,644278	1,656789
16,647056	1,690982
16,649833	1,722545
16,652611	1,730436
16,655389	1,726490
16,658167	1,719915
16,660944	1,723860
16,663722	1,731422
16,666500	1,733395
16,669278	1,712353
16,672055	1,671913
16,674833	1,629171
16,677611	1,600567
16,680389	1,584456
16,683166	1,562757
16,685944	1,527577
16,688722	1,477273
16,691500	1,437819
16,694277	1,419079
16,697055	1,424668
16,699833	1,430586
16,702611	1,421709
16,705388	1,405599
16,708166	1,393763
16,710944	1,400338
16,713722	1,416449
16,716499	1,433545
16,719277	1,431573
16,722055	1,420723
16,724833	1,407243
16,727610	1,416120
16,730388	1,431573
16,733166	1,448340
16,735944	1,444066
16,738722	1,432230
16,741499	1,421709
16,744277	1,428613
16,747055	1,446697
16,749833	1,459519
16,752610	1,459519
16,755388	1,439792
16,758166	1,416120
16,760943	1,397379
16,763721	1,387187
16,766499	1,385214
16,769277	1,412174
16,772054	1,484178
16,774832	1,658104
16,777610	1,940528
16,780388	2,307449
16,783165	2,728949
16,785943	3,110995
16,788721	3,192862
16,791499	3,195492
16,794276	3,195163
16,797054	3,194177
16,799832	3,184642
16,802610	3,007757
16,805387	2,520829
16,808165	1,923431
16,810943	1,416777
16,813721	1,088981
16,816498	0,945303
16,819276	0,930837
16,822054	0,987716
16,824832	1,077803
16,827609	1,175451
16,830387	1,269154
16,833165	1,341815
16,835943	1,378310
16,838720	1,381269
16,841498	1,378967
16,844276	1,381598
16,847054	1,400009
16,849832	1,412503
16,852609	1,412503
16,855387	1,400996
16,858165	1,395078
16,860943	1,406256
16,863720	1,427956
16,866498	1,447683
16,869276	1,443737
16,872053	1,428942
16,874831	1,407900
16,877609	1,421380
16,880387	1,465437
16,883164	1,525604
16,885942	1,572949
16,888720	1,606814
16,891498	1,633116
16,894275	1,665994
16,897053	1,701503
16,899831	1,731093
16,902609	1,738327
16,905386	1,729449
16,908164	1,720901
16,910942	1,719915
16,913720	1,726490
16,916497	1,723203
16,919275	1,700845
16,922053	1,660734
16,924831	1,620294
16,927608	1,590703
16,930386	1,569661
16,933164	1,545331
16,935942	1,504891
16,938719	1,458861
16,941497	1,422695
16,944275	1,415462
16,947053	1,418092
16,949830	1,429271
16,952608	1,423353
16,955386	1,408558
16,958164	1,396064
16,960942	1,403626
16,963719	1,415791
16,966497	1,434860
16,969275	1,434860
16,972053	1,418092
16,974830	1,410859
16,977608	1,414805
16,980386	1,432559
16,983163	1,448012
16,985941	1,451299
16,988719	1,436833
16,991497	1,431244
16,994274	1,432230
16,997052	1,447683
16,999830	1,462807
17,002608	1,461492
17,005385	1,438477
17,008163	1,410530
17,010941	1,387516
17,013719	1,379954
17,016496	1,396064
17,019274	1,446039
17,022052	1,567688
17,024830	1,775808
17,027607	2,107549
17,030385	2,505705
17,033163	2,915698
17,035941	3,189245
17,038718	3,194506
17,041496	3,194835
17,044274	3,195821
17,047052	3,191547
17,049829	3,157682
17,052607	2,804569
17,055385	2,234131
17,058163	1,660076
17,060940	1,219837
17,063718	0,986401
17,066496	0,920316
17,069274	0,956811
17,072052	1,034403
17,074829	1,123503
17,077607	1,216549
17,080385	1,305320
17,083163	1,367131
17,085940	1,391461
17,088718	1,385543
17,091496	1,373707
17,094273	1,380940
17,097051	1,395406
17,099829	1,412503
17,102607	1,414147
17,105384	1,405599
17,108162	1,399023
17,110940	1,411846
17,113718	1,430257
17,116495	1,447025
17,119273	1,446697
17,122051	1,424339
17,124829	1,410859
17,127606	1,434860
17,130384	1,494041
17,133162	1,558811
17,135940	1,608129
17,138717	1,634103
17,141495	1,655802
17,144273	1,680461
17,147051	1,711695
17,149828	1,739313
17,152606	1,749176
17,155384	1,738984
17,158162	1,727148
17,160939	1,726162
17,163717	1,727477
17,166495	1,723860
17,169273	1,694270
17,172050	1,648240
17,174828	1,604512
17,177606	1,576566
17,180384	1,554866
17,183162	1,532838
17,185939	1,493055
17,188717	1,449327
17,191495	1,422038
17,194273	1,412832
17,197050	1,423024
17,199828	1,432559
17,202606	1,428613
17,205383	1,413161
17,208161	1,399352
17,210939	1,398366
17,213717	1,416449
17,216494	1,430915
17,219272	1,430257
17,222050	1,417764
17,224828	1,411188
17,227605	1,417764
17,230383	1,435518
17,233161	1,452286
17,235939	1,450642
17,238716	1,436833
17,241494	1,423682
17,244272	1,428613
17,247050	1,447025
17,249827	1,462807
17,252605	1,461821
17,255383	1,434860
17,258161	1,402311
17,260938	1,379296
17,263716	1,378639
17,266494	1,417106
17,269272	1,496014
17,272049	1,658432
17,274827	1,918499
17,277605	2,271283
17,280383	2,695413
17,283160	3,098172
17,285938	3,193848
17,288716	3,195821
17,291494	3,195821
17,294272	3,193848
17,297049	3,186944
17,299827	3,038334
17,302605	2,569818
17,305383	1,963871
17,308160	1,431573
17,310938	1,083063
17,313716	0,929851
17,316493	0,930180
17,319271	0,996594
17,322049	1,080104
17,324827	1,168218
17,327604	1,252057
17,330382	1,328006
17,333160	1,377652
17,335938	1,390146
17,338715	1,378639
17,341493	1,371734
17,344271	1,376008
17,347049	1,395078
17,349826	1,411188
17,352604	1,414476
17,355382	1,404612
17,358160	1,401653
17,360937	1,410530
17,363715	1,428942
17,366493	1,446039
17,369271	1,441107
17,372048	1,418750
17,374826	1,414476
17,377604	1,451957
17,380382	1,513439
17,383159	1,582155
17,385937	1,626212
17,388715	1,650213
17,391493	1,664022
17,394270	1,687694
17,397048	1,716956
17,399826	1,742930
17,402604	1,746875
17,405382	1,733066
17,408159	1,715969
17,410937	1,713668
17,413715	1,718928
17,416493	1,714325
17,419270	1,687037
17,422048	1,641007
17,424826	1,595635
17,427604	1,561442
17,430381	1,539742
17,433159	1,517385
17,435937	1,484178
17,438714	1,447025
17,441492	1,418421
17,444270	1,414147
17,447048	1,419079
17,449825	1,431244
17,452603	1,427956
17,455381	1,412832
17,458159	1,401982
17,460936	1,411517
17,463714	1,428285
17,466492	1,443409
17,469270	1,443080
17,472047	1,427298
17,474825	1,419408
17,477603	1,425983
17,480381	1,445053
17,483158	1,459848
17,485936	1,458861
17,488714	1,441107
17,491492	1,432888
17,494269	1,438148
17,497047	1,456889
17,499825	1,470698
17,502603	1,462478
17,505380	1,428285
17,508158	1,390804
17,510936	1,373378
17,513714	1,380940
17,516491	1,449984
17,519269	1,571963
17,522047	1,771862
17,524825	2,085192
17,527603	2,471183
17,530380	2,887751
17,533158	3,187930
17,535936	3,195163
17,538714	3,196150
17,541491	3,195492
17,544269	3,191875
17,547047	3,167546
17,549824	2,848626
17,552602	2,292654
17,555380	1,704791
17,558158	1,239235
17,560935	0,982456
17,563713	0,914398
17,566491	0,960099
17,569269	1,049527
17,572046	1,131723
17,574824	1,212603
17,577602	1,285922
17,580380	1,350363
17,583157	1,390804
17,585935	1,396393
17,588713	1,385214
17,591491	1,374693
17,594268	1,385543
17,597046	1,402968
17,599824	1,420065
17,602602	1,420065
17,605379	1,411517
17,608157	1,404612
17,610935	1,418092
17,613713	1,434860
17,616490	1,447354
17,619268	1,437819
17,622046	1,414805
17,624824	1,422038
17,627601	1,468067
17,630379	1,535468
17,633157	1,603197
17,635935	1,648898
17,638713	1,665008
17,641490	1,678817
17,644268	1,697229
17,647046	1,724189
17,649824	1,746217
17,652601	1,746875
17,655379	1,730436
17,658157	1,713997
17,660934	1,707750
17,663712	1,706763
17,666490	1,697558
17,669268	1,660076
17,672045	1,610101
17,674823	1,564401
17,677601	1,534153
17,680379	1,511138
17,683156	1,492068
17,685934	1,458861
17,688712	1,427627
17,691490	1,406914
17,694267	1,403297
17,697045	1,416120
17,699823	1,430586
17,702601	1,425326
17,705378	1,404612
17,708156	1,396393
17,710934	1,400996
17,713712	1,424011
17,716489	1,439792
17,719267	1,437162
17,722045	1,422038
17,724823	1,417106
17,727600	1,425654
17,730378	1,445053
17,733156	1,458533
17,735934	1,454587
17,738711	1,442751
17,741489	1,433874
17,744267	1,440778
17,747045	1,457546
17,749823	1,474643
17,752600	1,455245
17,755378	1,418421
17,758156	1,377323
17,760934	1,364172
17,763711	1,400338
17,766489	1,491740
17,769267	1,664679
17,772044	1,913239
17,774822	2,243994
17,777600	2,654973
17,780378	3,059376
17,783155	3,192862
17,785933	3,195163
17,788711	3,195492
17,791489	3,195492
17,794266	3,187273
17,797044	3,054115
17,799822	2,608614
17,802600	2,012531
17,805377	1,469711
17,808155	1,096215
17,810933	0,927549
17,813711	0,920316
17,816488	1,003827
17,819266	1,097858
17,822044	1,178739
17,824822	1,245810
17,827599	1,310909
17,830377	1,362528
17,833155	1,395078
17,835933	1,394420
17,838710	1,377323
17,841488	1,370419
17,844266	1,379296
17,847044	1,401653
17,849821	1,424339
17,852599	1,425983
17,855377	1,414147
17,858155	1,411846
17,860933	1,417435
17,863710	1,435189
17,866488	1,445710
17,869266	1,432230
17,872044	1,424011
17,874821	1,444066
17,877599	1,495685
17,880377	1,567031
17,883154	1,630486
17,885932	1,663364
17,888710	1,673556
17,891488	1,680132
17,894265	1,697886
17,897043	1,724847
17,899821	1,746875
17,902599	1,746875
17,905376	1,729121
17,908154	1,711038
17,910932	1,702161
17,913710	1,697886
17,916487	1,684406
17,919265	1,648569
17,922043	1,596621
17,924821	1,553222
17,927598	1,519686
17,930376	1,499302
17,933154	1,478917
17,935932	1,449984
17,938709	1,418421
17,941487	1,402640
17,944265	1,402640
17,947043	1,417106
17,949820	1,429271
17,952598	1,421051
17,955376	1,406256
17,958154	1,395735
17,960931	1,404941
17,963709	1,424011
17,966487	1,439463
17,969265	1,437162
17,972043	1,424339
17,974820	1,415791
17,977598	1,424997
17,980376	1,440121
17,983154	1,452943
17,985931	1,450313
17,988709	1,435189
17,991487	1,428942
17,994264	1,438806
17,997042	1,455902
17,999820	1,465108
18,002598	1,443409
18,005375	1,396722
18,008153	1,364501
18,010931	1,362199
18,013709	1,425326
18,016486	1,560784
18,019264	1,762985
18,022042	2,064808
18,024820	2,430085
18,027597	2,836461
18,030375	3,183327
18,033153	3,194506
18,035931	3,196807
18,038708	3,196478
18,041486	3,192862
18,044264	3,168532
18,047042	2,852243
18,049819	2,315669
18,052597	1,736683
18,055375	1,260934
18,058153	0,986072
18,060930	0,895986
18,063708	0,943002
18,066486	1,045253
18,069264	1,139285
18,072041	1,211617
18,074819	1,269483
18,077597	1,322746
18,080375	1,368775
18,083153	1,393105
18,085930	1,391790
18,088708	1,379954
18,091486	1,373707
18,094264	1,381926
18,097041	1,403955
18,099819	1,422695
18,102597	1,422367
18,105374	1,413161
18,108152	1,407243
18,110930	1,416777
18,113708	1,433874
18,116485	1,439792
18,119263	1,429600
18,122041	1,431573
18,124819	1,462149
18,127596	1,518700
18,130374	1,587087
18,133152	1,645281
18,135930	1,675200
18,138707	1,682105
18,141485	1,689996
18,144263	1,706763
18,147041	1,733395
18,149818	1,748848
18,152596	1,743258
18,155374	1,720572
18,158152	1,700188
18,160929	1,691311
18,163707	1,686379
18,166485	1,670269
18,169263	1,630486
18,172040	1,576894
18,174818	1,528892
18,177596	1,503905
18,180374	1,485493
18,183151	1,470698
18,185929	1,444066
18,188707	1,418092
18,191485	1,401653
18,194263	1,398694
18,197040	1,411188
18,199818	1,422367
18,202596	1,416449
18,205374	1,399681
18,208151	1,398037
18,210929	1,402640
18,213707	1,423353
18,216484	1,440121
18,219262	1,434860
18,222040	1,419079
18,224818	1,414805
18,227595	1,423353
18,230373	1,445053
18,233151	1,457875
18,235929	1,447354
18,238706	1,435189
18,241484	1,426312
18,244262	1,437491
18,247040	1,454916
18,249817	1,460834
18,252595	1,429600
18,255373	1,387844
18,258151	1,358912
18,260928	1,380282
18,263706	1,470698
18,266484	1,651528
18,269262	1,901732
18,272039	2,227884
18,274817	2,624725
18,277595	3,020580
18,280373	3,192204
18,283150	3,196150
18,285928	3,196150
18,288706	3,196807
18,291484	3,187601
18,294261	3,064965
18,297039	2,630314
18,299817	2,046725
18,302595	1,507521
18,305372	1,116599
18,308150	0,924261
18,310928	0,902891
18,313706	0,980812
18,316484	1,093913
18,319261	1,180383
18,322039	1,245482
18,324817	1,294799
18,327594	1,345103
18,330372	1,380282
18,333150	1,402311
18,335928	1,398366
18,338705	1,383899
18,341483	1,377323
18,344261	1,387844
18,347039	1,408887
18,349816	1,425326
18,352594	1,425983
18,355372	1,413489
18,358150	1,412503
18,360927	1,417435
18,363705	1,438477
18,366483	1,439463
18,369261	1,439135
18,372038	1,450971
18,374816	1,488781
18,377594	1,547633
18,380372	1,611745
18,383149	1,664679
18,385927	1,687694
18,388705	1,692297
18,391483	1,699530
18,394260	1,718600
18,397038	1,744245
18,399816	1,759369
18,402594	1,748190
18,405371	1,724189
18,408149	1,702489
18,410927	1,691311
18,413705	1,681118
18,416482	1,658761
18,419260	1,616348
18,422038	1,565716
18,424816	1,521659
18,427594	1,488123
18,430371	1,477931
18,433149	1,463136
18,435927	1,443409
18,438705	1,414147
18,441482	1,400667
18,444260	1,400009
18,447038	1,417435
18,449815	1,426970
18,452593	1,421709
18,455371	1,408558
18,458149	1,401653
18,460926	1,412174
18,463704	1,431244
18,466482	1,447683
18,469260	1,440778
18,472037	1,429271
18,474815	1,420394
18,477593	1,434203
18,480371	1,447354
18,483148	1,458861
18,485926	1,451628
18,488704	1,436175
18,491482	1,430257
18,494259	1,439792
18,497037	1,454259
18,499815	1,449327
18,502593	1,417106
18,505370	1,370419
18,508148	1,351678
18,510926	1,401982
18,513704	1,538098
18,516481	1,756081
18,519259	2,064808
18,522037	2,417920
18,524815	2,814104
18,527592	3,176751
18,530370	3,195163
18,533148	3,197794
18,535926	3,197136
18,538704	3,193519
18,541481	3,175436
18,544259	2,887751
18,547037	2,366302
18,549815	1,793891
18,552592	1,307950
18,555370	1,008101
18,558148	0,893027
18,560925	0,926234
18,563703	1,030787
18,566481	1,144217
18,569259	1,228385
18,572036	1,283620
18,574814	1,328664
18,577592	1,360556
18,580370	1,388831
18,583147	1,400667
18,585925	1,397708
18,588703	1,382913
18,591481	1,378310
18,594258	1,389160
18,597036	1,412174
18,599814	1,426312
18,602592	1,425983
18,605369	1,416120
18,608147	1,411188
18,610925	1,420394
18,613703	1,435518
18,616480	1,443737
18,619258	1,453272
18,622036	1,476945
18,624814	1,516070
18,627591	1,578867
18,630369	1,640678
18,633147	1,683091
18,635925	1,699201
18,638702	1,699859
18,641480	1,705120
18,644258	1,724518
18,647036	1,746546
18,649814	1,757396
18,652591	1,743916
18,655369	1,715312
18,658147	1,690982
18,660925	1,675858
18,663702	1,664679
18,666480	1,644295
18,669258	1,603855
18,672035	1,549934
18,674813	1,506864
18,677591	1,478917
18,680369	1,465437
18,683146	1,456560
18,685924	1,436504
18,688702	1,410202
18,691480	1,395406
18,694257	1,401325
18,697035	1,414805
18,699813	1,428285
18,702591	1,421709
18,705368	1,407243
18,708146	1,399681
18,710924	1,409215
18,713702	1,428613
18,716479	1,442422
18,719257	1,437162
18,722035	1,421709
18,724813	1,417435
18,727590	1,423353
18,730368	1,443737
18,733146	1,457546
18,735924	1,452286
18,738701	1,438148
18,741479	1,432230
18,744257	1,438477
18,747035	1,446039
18,749812	1,435847
18,752590	1,397050
18,755368	1,363515
18,758146	1,367460
18,760924	1,445381
18,763701	1,629171
18,766479	1,891539
18,769257	2,223281
18,772035	2,612560
18,774812	2,996907
18,777590	3,193191
18,780368	3,196150
18,783145	3,197794
18,785923	3,196150
18,788701	3,188916
18,791479	3,083377
18,794256	2,656617
18,797034	2,082233
18,799812	1,552236
18,802590	1,154738
18,805367	0,939714
18,808145	0,891054
18,810923	0,958455
18,813701	1,072542
18,816478	1,182027
18,819256	1,257318
18,822034	1,304991
18,824812	1,340171
18,827589	1,371405
18,830367	1,395078
18,833145	1,407571
18,835923	1,400996
18,838700	1,384885
18,841478	1,379625
18,844256	1,393434
18,847034	1,414805
18,849811	1,429600
18,852589	1,428613
18,855367	1,414476
18,858145	1,412174
18,860922	1,424011
18,863700	1,435189
18,866478	1,447683
18,869256	1,466423
18,872034	1,493384
18,874811	1,539084
18,877589	1,597279
18,880367	1,654487
18,883145	1,694270
18,885922	1,705448
18,888700	1,701174
18,891478	1,706763
18,894255	1,725833
18,897033	1,746875
18,899811	1,754766
18,902589	1,737998
18,905366	1,709065
18,908144	1,680790
18,910922	1,661720
18,913700	1,647911
18,916477	1,625883
18,919255	1,584456
18,922033	1,533495
18,924811	1,492068
18,927588	1,463793
18,930366	1,457875
18,933144	1,449984
18,935922	1,432230
18,938699	1,408558
18,941477	1,398694
18,944255	1,403297
18,947033	1,420065
18,949810	1,430915
18,952588	1,425983
18,955366	1,415133
18,958144	1,408229
18,960921	1,420394
18,963699	1,438477
18,966477	1,451957
18,969255	1,443737
18,972032	1,430586
18,974810	1,422038
18,977588	1,434203
18,980366	1,449656
18,983144	1,460177
18,985921	1,455245
18,988699	1,439792
18,991477	1,432888
18,994255	1,437491
18,997032	1,438148
18,999810	1,420723
19,002588	1,391461
19,005365	1,364172
19,008143	1,401653
19,010921	1,517714
19,013699	1,732080
19,016476	2,047711
19,019254	2,405427
19,022032	2,791747
19,024810	3,158340
19,027587	3,193848
19,030365	3,196478
19,033143	3,196150
19,035921	3,193848
19,038698	3,175765
19,041476	2,899916
19,044254	2,382083
19,047032	1,814604
19,049809	1,343459
19,052587	1,036047
19,055365	0,901575
19,058143	0,912096
19,060920	1,004484
19,063698	1,123832
19,066476	1,229700
19,069254	1,296772
19,072031	1,330965
19,074809	1,353980
19,077587	1,370419
19,080365	1,395735
19,083142	1,405928
19,085920	1,402968
19,088698	1,385872
19,091476	1,384228
19,094254	1,393434
19,097031	1,416120
19,099809	1,433216
19,102587	1,432888
19,105365	1,424997
19,108142	1,419079
19,110920	1,426312
19,113698	1,433545
19,116475	1,459190
19,119253	1,483520
19,122031	1,520344
19,124809	1,564072
19,127586	1,620622
19,130364	1,670926
19,133142	1,704133
19,135920	1,710709
19,138697	1,708407
19,141475	1,714654
19,144253	1,728792
19,147031	1,746217
19,149808	1,750163
19,152586	1,732080
19,155364	1,697886
19,158142	1,665666
19,160919	1,642651
19,163697	1,627198
19,166475	1,602211
19,169253	1,562099
19,172030	1,511795
19,174808	1,472342
19,177586	1,454259
19,180364	1,448012
19,183141	1,445381
19,185919	1,426970
19,188697	1,405599
19,191475	1,393105
19,194252	1,404284
19,197030	1,417435
19,199808	1,430586
19,202586	1,422695
19,205363	1,409215
19,208141	1,403626
19,210919	1,414147
19,213697	1,434203
19,216475	1,448340
19,219252	1,443080
19,222030	1,426312
19,224808	1,421380
19,227585	1,430915
19,230363	1,451628
19,233141	1,459519
19,235919	1,455902
19,238696	1,439792
19,241474	1,435518
19,244252	1,434860
19,247030	1,433874
19,249807	1,415791
19,252585	1,387187
19,255363	1,379296
19,258141	1,438477
19,260918	1,607142
19,263696	1,864908
19,266474	2,210787
19,269252	2,602696
19,272029	2,979482
19,274807	3,191547
19,277585	3,195821
19,280363	3,196478
19,283140	3,195492
19,285918	3,189245
19,288696	3,099487
19,291474	2,681275
19,294251	2,107221
19,297029	1,581497
19,299807	1,184657
19,302585	0,968976
19,305362	0,903219
19,308140	0,953194
19,310918	1,056432
19,313696	1,173150
19,316473	1,267839
19,319251	1,324389
19,322029	1,348062
19,324807	1,362528
19,327585	1,378639
19,330362	1,397050
19,333140	1,405928
19,335918	1,399681
19,338696	1,385872
19,341473	1,384557
19,344251	1,401653
19,347029	1,422038
19,349806	1,439792
19,352584	1,435518
19,355362	1,422367
19,358140	1,416449
19,360917	1,417764
19,363695	1,434860
19,366473	1,469054
19,369251	1,507192
19,372028	1,540071
19,374806	1,585771
19,377584	1,633445
19,380362	1,680790
19,383139	1,709723
19,385917	1,717613
19,388695	1,711695
19,391473	1,716298
19,394250	1,727806
19,397028	1,741943
19,399806	1,743916
19,402584	1,721559
19,405361	1,686379
19,408139	1,656131
19,410917	1,632787
19,413695	1,616019
19,416472	1,594320
19,419250	1,548290
19,422028	1,497658
19,424806	1,459519
19,427583	1,441107
19,430361	1,438806
19,433139	1,437491
19,435917	1,421709
19,438695	1,405270
19,441472	1,398037
19,444250	1,402968
19,447028	1,420723
19,449806	1,430915
19,452583	1,425654
19,455361	1,411517
19,458139	1,405270
19,460916	1,414805
19,463694	1,434532
19,466472	1,445710
19,469250	1,441436
19,472027	1,429929
19,474805	1,424011
19,477583	1,434532
19,480361	1,455574
19,483138	1,465766
19,485916	1,457546
19,488694	1,445053
19,491472	1,436504
19,494249	1,430915
19,497027	1,422038
19,499805	1,401982
19,502583	1,380282
19,505360	1,399352
19,508138	1,494699
19,510916	1,697886
19,513694	2,015819
19,516471	2,388659
19,519249	2,784185
19,522027	3,145517
19,524805	3,194177
19,527582	3,195821
19,530360	3,195821
19,533138	3,194177
19,535916	3,180697
19,538693	2,930493
19,541471	2,420551
19,544249	1,843866
19,547027	1,366474
19,549805	1,064323
19,552582	0,922618
19,555360	0,917357
19,558138	0,992648
19,560916	1,102133
19,563693	1,212932
19,566471	1,298416
19,569249	1,345103
19,572026	1,357268
19,574804	1,365487
19,577582	1,378639
19,580360	1,397708
19,583137	1,406585
19,585915	1,398366
19,588693	1,384557
19,591471	1,387844
19,594248	1,402311
19,597026	1,428285
19,599804	1,445381
19,602582	1,441107
19,605359	1,424668
19,608137	1,414147
19,610915	1,412174
19,613693	1,440450
19,616470	1,484507
19,619248	1,521001
19,622026	1,560455
19,624804	1,600567
19,627581	1,647911
19,630359	1,690982
19,633137	1,716956
19,635915	1,721887
19,638692	1,717613
19,641470	1,718271
19,644248	1,727806
19,647026	1,737669
19,649803	1,734710
19,652581	1,711038
19,655359	1,671913
19,658137	1,641007
19,660915	1,618979
19,663692	1,603197
19,666470	1,576566
19,669248	1,533166
19,672026	1,481547
19,674803	1,446368
19,677581	1,434860
19,680359	1,438148
19,683136	1,439135
19,685914	1,422695
19,688692	1,403955
19,691470	1,394749
19,694247	1,406256
19,697025	1,421051
19,699803	1,433545
19,702581	1,423353
19,705358	1,409215
19,708136	1,402968
19,710914	1,414476
19,713692	1,435189
19,716469	1,447025
19,719247	1,442094
19,722025	1,425983
19,724803	1,424011
19,727580	1,432888
19,730358	1,452286
19,733136	1,461821
19,735914	1,454916
19,738691	1,437491
19,741469	1,427956
19,744247	1,415791
19,747025	1,402640
19,749802	1,391132
19,752580	1,384885
19,755358	1,431901
19,758136	1,579853
19,760913	1,824139
19,763691	2,171662
19,766469	2,577051
19,769247	2,962056
19,772025	3,190889
19,774802	3,194835
19,777580	3,196150
19,780358	3,195163
19,783136	3,189574
19,785913	3,120858
19,788691	2,714483
19,791469	2,135167
19,794246	1,593333
19,797024	1,195507
19,799802	0,976538
19,802580	0,909466
19,805357	0,941029
19,808135	1,033746
19,810913	1,138627
19,813691	1,246797
19,816468	1,322746
19,819246	1,359569
19,822024	1,365487
19,824802	1,368446
19,827579	1,379954
19,830357	1,397708
19,833135	1,410202
19,835913	1,402640
19,838690	1,395735
19,841468	1,394420
19,844246	1,414147
19,847024	1,433216
19,849801	1,450313
19,852579	1,443080
19,855357	1,426312
19,858135	1,411188
19,860912	1,420065
19,863690	1,457875
19,866468	1,510152
19,869246	1,554866
19,872023	1,588073
19,874801	1,626869
19,877579	1,663364
19,880357	1,700845
19,883134	1,724847
19,885912	1,726490
19,888690	1,718600
19,891468	1,719257
19,894246	1,728463
19,897023	1,741286
19,899801	1,737998
19,902579	1,710051
19,905356	1,668296
19,908134	1,630486
19,910912	1,606485
19,913690	1,586100
19,916467	1,561113
19,919245	1,510152
19,922023	1,461492
19,924801	1,428285
19,927578	1,422695
19,930356	1,428285
19,933134	1,431244
19,935912	1,417106
19,938689	1,400996
19,941467	1,394091
19,944245	1,400667
19,947023	1,422038
19,949800	1,431901
19,952578	1,426970
19,955356	1,409215
19,958134	1,407900
19,960911	1,416449
19,963689	1,441765
19,966467	1,450313
19,969245	1,443080
19,972022	1,430257
19,974800	1,427627
19,977578	1,437819
19,980356	1,455245
19,983133	1,466752
19,985911	1,455902
19,988689	1,441765
19,991467	1,423682
19,994244	1,409544
19,997022	1,395078
19,999800	1,387516
20,002578	1,406914
20,005356	1,485822
20,008133	1,671255
20,010911	1,972749
20,013689	2,347561
20,016466	2,763471
20,019244	3,137297
20,022022	3,193519
20,024800	3,195163
20,027577	3,195163
20,030355	3,194177
20,033133	3,182341
20,035911	2,967317
20,038688	2,459676
20,041466	1,867538
20,044244	1,374693
20,047022	1,066295
20,049799	0,933796
20,052577	0,925577
20,055355	0,988703
20,058133	1,082734
20,060910	1,192219
20,063688	1,283620
20,066466	1,351678
20,069244	1,373049
20,072021	1,371077
20,074799	1,367460
20,077577	1,379296
20,080355	1,396722
20,083132	1,407900
20,085910	1,401982
20,088688	1,391790
20,091466	1,394420
20,094243	1,407571
20,097021	1,434532
20,099799	1,447025
20,102577	1,440450
20,105354	1,420723
20,108132	1,408229
20,110910	1,426312
20,113688	1,477273
20,116466	1,533824
20,119243	1,578538
20,122021	1,612403
20,124799	1,642980
20,127576	1,676187
20,130354	1,707421
20,133132	1,728463
20,135910	1,729449
20,138687	1,721887
20,141465	1,719915
20,144243	1,725833
20,147021	1,734710
20,149798	1,726819
20,152576	1,693612
20,155354	1,649884
20,158132	1,612074
20,160909	1,587087
20,163687	1,569990
20,166465	1,540071
20,169243	1,494370
20,172020	1,447683
20,174798	1,421709
20,177576	1,417764
20,180354	1,428942
20,183131	1,429271
20,185909	1,419408
20,188687	1,401982
20,191465	1,398366
20,194242	1,407900
20,197020	1,424011
20,199798	1,431244
20,202576	1,422695
20,205353	1,410859
20,208131	1,410530
20,210909	1,424997
20,213687	1,443409
20,216464	1,454587
20,219242	1,446039
20,222020	1,430586
20,224798	1,426970
20,227576	1,438806
20,230353	1,455574
20,233131	1,465437
20,235909	1,456231
20,238687	1,429929
20,241464	1,407900
20,244242	1,388831
20,247020	1,384228
20,249797	1,393105
20,252575	1,445053
20,255353	1,571634
20,258131	1,794548
20,260908	2,134510
20,263686	2,542858
20,266464	2,946603
20,269242	3,188916
20,272019	3,194835
20,274797	3,196150
20,277575	3,195163
20,280353	3,190232
20,283130	3,146503
20,285908	2,767417
20,288686	2,186129
20,291464	1,622595
20,294241	1,197479
20,297019	0,979826
20,299797	0,918672
20,302575	0,953194
20,305352	1,035061
20,308130	1,131065
20,310908	1,226412
20,313686	1,313540
20,316463	1,365487
20,319241	1,381598
20,322019	1,374036
20,324797	1,370748
20,327574	1,378639
20,330352	1,398366
20,333130	1,411188
20,335908	1,408887
20,338686	1,400667
20,341463	1,400009
20,344241	1,417435
20,347019	1,438148
20,349797	1,447683
20,352574	1,439792
20,355352	1,417106
20,358130	1,408229
20,360907	1,438477
20,363685	1,496671
20,366463	1,555195
20,369241	1,602868
20,372018	1,629828
20,374796	1,657775
20,377574	1,687694
20,380352	1,718928
20,383129	1,737011
20,385907	1,736025
20,388685	1,722545
20,391463	1,714325
20,394240	1,715969
20,397018	1,722874
20,399796	1,717613
20,402574	1,688352
20,405351	1,642980
20,408129	1,604183
20,410907	1,581497
20,413685	1,558483
20,416462	1,531851
20,419240	1,482863
20,422018	1,439792
20,424796	1,415791
20,427573	1,416120
20,430351	1,424011
20,433129	1,430915
20,435907	1,419079
20,438684	1,402311
20,441462	1,396722
20,444240	1,404941
20,447018	1,426312
20,449796	1,434203
20,452573	1,427956
20,455351	1,411517
20,458129	1,411188
20,460907	1,419079
20,463684	1,439792
20,466462	1,447025
20,469240	1,438806
20,472017	1,425654
20,474795	1,424011
20,477573	1,437491
20,480351	1,458861
20,483128	1,472670
20,485906	1,458533
20,488684	1,431244
20,491462	1,398366
20,494239	1,383570
20,497017	1,382584
20,499795	1,419736
20,502573	1,496671
20,505350	1,667967
20,508128	1,944802
20,510906	2,303833
20,513684	2,728620
20,516461	3,120858
20,519239	3,192862
20,522017	3,196150
20,524795	3,195492
20,527572	3,194835
20,530350	3,185957
20,533128	3,006442
20,535906	2,516555
20,538683	1,911266
20,541461	1,394091
20,544239	1,065638
20,547017	0,931495
20,549794	0,934454
20,552572	0,999224
20,555350	1,084050
20,558128	1,175451
20,560906	1,263894
20,563683	1,335568
20,566461	1,383899
20,569239	1,385872
20,572017	1,375351
20,574794	1,368446
20,577572	1,385543
20,580350	1,404284
20,583127	1,418092
20,585905	1,414476
20,588683	1,404284
20,591461	1,406256
20,594238	1,418750
20,597016	1,440450
20,599794	1,448669
20,602572	1,439135
20,605349	1,412174
20,608127	1,421380
20,610905	1,461821
20,613683	1,530536
20,616460	1,593333
20,619238	1,633445
20,622016	1,651857
20,624794	1,668296
20,627571	1,691968
20,630349	1,722545
20,633127	1,742601
20,635905	1,739313
20,638682	1,726490
20,641460	1,716627
20,644238	1,717613
20,647016	1,719915
20,649793	1,710051
20,652571	1,671584
20,655349	1,626212
20,658127	1,582484
20,660904	1,555524
20,663682	1,535139
20,666460	1,505549
20,669238	1,468396
20,672015	1,430915
20,674793	1,414476
20,677571	1,415462
20,680349	1,430915
20,683127	1,430586
20,685904	1,422367
20,688682	1,401982
20,691460	1,397050
20,694237	1,406585
20,697015	1,426641
20,699793	1,435847
20,702571	1,428942
20,705348	1,418421
20,708126	1,417435
20,710904	1,433874
20,713682	1,448012
20,716459	1,455902
20,719237	1,440778
20,722015	1,428942
20,724793	1,424339
20,727570	1,438806
20,730348	1,455574
20,733126	1,466095
20,735904	1,450313
20,738681	1,414805
20,741459	1,384885
20,744237	1,369761
20,747015	1,384557
20,749792	1,446697
20,752570	1,574264
20,755348	1,779424
20,758126	2,101960
20,760903	2,497157
20,763681	2,913725
20,766459	3,188259
20,769237	3,194506
20,772014	3,195492
20,774792	3,196807
20,777570	3,191875
20,780348	3,157353
20,783125	2,805227
20,785903	2,233802
20,788681	1,654158
20,791459	1,206685
20,794237	0,973250
20,797014	0,914069
20,799792	0,963387
20,802570	1,043281
20,805347	1,129093
20,808125	1,211617
20,810903	1,288223
20,813681	1,353980
20,816458	1,388173
20,819236	1,388502
20,822014	1,375022
20,824792	1,373378
20,827569	1,384885
20,830347	1,409873
20,833125	1,420394
20,835903	1,419736
20,838680	1,406914
20,841458	1,406585
20,844236	1,418750
20,847014	1,440121
20,849791	1,451299
20,852569	1,433545
20,855347	1,417764
20,858125	1,430586
20,860902	1,485822
20,863680	1,550921
20,866458	1,613389
20,869236	1,647583
20,872013	1,663364
20,874791	1,677502
20,877569	1,702818
20,880347	1,730765
20,883124	1,749834
20,885902	1,745560
20,888680	1,729449
20,891458	1,719915
20,894235	1,719586
20,897013	1,718600
20,899791	1,697886
20,902569	1,655473
20,905347	1,604841
20,908124	1,566373
20,910902	1,539413
20,913680	1,521988
20,916457	1,496343
20,919235	1,461163
20,922013	1,427627
20,924791	1,414147
20,927568	1,416777
20,930346	1,427298
20,933124	1,433216
20,935902	1,420065
20,938679	1,406256
20,941457	1,401982
20,944235	1,414147
20,947013	1,432888
20,949790	1,444395
20,952568	1,433216
20,955346	1,418421
20,958124	1,415133
20,960901	1,426641
20,963679	1,447683
20,966457	1,456231
20,969235	1,447354
20,972012	1,432230
20,974790	1,429929
20,977568	1,440778
20,980346	1,461492
20,983123	1,465766
20,985901	1,440121
20,988679	1,399681
20,991457	1,367789
20,994234	1,362199
20,997012	1,402968
20,999790	1,493055
21,002568	1,664351
21,005345	1,923102
21,008123	2,270626
21,010901	2,690810
21,013679	3,093569
21,016457	3,193519
21,019234	3,196478
21,022012	3,196807
21,024790	3,194835
21,027567	3,186286
21,030345	3,027155
21,033123	2,558311
21,035901	1,957296
21,038678	1,422367
21,041456	1,071227
21,044234	0,923275
21,047012	0,926234
21,049789	1,004813
21,052567	1,095228
21,055345	1,172492
21,058123	1,244167
21,060900	1,314526
21,063678	1,369104
21,066456	1,394091
21,069234	1,390146
21,072011	1,376666
21,074789	1,377323
21,077567	1,392447
21,080345	1,413161
21,083122	1,424339
21,085900	1,417764
21,088678	1,405599
21,091456	1,408558
21,094233	1,423353
21,097011	1,443080
21,099789	1,448012
21,102567	1,431244
21,105344	1,424011
21,108122	1,452615
21,110900	1,510480
21,113678	1,581826
21,116455	1,638377
21,119233	1,664351
21,122011	1,673556
21,124789	1,687037
21,127567	1,708736
21,130344	1,735696
21,133122	1,750163
21,135900	1,741614
21,138677	1,722216
21,141455	1,711695
21,144233	1,711038
21,147011	1,709723
21,149788	1,692297
21,152566	1,647911
21,155344	1,595964
21,158122	1,555195
21,160899	1,526919
21,163677	1,510809
21,166455	1,484507
21,169233	1,453272
21,172010	1,422367
21,174788	1,411188
21,177566	1,412174
21,180344	1,428942
21,183121	1,431573
21,185899	1,420065
21,188677	1,405270
21,191455	1,401653
21,194232	1,414147
21,197010	1,433874
21,199788	1,442094
21,202566	1,434860
21,205343	1,420394
21,208121	1,416777
21,210899	1,430586
21,213677	1,445710
21,216454	1,453930
21,219232	1,441765
21,222010	1,428613
21,224788	1,423682
21,227565	1,440450
21,230343	1,461492
21,233121	1,465108
21,235899	1,440778
21,238677	1,396393
21,241454	1,371734
21,244232	1,374364
21,247010	1,440778
21,249788	1,574264
21,252565	1,778109
21,255343	2,086179
21,258121	2,463621
21,260898	2,872298
21,263676	3,186944
21,266454	3,195163
21,269232	3,197794
21,272009	3,195821
21,274787	3,192533
21,277565	3,163929
21,280343	2,833831
21,283120	2,284763
21,285898	1,705448
21,288676	1,238248
21,291454	0,975880
21,294231	0,905521
21,297009	0,954838
21,299787	1,053802
21,302565	1,139943
21,305342	1,214247
21,308120	1,281319
21,310898	1,339185
21,313676	1,383242
21,316453	1,398366
21,319231	1,389817
21,322009	1,373707
21,324787	1,376008
21,327564	1,385543
21,330342	1,412503
21,333120	1,421709
21,335898	1,416777
21,338675	1,407243
21,341453	1,410202
21,344231	1,426641
21,347009	1,448012
21,349787	1,449656
21,352564	1,431244
21,355342	1,433874
21,358120	1,468396
21,360898	1,533495
21,363675	1,600567
21,366453	1,651857
21,369231	1,670926
21,372008	1,680461
21,374786	1,690653
21,377564	1,714983
21,380342	1,743587
21,383119	1,758054
21,385897	1,747204
21,388675	1,723203
21,391453	1,706106
21,394230	1,700845
21,397008	1,696571
21,399786	1,671913
21,402564	1,631472
21,405341	1,580182
21,408119	1,542372
21,410897	1,516070
21,413675	1,498973
21,416452	1,477273
21,419230	1,448998
21,422008	1,417435
21,424786	1,402968
21,427563	1,409544
21,430341	1,421709
21,433119	1,430586
21,435897	1,417106
21,438674	1,403626
21,441452	1,402640
21,444230	1,421380
21,447008	1,439135
21,449785	1,449656
21,452563	1,437491
21,455341	1,421380
21,458119	1,418092
21,460896	1,430257
21,463674	1,449327
21,466452	1,457875
21,469230	1,448998
21,472008	1,431573
21,474785	1,433216
21,477563	1,444066
21,480341	1,465108
21,483118	1,458861
21,485896	1,425654
21,488674	1,377652
21,491452	1,356939
21,494229	1,387516
21,497007	1,490096
21,499785	1,673885
21,502563	1,927377
21,505340	2,254844
21,508118	2,659576
21,510896	3,060691
21,513674	3,194177
21,516451	3,197136
21,519229	3,197465
21,522007	3,195821
21,524785	3,186944
21,527562	3,047868
21,530340	2,601381
21,533118	2,008257
21,535896	1,469711
21,538673	1,091940
21,541451	0,915713
21,544229	0,904535
21,547007	0,991004
21,549784	1,095228
21,552562	1,183342
21,555340	1,245810
21,558118	1,308279
21,560895	1,357596
21,563673	1,393763
21,566451	1,403626
21,569229	1,395406
21,572007	1,379954
21,574784	1,379296
21,577562	1,398037
21,580340	1,418092
21,583118	1,429929
21,585895	1,418421
21,588673	1,408229
21,591451	1,407900
21,594228	1,427956
21,597006	1,443737
21,599784	1,444724
21,602562	1,438148
21,605339	1,450313
21,608117	1,493712
21,610895	1,555195
21,613673	1,621609
21,616450	1,665008
21,619228	1,680790
21,622006	1,682105
21,624784	1,695914
21,627561	1,717285
21,630339	1,742930
21,633117	1,752135
21,635895	1,738327
21,638672	1,714654
21,641450	1,700845
21,644228	1,690982
21,647006	1,681447
21,649783	1,653501
21,652561	1,605170
21,655339	1,559140
21,658117	1,520344
21,660894	1,498973
21,663672	1,482863
21,666450	1,463136
21,669228	1,432230
21,672005	1,409544
21,674783	1,400338
21,677561	1,412503
21,680339	1,431573
21,683116	1,435847
21,685894	1,421051
21,688672	1,405928
21,691450	1,403626
21,694228	1,414805
21,697005	1,434860
21,699783	1,440450
21,702561	1,432888
21,705338	1,420065
21,708116	1,420394
21,710894	1,431901
21,713672	1,451628
21,716449	1,456231
21,719227	1,449656
21,722005	1,437162
21,724783	1,436175
21,727560	1,448340
21,730338	1,458533
21,733116	1,446368
21,735894	1,405270
21,738671	1,364172
21,741449	1,352994
21,744227	1,414805
21,747005	1,554866
21,749782	1,770547
21,752560	2,078288
21,755338	2,438963
21,758116	2,837119
21,760893	3,183985
21,763671	3,196478
21,766449	3,196807
21,769227	3,196478
21,772004	3,192204
21,774782	3,165573
21,777560	2,843694
21,780338	2,312052
21,783115	1,744902
21,785893	1,274415
21,788671	0,988703
21,791449	0,891383
21,794226	0,933467
21,797004	1,040322
21,799782	1,146847
21,802560	1,222796
21,805338	1,279346
21,808115	1,329321
21,810893	1,372720
21,813671	1,401982
21,816448	1,410202
21,819226	1,399681
21,822004	1,385543
21,824782	1,385214
21,827559	1,401982
21,830337	1,425654
21,833115	1,431573
21,835893	1,425326
21,838670	1,415791
21,841448	1,416120
21,844226	1,427956
21,847004	1,443080
21,849781	1,441107
21,852559	1,446368
21,855337	1,472670
21,858115	1,519686
21,860892	1,583799
21,863670	1,644624
21,866448	1,679803
21,869226	1,690982
21,872003	1,694599
21,874781	1,704133
21,877559	1,728463
21,880337	1,752793
21,883114	1,758711
21,885892	1,740628
21,888670	1,711695
21,891448	1,691639
21,894225	1,679475
21,897003	1,665666
21,899781	1,636733
21,902559	1,590703
21,905336	1,537769
21,908114	1,501603
21,910892	1,480561
21,913670	1,470369
21,916448	1,455902
21,919225	1,430257
21,922003	1,405270
21,924781	1,395406
21,927558	1,406256
21,930336	1,421709
21,933114	1,428613
21,935892	1,421051
21,938669	1,408558
21,941447	1,407571
21,944225	1,421051
21,947003	1,435847
21,949780	1,443737
21,952558	1,429929
21,955336	1,417764
21,958114	1,418421
21,960891	1,432888
21,963669	1,453272
21,966447	1,460177
21,969225	1,450313
21,972002	1,433874
21,974780	1,435189
21,977558	1,442422
21,980336	1,451957
21,983113	1,434860
21,985891	1,393105
21,988669	1,360227
21,991447	1,375022
21,994224	1,463136
21,997002	1,651857
21,999780	1,911595
22,002558	2,241035
22,005335	2,630314
22,008113	3,018936
22,010891	3,193519
22,013669	3,197465
22,016446	3,196150
22,019224	3,195163
22,022002	3,185957
22,024780	3,054115
22,027558	2,612560
22,030335	2,036532
22,033113	1,510152
22,035891	1,122846
22,038668	0,923604
22,041446	0,894342
22,044224	0,970949
22,047002	1,094242
22,049779	1,195178
22,052557	1,265537
22,055335	1,310252
22,058113	1,347075
22,060890	1,376995
22,063668	1,401325
22,066446	1,405599
22,069224	1,394749
22,072001	1,379954
22,074779	1,379625
22,077557	1,398037
22,080335	1,419079
22,083112	1,431573
22,085890	1,423024
22,088668	1,413818
22,091446	1,412832
22,094223	1,430257
22,097001	1,437819
22,099779	1,447683
22,102557	1,460177
22,105334	1,488781
22,108112	1,538427
22,110890	1,598594
22,113668	1,655802
22,116445	1,689996
22,119223	1,696571
22,122001	1,694927
22,124779	1,704462
22,127556	1,723531
22,130334	1,744902
22,133112	1,747204
22,135890	1,727477
22,138667	1,696571
22,141445	1,677502
22,144223	1,664351
22,147001	1,652186
22,149779	1,624568
22,152556	1,576237
22,155334	1,526262
22,158112	1,488781
22,160889	1,469711
22,163667	1,459190
22,166445	1,449984
22,169223	1,422038
22,172000	1,401325
22,174778	1,394749
22,177556	1,405928
22,180334	1,423024
22,183111	1,428942
22,185889	1,417764
22,188667	1,402640
22,191445	1,405599
22,194222	1,417106
22,197000	1,439135
22,199778	1,441107
22,202556	1,429600
22,205333	1,415791
22,208111	1,418092
22,210889	1,432559
22,213667	1,455574
22,216444	1,459848
22,219222	1,449656
22,222000	1,436833
22,224778	1,435847
22,227555	1,448012
22,230333	1,447354
22,233111	1,423353
22,235889	1,381926
22,238666	1,358583
22,241444	1,399352
22,244222	1,531522
22,247000	1,753451
22,249778	2,073027
22,252555	2,433044
22,255333	2,818707
22,258111	3,173792
22,260889	3,194835
22,263666	3,196807
22,266444	3,196150
22,269222	3,191218
22,271999	3,170176
22,274777	2,868024
22,277555	2,342629
22,280333	1,781068
22,283110	1,310909
22,285888	1,015663
22,288666	0,888424
22,291444	0,911110
22,294221	1,010731
22,296999	1,126134
22,299777	1,225097
22,302555	1,285264
22,305332	1,324061
22,308110	1,350692
22,310888	1,378310
22,313666	1,396722
22,316443	1,404612
22,319221	1,388831
22,321999	1,376008
22,324777	1,378639
22,327554	1,397379
22,330332	1,420065
22,333110	1,430586
22,335888	1,424668
22,338665	1,412832
22,341443	1,416449
22,344221	1,422038
22,346999	1,434860
22,349776	1,450642
22,352554	1,473657
22,355332	1,508179
22,358110	1,563086
22,360887	1,621938
22,363665	1,674214
22,366443	1,702818
22,369221	1,706763
22,371999	1,706106
22,374776	1,714654
22,377554	1,733395
22,380332	1,749505
22,383109	1,747532
22,385887	1,721559
22,388665	1,690982
22,391443	1,665337
22,394220	1,652514
22,396998	1,638377
22,399776	1,611417
22,402554	1,564401
22,405331	1,514426
22,408109	1,476945
22,410887	1,457546
22,413665	1,455574
22,416442	1,442422
22,419220	1,423353
22,421998	1,400338
22,424776	1,398037
22,427553	1,409873
22,430331	1,427298
22,433109	1,430915
22,435887	1,420065
22,438664	1,405599
22,441442	1,409873
22,444220	1,424997
22,446998	1,442094
22,449775	1,447683
22,452553	1,434203
22,455331	1,421709
22,458109	1,424668
22,460886	1,442751
22,463664	1,460177
22,466442	1,467739
22,469220	1,453930
22,471997	1,436833
22,474775	1,437819
22,477553	1,438806
22,480331	1,434203
22,483109	1,408558
22,485886	1,376337
22,488664	1,371734
22,491442	1,442094
22,494219	1,619307
22,496997	1,888909
22,499775	2,234131
22,502553	2,626698
22,505330	3,003154
22,508108	3,192204
22,510886	3,195821
22,513664	3,196150
22,516441	3,194506
22,519219	3,187930
22,521997	3,081733
22,524775	2,654644
22,527552	2,078617
22,530330	1,553551
22,533108	1,162300
22,535886	0,946947
22,538663	0,888753
22,541441	0,943002
22,544219	1,055774
22,546997	1,177095
22,549774	1,265537
22,552552	1,316827
22,555330	1,343130
22,558108	1,362857
22,560885	1,381598
22,563663	1,401325
22,566441	1,404941
22,569219	1,392776
22,571996	1,382255
22,574774	1,387187
22,577552	1,408229
22,580330	1,430586
22,583107	1,439135
22,585885	1,427956
22,588663	1,415462
22,591441	1,413818
22,594219	1,421051
22,596996	1,440121
22,599774	1,468725
22,602552	1,499630
22,605329	1,535797
22,608107	1,584785
22,610885	1,641336
22,613663	1,689338
22,616440	1,713010
22,619218	1,714325
22,621996	1,710380
22,624774	1,717942
22,627551	1,734052
22,630329	1,748519
22,633107	1,747204
22,635885	1,723203
22,638662	1,688352
22,641440	1,663693
22,644218	1,642980
22,646996	1,623253
22,649773	1,591690
22,652551	1,539084
22,655329	1,488452
22,658107	1,456560
22,660884	1,445053
22,663662	1,443737
22,666440	1,438806
22,669218	1,413161
22,671995	1,395078
22,674773	1,394091
22,677551	1,409215
22,680329	1,427298
22,683106	1,432888
22,685884	1,421051
22,688662	1,407243
22,691440	1,407571
22,694217	1,420723
22,696995	1,443409
22,699773	1,448998
22,702551	1,439792
22,705329	1,424997
22,708106	1,428285
22,710884	1,442094
22,713662	1,460505
22,716439	1,463464
22,719217	1,451299
22,721995	1,438477
22,724773	1,433545
22,727550	1,432559
22,730328	1,424339
22,733106	1,403626
22,735884	1,377652
22,738661	1,405599
22,741439	1,509165
22,744217	1,724189
22,746995	2,050341
22,749772	2,419564
22,752550	2,807199
22,755328	3,160641
22,758106	3,193519
22,760883	3,196478
22,763661	3,194835
22,766439	3,193191
22,769217	3,177738
22,771994	2,904848
22,774772	2,383069
22,777550	1,810659
22,780328	1,339513
22,783105	1,042623
22,785883	0,911110
22,788661	0,910453
22,791439	0,996594
22,794216	1,113311
22,796994	1,223125
22,799772	1,300717
22,802550	1,337541
22,805327	1,355624
22,808105	1,367789
22,810883	1,387516
22,813661	1,401982
22,816439	1,409873
22,819216	1,395078
22,821994	1,385214
22,824772	1,394420
22,827549	1,415462
22,830327	1,437819
22,833105	1,446039
22,835883	1,436504
22,838660	1,421709
22,841438	1,419736
22,844216	1,421051
22,846994	1,455245
22,849771	1,491082
22,852549	1,523960
22,855327	1,560455
22,858105	1,607800
22,860882	1,653829
22,863660	1,695914
22,866438	1,714325
22,869216	1,713339
22,871993	1,710051
22,874771	1,717613
22,877549	1,732409
22,880327	1,742601
22,883104	1,733395
22,885882	1,701832
22,888660	1,666652
22,891438	1,638377
22,894215	1,622924
22,896993	1,605170
22,899771	1,573607
22,902549	1,523303
22,905326	1,473985
22,908104	1,446697
22,910882	1,439792
22,913660	1,443080
22,916437	1,434532
22,919215	1,418421
22,921993	1,400667
22,924771	1,401653
22,927549	1,410530
22,930326	1,429271
22,933104	1,431244
22,935882	1,421709
22,938659	1,407900
22,941437	1,410202
22,944215	1,427956
22,946993	1,448340
22,949770	1,454259
22,952548	1,438148
22,955326	1,426641
22,958104	1,426641
22,960881	1,443409
22,963659	1,459519
22,966437	1,464122
22,969215	1,448998
22,971992	1,437162
22,974770	1,426970
22,977548	1,421380
22,980326	1,407243
22,983103	1,387844
22,985881	1,384228
22,988659	1,434203
22,991437	1,595635
22,994214	1,851757
22,996992	2,205527
22,999770	2,610587
23,002548	2,988359
23,005325	3,189903
23,008103	3,194835
23,010881	3,196807
23,013659	3,195163
23,016436	3,189574
23,019214	3,102118
23,021992	2,677659
23,024770	2,093083
23,027547	1,560126
23,030325	1,174136
23,033103	0,968976
23,035881	0,904206
23,038659	0,946290
23,041436	1,044925
23,044214	1,158683
23,046992	1,259291
23,049770	1,329321
23,052547	1,355624
23,055325	1,362528
23,058103	1,370748
23,060880	1,386858
23,063658	1,407571
23,066436	1,409873
23,069214	1,401325
23,071991	1,387844
23,074769	1,393105
23,077547	1,409544
23,080325	1,435518
23,083102	1,441436
23,085880	1,433216
23,088658	1,419079
23,091436	1,410202
23,094213	1,426312
23,096991	1,464780
23,099769	1,511795
23,102547	1,549934
23,105324	1,588731
23,108102	1,627527
23,110880	1,670597
23,113658	1,706435
23,116435	1,722216
23,119213	1,717942
23,121991	1,710051
23,124769	1,711366
23,127546	1,724189
23,130324	1,737011
23,133102	1,728792
23,135880	1,697229
23,138657	1,655802
23,141435	1,625554
23,144213	1,603526
23,146991	1,585443
23,149769	1,548948
23,152546	1,500288
23,155324	1,451299
23,158102	1,429929
23,160880	1,427627
23,163657	1,438148
23,166435	1,434203
23,169213	1,413489
23,171990	1,399023
23,174768	1,397708
23,177546	1,407571
23,180324	1,423024
23,183101	1,430915
23,185879	1,417764
23,188657	1,407900
23,191435	1,409215
23,194212	1,424668
23,196990	1,442422
23,199768	1,448998
23,202546	1,436504
23,205323	1,424339
23,208101	1,427627
23,210879	1,443080
23,213657	1,465108
23,216434	1,467739
23,219212	1,452615
23,221990	1,433545
23,224768	1,420394
23,227545	1,406914
23,230323	1,398037
23,233101	1,386201
23,235879	1,407900
23,238656	1,495028
23,241434	1,691639
23,244212	2,006613
23,246990	2,383398
23,249767	2,789774
23,252545	3,153408
23,255323	3,192204
23,258101	3,196478
23,260879	3,196807
23,263656	3,194177
23,266434	3,182670
23,269212	2,935425
23,271990	2,415948
23,274767	1,832687
23,277545	1,351678
23,280323	1,059720
23,283100	0,931166
23,285878	0,928536
23,288656	0,992977
23,291434	1,092269
23,294211	1,201096
23,296989	1,294799
23,299767	1,352007
23,302545	1,369433
23,305322	1,367131
23,308100	1,370090
23,310878	1,383899
23,313656	1,403297
23,316433	1,411188
23,319211	1,403626
23,321989	1,396722
23,324767	1,400338
23,327544	1,418421
23,330322	1,439463
23,333100	1,442422
23,335878	1,427956
23,338655	1,410530
23,341433	1,406914
23,344211	1,434203
23,346989	1,488452
23,349766	1,538427
23,352544	1,577223
23,355322	1,608129
23,358100	1,641336
23,360877	1,679146
23,363655	1,715969
23,366433	1,731751
23,369211	1,729778
23,371988	1,723203
23,374766	1,725833
23,377544	1,733724
23,380322	1,739642
23,383100	1,724518
23,385877	1,687694
23,388655	1,647583
23,391433	1,615691
23,394210	1,593005
23,396988	1,574264
23,399766	1,538756
23,402544	1,486479
23,405321	1,443737
23,408099	1,423682
23,410877	1,426641
23,413655	1,438806
23,416432	1,435189
23,419210	1,419736
23,421988	1,403626
23,424766	1,400996
23,427543	1,412832
23,430321	1,429929
23,433099	1,432230
23,435877	1,419408
23,438654	1,405928
23,441432	1,408887
23,444210	1,427956
23,446988	1,446039
23,449765	1,450971
23,452543	1,437162
23,455321	1,425654
23,458099	1,426641
23,460876	1,444395
23,463654	1,460177
23,466432	1,462807
23,469210	1,450642
23,471987	1,429600
23,474765	1,410859
23,477543	1,397050
23,480321	1,392776
23,483098	1,399023
23,485876	1,446039
23,488654	1,582484
23,491432	1,816577
23,494210	2,161799
23,496987	2,576065
23,499765	2,975207
23,502543	3,190232
23,505320	3,194506
23,508098	3,196807
23,510876	3,196478
23,513654	3,191547
23,516431	3,125790
23,519209	2,718757
23,521987	2,128920
23,524765	1,579525
23,527542	1,181369
23,530320	0,977195
23,533098	0,924919
23,535876	0,958784
23,538653	1,043609
23,541431	1,139614
23,544209	1,238906
23,546987	1,321430
23,549764	1,370419
23,552542	1,379954
23,555320	1,375022
23,558098	1,376666
23,560875	1,390146
23,563653	1,412832
23,566431	1,412503
23,569209	1,403297
23,571986	1,391790
23,574764	1,401653
23,577542	1,419079
23,580320	1,442422
23,583097	1,442422
23,585875	1,428613
23,588653	1,408229
23,591431	1,408558
23,594208	1,449656
23,596986	1,512453
23,599764	1,564729
23,602542	1,601224
23,605320	1,630486
23,608097	1,657446
23,610875	1,691639
23,613653	1,721559
23,616430	1,735696
23,619208	1,731751
23,621986	1,722216
23,624764	1,719915
23,627541	1,728134
23,630319	1,733066
23,633097	1,717613
23,635875	1,679146
23,638652	1,630157
23,641430	1,598265
23,644208	1,576237
23,646986	1,559469
23,649763	1,525276
23,652541	1,483849
23,655319	1,440121
23,658097	1,423682
23,660874	1,425326
23,663652	1,433216
23,666430	1,431244
23,669208	1,414476
23,671985	1,396393
23,674763	1,396722
23,677541	1,411517
23,680319	1,427956
23,683096	1,437819
23,685874	1,425654
23,688652	1,416120
23,691430	1,416120
23,694207	1,433545
23,696985	1,450313
23,699763	1,455245
23,702541	1,437819
23,705318	1,424339
23,708096	1,428285
23,710874	1,444724
23,713652	1,466423
23,716430	1,466423
23,719207	1,452943
23,721985	1,420723
23,724763	1,399352
23,727540	1,378967
23,730318	1,383570
23,733096	1,415133
23,735874	1,498644
23,738651	1,674543
23,741429	1,971762
23,744207	2,341643
23,746985	2,765773
23,749762	3,146832
23,752540	3,193519
23,755318	3,196150
23,758096	3,196807
23,760873	3,195163
23,763651	3,183327
23,766429	2,961070
23,769207	2,451785
23,771984	1,854387
23,774762	1,359569
23,777540	1,056103
23,780318	0,933796
23,783095	0,934782
23,785873	1,003169
23,788651	1,087666
23,791429	1,184657
23,794206	1,272442
23,796984	1,347404
23,799762	1,380282
23,802540	1,380940
23,805317	1,368118
23,808095	1,371077
23,810873	1,389160
23,813651	1,408887
23,816428	1,415791
23,819206	1,405270
23,821984	1,398366
23,824762	1,403955
23,827540	1,426641
23,830317	1,442751
23,833095	1,449656
23,835873	1,431901
23,838650	1,411517
23,841428	1,420065
23,844206	1,469054
23,846984	1,533824
23,849761	1,593005
23,852539	1,625883
23,855317	1,646925
23,858095	1,672241
23,860872	1,702818
23,863650	1,731751
23,866428	1,743587
23,869206	1,737340
23,871983	1,726162
23,874761	1,723203
23,877539	1,728792
23,880317	1,730107
23,883094	1,709065
23,885872	1,664351
23,888650	1,617006
23,891428	1,580182
23,894205	1,557496
23,896983	1,539413
23,899761	1,506864
23,902539	1,462149
23,905316	1,428942
23,908094	1,411517
23,910872	1,415133
23,913650	1,425326
23,916427	1,422367
23,919205	1,403955
23,921983	1,389488
23,924761	1,390804
23,927538	1,409544
23,930316	1,431573
23,933094	1,436175
23,935872	1,424668
23,938649	1,412503
23,941427	1,414476
23,944205	1,428613
23,946983	1,448012
23,949760	1,448669
23,952538	1,436833
23,955316	1,424997
23,958094	1,428613
23,960871	1,446368
23,963649	1,464122
23,966427	1,467410
23,969205	1,446368
23,971982	1,411846
23,974760	1,381269
23,977538	1,373707
23,980316	1,389817
23,983093	1,449656
23,985871	1,581169
23,988649	1,798823
23,991427	2,133195
23,994204	2,541872
23,996982	2,952521
23,999760	3,191547
24,002538	3,195821
24,005315	3,197465
24,008093	3,197465
24,010871	3,192204
24,013649	3,145517
24,016426	2,766759
24,019204	2,182183
24,021982	1,614376
24,024760	1,190575
24,027537	0,970949
24,030315	0,920974
24,033093	0,967332
24,035871	1,047555
24,038648	1,134353
24,041426	1,222796
24,044204	1,303676
24,046982	1,366802
24,049759	1,394091
24,052537	1,386529
24,055315	1,374036
24,058093	1,376995
24,060871	1,392447
24,063648	1,410530
24,066426	1,417435
24,069204	1,408887
24,071981	1,400996
24,074759	1,407900
24,077537	1,425654
24,080315	1,448012
24,083092	1,449984
24,085870	1,430915
24,088648	1,415133
24,091426	1,436504
24,094203	1,492068
24,096981	1,559140
24,099759	1,610101
24,102537	1,638705
24,105314	1,652843
24,108092	1,673228
24,110870	1,706435
24,113648	1,736025
24,116425	1,748848
24,119203	1,739642
24,121981	1,724518
24,124759	1,718600
24,127536	1,720901
24,130314	1,719586
24,133092	1,696242
24,135870	1,651199
24,138647	1,600567
24,141425	1,566045
24,144203	1,543030
24,146981	1,524947
24,149758	1,495028
24,152536	1,457546
24,155314	1,423024
24,158092	1,413489
24,160869	1,418092
24,163647	1,429600
24,166425	1,429929
24,169203	1,412832
24,171981	1,396393
24,174758	1,397708
24,177536	1,415462
24,180314	1,432230
24,183091	1,437162
24,185869	1,423353
24,188647	1,413489
24,191425	1,416449
24,194202	1,431901
24,196980	1,449656
24,199758	1,452943
24,202536	1,439135
24,205313	1,424997
24,208091	1,430586
24,210869	1,448012
24,213647	1,470369
24,216424	1,473328
24,219202	1,441765
24,221980	1,401325
24,224758	1,374036
24,227535	1,372720
24,230313	1,421709
24,233091	1,511467
24,235869	1,679803
24,238646	1,949405
24,241424	2,304162
24,244202	2,726648
24,246980	3,128749
24,249757	3,194835
24,252535	3,196807
24,255313	3,197465
24,258091	3,195163
24,260868	3,184313
24,263646	3,000524
24,266424	2,515569
24,269202	1,915540
24,271979	1,397050
24,274757	1,064651
24,277535	0,930180
24,280313	0,941687
24,283091	1,015005
24,285868	1,100489
24,288646	1,181369
24,291424	1,259619
24,294201	1,333924
24,296979	1,387844
24,299757	1,400996
24,302535	1,392776
24,305312	1,377652
24,308090	1,380611
24,310868	1,396393
24,313646	1,417106
24,316423	1,424997
24,319201	1,409873
24,321979	1,401653
24,324757	1,406256
24,327534	1,429271
24,330312	1,445710
24,333090	1,448012
24,335868	1,425326
24,338645	1,420065
24,341423	1,448998
24,344201	1,510152
24,346979	1,579525
24,349756	1,631801
24,352534	1,653829
24,355312	1,663693
24,358090	1,681776
24,360867	1,711366
24,363645	1,742272
24,366423	1,753122
24,369201	1,741286
24,371978	1,721230
24,374756	1,711695
24,377534	1,710380
24,380312	1,706763
24,383089	1,677831
24,385867	1,630157
24,388645	1,583141
24,391423	1,551578
24,394201	1,529221
24,396978	1,508836
24,399756	1,481876
24,402534	1,442751
24,405311	1,415791
24,408089	1,405270
24,410867	1,411846
24,413645	1,423353
24,416422	1,427298
24,419200	1,407571
24,421978	1,395735
24,424756	1,400667
24,427533	1,418750
24,430311	1,441436
24,433089	1,443080
24,435867	1,430915
24,438644	1,417764
24,441422	1,423024
24,444200	1,437819
24,446978	1,459848
24,449755	1,459190
24,452533	1,448669
24,455311	1,436175
24,458089	1,440450
24,460866	1,456231
24,463644	1,472670
24,466422	1,463793
24,469200	1,427627
24,471977	1,383570
24,474755	1,357925
24,477533	1,374036
24,480311	1,444395
24,483088	1,586100
24,485866	1,793233
24,488644	2,105577
24,491422	2,492554
24,494199	2,905177
24,496977	3,189574
24,499755	3,196807
24,502533	3,197136
24,505311	3,196478
24,508088	3,189903
24,510866	3,152750
24,513644	2,800624
24,516421	2,236104
24,519199	1,660405
24,521977	1,206028
24,524755	0,967332
24,527532	0,904206
24,530310	0,960756
24,533088	1,053802
24,535866	1,138299
24,538643	1,211617
24,541421	1,281977
24,544199	1,346418
24,546977	1,388502
24,549754	1,398366
24,552532	1,383242
24,555310	1,368446
24,558088	1,371405
24,560865	1,393105
24,563643	1,416120
24,566421	1,427627
24,569199	1,416120
24,571976	1,409215
24,574754	1,415133
24,577532	1,431901
24,580310	1,450971
24,583087	1,444724
24,585865	1,427298
24,588643	1,431573
24,591421	1,474314
24,594198	1,535797
24,596976	1,611417
24,599754	1,655473
24,602532	1,672570
24,605309	1,679475
24,608087	1,695914
24,610865	1,720901
24,613643	1,747861
24,616421	1,753122
24,619198	1,737998
24,621976	1,717942
24,624754	1,706435
24,627531	1,703476
24,630309	1,695585
24,633087	1,664679
24,635865	1,616348
24,638642	1,572291
24,641420	1,537112
24,644198	1,519357
24,646976	1,500617
24,649753	1,471026
24,652531	1,434532
24,655309	1,407571
24,658087	1,399681
24,660864	1,410859
24,663642	1,428613
24,666420	1,426312
24,669198	1,412503
24,671975	1,398694
24,674753	1,406585
24,677531	1,423353
24,680309	1,440450
24,683086	1,441436
24,685864	1,428285
24,688642	1,414147
24,691420	1,418092
24,694197	1,435847
24,696975	1,454916
24,699753	1,460505
24,702531	1,445381
24,705308	1,432888
24,708086	1,434860
24,710864	1,449327
24,713642	1,461821
24,716419	1,450971
24,719197	1,410530
24,721975	1,368775
24,724753	1,356610
24,727531	1,398694
24,730308	1,501274
24,733086	1,684406
24,735864	1,946775
24,738641	2,282791
24,741419	2,689495
24,744197	3,088966
24,746975	3,194506
24,749752	3,195821
24,752530	3,196150
24,755308	3,193191
24,758086	3,185300
24,760863	3,017949
24,763641	2,551406
24,766419	1,956309
24,769197	1,423682
24,771974	1,066295
24,774752	0,906836
24,777530	0,911439
24,780308	1,001525
24,783085	1,101475
24,785863	1,184986
24,788641	1,249756
24,791419	1,309923
24,794196	1,363515
24,796974	1,396064
24,799752	1,401653
24,802530	1,387516
24,805307	1,372063
24,808085	1,373707
24,810863	1,392447
24,813641	1,415791
24,816418	1,421380
24,819196	1,412832
24,821974	1,403626
24,824752	1,407243
24,827529	1,425983
24,830307	1,441436
24,833085	1,432888
24,835863	1,427298
24,838640	1,444724
24,841418	1,495028
24,844196	1,566045
24,846974	1,630157
24,849751	1,669611
24,852529	1,679146
24,855307	1,681118
24,858085	1,695585
24,860862	1,721559
24,863640	1,747532
24,866418	1,752464
24,869196	1,733724
24,871973	1,709065
24,874751	1,698215
24,877529	1,692626
24,880307	1,681118
24,883084	1,647583
24,885862	1,597279
24,888640	1,548290
24,891418	1,515083
24,894195	1,492068
24,896973	1,477602
24,899751	1,455902
24,902529	1,421380
24,905306	1,399023
24,908084	1,391790
24,910862	1,405599
24,913640	1,421051
24,916417	1,422038
24,919195	1,406914
24,921973	1,398694
24,924751	1,403297
24,927528	1,421051
24,930306	1,441107
24,933084	1,441765
24,935862	1,428285
24,938639	1,414805
24,941417	1,420723
24,944195	1,437162
24,946973	1,458861
24,949750	1,460177
24,952528	1,444395
24,955306	1,431244
24,958084	1,433874
24,960862	1,448669
24,963639	1,459519
24,966417	1,442751
24,969195	1,399352
24,971972	1,362857
24,974750	1,360227
24,977528	1,430915
24,980306	1,578867
24,983083	1,793233
24,985861	2,100645
24,988639	2,468553
24,991417	2,867038
24,994194	3,187930
24,996972	3,195492
24,999750	3,195821
25,002528	3,195163
25,005305	3,191218
25,008083	3,162943
25,010861	2,832844
25,013639	2,287722
25,016416	1,713668
25,019194	1,241536
25,021972	0,964702
25,024750	0,884808
25,027527	0,935769
25,030305	1,048212
25,033083	1,149148
25,035861	1,226741
25,038638	1,283292
25,041416	1,333595
25,044194	1,375022
25,046972	1,400338
25,049749	1,403955
25,052527	1,385872
25,055305	1,375022
25,058083	1,376995
25,060860	1,401653
25,063638	1,421709
25,066416	1,430257
25,069194	1,417106
25,071972	1,409215
25,074749	1,415462
25,077527	1,434860
25,080305	1,448340
25,083082	1,442094
25,085860	1,443080
25,088638	1,467739
25,091416	1,522974
25,094193	1,589717
25,096971	1,651857
25,099749	1,681447
25,102527	1,688023
25,105304	1,689338
25,108082	1,706435
25,110860	1,733395
25,113638	1,756081
25,116415	1,754108
25,119193	1,730436
25,121971	1,706763
25,124749	1,692955
25,127526	1,689009
25,130304	1,674872
25,133082	1,642980
25,135860	1,590374
25,138637	1,543030
25,141415	1,507192
25,144193	1,488781
25,146971	1,475629
25,149748	1,453601
25,152526	1,425326
25,155304	1,402968
25,158082	1,401982
25,160859	1,416120
25,163637	1,434860
25,166415	1,431244
25,169193	1,414805
25,171970	1,399023
25,174748	1,404612
25,177526	1,421051
25,180304	1,439135
25,183082	1,440121
25,185859	1,427627
25,188637	1,417764
25,191415	1,423024
25,194192	1,443080
25,196970	1,455902
25,199748	1,456560
25,202526	1,438477
25,205303	1,427956
25,208081	1,428613
25,210859	1,446368
25,213637	1,450313
25,216414	1,432230
25,219192	1,387187
25,221970	1,357268
25,224748	1,381598
25,227525	1,476287
25,230303	1,671584
25,233081	1,939542
25,235859	2,268324
25,238636	2,660891
25,241414	3,051485
25,244192	3,192862
25,246970	3,194835
25,249747	3,195821
25,252525	3,194835
25,255303	3,185957
25,258081	3,039978
25,260858	2,588887
25,263636	2,009243
25,266414	1,480232
25,269192	1,098845
25,271969	0,915384
25,274747	0,895657
25,277525	0,983771
25,280303	1,100489
25,283080	1,202082
25,285858	1,265209
25,288636	1,313868
25,291414	1,349377
25,294192	1,380940
25,296969	1,401982
25,299747	1,401325
25,302525	1,386201
25,305302	1,374036
25,308080	1,380611
25,310858	1,401653
25,313636	1,425654
25,316413	1,427627
25,319191	1,420723
25,321969	1,410530
25,324747	1,419408
25,327524	1,432559
25,330302	1,442094
25,333080	1,444395
25,335858	1,453272
25,338635	1,485493
25,341413	1,542043
25,344191	1,609444
25,346969	1,663693
25,349746	1,690982
25,352524	1,692297
25,355302	1,694599
25,358080	1,708079
25,360857	1,733066
25,363635	1,751807
25,366413	1,746546
25,369191	1,720901
25,371968	1,692955
25,374746	1,677173
25,377524	1,667638
25,380302	1,652843
25,383079	1,617335
25,385857	1,566045
25,388635	1,515741
25,391413	1,486150
25,394190	1,466752
25,396968	1,460834
25,399746	1,441107
25,402524	1,417764
25,405302	1,398366
25,408079	1,400009
25,410857	1,414147
25,413635	1,430586
25,416412	1,427627
25,419190	1,410202
25,421968	1,400667
25,424746	1,409215
25,427523	1,429600
25,430301	1,447354
25,433079	1,445710
25,435857	1,428613
25,438634	1,416449
25,441412	1,420723
25,444190	1,437819
25,446968	1,458204
25,449745	1,459848
25,452523	1,447683
25,455301	1,437491
25,458079	1,443409
25,460856	1,453272
25,463634	1,451628
25,466412	1,418421
25,469190	1,381269
25,471967	1,360227
25,474745	1,412832
25,477523	1,551578
25,480301	1,778767
25,483078	2,096700
25,485856	2,456388
25,488634	2,842050
25,491412	3,181026
25,494189	3,194506
25,496967	3,196150
25,499745	3,196478
25,502523	3,192204
25,505300	3,165573
25,508078	2,839749
25,510856	2,305477
25,513634	1,746217
25,516412	1,282634
25,519189	0,998566
25,521967	0,888095
25,524745	0,923604
25,527522	1,032102
25,530300	1,149477
25,533078	1,237920
25,535856	1,292169
25,538633	1,326691
25,541411	1,358254
25,544189	1,385543
25,546967	1,403955
25,549744	1,404941
25,552522	1,389488
25,555300	1,377981
25,558078	1,387187
25,560855	1,410202
25,563633	1,430586
25,566411	1,437162
25,569189	1,424668
25,571966	1,415133
25,574744	1,419079
25,577522	1,430915
25,580300	1,441765
25,583077	1,457875
25,585855	1,477931
25,588633	1,513768
25,591411	1,570319
25,594188	1,629500
25,596966	1,681776
25,599744	1,704133
25,602522	1,705120
25,605299	1,704133
25,608077	1,718928
25,610855	1,739642
25,613633	1,755752
25,616410	1,747861
25,619188	1,720901
25,621966	1,692297
25,624744	1,672899
25,627522	1,658432
25,630299	1,641007
25,633077	1,604183
25,635855	1,547633
25,638632	1,501932
25,641410	1,470040
25,644188	1,459190
25,646966	1,458533
25,649743	1,443409
25,652521	1,417435
25,655299	1,397379
25,658077	1,396722
25,660854	1,410530
25,663632	1,426641
25,666410	1,424668
25,669188	1,413489
25,671965	1,402640
25,674743	1,410859
25,677521	1,428613
25,680299	1,446697
25,683076	1,445710
25,685854	1,433216
25,688632	1,421380
25,691410	1,426312
25,694187	1,448340
25,696965	1,466423
25,699743	1,466423
25,702521	1,450313
25,705298	1,441765
25,708076	1,445053
25,710854	1,451628
25,713632	1,442422
25,716409	1,409873
25,719187	1,370748
25,721965	1,373707
25,724743	1,455574
25,727520	1,646596
25,730298	1,921787
25,733076	2,260105
25,735854	2,647740
25,738631	3,020908
25,741409	3,191547
25,744187	3,195821
25,746965	3,196150
25,749742	3,195821
25,752520	3,187601
25,755298	3,050828
25,758076	2,604669
25,760853	2,028313
25,763631	1,512453
25,766409	1,137641
25,769187	0,936755
25,771964	0,899274
25,774742	0,966346
25,777520	1,083721
25,780298	1,195836
25,783075	1,275072
25,785853	1,316499
25,788631	1,344116
25,791409	1,363843
25,794186	1,385872
25,796964	1,402311
25,799742	1,401325
25,802520	1,388502
25,805297	1,379296
25,808075	1,388502
25,810853	1,407900
25,813631	1,434532
25,816408	1,438477
25,819186	1,432559
25,821964	1,418750
25,824742	1,421051
25,827519	1,426970
25,830297	1,446697
25,833075	1,470369
25,835853	1,503247
25,838630	1,545989
25,841408	1,596621
25,844186	1,651199
25,846964	1,692955
25,849741	1,709394
25,852519	1,708736
25,855297	1,709065
25,858075	1,720244
25,860852	1,738327
25,863630	1,749834
25,866408	1,741943
25,869186	1,712682
25,871963	1,680132
25,874741	1,657446
25,877519	1,641993
25,880297	1,622266
25,883074	1,582484
25,885852	1,530865
25,888630	1,478917
25,891408	1,454916
25,894185	1,446697
25,896963	1,449984
25,899741	1,434860
25,902519	1,411517
25,905296	1,394749
25,908074	1,399023
25,910852	1,412503
25,913630	1,426970
25,916407	1,426641
25,919185	1,410859
25,921963	1,405270
25,924741	1,409544
25,927518	1,429600
25,930296	1,447025
25,933074	1,449984
25,935852	1,432888
25,938629	1,424339
25,941407	1,426312
25,944185	1,437819
25,946963	1,453930
25,949740	1,453601
25,952518	1,441436
25,955296	1,432888
25,958074	1,433216
25,960851	1,428613
25,963629	1,419736
25,966407	1,390804
25,969185	1,368118
25,971963	1,400338
25,974740	1,522316
25,977518	1,743258
25,980296	2,073356
25,983073	2,442579
25,985851	2,829228
25,988629	3,173792
25,991407	3,194506
25,994184	3,196478
25,996962	3,197136
25,999740	3,193519
26,002518	3,172148
26,005295	2,863421
26,008073	2,329478
26,010851	1,764300
26,013629	1,305649
26,016406	1,024211
26,019184	0,904535
26,021962	0,918343
26,024740	1,010074
26,027517	1,128435
26,030295	1,237920
26,033073	1,304991
26,035851	1,341157
26,038628	1,352007
26,041406	1,370419
26,044184	1,388502
26,046962	1,405928
26,049739	1,403297
26,052517	1,392776
26,055295	1,380611
26,058073	1,389160
26,060850	1,410202
26,063628	1,432230
26,066406	1,437819
26,069184	1,425326
26,071961	1,416777
26,074739	1,415791
26,077517	1,428613
26,080295	1,458204
26,083073	1,497000
26,085850	1,525604
26,088628	1,569661
26,091406	1,618321
26,094183	1,665994
26,096961	1,706106
26,099739	1,720901
26,102517	1,715312
26,105294	1,711695
26,108072	1,721887
26,110850	1,738984
26,113628	1,749834
26,116405	1,736354
26,119183	1,706106
26,121961	1,671913
26,124739	1,647583
26,127516	1,627856
26,130294	1,607471
26,133072	1,566045
26,135850	1,512124
26,138627	1,466095
26,141405	1,443409
26,144183	1,445381
26,146961	1,451628
26,149738	1,439135
26,152516	1,413161
26,155294	1,398366
26,158072	1,397708
26,160849	1,414476
26,163627	1,430915
26,166405	1,433874
26,169183	1,420723
26,171960	1,411846
26,174738	1,417435
26,177516	1,436504
26,180294	1,455245
26,183071	1,449656
26,185849	1,434860
26,188627	1,424339
26,191405	1,432559
26,194183	1,448012
26,196960	1,465766
26,199738	1,460834
26,202516	1,447354
26,205293	1,437491
26,208071	1,432559
26,210849	1,429271
26,213627	1,413489
26,216404	1,390804
26,219182	1,385872
26,221960	1,443409
26,224738	1,612074
26,227515	1,879374
26,230293	2,232158
26,233071	2,635903
26,235849	3,014333
26,238626	3,191875
26,241404	3,196150
26,244182	3,196807
26,246960	3,196807
26,249737	3,189903
26,252515	3,077788
26,255293	2,635246
26,258071	2,049026
26,260848	1,524289
26,263626	1,152765
26,266404	0,955496
26,269182	0,904206
26,271959	0,953194
26,274737	1,057089
26,277515	1,169204
26,280293	1,265209
26,283070	1,322746
26,285848	1,345760
26,288626	1,356610
26,291404	1,370748
26,294181	1,389160
26,296959	1,404941
26,299737	1,403955
26,302515	1,389488
26,305292	1,382584
26,308070	1,389817
26,310848	1,413161
26,313626	1,437162
26,316403	1,439463
26,319181	1,426970
26,321959	1,415462
26,324737	1,410530
26,327514	1,430915
26,330292	1,474972
26,333070	1,518371
26,335848	1,553551
26,338625	1,592347
26,341403	1,635089
26,344181	1,676844
26,346959	1,708079
26,349736	1,719586
26,352514	1,717613
26,355292	1,715641
26,358070	1,722874
26,360847	1,738655
26,363625	1,746217
26,366403	1,729778
26,369181	1,692955
26,371958	1,655145
26,374736	1,623910
26,377514	1,606814
26,380292	1,587087
26,383069	1,550592
26,385847	1,501274
26,388625	1,457218
26,391403	1,440450
26,394180	1,437491
26,396958	1,444066
26,399736	1,431901
26,402514	1,411846
26,405291	1,395078
26,408069	1,397379
26,410847	1,413161
26,413625	1,430257
26,416402	1,430586
26,419180	1,413818
26,421958	1,402640
26,424736	1,407571
26,427513	1,425326
26,430291	1,440778
26,433069	1,439135
26,435847	1,424997
26,438624	1,416777
26,441402	1,424339
26,444180	1,441107
26,446958	1,459190
26,449735	1,459190
26,452513	1,445710
26,455291	1,432888
26,458069	1,421380
26,460846	1,406256
26,463624	1,397708
26,466402	1,384228
26,469180	1,412832
26,471957	1,512453
26,474735	1,717613
26,477513	2,038176
26,480291	2,418578
26,483068	2,817392
26,485846	3,168861
26,488624	3,194506
26,491402	3,197465
26,494179	3,196807
26,496957	3,194506
26,499735	3,177409
26,502513	2,895971
26,505290	2,362356
26,508068	1,786658
26,510846	1,322746
26,513624	1,044925
26,516401	0,926563
26,519179	0,926892
26,521957	0,997909
26,524735	1,101146
26,527513	1,212603
26,530290	1,302690
26,533068	1,352336
26,535846	1,369761
26,538623	1,366802
26,541401	1,376666
26,544179	1,391790
26,546957	1,408558
26,549734	1,404941
26,552512	1,396722
26,555290	1,390475
26,558068	1,401325
26,560845	1,423353
26,563623	1,443737
26,566401	1,445710
26,569179	1,429600
26,571956	1,414476
26,574734	1,410530
26,577512	1,442094
26,580290	1,490425
26,583067	1,538427
26,585845	1,576566
26,588623	1,614704
26,591401	1,651199
26,594178	1,689338
26,596956	1,718271
26,599734	1,727477
26,602512	1,721559
26,605289	1,715312
26,608067	1,721230
26,610845	1,731422
26,613623	1,737669
26,616400	1,718928
26,619178	1,681447
26,621956	1,640678
26,624734	1,613718
26,627511	1,593005
26,630289	1,574593
26,633067	1,536454
26,635845	1,482863
26,638622	1,441436
26,641400	1,423353
26,644178	1,428613
26,646956	1,433874
26,649733	1,425654
26,652511	1,403626
26,655289	1,395735
26,658067	1,399681
26,660844	1,416777
26,663622	1,431244
26,666400	1,431573
26,669178	1,418421
26,671955	1,409544
26,674733	1,416120
26,677511	1,433874
26,680289	1,449984
26,683066	1,444066
26,685844	1,433216
26,688622	1,420394
26,691400	1,429929
26,694177	1,447683
26,696955	1,468396
26,699733	1,465437
26,702511	1,453272
26,705288	1,431901
26,708066	1,415462
26,710844	1,401982
26,713622	1,393763
26,716399	1,400009
26,719177	1,447354
26,721955	1,596621
26,724733	1,843537
26,727510	2,195992
26,730288	2,612560
26,733066	3,001839
26,735844	3,192533
26,738621	3,195821
26,741399	3,196807
26,744177	3,196150
26,746955	3,189574
26,749732	3,107049
26,752510	2,684235
26,755288	2,094398
26,758066	1,555524
26,760843	1,165588
26,763621	0,971935
26,766399	0,919987
26,769177	0,960427
26,771954	1,043609
26,774732	1,150792
26,777510	1,252386
26,780288	1,335568
26,783065	1,373707
26,785843	1,375680
26,788621	1,369433
26,791399	1,375351
26,794176	1,395406
26,796954	1,410202
26,799732	1,410202
26,802510	1,395406
26,805287	1,391132
26,808065	1,396393
26,810843	1,422038
26,813621	1,446368
26,816398	1,448998
26,819176	1,435189
26,821954	1,416449
26,824732	1,420065
26,827509	1,456889
26,830287	1,517714
26,833065	1,563086
26,835843	1,599252
26,838620	1,629500
26,841398	1,663693
26,844176	1,700517
26,846954	1,731422
26,849731	1,739971
26,852509	1,734381
26,855287	1,725504
26,858065	1,726819
26,860842	1,734381
26,863620	1,735696
26,866398	1,713010
26,869176	1,671584
26,871954	1,627527
26,874731	1,597608
26,877509	1,584128
26,880287	1,559140
26,883064	1,520673
26,885842	1,473328
26,888620	1,437819
26,891398	1,426312
26,894175	1,430915
26,896953	1,436833
26,899731	1,426641
26,902509	1,408887
26,905286	1,396722
26,908064	1,405928
26,910842	1,420065
26,913620	1,438148
26,916397	1,434532
26,919175	1,420723
26,921953	1,409215
26,924731	1,417106
26,927508	1,434203
26,930286	1,452286
26,933064	1,451628
26,935842	1,435189
26,938619	1,424668
26,941397	1,430586
26,944175	1,448340
26,946953	1,462478
26,949730	1,463136
26,952508	1,443409
26,955286	1,418421
26,958064	1,397050
26,960841	1,387187
26,963619	1,388502
26,966397	1,424011
26,969175	1,510809
26,971952	1,696900
26,974730	2,003654
26,977508	2,382741
26,980286	2,802268
26,983064	3,168532
26,985841	3,195163
26,988619	3,196150
26,991397	3,197136
26,994174	3,193191
26,996952	3,182012
26,999730	2,940028
27,002508	2,417263
27,005285	1,823481
27,008063	1,336554
27,010841	1,046240
27,013619	0,934125
27,016396	0,941029
27,019174	1,004484
27,021952	1,091940
27,024730	1,187945
27,027507	1,283292
27,030285	1,354309
27,033063	1,381598
27,035841	1,376995
27,038618	1,367460
27,041396	1,372063
27,044174	1,392119
27,046952	1,409873
27,049729	1,407900
27,052507	1,398366
27,055285	1,387844
27,058063	1,398366
27,060840	1,421380
27,063618	1,442094
27,066396	1,443409
27,069174	1,427956
27,071951	1,405270
27,074729	1,420723
27,077507	1,470369
27,080285	1,531522
27,083062	1,582155
27,085840	1,612403
27,088618	1,636404
27,091396	1,665994
27,094174	1,700517
27,096951	1,731751
27,099729	1,741614
27,102507	1,731751
27,105284	1,720901
27,108062	1,718600
27,110840	1,722216
27,113618	1,722216
27,116395	1,696900
27,119173	1,652514
27,121951	1,609115
27,124729	1,579853
27,127506	1,561442
27,130284	1,543359
27,133062	1,504233
27,135840	1,458204
27,138617	1,427298
27,141395	1,415791
27,144173	1,420065
27,146951	1,427298
27,149728	1,423024
27,152506	1,406914
27,155284	1,396393
27,158062	1,400338
27,160839	1,419736
27,163617	1,436504
27,166395	1,432888
27,169173	1,418421
27,171950	1,409544
27,174728	1,416449
27,177506	1,434203
27,180284	1,449984
27,183061	1,445710
27,185839	1,433216
27,188617	1,424011
27,191395	1,432230
27,194172	1,448998
27,196950	1,465766
27,199728	1,461492
27,202506	1,436504
27,205284	1,405270
27,208061	1,380940
27,210839	1,380611
27,213617	1,403297
27,216394	1,462478
27,219172	1,599580
27,221950	1,823152
27,224728	2,159497
27,227505	2,573435
27,230283	2,980468
27,233061	3,192204
27,235839	3,196150
27,238616	3,195821
27,241394	3,195163
27,244172	3,189245
27,246950	3,125133
27,249727	2,726648
27,252505	2,135496
27,255283	1,575579
27,258061	1,168875
27,260838	0,964702
27,263616	0,925577
27,266394	0,971606
27,269172	1,055446
27,271949	1,139614
27,274727	1,232002
27,277505	1,310909
27,280283	1,369761
27,283060	1,388502
27,285838	1,380282
27,288616	1,371734
27,291394	1,379625
27,294171	1,397708
27,296949	1,412832
27,299727	1,416120
27,302505	1,400996
27,305282	1,398037
27,308060	1,408229
27,310838	1,434203
27,313616	1,451957
27,316393	1,448998
27,319171	1,421380
27,321949	1,406914
27,324727	1,433216
27,327504	1,491082
27,330282	1,560455
27,333060	1,606814
27,335838	1,634760
27,338615	1,651857
27,341393	1,678159
27,344171	1,708736
27,346949	1,736354
27,349726	1,741943
27,352504	1,729778
27,355282	1,715641
27,358060	1,712353
27,360837	1,713997
27,363615	1,710380
27,366393	1,679803
27,369171	1,632787
27,371948	1,592018
27,374726	1,561770
27,377504	1,548290
27,380282	1,522645
27,383059	1,485822
27,385837	1,438477
27,388615	1,408887
27,391393	1,401325
27,394170	1,412174
27,396948	1,424668
27,399726	1,418750
27,402504	1,405270
27,405281	1,394420
27,408059	1,402640
27,410837	1,417106
27,413615	1,436175
27,416392	1,433216
27,419170	1,422695
27,421948	1,406914
27,424726	1,416449
27,427504	1,429600
27,430281	1,446697
27,433059	1,447354
27,435837	1,433545
27,438614	1,424997
27,441392	1,431573
27,444170	1,451957
27,446948	1,464122
27,449725	1,463136
27,452503	1,424339
27,455281	1,388502
27,458059	1,364830
27,460836	1,373049
27,463614	1,422367
27,466392	1,519686
27,469170	1,692955
27,471947	1,976694
27,474725	2,337697
27,477503	2,759197
27,480281	3,149134
27,483058	3,194506
27,485836	3,195492
27,488614	3,195492
27,491392	3,192533
27,494169	3,182670
27,496947	2,968961
27,499725	2,464936
27,502503	1,865894
27,505280	1,355624
27,508058	1,040322
27,510836	0,918343
27,513614	0,938070
27,516391	1,013033
27,519169	1,094899
27,521947	1,180054
27,524725	1,256989
27,527502	1,337212
27,530280	1,384228
27,533058	1,400338
27,535836	1,384885
27,538613	1,375351
27,541391	1,378639
27,544169	1,400009
27,546947	1,418421
27,549724	1,421051
27,552502	1,411846
27,555280	1,405270
27,558058	1,416120
27,560835	1,435189
27,563613	1,452943
27,566391	1,444066
27,569169	1,422695
27,571946	1,420065
27,574724	1,461163
27,577502	1,523303
27,580280	1,592676
27,583057	1,637719
27,585835	1,659419
27,588613	1,671255
27,591391	1,691311
27,594168	1,721230
27,596946	1,747861
27,599724	1,752793
27,602502	1,737340
27,605279	1,723203
27,608057	1,713997
27,610835	1,716298
27,613613	1,705448
27,616390	1,675858
27,619168	1,628842
27,621946	1,582812
27,624724	1,552236
27,627501	1,529221
27,630279	1,506864
27,633057	1,472999
27,635835	1,435518
27,638612	1,409544
27,641390	1,408887
27,644168	1,417106
27,646946	1,431244
27,649723	1,427298
27,652501	1,407900
27,655279	1,399023
27,658057	1,407900
27,660834	1,424997
27,663612	1,441107
27,666390	1,437491
27,669168	1,418092
27,671945	1,409873
27,674723	1,416120
27,677501	1,436833
27,680279	1,452943
27,683056	1,452943
27,685834	1,435189
27,688612	1,426970
27,691390	1,433216
27,694167	1,452943
27,696945	1,469383
27,699723	1,459190
27,702501	1,424668
27,705278	1,384228
27,708056	1,369104
27,710834	1,387187
27,713612	1,464780
27,716389	1,605498
27,719167	1,818878
27,721945	2,134181
27,724723	2,527734
27,727500	2,937726
27,730278	3,190889
27,733056	3,194506
27,735834	3,195821
27,738611	3,194506
27,741389	3,190232
27,744167	3,139599
27,746945	2,766759
27,749722	2,189745
27,752500	1,618650
27,755278	1,184328
27,758056	0,959770
27,760833	0,911439
27,763611	0,969962
27,766389	1,059391
27,769167	1,143559
27,771944	1,217535
27,774722	1,292498
27,777500	1,352336
27,780278	1,389817
27,783055	1,393105
27,785833	1,377323
27,788611	1,367789
27,791389	1,378310
27,794166	1,396393
27,796944	1,415133
27,799722	1,419408
27,802500	1,407900
27,805277	1,406256
27,808055	1,419736
27,810833	1,439792
27,813611	1,454259
27,816388	1,443737
27,819166	1,423682
27,821944	1,435189
27,824722	1,484507
27,827499	1,551578
27,830277	1,619636
27,833055	1,658761
27,835833	1,672570
27,838610	1,685064
27,841388	1,705448
27,844166	1,732737
27,846944	1,755094
27,849721	1,752793
27,852499	1,734381
27,855277	1,716627
27,858055	1,707750
27,860832	1,707092
27,863610	1,698215
27,866388	1,662049
27,869166	1,613389
27,871943	1,570648
27,874721	1,534153
27,877499	1,515741
27,880277	1,496343
27,883055	1,466423
27,885832	1,434203
27,888610	1,415791
27,891388	1,413489
27,894165	1,424668
27,896943	1,435847
27,899721	1,425654
27,902499	1,408558
27,905276	1,396393
27,908054	1,404612
27,910832	1,423024
27,913610	1,440778
27,916387	1,437819
27,919165	1,425983
27,921943	1,417764
27,924721	1,425983
27,927498	1,441765
27,930276	1,456560
27,933054	1,453272
27,935832	1,438148
27,938609	1,427956
27,941387	1,436175
27,944165	1,457546
27,946943	1,471684
27,949720	1,459519
27,952498	1,415791
27,955276	1,376666
27,958054	1,366145
27,960831	1,412174
27,963609	1,516070
27,966387	1,697886
27,969165	1,963871
27,971942	2,304490
27,974720	2,715469
27,977498	3,116913
27,980276	3,193519
27,983053	3,195821
27,985831	3,195821
27,988609	3,194177
27,991387	3,184642
27,994164	3,000524
27,996942	2,525104
27,999720	1,928034
28,002498	1,399023
28,005275	1,054459
28,008053	0,909795
28,010831	0,925248
28,013609	1,015992
28,016386	1,111667
28,019164	1,188274
28,021942	1,254688
28,024720	1,313211
28,027497	1,365816
28,030275	1,395406
28,033053	1,397050
28,035831	1,379296
28,038608	1,371405
28,041386	1,379625
28,044164	1,404284
28,046942	1,428613
28,049719	1,427956
28,052497	1,418421
28,055275	1,411517
28,058053	1,419408
28,060830	1,434532
28,063608	1,450313
28,066386	1,436175
28,069164	1,433545
28,071941	1,452615
28,074719	1,506206
28,077497	1,577552
28,080275	1,641665
28,083052	1,670597
28,085830	1,678488
28,088608	1,683420
28,091386	1,701174
28,094163	1,729121
28,096941	1,750820
28,099719	1,749176
28,102497	1,727477
28,105274	1,708736
28,108052	1,700517
28,110830	1,696900
28,113608	1,684406
28,116385	1,648569
28,119163	1,596950
28,121941	1,551907
28,124719	1,523632
28,127496	1,501603
28,130274	1,483520
28,133052	1,451628
28,135830	1,419736
28,138607	1,397050
28,141385	1,400009
28,144163	1,413818
28,146941	1,430586
28,149718	1,423682
28,152496	1,406256
28,155274	1,397708
28,158052	1,407571
28,160829	1,427627
28,163607	1,443080
28,166385	1,440121
28,169163	1,421051
28,171940	1,414805
28,174718	1,420723
28,177496	1,440778
28,180274	1,455574
28,183051	1,457218
28,185829	1,437819
28,188607	1,430257
28,191385	1,438148
28,194162	1,457546
28,196940	1,467081
28,199718	1,441107
28,202496	1,394420
28,205273	1,360227
28,208051	1,366802
28,210829	1,437819
28,213607	1,595306
28,216384	1,810659
28,219162	2,121030
28,221940	2,497815
28,224718	2,900245
28,227495	3,188588
28,230273	3,196150
28,233051	3,195821
28,235829	3,195821
28,238606	3,190889
28,241384	3,149791
28,244162	2,794048
28,246940	2,240706
28,249717	1,673556
28,252495	1,217864
28,255273	0,966674
28,258051	0,895986
28,260828	0,958126
28,263606	1,061692
28,266384	1,154409
28,269162	1,225097
28,271939	1,281977
28,274717	1,336554
28,277495	1,380282
28,280273	1,404612
28,283050	1,397708
28,285828	1,383570
28,288606	1,371405
28,291384	1,382584
28,294161	1,401325
28,296939	1,422038
28,299717	1,421380
28,302495	1,412174
28,305272	1,407571
28,308050	1,419408
28,310828	1,438148
28,313606	1,445381
28,316383	1,437162
28,319161	1,437491
28,321939	1,471355
28,324717	1,525933
28,327494	1,597279
28,330272	1,653829
28,333050	1,681447
28,335828	1,684735
28,338605	1,690653
28,341383	1,709723
28,344161	1,737011
28,346939	1,752793
28,349716	1,744573
28,352494	1,721559
28,355272	1,700845
28,358050	1,690982
28,360827	1,684077
28,363605	1,669282
28,366383	1,629171
28,369161	1,578867
28,371938	1,531522
28,374716	1,502261
28,377494	1,485822
28,380272	1,474643
28,383049	1,450642
28,385827	1,421709
28,388605	1,402968
28,391383	1,401325
28,394160	1,419079
28,396938	1,430915
28,399716	1,424339
28,402494	1,406256
28,405271	1,400338
28,408049	1,405599
28,410827	1,428285
28,413605	1,443737
28,416382	1,440121
28,419160	1,424997
28,421938	1,415133
28,424716	1,426312
28,427493	1,444066
28,430271	1,457546
28,433049	1,450313
28,435827	1,436504
28,438604	1,424339
28,441382	1,433216
28,444160	1,450313
28,446938	1,455574
28,449715	1,426641
28,452493	1,382255
28,455271	1,355295
28,458049	1,386529
28,460826	1,488452
28,463604	1,683749
28,466382	1,955323
28,469160	2,286079
28,471937	2,683248
28,474715	3,076473
28,477493	3,193191
28,480271	3,196478
28,483048	3,197465
28,485826	3,195492
28,488604	3,185629
28,491382	3,009730
28,494159	2,547461
28,496937	1,966173
28,499715	1,444066
28,502493	1,080104
28,505270	0,910453
28,508048	0,906178
28,510826	0,991333
28,513604	1,105420
28,516381	1,196164
28,519159	1,257318
28,521937	1,306635
28,524715	1,349706
28,527492	1,383570
28,530270	1,402311
28,533048	1,398694
28,535826	1,381926
28,538603	1,376008
28,541381	1,387187
28,544159	1,412174
28,546937	1,430915
28,549714	1,431573
28,552492	1,419736
28,555270	1,414147
28,558048	1,421380
28,560825	1,436833
28,563603	1,442094
28,566381	1,444395
28,569159	1,458533
28,571936	1,494041
28,574714	1,552236
28,577492	1,617006
28,580270	1,669282
28,583047	1,692297
28,585825	1,694927
28,588603	1,698544
28,591381	1,716627
28,594158	1,740628
28,596936	1,757067
28,599714	1,748519
28,602492	1,723860
28,605269	1,700845
28,608047	1,686050
28,610825	1,676187
28,613603	1,657446
28,616380	1,616677
28,619158	1,562757
28,621936	1,513768
28,624714	1,482863
28,627491	1,470369
28,630269	1,461821
28,633047	1,441765
28,635825	1,416777
28,638602	1,400009
28,641380	1,403955
28,644158	1,418092
28,646936	1,430257
28,649713	1,422038
28,652491	1,407243
28,655269	1,400667
28,658047	1,412174
28,660824	1,431244
28,663602	1,446697
28,666380	1,444066
28,669158	1,425654
28,671935	1,414476
28,674713	1,420723
28,677491	1,441107
28,680269	1,455245
28,683046	1,453601
28,685824	1,438477
28,688602	1,432888
28,691380	1,441107
28,694157	1,451299
28,696935	1,448012
28,699713	1,413161
28,702491	1,372720
28,705268	1,355624
28,708046	1,414147
28,710824	1,561113
28,713602	1,793233
28,716379	2,110509
28,719157	2,474142
28,721935	2,863750
28,724713	3,184642
28,727490	3,195492
28,730268	3,198122
28,733046	3,197136
28,735824	3,192862
28,738601	3,157024
28,741379	2,810816
28,744157	2,268324
28,746935	1,712682
28,749712	1,256989
28,752490	0,982456
28,755268	0,887767
28,758046	0,927878
28,760823	1,037363
28,763601	1,147505
28,766379	1,231344
28,769157	1,284936
28,771934	1,322088
28,774712	1,357268
28,777490	1,386529
28,780268	1,404284
28,783046	1,396393
28,785823	1,382584
28,788601	1,373049
28,791379	1,387516
28,794156	1,408887
28,796934	1,427627
28,799712	1,426970
28,802490	1,415462
28,805267	1,411846
28,808045	1,422038
28,810823	1,435847
28,813601	1,440450
28,816378	1,454587
28,819156	1,473985
28,821934	1,517714
28,824712	1,575579
28,827489	1,639363
28,830267	1,684406
28,833045	1,702161
28,835823	1,699201
28,838600	1,702818
28,841378	1,718271
28,844156	1,741286
28,846934	1,754766
28,849711	1,740299
28,852489	1,711038
28,855267	1,687694
28,858045	1,673885
28,860822	1,659419
28,863600	1,639363
28,866378	1,596293
28,869156	1,541715
28,871933	1,494699
28,874711	1,470698
28,877489	1,462807
28,880267	1,457546
28,883044	1,438477
28,885822	1,410202
28,888600	1,395735
28,891378	1,397379
28,894156	1,417435
28,896933	1,429271
28,899711	1,425983
28,902489	1,408558
28,905266	1,403955
28,908044	1,411846
28,910822	1,434860
28,913600	1,448669
28,916377	1,441765
28,919155	1,425326
28,921933	1,415133
28,924711	1,425326
28,927488	1,445053
28,930266	1,464122
28,933044	1,457875
28,935822	1,446368
28,938599	1,435847
28,941377	1,444724
28,944155	1,447025
28,946933	1,436504
28,949710	1,399681
28,952488	1,364172
28,955266	1,374693
28,958044	1,462149
28,960821	1,659419
28,963599	1,940528
28,966377	2,279832
28,969155	2,671741
28,971932	3,051485
28,974710	3,194835
28,977488	3,196807
28,980266	3,197794
28,983043	3,195492
28,985821	3,187273
28,988599	3,033073
28,991377	2,575079
28,994154	1,997078
28,996932	1,486479
28,999710	1,117914
29,002488	0,928536
29,005265	0,895986
29,008043	0,975223
29,010821	1,089968
29,013599	1,201754
29,016376	1,271127
29,019154	1,314526
29,021932	1,340500
29,024710	1,367789
29,027487	1,392119
29,030265	1,408558
29,033043	1,404284
29,035821	1,384557
29,038598	1,379625
29,041376	1,386529
29,044154	1,411517
29,046932	1,428942
29,049709	1,429271
29,052487	1,414805
29,055265	1,412174
29,058043	1,416449
29,060820	1,427627
29,063598	1,447025
29,066376	1,468067
29,069154	1,500288
29,071931	1,545989
29,074709	1,605170
29,077487	1,662049
29,080265	1,703804
29,083042	1,712682
29,085820	1,709065
29,088598	1,710051
29,091376	1,724847
29,094153	1,744573
29,096931	1,755423
29,099709	1,739642
29,102487	1,708407
29,105264	1,679146
29,108042	1,659419
29,110820	1,645281
29,113598	1,621280
29,116375	1,581169
29,119153	1,527906
29,121931	1,485822
29,124709	1,459848
29,127486	1,455574
29,130264	1,450971
29,133042	1,436833
29,135820	1,412174
29,138597	1,400009
29,141375	1,407243
29,144153	1,422695
29,146931	1,436175
29,149708	1,428942
29,152486	1,410859
29,155264	1,399681
29,158042	1,410859
29,160819	1,429600
29,163597	1,446039
29,166375	1,440778
29,169153	1,424668
29,171930	1,415791
29,174708	1,425326
29,177486	1,443409
29,180264	1,456560
29,183041	1,452286
29,185819	1,436504
29,188597	1,431573
29,191375	1,436504
29,194152	1,438148
29,196930	1,420394
29,199708	1,390475
29,202486	1,364172
29,205263	1,404612
29,208041	1,535139
29,210819	1,765287
29,213597	2,098344
29,216374	2,467567
29,219152	2,846982
29,221930	3,180368
29,224708	3,194835
29,227485	3,198451
29,230263	3,197136
29,233041	3,192204
29,235819	3,164915
29,238596	2,834160
29,241374	2,295284
29,244152	1,738984
29,246930	1,290525
29,249707	1,013033
29,252485	0,899603
29,255263	0,920974
29,258041	1,014677
29,260818	1,135668
29,263596	1,239564
29,266374	1,303347
29,269152	1,336226
29,271929	1,355624
29,274707	1,371405
29,277485	1,394091
29,280263	1,405270
29,283040	1,398366
29,285818	1,381598
29,288596	1,376995
29,291374	1,391132
29,294151	1,415133
29,296929	1,435518
29,299707	1,435847
29,302485	1,426312
29,305262	1,421051
29,308040	1,426970
29,310818	1,437162
29,313596	1,466095
29,316373	1,495685
29,319151	1,526919
29,321929	1,569661
29,324707	1,620951
29,327484	1,671913
29,330262	1,708079
29,333040	1,719257
29,335818	1,715312
29,338595	1,719257
29,341373	1,730436
29,344151	1,747204
29,346929	1,752135
29,349706	1,731751
29,352484	1,697229
29,355262	1,666323
29,358040	1,645281
29,360817	1,629171
29,363595	1,608786
29,366373	1,563743
29,369151	1,510480
29,371928	1,467410
29,374706	1,447025
29,377484	1,445381
29,380262	1,445710
29,383039	1,429600
29,385817	1,402968
29,388595	1,395735
29,391373	1,402640
29,394150	1,419408
29,396928	1,429929
29,399706	1,424011
29,402484	1,408558
29,405261	1,402968
29,408039	1,411846
29,410817	1,431244
29,413595	1,443737
29,416372	1,440121
29,419150	1,425983
29,421928	1,421380
29,424706	1,431244
29,427483	1,452615
29,430261	1,468725
29,433039	1,460177
29,435817	1,445053
29,438594	1,435847
29,441372	1,432559
29,444150	1,427956
29,446928	1,409873
29,449705	1,380282
29,452483	1,377981
29,455261	1,444395
29,458039	1,623581
29,460816	1,897786
29,463594	2,250899
29,466372	2,649384
29,469150	3,025511
29,471927	3,192204
29,474705	3,196150
29,477483	3,196150
29,480261	3,195492
29,483038	3,187273
29,485816	3,058718
29,488594	2,610258
29,491372	2,026340
29,494149	1,512124
29,496927	1,146189
29,499705	0,951222
29,502483	0,902891
29,505260	0,957797
29,508038	1,067282
29,510816	1,180712
29,513594	1,277374
29,516371	1,334253
29,519149	1,358912
29,521927	1,366802
29,524705	1,380940
29,527482	1,397708
29,530260	1,410859
29,533038	1,405599
29,535816	1,390146
29,538593	1,388173
29,541371	1,400667
29,544149	1,424668
29,546927	1,440121
29,549704	1,438148
29,552482	1,420723
29,555260	1,417106
29,558038	1,417106
29,560815	1,441107
29,563593	1,478588
29,566371	1,513768
29,569149	1,545989
29,571926	1,586429
29,574704	1,635418
29,577482	1,680132
29,580260	1,711038
29,583037	1,718600
29,585815	1,715641
29,588593	1,715641
29,591371	1,727148
29,594148	1,742930
29,596926	1,747861
29,599704	1,725833
29,602482	1,689338
29,605259	1,654158
29,608037	1,630157
29,610815	1,617992
29,613593	1,596293
29,616370	1,554537
29,619148	1,498644
29,621926	1,459190
29,624704	1,439135
29,627481	1,442751
29,630259	1,440450
29,633037	1,423682
29,635815	1,402311
29,638592	1,393763
29,641370	1,400667
29,644148	1,416777
29,646926	1,430915
29,649703	1,425983
29,652481	1,412832
29,655259	1,405270
29,658037	1,416777
29,660814	1,435847
29,663592	1,449327
29,666370	1,441436
29,669148	1,426312
29,671925	1,416449
29,674703	1,429271
29,677481	1,449327
29,680259	1,464122
29,683037	1,461492
29,685814	1,442422
29,688592	1,432888
29,691370	1,422038
29,694147	1,412832
29,696925	1,396722
29,699703	1,384557
29,702481	1,409873
29,705258	1,519686
29,708036	1,731422
29,710814	2,061191
29,713592	2,442579
29,716369	2,839091
29,719147	3,177080
29,721925	3,194835
29,724703	3,196150
29,727480	3,196150
29,730258	3,193519
29,733036	3,172806
29,735814	2,873285
29,738591	2,336382
29,741369	1,766602
29,744147	1,308279
29,746925	1,035719
29,749702	0,917028
29,752480	0,922289
29,755258	1,001196
29,758036	1,107393
29,760813	1,219837
29,763591	1,303676
29,766369	1,348719
29,769147	1,358912
29,771924	1,364830
29,774702	1,372392
29,777480	1,390804
29,780258	1,400338
29,783035	1,393434
29,785813	1,381269
29,788591	1,379954
29,791369	1,393763
29,794146	1,422038
29,796924	1,443409
29,799702	1,439463
29,802480	1,425654
29,805257	1,409215
29,808035	1,413818
29,810813	1,445710
29,813591	1,496014
29,816368	1,535468
29,819146	1,574922
29,821924	1,613060
29,824702	1,656460
29,827479	1,698873
29,830257	1,725833
29,833035	1,731093
29,835813	1,725175
29,838590	1,722216
29,841368	1,728792
29,844146	1,739642
29,846924	1,741286
29,849701	1,717613
29,852479	1,679146
29,855257	1,642980
29,858035	1,617663
29,860812	1,603855
29,863590	1,578538
29,866368	1,534810
29,869146	1,481547
29,871923	1,443080
29,874701	1,431901
29,877479	1,435189
29,880257	1,442422
29,883034	1,428942
29,885812	1,409873
29,888590	1,401653
29,891368	1,407243
29,894145	1,420723
29,896923	1,434203
29,899701	1,426970
29,902479	1,411188
29,905256	1,408558
29,908034	1,418750
29,910812	1,438806
29,913590	1,450971
29,916367	1,447025
29,919145	1,430257
29,921923	1,424668
29,924701	1,433545
29,927478	1,456231
29,930256	1,468067
29,933034	1,464780
29,935812	1,448669
29,938589	1,429600
29,941367	1,413818
29,944145	1,401982
29,946923	1,395078
29,949700	1,398694
29,952478	1,453272
29,955256	1,608786
29,958034	1,871155
29,960811	2,230185
29,963589	2,645438
29,966367	3,028142
29,969145	3,192533
29,971922	3,195163
29,974700	3,194835
29,977478	3,193848
29,980256	3,188916
29,983033	3,084035
29,985811	2,642808
29,988589	2,050670
29,991367	1,522316
29,994144	1,152436
29,996922	0,963715
29,999700	0,917357
30,002478	0,959112
30,005255	1,050843
30,008033	1,158026
30,010811	1,258304
30,013589	1,333924
30,016366	1,366474
30,019144	1,364830
30,021922	1,363186
30,024700	1,375022
30,027477	1,396064
30,030255	1,411846
30,033033	1,406585
30,035811	1,395406
30,038588	1,393434
30,041366	1,407900
30,044144	1,432559
30,046922	1,448998
30,049699	1,444724
30,052477	1,423353
30,055255	1,405599
30,058033	1,415133
30,060810	1,458533
30,063588	1,516398
30,066366	1,562099
30,069144	1,596293
30,071921	1,629828
30,074699	1,666323
30,077477	1,705777
30,080255	1,734710
30,083032	1,737340
30,085810	1,726162
30,088588	1,717942
30,091366	1,722216
30,094143	1,732080
30,096921	1,732080
30,099699	1,704462
30,102477	1,665994
30,105254	1,629171
30,108032	1,600567
30,110810	1,580182
30,113588	1,555195
30,116365	1,510480
30,119143	1,460834
30,121921	1,428942
30,124699	1,417435
30,127476	1,425326
30,130254	1,427298
30,133032	1,415791
30,135810	1,398366
30,138587	1,389488
30,141365	1,397050
30,144143	1,418421
30,146921	1,432888
30,149698	1,425654
30,152476	1,412503
30,155254	1,404612
30,158032	1,415791
30,160809	1,438477
30,163587	1,454259
30,166365	1,448012
30,169143	1,432888
30,171920	1,425326
30,174698	1,435189
30,177476	1,454916
30,180254	1,468396
30,183031	1,465437
30,185809	1,444066
30,188587	1,421709
30,191365	1,401653
30,194142	1,394420
30,196920	1,391790
30,199698	1,424668
30,202476	1,513111
30,205253	1,705448
30,208031	2,020422
30,210809	2,406084
30,213587	2,821337
30,216364	3,173792
30,219142	3,192862
30,221920	3,195492
30,224698	3,195163
30,227475	3,193519
30,230253	3,178724
30,233031	2,908793
30,235809	2,375836
30,238586	1,790274
30,241364	1,316499
30,244142	1,039664
30,246920	0,935111
30,249697	0,940372
30,252475	1,004484
30,255253	1,097201
30,258031	1,196822
30,260808	1,290525
30,263586	1,355624
30,266364	1,379954
30,269142	1,370748
30,271919	1,369433
30,274697	1,375351
30,277475	1,397379
30,280253	1,410202
30,283030	1,406256
30,285808	1,396064
30,288586	1,395735
30,291364	1,410530
30,294141	1,434532
30,296919	1,450642
30,299697	1,439792
30,302475	1,421709
30,305252	1,403626
30,308030	1,429929
30,310808	1,484178
30,313586	1,545002
30,316363	1,587744
30,319141	1,619307
30,321919	1,645610
30,324697	1,679146
30,327474	1,713010
30,330252	1,737340
30,333030	1,739313
30,335808	1,727477
30,338585	1,720901
30,341363	1,724189
30,344141	1,733066
30,346919	1,728792
30,349696	1,700188
30,352474	1,653172
30,355252	1,613389
30,358030	1,584785
30,360807	1,564729
30,363585	1,536125
30,366363	1,492397
30,369141	1,448340
30,371918	1,420723
30,374696	1,418421
30,377474	1,424339
30,380252	1,432888
30,383029	1,421051
30,385807	1,403626
30,388585	1,392119
30,391363	1,401653
30,394140	1,419079
30,396918	1,432888
30,399696	1,426312
30,402474	1,413818
30,405251	1,410859
30,408029	1,421709
30,410807	1,443080
30,413585	1,454587
30,416362	1,448669
30,419140	1,430586
30,421918	1,427956
30,424696	1,433874
30,427473	1,455902
30,430251	1,468396
30,433029	1,461821
30,435807	1,434532
30,438584	1,408558
30,441362	1,388173
30,444140	1,385543
30,446918	1,406914
30,449695	1,463136
30,452473	1,607800
30,455251	1,843537
30,458029	2,188430
30,460806	2,607299
30,463584	3,008415
30,466362	3,191218
30,469140	3,193848
30,471917	3,195492
30,474695	3,195821
30,477473	3,189574
30,480251	3,108693
30,483028	2,687851
30,485806	2,090782
30,488584	1,538756
30,491362	1,143888
30,494139	0,955825
30,496917	0,916042
30,499695	0,967003
30,502473	1,047226
30,505250	1,139614
30,508028	1,233646
30,510806	1,318471
30,513584	1,371405
30,516361	1,385214
30,519139	1,375022
30,521917	1,365816
30,524695	1,376995
30,527472	1,395406
30,530250	1,413818
30,533028	1,410202
30,535806	1,400338
30,538583	1,394749
30,541361	1,411846
30,544139	1,434203
30,546917	1,450313
30,549694	1,442751
30,552472	1,418092
30,555250	1,411846
30,558028	1,443080
30,560805	1,506206
30,563583	1,567688
30,566361	1,612732
30,569139	1,636404
30,571916	1,661063
30,574694	1,689338
30,577472	1,721887
30,580250	1,743258
30,583028	1,744245
30,585805	1,729778
30,588583	1,721230
30,591361	1,721559
30,594138	1,728134
30,596916	1,719586
30,599694	1,684077
30,602472	1,634431
30,605249	1,592347
30,608027	1,568675
30,610805	1,550921
30,613583	1,531851
30,616360	1,490096
30,619138	1,448340
30,621916	1,420723
30,624694	1,418421
30,627471	1,428613
30,630249	1,435518
30,633027	1,423682
30,635805	1,405599
30,638582	1,399023
30,641360	1,407571
30,644138	1,429600
30,646916	1,440450
30,649693	1,434203
30,652471	1,418092
30,655249	1,415462
30,658027	1,426641
30,660804	1,448998
30,663582	1,460177
30,666360	1,450971
30,669138	1,435518
30,671915	1,429600
30,674693	1,442094
30,677471	1,460505
30,680249	1,473657
30,683026	1,462478
30,685804	1,432559
30,688582	1,399023
30,691360	1,383899
30,694137	1,386201
30,696915	1,431901
30,699693	1,524289
30,702471	1,703476
30,705248	1,996421
30,708026	2,365315
30,710804	2,785500
30,713582	3,163929
30,716359	3,193191
30,719137	3,195492
30,721915	3,196478
30,724693	3,194506
30,727470	3,181354
30,730248	2,939699
30,733026	2,419893
30,735804	1,822166
30,738581	1,325376
30,741359	1,029143
30,744137	0,920316
30,746915	0,945632
30,749692	1,016320
30,752470	1,096543
30,755248	1,181698
30,758026	1,265537
30,760803	1,337212
30,763581	1,382255
30,766359	1,386529
30,769137	1,372392
30,771914	1,368775
30,774692	1,380282
30,777470	1,402311
30,780248	1,418750
30,783025	1,415133
30,785803	1,402311
30,788581	1,400996
30,791359	1,412174
30,794136	1,435847
30,796914	1,448669
30,799692	1,436504
30,802470	1,414476
30,805247	1,424339
30,808025	1,468396
30,810803	1,535797
30,813581	1,596950
30,816358	1,633445
30,819136	1,651199
30,821914	1,668296
30,824692	1,692297
30,827469	1,723531
30,830247	1,745560
30,833025	1,743916
30,835803	1,727806
30,838580	1,713668
30,841358	1,711366
30,844136	1,714983
30,846914	1,704133
30,849691	1,667310
30,852469	1,619307
30,855247	1,579196
30,858025	1,553880
30,860802	1,533824
30,863580	1,505549
30,866358	1,468067
30,869136	1,429271
30,871913	1,409215
30,874691	1,412832
30,877469	1,423024
30,880247	1,430257
30,883024	1,418092
30,885802	1,398366
30,888580	1,391461
30,891358	1,404284
30,894135	1,423682
30,896913	1,434532
30,899691	1,427627
30,902469	1,412832
30,905246	1,408558
30,908024	1,420723
30,910802	1,438806
30,913580	1,451957
30,916357	1,443080
30,919135	1,426970
30,921913	1,426970
30,924691	1,437162
30,927468	1,459519
30,930246	1,470698
30,933024	1,452286
30,935802	1,413489
30,938579	1,378967
30,941357	1,368446
30,944135	1,391461
30,946913	1,465108
30,949690	1,606485
30,952468	1,825454
30,955246	2,150949
30,958024	2,557653
30,960801	2,970604
30,963579	3,191218
30,966357	3,195163
30,969135	3,196150
30,971912	3,196807
30,974690	3,190560
30,977468	3,124475
30,980246	2,730264
30,983023	2,142072
30,985801	1,576237
30,988579	1,157039
30,991357	0,946619
30,994134	0,914398
30,996912	0,973250
30,999690	1,064323
31,002468	1,144874
31,005245	1,222138
31,008023	1,293484
31,010801	1,355295
31,013579	1,388831
31,016356	1,387187
31,019134	1,374036
31,021912	1,368118
31,024690	1,382584
31,027467	1,403297
31,030245	1,420723
31,033023	1,415133
31,035801	1,402968
31,038578	1,400667
31,041356	1,414805
31,044134	1,435518
31,046912	1,446697
31,049689	1,431573
31,052467	1,413489
31,055245	1,431244
31,058023	1,483849
31,060800	1,553551
31,063578	1,616019
31,066356	1,649884
31,069134	1,661391
31,071911	1,676844
31,074689	1,700517
31,077467	1,732737
31,080245	1,751807
31,083022	1,747204
31,085800	1,728134
31,088578	1,714325
31,091356	1,711695
31,094133	1,714325
31,096911	1,702161
31,099689	1,658104
31,102467	1,604183
31,105244	1,560455
31,108022	1,533824
31,110800	1,514097
31,113578	1,495028
31,116355	1,458861
31,119133	1,424997
31,121911	1,406585
31,124689	1,405599
31,127466	1,420723
31,130244	1,430915
31,133022	1,419736
31,135800	1,400996
31,138577	1,398366
31,141355	1,407900
31,144133	1,431573
31,146911	1,440778
31,149688	1,434532
31,152466	1,417435
31,155244	1,413818
31,158022	1,421380
31,160799	1,441765
31,163577	1,454587
31,166355	1,447683
31,169133	1,434203
31,171910	1,427627
31,174688	1,440450
31,177466	1,458861
31,180244	1,467739
31,183021	1,442422
31,185799	1,401653
31,188577	1,364172
31,191355	1,362199
31,194132	1,415462
31,196910	1,524289
31,199688	1,706435
31,202466	1,982941
31,205243	2,330793
31,208021	2,745059
31,210799	3,142229
31,213577	3,194835
31,216354	3,196478
31,219132	3,197465
31,221910	3,194177
31,224688	3,184313
31,227465	2,973235
31,230243	2,480389
31,233021	1,882333
31,235799	1,363515
31,238576	1,037691
31,241354	0,911768
31,244132	0,932810
31,246910	1,023225
31,249687	1,111010
31,252465	1,188931
31,255243	1,253701
31,258021	1,322417
31,260798	1,371077
31,263576	1,398694
31,266354	1,390146
31,269132	1,374364
31,271909	1,371405
31,274687	1,385543
31,277465	1,410202
31,280243	1,425654
31,283020	1,421709
31,285798	1,406914
31,288576	1,407571
31,291354	1,416777
31,294131	1,442422
31,296909	1,447683
31,299687	1,430915
31,302465	1,423353
31,305242	1,451957
31,308020	1,508836
31,310798	1,579853
31,313576	1,635746
31,316353	1,661391
31,319131	1,668625
31,321909	1,677173
31,324687	1,700517
31,327464	1,730436
31,330242	1,750163
31,333020	1,741943
31,335798	1,722216
31,338575	1,705120
31,341353	1,701832
31,344131	1,697558
31,346909	1,680790
31,349686	1,639363
31,352464	1,587415
31,355242	1,547304
31,358020	1,520673
31,360797	1,503905
31,363575	1,480890
31,366353	1,449327
31,369131	1,412832
31,371908	1,398037
31,374686	1,400009
31,377464	1,420065
31,380242	1,428285
31,383019	1,420394
31,385797	1,401325
31,388575	1,395735
31,391353	1,411846
31,394130	1,434532
31,396908	1,452943
31,399686	1,443409
31,402464	1,428613
31,405241	1,422367
31,408019	1,435189
31,410797	1,451957
31,413575	1,464780
31,416352	1,452943
31,419130	1,438148
31,421908	1,433216
31,424686	1,448012
31,427463	1,466752
31,430241	1,468396
31,433019	1,439792
31,435797	1,391790
31,438574	1,364830
31,441352	1,372720
31,444130	1,452615
31,446908	1,609444
31,449685	1,829071
31,452463	2,141414
31,455241	2,528720
31,458019	2,933781
31,460796	3,191218
31,463574	3,197136
31,466352	3,197794
31,469130	3,196807
31,471907	3,190560
31,474685	3,136640
31,477463	2,763800
31,480241	2,198294
31,483018	1,631801
31,485796	1,191561
31,488574	0,955825
31,491352	0,899603
31,494129	0,966017
31,496907	1,071885
31,499685	1,158683
31,502463	1,226084
31,505240	1,287566
31,508018	1,341486
31,510796	1,386529
31,513574	1,402640
31,516351	1,395735
31,519129	1,380940
31,521907	1,378639
31,524685	1,389488
31,527462	1,412503
31,530240	1,427956
31,533018	1,422038
31,535796	1,411188
31,538573	1,410202
31,541351	1,424011
31,544129	1,444066
31,546907	1,448669
31,549684	1,437491
31,552462	1,442094
31,555240	1,476287
31,558018	1,536454
31,560795	1,604841
31,563573	1,658104
31,566351	1,678488
31,569129	1,680132
31,571906	1,688023
31,574684	1,706763
31,577462	1,735039
31,580240	1,751149
31,583017	1,740299
31,585795	1,715641
31,588573	1,701503
31,591351	1,695914
31,594128	1,689996
31,596906	1,666652
31,599684	1,621280
31,602462	1,567360
31,605239	1,522316
31,608017	1,499959
31,610795	1,486479
31,613573	1,474643
31,616350	1,446368
31,619128	1,416449
31,621906	1,400009
31,624684	1,404941
31,627461	1,422038
31,630239	1,432230
31,633017	1,421380
31,635795	1,405928
31,638572	1,401982
31,641350	1,411188
31,644128	1,431573
31,646906	1,442094
31,649683	1,433545
31,652461	1,417435
31,655239	1,413818
31,658017	1,422038
31,660794	1,444724
31,663572	1,457875
31,666350	1,449327
31,669128	1,434203
31,671905	1,429600
31,674683	1,443409
31,677461	1,464780
31,680239	1,461492
31,683016	1,421709
31,685794	1,376008
31,688572	1,352994
31,691350	1,394749
31,694127	1,505549
31,696905	1,702161
31,699683	1,974392
31,702461	2,309422
31,705238	2,708893
31,708016	3,103762
31,710794	3,194177
31,713572	3,197136
31,716349	3,196478
31,719127	3,194506
31,721905	3,183327
31,724683	2,986386
31,727460	2,508993
31,730238	1,924746
31,733016	1,407571
31,735794	1,057418
31,738571	0,904863
31,741349	0,914069
31,744127	1,005799
31,746905	1,115613
31,749682	1,202740
31,752460	1,263894
31,755238	1,316170
31,758016	1,363515
31,760793	1,395078
31,763571	1,411188
31,766349	1,399681
31,769127	1,381269
31,771904	1,378967
31,774682	1,393763
31,777460	1,416777
31,780238	1,428942
31,783015	1,423024
31,785793	1,409215
31,788571	1,413489
31,791349	1,425983
31,794126	1,444066
31,796904	1,443737
31,799682	1,442094
31,802460	1,455902
31,805237	1,497987
31,808015	1,560455
31,810793	1,626869
31,813571	1,673228
31,816348	1,689009
31,819126	1,691968
31,821904	1,700845
31,824682	1,724189
31,827459	1,751149
31,830237	1,763314
31,833015	1,747532
31,835793	1,720901
31,838570	1,698215
31,841348	1,684735
31,844126	1,673885
31,846904	1,650870
31,849681	1,605498
31,852459	1,553880
31,855237	1,512782
31,858015	1,487794
31,860792	1,478588
31,863570	1,462807
31,866348	1,437162
31,869126	1,407571
31,871903	1,397379
31,874681	1,402640
31,877459	1,423024
31,880237	1,430915
31,883014	1,424668
31,885792	1,410202
31,888570	1,404284
31,891348	1,419736
31,894125	1,438806
31,896903	1,452286
31,899681	1,439135
31,902459	1,423353
31,905236	1,417435
31,908014	1,430915
31,910792	1,449327
31,913570	1,460505
31,916347	1,450313
31,919125	1,437162
31,921903	1,434532
31,924681	1,447683
31,927458	1,457218
31,930236	1,446368
31,933014	1,405599
31,935792	1,359898
31,938569	1,356281
31,941347	1,420723
31,944125	1,580182
31,946903	1,812960
31,949680	2,132537
31,952458	2,504719
31,955236	2,895971
31,958014	3,188916
31,960791	3,196150
31,963569	3,196807
31,966347	3,195821
31,969125	3,190560
31,971902	3,145188
31,974680	2,781225
31,977458	2,228870
31,980236	1,674214
31,983013	1,224768
31,985791	0,967661
31,988569	0,886123
31,991347	0,939385
31,994124	1,051829
31,996902	1,159670
31,999680	1,237262
32,002458	1,293484
32,005235	1,337541
32,008013	1,371405
32,010791	1,399023
32,013569	1,406914
32,016346	1,399352
32,019124	1,379954
32,021902	1,377323
32,024680	1,389488
32,027457	1,416449
32,030235	1,425983
32,033013	1,422038
32,035791	1,410530
32,038568	1,411188
32,041346	1,424339
32,044124	1,435518
32,046902	1,441765
32,049679	1,448340
32,052457	1,475301
32,055235	1,518700
32,058013	1,587744
32,060790	1,649227
32,063568	1,689996
32,066346	1,700845
32,069124	1,698215
32,071901	1,702161
32,074679	1,722216
32,077457	1,744245
32,080235	1,749505
32,083012	1,733066
32,085790	1,704462
32,088568	1,684735
32,091346	1,669940
32,094123	1,660076
32,096901	1,635746
32,099679	1,591690
32,102457	1,533166
32,105234	1,491740
32,108012	1,467410
32,110790	1,457218
32,113568	1,449984
32,116346	1,429929
32,119123	1,405599
32,121901	1,393434
32,124679	1,402640
32,127457	1,417435
32,130234	1,429271
32,133012	1,416120
32,135790	1,400667
32,138568	1,397379
32,141345	1,411846
32,144123	1,433216
32,146901	1,445710
32,149679	1,434203
32,152456	1,418750
32,155234	1,416777
32,158012	1,429271
32,160789	1,452943
32,163567	1,463793
32,166345	1,454587
32,169123	1,437491
32,171900	1,434203
32,174678	1,439463
32,177456	1,447025
32,180234	1,431244
32,183011	1,392447
32,185789	1,360884
32,188567	1,382255
32,191345	1,481547
32,194122	1,683420
32,196900	1,968803
32,199678	2,304490
32,202456	2,691139
32,205233	3,072856
32,208011	3,194177
32,210789	3,196807
32,213567	3,197136
32,216344	3,194506
32,219122	3,184313
32,221900	3,007099
32,224678	2,537269
32,227455	1,960255
32,230233	1,447025
32,233011	1,090625
32,235789	0,911768
32,238566	0,897301
32,241344	0,980812
32,244122	1,100817
32,246900	1,204384
32,249677	1,273757
32,252455	1,315184
32,255233	1,347404
32,258011	1,375022
32,260788	1,399352
32,263566	1,409544
32,266344	1,399023
32,269122	1,381926
32,271899	1,379625
32,274677	1,397708
32,277455	1,419079
32,280233	1,434532
32,283010	1,429929
32,285788	1,418092
32,288566	1,415791
32,291344	1,426641
32,294121	1,435189
32,296899	1,449327
32,299677	1,467739
32,302455	1,497000
32,305232	1,548290
32,308010	1,607800
32,310788	1,664022
32,313566	1,699201
32,316343	1,702818
32,319121	1,699859
32,321899	1,709394
32,324677	1,728463
32,327454	1,748190
32,330232	1,750820
32,333010	1,729449
32,335788	1,698873
32,338566	1,671255
32,341343	1,658761
32,344121	1,646267
32,346899	1,620622
32,349677	1,573278
32,352454	1,518700
32,355232	1,477931
32,358010	1,457875
32,360788	1,455902
32,363565	1,446697
32,366343	1,426641
32,369121	1,400996
32,371899	1,394091
32,374676	1,405270
32,377454	1,424339
32,380232	1,432559
32,383009	1,422367
32,385787	1,406256
32,388565	1,402968
32,391343	1,416777
32,394120	1,438806
32,396898	1,450642
32,399676	1,440450
32,402454	1,427298
32,405231	1,422038
32,408009	1,434532
32,410787	1,451628
32,413565	1,460505
32,416342	1,451299
32,419120	1,437819
32,421898	1,435518
32,424676	1,444395
32,427453	1,443080
32,430231	1,419079
32,433009	1,383242
32,435787	1,359569
32,438564	1,409873
32,441342	1,555195
32,444120	1,791589
32,446898	2,123989
32,449675	2,496828
32,452453	2,879532
32,455231	3,185629
32,458009	3,195163
32,460786	3,196478
32,463564	3,194506
32,466342	3,191547
32,469120	3,156038
32,471897	2,805555
32,474675	2,256159
32,477453	1,704462
32,480231	1,260934
32,483008	0,991333
32,485786	0,891712
32,488564	0,923604
32,491342	1,027170
32,494119	1,144874
32,496897	1,244824
32,499675	1,304334
32,502453	1,337212
32,505230	1,362528
32,508008	1,381269
32,510786	1,402968
32,513564	1,411517
32,516341	1,402640
32,519119	1,384885
32,521897	1,386529
32,524675	1,400667
32,527452	1,427956
32,530230	1,440778
32,533008	1,434860
32,535786	1,420065
32,538563	1,418092
32,541341	1,422038
32,544119	1,434532
32,546897	1,461492
32,549674	1,488123
32,552452	1,525933
32,555230	1,574922
32,558008	1,633116
32,560786	1,682434
32,563563	1,713010
32,566341	1,716956
32,569119	1,711366
32,571897	1,717285
32,574674	1,731751
32,577452	1,747861
32,580230	1,746217
32,583008	1,722545
32,585785	1,687365
32,588563	1,658761
32,591341	1,641993
32,594119	1,630815
32,596896	1,602539
32,599674	1,558154
32,602452	1,502918
32,605230	1,464122
32,608007	1,446039
32,610785	1,441107
32,613563	1,439792
32,616340	1,420723
32,619118	1,399681
32,621896	1,392447
32,624674	1,406256
32,627451	1,419079
32,630229	1,430586
32,633007	1,418421
32,635785	1,405928
32,638562	1,404284
32,641340	1,418092
32,644118	1,435847
32,646896	1,445710
32,649673	1,438148
32,652451	1,423353
32,655229	1,422695
32,658007	1,433216
32,660784	1,453601
32,663562	1,460505
32,666340	1,449984
32,669118	1,433874
32,671895	1,434860
32,674673	1,432230
32,677451	1,429929
32,680229	1,406914
32,683006	1,376666
32,685784	1,381926
32,688562	1,460834
32,691340	1,652514
32,694117	1,940528
32,696895	2,294298
32,699673	2,689495
32,702451	3,060691
32,705228	3,192204
32,708006	3,195821
32,710784	3,196150
32,713562	3,194506
32,716339	3,186286
32,719117	3,031101
32,721895	2,568174
32,724673	1,986886
32,727450	1,478588
32,730228	1,120544
32,733006	0,938070
32,735784	0,900918
32,738561	0,966674
32,741339	1,078132
32,744117	1,199452
32,746895	1,286251
32,749672	1,340171
32,752450	1,356939
32,755228	1,371405
32,758006	1,385543
32,760783	1,401325
32,763561	1,410530
32,766339	1,399352
32,769117	1,386201
32,771894	1,388502
32,774672	1,410530
32,777450	1,433874
32,780228	1,448340
32,783006	1,437819
32,785783	1,424339
32,788561	1,417435
32,791339	1,420394
32,794117	1,444066
32,796894	1,479904
32,799672	1,515741
32,802450	1,552564
32,805228	1,597936
32,808005	1,647254
32,810783	1,692297
32,813561	1,719257
32,816339	1,721559
32,819116	1,716298
32,821894	1,719915
32,824672	1,732080
32,827450	1,747861
32,830227	1,749176
32,833005	1,724189
32,835783	1,686708
32,838560	1,657117
32,841338	1,635418
32,844116	1,617663
32,846894	1,589717
32,849671	1,535797
32,852449	1,484507
32,855227	1,447683
32,858005	1,437819
32,860782	1,440778
32,863560	1,439135
32,866338	1,418421
32,869116	1,399681
32,871893	1,394091
32,874671	1,404941
32,877449	1,423682
32,880227	1,429929
32,883004	1,417435
32,885782	1,401982
32,888560	1,399352
32,891338	1,411846
32,894115	1,436833
32,896893	1,443737
32,899671	1,439135
32,902449	1,424339
32,905226	1,421709
32,908004	1,434532
32,910782	1,453930
32,913560	1,464122
32,916337	1,452943
32,919115	1,439792
32,921893	1,430257
32,924671	1,427627
32,927448	1,415133
32,930226	1,397050
32,933004	1,378310
32,935782	1,412503
32,938559	1,533824
32,941337	1,759040
32,944115	2,098015
32,946893	2,484992
32,949670	2,873614
32,952448	3,184313
32,955226	3,193519
32,958004	3,196478
32,960781	3,195821
32,963559	3,192533
32,966337	3,167546
32,969115	2,834817
32,971892	2,287065
32,974670	1,725504
32,977448	1,279675
32,980226	1,018622
32,983003	0,910781
32,985781	0,923933
32,988559	1,010731
32,991337	1,122188
32,994114	1,229043
32,996892	1,310909
32,999670	1,347733
33,002448	1,360884
33,005226	1,370748
33,008003	1,382913
33,010781	1,400338
33,013559	1,407243
33,016337	1,392776
33,019114	1,382584
33,021892	1,386858
33,024670	1,405599
33,027448	1,431901
33,030225	1,446039
33,033003	1,439135
33,035781	1,424997
33,038559	1,414805
33,041336	1,415791
33,044114	1,451628
33,046892	1,496343
33,049670	1,535139
33,052447	1,573607
33,055225	1,614704
33,058003	1,659419
33,060780	1,700845
33,063558	1,722545
33,066336	1,722216
33,069114	1,715969
33,071891	1,716627
33,074669	1,729449
33,077447	1,740957
33,080225	1,734381
33,083002	1,707421
33,085780	1,668625
33,088558	1,636404
33,091336	1,617335
33,094113	1,602211
33,096891	1,570976
33,099669	1,524618
33,102447	1,471355
33,105224	1,439792
33,108002	1,433545
33,110780	1,438806
33,113558	1,437819
33,116335	1,421709
33,119113	1,403955
33,121891	1,398694
33,124669	1,408229
33,127446	1,424339
33,130224	1,431901
33,133002	1,420394
33,135780	1,404612
33,138557	1,402968
33,141335	1,419736
33,144113	1,438806
33,146891	1,448012
33,149668	1,436504
33,152446	1,421709
33,155224	1,421380
33,158002	1,434203
33,160779	1,452286
33,163557	1,459848
33,166335	1,450313
33,169113	1,433545
33,171890	1,418750
33,174668	1,409544
33,177446	1,400338
33,180224	1,391461
33,183001	1,395735
33,185779	1,456889
33,188557	1,629171
33,191335	1,900745
33,194112	2,262077
33,196890	2,673385
33,199668	3,050499
33,202446	3,191218
33,205223	3,195163
33,208001	3,195821
33,210779	3,195492
33,213557	3,187930
33,216334	3,054444
33,219112	2,595792
33,221890	2,004312
33,224668	1,483520
33,227445	1,131394
33,230223	0,953852
33,233001	0,913412
33,235779	0,961414
33,238557	1,060706
33,241334	1,169533
33,244112	1,270469
33,246890	1,337541
33,249668	1,363186
33,252445	1,364830
33,255223	1,366474
33,258001	1,381598
33,260779	1,401982
33,263556	1,412503
33,266334	1,403955
33,269112	1,393105
33,271890	1,392776
33,274667	1,412503
33,277445	1,433874
33,280223	1,446039
33,283000	1,437491
33,285778	1,421709
33,288556	1,409873
33,291334	1,428285
33,294111	1,471026
33,296889	1,523960
33,299667	1,568017
33,302445	1,599909
33,305222	1,637390
33,308000	1,675200
33,310778	1,710709
33,313556	1,731751
33,316333	1,729449
33,319111	1,722545
33,321889	1,720901
33,324667	1,728463
33,327444	1,737340
33,330222	1,732080
33,333000	1,701503
33,335778	1,661063
33,338555	1,627856
33,341333	1,607471
33,344111	1,587415
33,346889	1,558483
33,349666	1,505220
33,352444	1,459848
33,355222	1,432888
33,358000	1,427627
33,360777	1,431244
33,363555	1,430257
33,366333	1,412174
33,369111	1,397050
33,371888	1,395735
33,374666	1,405599
33,377444	1,426312
33,380222	1,433216
33,382999	1,424997
33,385777	1,410530
33,388555	1,413161
33,391333	1,425326
33,394110	1,448012
33,396888	1,455574
33,399666	1,446039
33,402444	1,431901
33,405221	1,430257
33,407999	1,443737
33,410777	1,463464
33,413555	1,472013
33,416332	1,460177
33,419110	1,442751
33,421888	1,421051
33,424666	1,409215
33,427443	1,399023
33,430221	1,396064
33,432999	1,424011
33,435777	1,526262
33,438554	1,727148
33,441332	2,054944
33,444110	2,445867
33,446888	2,853229
33,449665	3,181026
33,452443	3,194835
33,455221	3,196150
33,457999	3,197136
33,460777	3,193848
33,463554	3,174779
33,466332	2,868682
33,469110	2,321587
33,471888	1,746217
33,474665	1,289210
33,477443	1,027828
33,480221	0,926892
33,482999	0,938399
33,485776	1,009416
33,488554	1,105420
33,491332	1,211288
33,494110	1,300388
33,496887	1,362199
33,499665	1,374364
33,502443	1,371734
33,505221	1,368775
33,507998	1,383242
33,510776	1,402311
33,513554	1,412832
33,516331	1,404284
33,519109	1,394091
33,521887	1,395735
33,524665	1,411188
33,527442	1,434203
33,530220	1,442751
33,532998	1,431901
33,535776	1,411846
33,538553	1,407900
33,541331	1,434532
33,544109	1,490096
33,546887	1,541715
33,549664	1,584785
33,552442	1,618650
33,555220	1,651857
33,557998	1,686050
33,560775	1,721230
33,563553	1,738327
33,566331	1,737011
33,569109	1,724847
33,571886	1,719915
33,574664	1,727477
33,577442	1,733395
33,580220	1,724518
33,582997	1,687037
33,585775	1,643308
33,588553	1,605170
33,591331	1,581169
33,594108	1,559140
33,596886	1,528235
33,599664	1,482534
33,602442	1,440450
33,605219	1,421051
33,607997	1,420065
33,610775	1,430586
33,613553	1,427956
33,616330	1,415791
33,619108	1,396722
33,621886	1,394749
33,624664	1,405928
33,627441	1,426312
33,630219	1,435847
33,632997	1,426970
33,635775	1,413818
33,638552	1,411846
33,641330	1,430586
33,644108	1,446368
33,646886	1,456231
33,649663	1,442094
33,652441	1,430257
33,655219	1,428942
33,657997	1,445710
33,660774	1,463464
33,663552	1,471355
33,666330	1,458204
33,669108	1,428942
33,671885	1,405270
33,674663	1,387516
33,677441	1,387187
33,680219	1,403626
33,682997	1,461163
33,685774	1,612732
33,688552	1,866223
33,691330	2,216705
33,694108	2,637876
33,696885	3,033073
33,699663	3,191875
33,702441	3,195492
33,705219	3,196807
33,707996	3,196478
33,710774	3,188916
33,713552	3,080089
33,716330	2,635903
33,719107	2,038176
33,721885	1,502590
33,724663	1,131065
33,727441	0,956153
33,730218	0,925248
33,732996	0,970620
33,735774	1,055774
33,738551	1,150135
33,741329	1,242523
33,744107	1,324389
33,746885	1,370748
33,749662	1,378967
33,752440	1,371405
33,755218	1,369433
33,757996	1,382255
33,760773	1,401325
33,763551	1,409215
33,766329	1,406256
33,769107	1,394749
33,771884	1,395406
33,774662	1,412174
33,777440	1,433216
33,780218	1,441765
33,782995	1,427956
33,785773	1,404941
33,788551	1,406585
33,791329	1,448012
33,794106	1,512782
33,796884	1,570319
33,799662	1,607800
33,802440	1,630815
33,805217	1,655802
33,807995	1,688023
33,810773	1,720244
33,813551	1,737998
33,816328	1,734710
33,819106	1,720572
33,821884	1,718271
33,824662	1,724189
33,827439	1,729121
33,830217	1,715641
33,832995	1,678488
33,835773	1,629171
33,838550	1,593991
33,841328	1,570319
33,844106	1,552564
33,846884	1,521001
33,849661	1,475958
33,852439	1,438477
33,855217	1,420394
33,857995	1,424011
33,860772	1,431901
33,863550	1,430915
33,866328	1,413161
33,869106	1,395735
33,871883	1,394749
33,874661	1,406256
33,877439	1,427298
33,880217	1,431901
33,882994	1,421380
33,885772	1,409873
33,888550	1,412174
33,891328	1,427627
33,894105	1,449327
33,896883	1,455574
33,899661	1,442422
33,902439	1,424668
33,905216	1,424997
33,907994	1,439463
33,910772	1,461492
33,913550	1,468396
33,916328	1,453272
33,919105	1,423024
33,921883	1,392447
33,924661	1,379625
33,927439	1,384228
33,930216	1,431901
33,932994	1,528235
33,935772	1,714654
33,938550	2,022395
33,941327	2,402468
33,944105	2,823638
33,946883	3,179711
33,949661	3,193848
33,952438	3,196478
33,955216	3,196478
33,957994	3,193848
33,960771	3,178724
33,963549	2,907149
33,966327	2,370904
33,969105	1,777780
33,971882	1,298744
33,974660	1,020595
33,977438	0,922618
33,980216	0,947934
33,982993	1,018951
33,985771	1,103119
33,988549	1,194849
33,991327	1,278689
33,994104	1,346747
33,996882	1,384557
33,999660	1,382584
34,002438	1,373378
34,005215	1,374364
34,007993	1,391132
34,010771	1,410530
34,013549	1,423024
34,016326	1,415462
34,019104	1,402311
34,021882	1,405599
34,024660	1,421051
34,027437	1,445053
34,030215	1,453272
34,032993	1,437491
34,035771	1,412832
34,038548	1,427956
34,041326	1,473985
34,044104	1,541715
34,046882	1,601882
34,049659	1,635418
34,052437	1,651857
34,055215	1,673556
34,057993	1,701503
34,060770	1,732409
34,063548	1,745889
34,066326	1,738984
34,069104	1,726162
34,071881	1,717942
34,074659	1,720901
34,077437	1,723860
34,080215	1,707750
34,082992	1,663364
34,085770	1,614047
34,088548	1,575579
34,091326	1,553880
34,094103	1,537440
34,096881	1,505220
34,099659	1,463136
34,102437	1,425983
34,105214	1,412174
34,107992	1,412503
34,110770	1,427298
34,113548	1,427627
34,116325	1,416120
34,119103	1,396393
34,121881	1,397050
34,124659	1,410530
34,127436	1,431573
34,130214	1,437491
34,132992	1,426312
34,135770	1,414476
34,138548	1,412503
34,141325	1,429929
34,144103	1,448998
34,146881	1,457875
34,149659	1,444395
34,152436	1,432230
34,155214	1,430586
34,157992	1,448012
34,160770	1,464780
34,163547	1,471355
34,166325	1,448012
34,169103	1,412832
34,171881	1,384228
34,174658	1,374693
34,177436	1,402640
34,180214	1,474314
34,182991	1,625225
34,185769	1,854716
34,188547	2,189416
34,191325	2,604340
34,194102	3,013346
34,196880	3,192533
34,199658	3,196478
34,202436	3,196807
34,205213	3,196478
34,207991	3,189903
34,210769	3,111324
34,213547	2,699030
34,216324	2,101960
34,219102	1,545002
34,221880	1,140929
34,224658	0,949578
34,227435	0,921302
34,230213	0,988703
34,232991	1,069583
34,235769	1,153751
34,238546	1,232002
34,241324	1,308608
34,244102	1,369104
34,246880	1,394749
34,249657	1,391461
34,252435	1,378967
34,255213	1,379625
34,257991	1,391790
34,260768	1,411846
34,263546	1,415462
34,266324	1,408558
34,269102	1,398366
34,271879	1,404612
34,274657	1,424997
34,277435	1,448669
34,280213	1,450971
34,282990	1,427956
34,285768	1,411846
34,288546	1,432230
34,291324	1,493384
34,294101	1,562428
34,296879	1,618650
34,299657	1,644295
34,302435	1,658432
34,305212	1,673228
34,307990	1,701174
34,310768	1,731093
34,313546	1,746217
34,316323	1,736354
34,319101	1,717285
34,321879	1,707092
34,324657	1,706763
34,327434	1,705777
34,330212	1,686379
34,332990	1,644295
34,335768	1,594320
34,338545	1,562099
34,341323	1,538098
34,344101	1,524289
34,346879	1,496014
34,349656	1,454916
34,352434	1,420723
34,355212	1,409215
34,357990	1,413161
34,360768	1,423353
34,363545	1,427956
34,366323	1,408229
34,369101	1,395078
34,371879	1,394749
34,374656	1,414805
34,377434	1,433216
34,380212	1,441107
34,382990	1,426641
34,385767	1,414805
34,388545	1,415133
34,391323	1,430257
34,394101	1,449656
34,396878	1,453601
34,399656	1,442751
34,402434	1,428942
34,405212	1,431573
34,407989	1,445053
34,410767	1,469054
34,413545	1,469711
34,416322	1,441436
34,419100	1,398037
34,421878	1,370090
34,424656	1,370090
34,427433	1,428285
34,430211	1,536454
34,432989	1,715969
34,435767	2,001353
34,438544	2,363342
34,441322	2,781883
34,444100	3,169189
34,446878	3,195821
34,449655	3,196807
34,452433	3,196807
34,455211	3,193848
34,457989	3,180368
34,460766	2,935753
34,463544	2,421208
34,466322	1,823810
34,469100	1,323732
34,471877	1,022239
34,474655	0,912096
34,477433	0,940372
34,480211	1,023882
34,482988	1,113311
34,485766	1,193205
34,488544	1,267839
34,491322	1,334911
34,494099	1,383899
34,496877	1,400667
34,499655	1,391790
34,502433	1,377323
34,505210	1,377981
34,507988	1,391461
34,510766	1,409544
34,513544	1,420723
34,516321	1,409215
34,519099	1,400009
34,521877	1,403955
34,524655	1,424668
34,527432	1,445053
34,530210	1,449656
34,532988	1,427956
34,535766	1,424997
34,538543	1,460177
34,541321	1,520673
34,544099	1,593333
34,546877	1,641007
34,549654	1,658761
34,552432	1,666981
34,555210	1,681447
34,557988	1,708407
34,560765	1,739313
34,563543	1,752464
34,566321	1,740299
34,569099	1,720244
34,571876	1,709065
34,574654	1,705777
34,577432	1,699530
34,580210	1,672899
34,582988	1,625554
34,585765	1,576237
34,588543	1,539084
34,591321	1,516727
34,594099	1,496671
34,596876	1,471684
34,599654	1,437491
34,602432	1,409215
34,605210	1,398037
34,607987	1,404284
34,610765	1,419736
34,613543	1,424011
34,616321	1,411846
34,619098	1,399681
34,621876	1,397379
34,624654	1,411517
34,627432	1,431244
34,630209	1,434860
34,632987	1,423353
34,635765	1,408229
34,638542	1,409873
34,641320	1,427956
34,644098	1,450971
34,646876	1,459519
34,649653	1,449984
34,652431	1,438477
34,655209	1,437491
34,657987	1,451628
34,660764	1,467410
34,663542	1,462149
34,666320	1,427627
34,669098	1,378967
34,671875	1,358912
34,674653	1,379625
34,677431	1,459848
34,680209	1,616677
34,682986	1,838934
34,685764	2,156538
34,688542	2,553708
34,691320	2,962714
34,694097	3,192533
34,696875	3,196478
34,699653	3,196807
34,702431	3,196150
34,705208	3,188588
34,707986	3,110666
34,710764	2,711195
34,713542	2,131879
34,716319	1,573278
34,719097	1,156382
34,721875	0,943660
34,724653	0,904863
34,727430	0,972921
34,730208	1,071556
34,732986	1,152436
34,735764	1,225755
34,738541	1,293484
34,741319	1,350363
34,744097	1,391461
34,746875	1,401653
34,749652	1,389160
34,752430	1,375680
34,755208	1,379954
34,757986	1,395406
34,760763	1,419079
34,763541	1,425654
34,766319	1,414805
34,769097	1,405928
34,771874	1,413489
34,774652	1,432888
34,777430	1,454916
34,780208	1,449656
34,782985	1,433216
34,785763	1,442422
34,788541	1,481219
34,791319	1,546975
34,794096	1,613389
34,796874	1,660734
34,799652	1,678159
34,802430	1,686379
34,805207	1,700188
34,807985	1,726162
34,810763	1,748848
34,813541	1,755423
34,816319	1,738655
34,819096	1,716956
34,821874	1,702818
34,824652	1,699859
34,827430	1,692297
34,830207	1,662378
34,832985	1,613389
34,835763	1,561442
34,838541	1,524289
34,841318	1,502918
34,844096	1,489438
34,846874	1,463793
34,849652	1,430257
34,852429	1,403955
34,855207	1,397050
34,857985	1,407571
34,860762	1,423353
34,863540	1,431573
34,866318	1,417106
34,869096	1,404612
34,871873	1,403626
34,874651	1,420065
34,877429	1,436175
34,880207	1,443737
34,882984	1,425654
34,885762	1,412832
34,888540	1,414147
34,891318	1,428285
34,894095	1,448012
34,896873	1,452615
34,899651	1,441436
34,902429	1,428613
34,905206	1,434860
34,907984	1,447354
34,910762	1,466423
34,913540	1,454259
34,916317	1,412503
34,919095	1,370090
34,921873	1,356939
34,924651	1,405270
34,927428	1,525933
34,930206	1,722216
34,932984	2,003654
34,935762	2,346903
34,938539	2,752293
34,941317	3,145517
34,944095	3,195492
34,946873	3,196807
34,949650	3,196478
34,952428	3,193519
34,955206	3,182998
34,957984	2,968961
34,960761	2,476773
34,963539	1,884964
34,966317	1,366145
34,969095	1,032431
34,971872	0,898288
34,974650	0,919658
34,977428	1,020923
34,980206	1,122846
34,982983	1,207014
34,985761	1,264222
34,988539	1,322417
34,991317	1,366145
34,994094	1,399023
34,996872	1,404941
34,999650	1,393763
35,002428	1,380282
35,005205	1,380282
35,007983	1,398694
35,010761	1,419079
35,013539	1,427627
35,016316	1,416449
35,019094	1,409215
35,021872	1,413161
35,024650	1,432230
35,027427	1,445710
35,030205	1,443737
35,032983	1,438477
35,035761	1,456889
35,038539	1,506206
35,041316	1,575250
35,044094	1,639034
35,046872	1,673556
35,049650	1,680790
35,052427	1,681447
35,055205	1,695914
35,057983	1,720901
35,060761	1,747861
35,063538	1,753779
35,066316	1,732737
35,069094	1,705777
35,071872	1,689009
35,074649	1,680461
35,077427	1,671255
35,080205	1,643308
35,082982	1,594320
35,085760	1,544674
35,088538	1,506206
35,091316	1,488452
35,094093	1,475629
35,096871	1,457218
35,099649	1,422367
35,102427	1,399023
35,105204	1,389817
35,107982	1,404612
35,110760	1,421051
35,113538	1,423353
35,116315	1,408229
35,119093	1,397050
35,121871	1,401325
35,124649	1,418421
35,127426	1,438806
35,130204	1,437162
35,132982	1,424668
35,135760	1,409544
35,138537	1,413818
35,141315	1,431244
35,144093	1,453272
35,146871	1,454916
35,149648	1,445381
35,152426	1,431901
35,155204	1,435189
35,157982	1,451299
35,160759	1,458861
35,163537	1,440450
35,166315	1,395078
35,169093	1,360556
35,171870	1,364501
35,174648	1,444066
35,177426	1,610430
35,180204	1,843208
35,182981	2,157853
35,185759	2,535625
35,188537	2,929507
35,191315	3,190232
35,194092	3,195821
35,196870	3,196807
35,199648	3,194835
35,202426	3,188588
35,205203	3,125133
35,207981	2,738812
35,210759	2,175936
35,213537	1,621938
35,216314	1,185315
35,219092	0,942344
35,221870	0,885136
35,224648	0,946619
35,227425	1,061035
35,230203	1,164930
35,232981	1,235618
35,235759	1,290525
35,238536	1,337212
35,241314	1,374364
35,244092	1,396722
35,246870	1,398694
35,249647	1,383570
35,252425	1,373707
35,255203	1,378967
35,257981	1,400996
35,260759	1,425654
35,263536	1,432559
35,266314	1,424339
35,269092	1,416120
35,271870	1,420065
35,274647	1,434860
35,277425	1,444724
35,280203	1,441765
35,282981	1,447683
35,285758	1,477273
35,288536	1,530865
35,291314	1,598265
35,294092	1,658761
35,296869	1,687365
35,299647	1,691639
35,302425	1,692626
35,305203	1,705448
35,307980	1,732080
35,310758	1,754766
35,313536	1,754766
35,316313	1,732737
35,319091	1,704791
35,321869	1,686379
35,324647	1,676844
35,327424	1,661063
35,330202	1,626869
35,332980	1,578538
35,335758	1,527248
35,338535	1,492726
35,341313	1,473657
35,344091	1,464780
35,346869	1,446697
35,349646	1,420394
35,352424	1,397050
35,355202	1,398037
35,357980	1,413161
35,360757	1,428613
35,363535	1,431901
35,366313	1,416777
35,369091	1,403297
35,371868	1,406585
35,374646	1,420065
35,377424	1,435189
35,380202	1,441107
35,382979	1,427627
35,385757	1,415462
35,388535	1,420394
35,391313	1,435518
35,394090	1,452286
35,396868	1,456560
35,399646	1,443409
35,402424	1,432230
35,405201	1,440121
35,407979	1,453930
35,410757	1,456889
35,413535	1,430915
35,416312	1,388831
35,419090	1,359240
35,421868	1,393763
35,424646	1,501274
35,427423	1,707092
35,430201	1,996750
35,432979	2,334738
35,435757	2,722373
35,438534	3,106392
35,441312	3,193848
35,444090	3,196150
35,446868	3,196150
35,449645	3,193519
35,452423	3,182012
35,455201	2,977838
35,457979	2,499459
35,460756	1,922774
35,463534	1,412503
35,466312	1,066624
35,469090	0,905850
35,471867	0,905521
35,474645	0,996594
35,477423	1,116599
35,480201	1,211288
35,482978	1,272771
35,485756	1,312882
35,488534	1,348391
35,491312	1,378639
35,494090	1,401653
35,496867	1,403626
35,499645	1,389160
35,502423	1,373378
35,505201	1,379625
35,507978	1,402640
35,510756	1,423682
35,513534	1,433216
35,516312	1,424668
35,519089	1,416449
35,521867	1,418750
35,524645	1,433216
35,527423	1,441107
35,530200	1,454587
35,532978	1,467739
35,535756	1,499302
35,538533	1,554208
35,541311	1,618979
35,544089	1,670926
35,546867	1,698215
35,549644	1,700517
35,552422	1,700188
35,555200	1,714983
35,557978	1,736025
35,560755	1,754108
35,563533	1,750492
35,566311	1,726490
35,569089	1,701503
35,571866	1,684077
35,574644	1,668953
35,577422	1,652843
35,580200	1,616019
35,582977	1,561442
35,585755	1,511795
35,588533	1,478260
35,591311	1,465108
35,594088	1,457546
35,596866	1,447683
35,599644	1,420065
35,602422	1,403955
35,605199	1,401325
35,607977	1,417106
35,610755	1,430915
35,613533	1,427956
35,616310	1,408229
35,619088	1,396064
35,621866	1,401325
35,624644	1,418092
35,627421	1,440121
35,630199	1,439135
35,632977	1,431573
35,635755	1,419408
35,638532	1,427298
35,641310	1,440450
35,644088	1,460177
35,646866	1,458204
35,649643	1,441436
35,652421	1,426312
35,655199	1,430257
35,657977	1,443409
35,660754	1,442094
35,663532	1,415133
35,666310	1,376337
35,669088	1,360556
35,671865	1,417764
35,674643	1,576894
35,677421	1,818550
35,680199	2,144373
35,682976	2,516555
35,685754	2,897943
35,688532	3,186944
35,691310	3,194835
35,694087	3,195492
35,696865	3,195492
35,699643	3,189903
35,702421	3,136969
35,705198	2,757224
35,707976	2,203225
35,710754	1,660405
35,713532	1,227070
35,716310	0,972921
35,719087	0,886780
35,721865	0,934454
35,724643	1,043609
35,727421	1,161642
35,730198	1,253044
35,732976	1,305320
35,735754	1,339185
35,738532	1,363515
35,741309	1,390475
35,744087	1,406256
35,746865	1,410202
35,749643	1,392447
35,752420	1,383570
35,755198	1,393434
35,757976	1,415462
35,760753	1,432559
35,763531	1,437162
35,766309	1,426312
35,769087	1,415133
35,771864	1,419079
35,774642	1,427956
35,777420	1,445710
35,780198	1,464122
35,782975	1,492068
35,785753	1,528235
35,788531	1,584456
35,791309	1,641993
35,794086	1,690982
35,796864	1,712024
35,799642	1,712682
35,802420	1,711695
35,805197	1,722216
35,807975	1,742272
35,810753	1,756738
35,813531	1,749176
35,816308	1,723531
35,819086	1,694927
35,821864	1,670597
35,824642	1,655473
35,827419	1,635089
35,830197	1,599580
35,832975	1,543030
35,835753	1,495028
35,838530	1,462149
35,841308	1,448998
35,844086	1,447683
35,846864	1,434532
35,849641	1,414476
35,852419	1,396722
35,855197	1,400667
35,857975	1,413818
35,860752	1,430257
35,863530	1,427956
35,866308	1,418092
35,869086	1,406585
35,871863	1,413818
35,874641	1,430915
35,877419	1,444724
35,880197	1,445710
35,882974	1,432888
35,885752	1,424339
35,888530	1,429271
35,891308	1,448669
35,894085	1,463136
35,896863	1,469054
35,899641	1,452615
35,902419	1,442751
35,905196	1,444395
35,907974	1,447683
35,910752	1,436504
35,913530	1,406256
35,916307	1,374036
35,919085	1,387516
35,921863	1,479575
35,924641	1,678159
35,927418	1,975379
35,930196	2,328491
35,932974	2,720072
35,935752	3,091925
35,938530	3,192204
35,941307	3,195821
35,944085	3,196150
35,946863	3,194835
35,949641	3,186615
35,952418	3,007757
35,955196	2,532666
35,957974	1,952035
35,960752	1,447683
35,963529	1,099174
35,966307	0,921302
35,969085	0,899603
35,971863	0,974894
35,974640	1,095228
35,977418	1,208987
35,980196	1,285922
35,982973	1,326362
35,985751	1,349377
35,988529	1,364830
35,991307	1,384557
35,994084	1,402640
35,996862	1,402968
35,999640	1,394091
36,002418	1,387516
36,005195	1,399023
36,007973	1,421709
36,010751	1,443080
36,013529	1,444395
36,016306	1,433874
36,019084	1,423024
36,021862	1,422038
36,024640	1,426641
36,027417	1,450642
36,030195	1,480890
36,032973	1,514754
36,035751	1,554537
36,038528	1,604841
36,041306	1,660076
36,044084	1,701174
36,046862	1,715969
36,049639	1,711038
36,052417	1,710380
36,055195	1,720572
36,057973	1,738327
36,060750	1,749505
36,063528	1,738984
36,066306	1,710380
36,069084	1,674543
36,071861	1,650542
36,074639	1,632459
36,077417	1,617335
36,080195	1,582812
36,082972	1,528563
36,085750	1,476616
36,088528	1,449656
36,091306	1,443737
36,094083	1,446368
36,096861	1,437162
36,099639	1,413489
36,102417	1,400338
36,105194	1,402968
36,107972	1,417435
36,110750	1,430257
36,113528	1,429271
36,116305	1,412832
36,119083	1,406585
36,121861	1,412503
36,124639	1,431901
36,127416	1,450313
36,130194	1,448012
36,132972	1,432559
36,135750	1,419079
36,138527	1,425983
36,141305	1,443737
36,144083	1,461163
36,146861	1,462149
36,149638	1,450642
36,152416	1,437162
36,155194	1,432559
36,157972	1,429929
36,160749	1,417106
36,163527	1,391461
36,166305	1,374693
36,169083	1,417435
36,171861	1,555524
36,174638	1,790274
36,177416	2,126619
36,180194	2,508664
36,182972	2,889724
36,185749	3,184313
36,188527	3,193848
36,191305	3,195821
36,194083	3,197136
36,196860	3,192533
36,199638	3,152750
36,202416	2,792404
36,205193	2,235446
36,207971	1,682762
36,210749	1,246797
36,213527	0,992648
36,216304	0,898288
36,219082	0,923933
36,221860	1,022239
36,224638	1,137641
36,227415	1,242194
36,230193	1,309265
36,232971	1,340171
36,235749	1,351350
36,238526	1,364172
36,241304	1,383899
36,244082	1,400667
36,246860	1,405270
36,249637	1,392447
36,252415	1,388502
36,255193	1,395735
36,257971	1,416777
36,260748	1,436504
36,263526	1,440450
36,266304	1,425983
36,269082	1,416777
36,271859	1,415791
36,274637	1,426312
36,277415	1,462149
36,280193	1,502261
36,282970	1,536783
36,285748	1,576237
36,288526	1,625883
36,291304	1,672899
36,294081	1,712024
36,296859	1,725175
36,299637	1,720901
36,302415	1,718600
36,305192	1,727148
36,307970	1,739642
36,310748	1,748190
36,313526	1,734710
36,316303	1,702818
36,319081	1,669940
36,321859	1,642980
36,324637	1,624239
36,327414	1,604512
36,330192	1,565716
36,332970	1,512453
36,335748	1,467081
36,338525	1,438806
36,341303	1,435847
36,344081	1,440121
36,346859	1,426970
36,349636	1,406914
36,352414	1,389160
36,355192	1,392776
36,357970	1,408887
36,360747	1,426970
36,363525	1,425654
36,366303	1,414147
36,369081	1,402311
36,371858	1,408558
36,374636	1,426312
36,377414	1,442422
36,380192	1,443737
36,382969	1,430257
36,385747	1,419736
36,388525	1,421709
36,391303	1,439792
36,394081	1,452943
36,396858	1,454587
36,399636	1,438477
36,402414	1,426641
36,405192	1,419736
36,407969	1,417106
36,410747	1,404612
36,413525	1,388173
36,416303	1,393434
36,419080	1,463464
36,421858	1,647911
36,424636	1,934610
36,427414	2,297915
36,430191	2,701989
36,432969	3,070226
36,435747	3,192533
36,438524	3,195492
36,441302	3,196478
36,444080	3,195821
36,446858	3,186944
36,449635	3,015977
36,452413	2,540228
36,455191	1,954008
36,457969	1,450313
36,460746	1,111996
36,463524	0,945632
36,466302	0,909795
36,469080	0,968976
36,471857	1,069583
36,474635	1,182027
36,477413	1,273099
36,480191	1,332609
36,482968	1,350034
36,485746	1,358583
36,488524	1,369761
36,491302	1,387516
36,494079	1,404612
36,496857	1,401653
36,499635	1,392776
36,502413	1,386529
36,505190	1,397050
36,507968	1,414805
36,510746	1,436833
36,513524	1,436833
36,516301	1,426641
36,519079	1,413489
36,521857	1,410530
36,524635	1,433874
36,527412	1,477273
36,530190	1,518700
36,532968	1,555852
36,535746	1,594977
36,538523	1,635746
36,541301	1,683091
36,544079	1,716298
36,546857	1,729778
36,549634	1,724847
36,552412	1,721559
36,555190	1,727477
36,557968	1,736354
36,560745	1,738655
36,563523	1,722545
36,566301	1,685064
36,569079	1,646925
36,571856	1,621609
36,574634	1,602211
36,577412	1,583470
36,580190	1,545660
36,582967	1,495685
36,585745	1,449984
36,588523	1,433545
36,591301	1,431901
36,594078	1,438148
36,596856	1,425983
36,599634	1,404284
36,602412	1,391461
36,605189	1,398037
36,607967	1,416449
36,610745	1,433545
36,613523	1,436504
36,616301	1,418092
36,619078	1,409873
36,621856	1,415133
36,624634	1,433216
36,627412	1,446368
36,630189	1,447683
36,632967	1,431901
36,635745	1,425983
36,638523	1,431244
36,641300	1,450313
36,644078	1,470698
36,646856	1,469054
36,649634	1,455574
36,652411	1,437162
36,655189	1,424668
36,657967	1,409873
36,660744	1,403626
36,663522	1,391790
36,666300	1,426641
36,669078	1,540071
36,671855	1,759697
36,674633	2,096700
36,677411	2,489266
36,680189	2,886436
36,682966	3,184313
36,685744	3,194177
36,688522	3,197136
36,691300	3,197136
36,694077	3,193519
36,696855	3,165244
36,699633	2,825611
36,702411	2,268982
36,705188	1,703476
36,707966	1,266524
36,710744	1,017307
36,713522	0,926234
36,716299	0,943331
36,719077	1,020923
36,721855	1,123175
36,724633	1,228056
36,727410	1,315841
36,730188	1,362528
36,732966	1,375680
36,735744	1,371077
36,738521	1,378967
36,741299	1,394420
36,744077	1,407900
36,746855	1,406914
36,749632	1,397708
36,752410	1,390475
36,755188	1,399352
36,757966	1,421709
36,760743	1,441107
36,763521	1,443737
36,766299	1,428613
36,769077	1,413818
36,771854	1,412832
36,774632	1,447683
36,777410	1,500946
36,780188	1,548290
36,782965	1,584128
36,785743	1,615691
36,788521	1,652514
36,791299	1,690324
36,794076	1,720572
36,796854	1,730436
36,799632	1,726819
36,802410	1,722216
36,805187	1,727806
36,807965	1,737011
36,810743	1,742930
36,813521	1,721559
36,816298	1,680790
36,819076	1,637062
36,821854	1,608457
36,824632	1,590374
36,827409	1,568675
36,830187	1,531194
36,832965	1,480890
36,835743	1,443080
36,838521	1,424011
36,841298	1,428613
36,844076	1,433545
36,846854	1,423024
36,849632	1,404941
36,852409	1,393434
36,855187	1,399352
36,857965	1,417435
36,860743	1,435518
36,863520	1,432230
36,866298	1,418750
36,869076	1,406585
36,871854	1,412503
36,874631	1,430257
36,877409	1,446368
36,880187	1,445053
36,882964	1,434203
36,885742	1,425326
36,888520	1,431244
36,891298	1,450313
36,894075	1,465108
36,896853	1,463464
36,899631	1,446697
36,902409	1,424997
36,905186	1,406585
36,907964	1,394091
36,910742	1,389160
36,913520	1,404941
36,916297	1,462807
36,919075	1,629171
36,921853	1,898772
36,924631	2,260433
36,927408	2,681275
36,930186	3,067595
36,932964	3,192862
36,935742	3,196150
36,938519	3,197136
36,941297	3,196150
36,944075	3,188259
36,946853	3,056417
36,949630	2,592504
36,952408	1,992476
36,955186	1,472342
36,957964	1,119558
36,960741	0,953852
36,963519	0,924919
36,966297	0,971277
36,969075	1,062350
36,971852	1,162629
36,974630	1,261592
36,977408	1,336883
36,980186	1,373707
36,982963	1,375351
36,985741	1,370090
36,988519	1,375680
36,991297	1,394420
36,994074	1,411517
36,996852	1,409215
36,999630	1,397050
37,002408	1,390804
37,005185	1,401982
37,007963	1,424011
37,010741	1,447025
37,013519	1,443409
37,016296	1,427627
37,019074	1,407243
37,021852	1,416449
37,024630	1,460834
37,027407	1,521988
37,030185	1,568675
37,032963	1,600895
37,035741	1,630815
37,038518	1,660405
37,041296	1,696900
37,044074	1,723860
37,046852	1,732409
37,049629	1,725833
37,052407	1,717942
37,055185	1,718600
37,057963	1,728463
37,060740	1,728463
37,063518	1,703476
37,066296	1,661391
37,069074	1,617992
37,071852	1,590703
37,074629	1,572949
37,077407	1,553222
37,080185	1,510480
37,082963	1,466423
37,085740	1,428613
37,088518	1,421051
37,091296	1,427298
37,094074	1,433874
37,096851	1,424997
37,099629	1,406914
37,102407	1,394749
37,105184	1,401325
37,107962	1,420065
37,110740	1,430915
37,113518	1,431901
37,116295	1,411846
37,119073	1,406914
37,121851	1,411188
37,124629	1,429600
37,127406	1,442751
37,130184	1,441436
37,132962	1,424997
37,135740	1,419736
37,138517	1,429929
37,141295	1,448669
37,144073	1,467739
37,146851	1,464451
37,149628	1,444395
37,152406	1,416120
37,155184	1,397050
37,157962	1,385214
37,160739	1,392119
37,163517	1,435847
37,166295	1,541057
37,169073	1,738984
37,171850	2,064808
37,174628	2,454087
37,177406	2,869339
37,180184	3,185957
37,182961	3,195163
37,185739	3,196150
37,188517	3,197136
37,191295	3,193191
37,194072	3,174121
37,196850	2,876901
37,199628	2,325861
37,202406	1,738984
37,205183	1,270469
37,207961	1,011389
37,210739	0,920974
37,213517	0,945303
37,216294	1,018293
37,219072	1,107064
37,221850	1,205699
37,224628	1,294141
37,227405	1,362528
37,230183	1,385872
37,232961	1,383899
37,235739	1,371077
37,238516	1,377323
37,241294	1,393105
37,244072	1,408887
37,246850	1,407571
37,249627	1,396722
37,252405	1,392447
37,255183	1,407900
37,257961	1,431244
37,260738	1,446368
37,263516	1,446697
37,266294	1,421051
37,269072	1,405928
37,271849	1,424339
37,274627	1,479904
37,277405	1,538427
37,280183	1,588731
37,282960	1,618650
37,285738	1,645281
37,288516	1,673885
37,291294	1,708079
37,294072	1,733724
37,296849	1,739971
37,299627	1,728463
37,302405	1,717285
37,305183	1,717285
37,307960	1,720572
37,310738	1,720572
37,313516	1,693283
37,316294	1,646925
37,319071	1,605498
37,321849	1,577881
37,324627	1,558154
37,327405	1,538098
37,330182	1,498315
37,332960	1,451299
37,335738	1,422367
37,338515	1,413818
37,341293	1,423024
37,344071	1,427956
37,346849	1,420394
37,349626	1,400667
37,352404	1,394091
37,355182	1,400338
37,357960	1,423024
37,360737	1,438806
37,363515	1,433545
37,366293	1,420065
37,369071	1,410202
37,371848	1,417106
37,374626	1,435518
37,377404	1,451957
37,380182	1,447354
37,382959	1,437819
37,385737	1,429929
37,388515	1,438148
37,391293	1,457218
37,394070	1,470698
37,396848	1,464122
37,399626	1,434203
37,402404	1,400009
37,405181	1,376008
37,407959	1,377323
37,410737	1,405270
37,413515	1,474643
37,416292	1,628842
37,419070	1,876415
37,421848	2,221308
37,424626	2,641493
37,427403	3,045238
37,430181	3,193519
37,432959	3,196150
37,435737	3,196807
37,438514	3,194835
37,441292	3,188259
37,444070	3,077459
37,446848	2,633931
37,449625	2,029628
37,452403	1,486808
37,455181	1,116928
37,457959	0,940701
37,460736	0,921631
37,463514	0,978511
37,466292	1,063008
37,469070	1,150792
37,471847	1,240879
37,474625	1,323403
37,477403	1,377652
37,480181	1,394749
37,482958	1,383570
37,485736	1,376666
37,488514	1,380611
37,491292	1,396722
37,494069	1,410859
37,496847	1,414147
37,499625	1,402968
37,502403	1,400996
37,505180	1,410202
37,507958	1,432230
37,510736	1,449327
37,513514	1,444066
37,516292	1,421709
37,519069	1,415133
37,521847	1,448012
37,524625	1,507521
37,527403	1,571634
37,530180	1,613060
37,532958	1,637390
37,535736	1,657775
37,538514	1,684735
37,541291	1,717942
37,544069	1,744573
37,546847	1,748190
37,549625	1,735368
37,552402	1,719915
37,555180	1,715969
37,557958	1,719915
37,560735	1,713997
37,563513	1,683091
37,566291	1,633445
37,569069	1,587087
37,571846	1,557496
37,574624	1,539413
37,577402	1,516727
37,580180	1,479904
37,582957	1,441107
37,585735	1,415462
37,588513	1,411517
37,591291	1,422695
37,594068	1,431244
37,596846	1,423024
37,599624	1,405270
37,602402	1,395406
37,605179	1,406256
37,607957	1,423682
37,610735	1,437491
37,613513	1,432888
37,616290	1,417106
37,619068	1,408887
37,621846	1,417435
37,624624	1,435847
37,627401	1,449327
37,630179	1,447354
37,632957	1,432888
37,635735	1,427956
37,638512	1,439463
37,641290	1,459190
37,644068	1,471355
37,646846	1,459519
37,649623	1,425983
37,652401	1,387844
37,655179	1,369761
37,657957	1,376008
37,660734	1,434203
37,663512	1,540728
37,666290	1,726490
37,669068	2,026998
37,671845	2,402796
37,674623	2,822323
37,677401	3,181354
37,680179	3,195163
37,682956	3,196478
37,685734	3,196150
37,688512	3,192862
37,691290	3,175765
37,694067	2,905177
37,696845	2,371233
37,699623	1,775808
37,702401	1,289867
37,705178	1,007772
37,707956	0,915713
37,710734	0,947605
37,713512	1,025855
37,716289	1,110352
37,719067	1,193534
37,721845	1,274415
37,724623	1,343130
37,727400	1,386529
37,730178	1,388502
37,732956	1,376008
37,735734	1,368118
37,738512	1,378967
37,741289	1,399681
37,744067	1,418092
37,746845	1,416777
37,749623	1,404612
37,752400	1,402640
37,755178	1,414805
37,757956	1,437491
37,760734	1,449327
37,763511	1,441765
37,766289	1,415133
37,769067	1,422038
37,771845	1,465437
37,774622	1,532509
37,777400	1,593991
37,780178	1,634760
37,782955	1,649884
37,785733	1,664679
37,788511	1,686708
37,791289	1,717942
37,794066	1,742930
37,796844	1,744245
37,799622	1,727806
37,802400	1,711366
37,805177	1,708736
37,807955	1,709394
37,810733	1,697558
37,813511	1,658761
37,816288	1,608457
37,819066	1,566702
37,821844	1,541386
37,824622	1,524618
37,827399	1,502590
37,830177	1,468067
37,832955	1,428942
37,835733	1,408887
37,838510	1,402640
37,841288	1,414147
37,844066	1,424997
37,846844	1,419736
37,849621	1,400667
37,852399	1,393763
37,855177	1,400667
37,857955	1,423353
37,860732	1,438806
37,863510	1,434860
37,866288	1,422038
37,869066	1,413489
37,871843	1,424011
37,874621	1,441107
37,877399	1,457546
37,880177	1,449656
37,882954	1,439463
37,885732	1,430257
37,888510	1,439792
37,891288	1,456889
37,894065	1,466752
37,896843	1,447354
37,899621	1,409873
37,902399	1,372063
37,905176	1,360556
37,907954	1,393105
37,910732	1,471355
37,913510	1,629828
37,916287	1,858661
37,919065	2,187772
37,921843	2,598093
37,924621	3,008086
37,927398	3,192862
37,930176	3,195821
37,932954	3,195492
37,935732	3,194506
37,938509	3,187601
37,941287	3,095871
37,944065	2,677988
37,946843	2,085850
37,949620	1,532838
37,952398	1,129093
37,955176	0,942016
37,957954	0,916371
37,960731	0,989032
37,963509	1,078789
37,966287	1,159998
37,969065	1,232330
37,971843	1,305320
37,974620	1,364501
37,977398	1,397379
37,980176	1,399681
37,982954	1,381926
37,985731	1,377652
37,988509	1,382584
37,991287	1,406914
37,994065	1,423024
37,996842	1,424339
37,999620	1,409215
38,002398	1,408558
38,005175	1,418750
38,007953	1,439463
38,010731	1,452943
38,013509	1,439463
38,016286	1,422038
38,019064	1,438806
38,021842	1,492068
38,024620	1,558811
38,027397	1,623581
38,030175	1,655145
38,032953	1,668625
38,035731	1,679475
38,038508	1,702161
38,041286	1,728134
38,044064	1,749505
38,046842	1,746546
38,049619	1,732409
38,052397	1,716627
38,055175	1,711366
38,057953	1,709723
38,060730	1,697229
38,063508	1,661391
38,066286	1,607142
38,069064	1,565716
38,071841	1,536454
38,074619	1,519357
38,077397	1,493712
38,080175	1,459848
38,082952	1,426641
38,085730	1,405270
38,088508	1,404941
38,091286	1,419736
38,094063	1,433874
38,096841	1,424339
38,099619	1,409873
38,102397	1,400338
38,105174	1,411517
38,107952	1,430586
38,110730	1,444395
38,113508	1,434532
38,116285	1,420723
38,119063	1,411846
38,121841	1,424339
38,124619	1,445053
38,127396	1,459519
38,130174	1,458533
38,132952	1,440450
38,135730	1,434203
38,138507	1,442751
38,141285	1,461163
38,144063	1,469383
38,146841	1,450313
38,149618	1,406256
38,152396	1,373049
38,155174	1,368446
38,157952	1,425654
38,160729	1,541715
38,163507	1,731422
38,166285	2,017134
38,169063	2,372877
38,171840	2,786815
38,174618	3,170505
38,177396	3,193848
38,180174	3,196150
38,182951	3,195821
38,185729	3,194177
38,188507	3,181026
38,191285	2,949562
38,194063	2,443894
38,196840	1,848798
38,199618	1,337212
38,202396	1,022896
38,205174	0,905521
38,207951	0,936426
38,210729	1,030787
38,213507	1,126463
38,216285	1,202411
38,219062	1,271127
38,221840	1,328664
38,224618	1,377323
38,227396	1,397708
38,230173	1,392776
38,232951	1,378639
38,235729	1,373049
38,238506	1,382584
38,241284	1,407243
38,244062	1,425654
38,246840	1,423024
38,249617	1,413489
38,252395	1,409215
38,255173	1,424339
38,257951	1,442422
38,260728	1,449984
38,263506	1,430257
38,266284	1,427627
38,269062	1,451957
38,271839	1,510152
38,274617	1,585771
38,277395	1,646596
38,280173	1,673885
38,282950	1,680461
38,285728	1,688680
38,288506	1,707750
38,291284	1,738327
38,294061	1,755423
38,296839	1,747861
38,299617	1,723203
38,302395	1,703804
38,305172	1,697886
38,307950	1,694927
38,310728	1,679475
38,313506	1,638705
38,316283	1,586758
38,319061	1,541715
38,321839	1,514097
38,324617	1,494699
38,327394	1,477273
38,330172	1,447025
38,332950	1,416449
38,335728	1,401982
38,338505	1,405928
38,341283	1,421380
38,344061	1,431901
38,346839	1,424339
38,349616	1,405928
38,352394	1,400338
38,355172	1,411517
38,357950	1,431573
38,360727	1,443737
38,363505	1,435518
38,366283	1,417106
38,369061	1,411846
38,371838	1,421380
38,374616	1,443409
38,377394	1,457546
38,380172	1,449656
38,382949	1,433545
38,385727	1,427627
38,388505	1,437162
38,391283	1,456889
38,394060	1,461163
38,396838	1,431901
38,399616	1,386529
38,402394	1,356610
38,405171	1,370419
38,407949	1,454916
38,410727	1,620622
38,413505	1,852414
38,416283	2,168703
38,419060	2,559297
38,421838	2,960083
38,424616	3,191218
38,427394	3,194506
38,430171	3,195821
38,432949	3,194506
38,435727	3,189574
38,438505	3,113296
38,441282	2,719086
38,444060	2,146346
38,446838	1,588402
38,449616	1,162629
38,452393	0,940701
38,455171	0,896315
38,457949	0,965688
38,460726	1,072542
38,463504	1,163615
38,466282	1,234303
38,469060	1,290854
38,471837	1,344445
38,474615	1,383899
38,477393	1,400996
38,480171	1,395406
38,482948	1,376008
38,485726	1,373049
38,488504	1,385214
38,491282	1,413161
38,494059	1,434860
38,496837	1,433874
38,499615	1,419408
38,502393	1,417435
38,505170	1,426970
38,507948	1,443080
38,510726	1,444066
38,513504	1,432559
38,516281	1,438477
38,519059	1,474643
38,521837	1,535797
38,524615	1,605170
38,527392	1,661391
38,530170	1,684077
38,532948	1,688352
38,535726	1,694599
38,538503	1,713010
38,541281	1,737998
38,544059	1,751149
38,546837	1,737998
38,549614	1,713997
38,552392	1,696900
38,555170	1,687694
38,557948	1,684077
38,560725	1,664351
38,563503	1,620294
38,566281	1,565716
38,569059	1,522645
38,571836	1,494699
38,574614	1,483849
38,577392	1,467081
38,580170	1,439135
38,582947	1,412174
38,585725	1,397050
38,588503	1,401653
38,591281	1,419408
38,594058	1,428942
38,596836	1,414147
38,599614	1,399352
38,602392	1,393105
38,605169	1,409215
38,607947	1,428613
38,610725	1,443409
38,613503	1,435518
38,616280	1,422695
38,619058	1,417435
38,621836	1,428942
38,624614	1,448669
38,627391	1,457546
38,630169	1,451628
38,632947	1,434860
38,635725	1,430257
38,638503	1,440121
38,641280	1,465437
38,644058	1,458533
38,646836	1,427298
38,649614	1,376666
38,652391	1,360227
38,655169	1,403297
38,657947	1,519357
38,660725	1,722545
38,663502	2,010559
38,666280	2,350191
38,669058	2,745059
38,671836	3,131708
38,674613	3,194177
38,677391	3,195163
38,680169	3,196150
38,682946	3,193191
38,685724	3,180368
38,688502	2,945617
38,691280	2,453758
38,694057	1,875100
38,696835	1,369433
38,699613	1,038349
38,702391	0,900260
38,705168	0,915384
38,707946	1,015005
38,710724	1,123832
38,713502	1,209644
38,716279	1,263894
38,719057	1,316170
38,721835	1,355953
38,724613	1,392447
38,727390	1,403955
38,730168	1,393105
38,732946	1,377323
38,735724	1,374036
38,738501	1,388831
38,741279	1,413489
38,744057	1,431901
38,746835	1,425326
38,749612	1,415133
38,752390	1,409544
38,755168	1,422367
38,757946	1,436504
38,760723	1,441107
38,763501	1,443409
38,766279	1,463793
38,769057	1,505220
38,771834	1,567688
38,774612	1,631143
38,777390	1,678488
38,780168	1,695914
38,782945	1,696242
38,785723	1,705120
38,788501	1,725175
38,791279	1,750492
38,794056	1,758711
38,796834	1,743587
38,799612	1,715312
38,802390	1,695585
38,805167	1,684406
38,807945	1,676844
38,810723	1,654816
38,813501	1,610430
38,816278	1,556839
38,819056	1,512453
38,821834	1,487466
38,824612	1,472013
38,827389	1,462149
38,830167	1,435189
38,832945	1,410859
38,835723	1,396722
38,838500	1,406256
38,841278	1,419736
38,844056	1,429271
38,846834	1,418750
38,849611	1,399681
38,852389	1,399023
38,855167	1,411846
38,857945	1,436504
38,860722	1,445710
38,863500	1,439135
38,866278	1,421051
38,869056	1,420723
38,871834	1,430257
38,874611	1,449984
38,877389	1,458861
38,880167	1,450642
38,882945	1,435847
38,885722	1,431901
38,888500	1,445053
38,891278	1,455245
38,894056	1,448012
38,896833	1,405270
38,899611	1,367460
38,902389	1,363515
38,905166	1,435847
38,907944	1,601882
38,910722	1,842879
38,913500	2,163443
38,916277	2,540228
38,919055	2,928849
38,921833	3,188259
38,924611	3,195492
38,927388	3,197465
38,930166	3,197136
38,932944	3,191218
38,935722	3,135325
38,938499	2,755252
38,941277	2,192704
38,944055	1,638048
38,946833	1,201754
38,949610	0,954509
38,952388	0,886451
38,955166	0,944975
38,957944	1,060048
38,960721	1,170191
38,963499	1,246797
38,966277	1,299073
38,969055	1,335568
38,971832	1,371405
38,974610	1,395735
38,977388	1,406585
38,980166	1,397050
38,982943	1,383899
38,985721	1,381269
38,988499	1,399681
38,991277	1,422038
38,994054	1,437819
38,996832	1,432888
38,999610	1,417764
39,002388	1,413489
39,005165	1,423682
39,007943	1,437819
39,010721	1,446039
39,013499	1,459848
39,016276	1,483520
39,019054	1,531194
39,021832	1,595306
39,024610	1,658761
39,027387	1,697886
39,030165	1,705777
39,032943	1,702161
39,035721	1,705777
39,038498	1,724847
39,041276	1,748519
39,044054	1,758382
39,046832	1,739971
39,049609	1,710380
39,052387	1,687037
39,055165	1,671255
39,057943	1,658761
39,060720	1,634431
39,063498	1,587744
39,066276	1,533824
39,069054	1,493712
39,071831	1,469711
39,074609	1,464780
39,077387	1,454587
39,080165	1,431573
39,082942	1,404941
39,085720	1,395735
39,088498	1,402968
39,091276	1,421380
39,094054	1,428942
39,096831	1,417435
39,099609	1,401982
39,102387	1,400009
39,105165	1,414476
39,107942	1,437162
39,110720	1,448340
39,113498	1,440450
39,116276	1,425654
39,119053	1,419079
39,121831	1,432230
39,124609	1,451628
39,127387	1,460834
39,130164	1,452286
39,132942	1,439135
39,135720	1,436504
39,138497	1,445381
39,141275	1,451957
39,144053	1,433874
39,146831	1,396722
39,149608	1,365158
39,152386	1,390146
39,155164	1,491082
39,157942	1,697558
39,160719	1,990174
39,163497	2,332437
39,166275	2,721058
39,169053	3,100474
39,171830	3,193519
39,174608	3,196807
39,177386	3,196807
39,180164	3,195492
39,182941	3,184313
39,185719	2,984742
39,188497	2,502418
39,191275	1,924089
39,194052	1,420394
39,196830	1,075172
39,199608	0,909795
39,202386	0,901247
39,205163	0,985744
39,207941	1,105092
39,210719	1,210631
39,213497	1,276387
39,216274	1,314197
39,219052	1,346418
39,221830	1,373378
39,224608	1,399681
39,227385	1,407900
39,230163	1,395406
39,232941	1,382255
39,235719	1,383242
39,238496	1,400996
39,241274	1,423353
39,244052	1,436504
39,246830	1,426970
39,249607	1,417435
39,252385	1,415791
39,255163	1,425654
39,257941	1,434860
39,260718	1,453272
39,263496	1,472670
39,266274	1,502261
39,269052	1,552893
39,271829	1,612732
39,274607	1,667638
39,277385	1,700188
39,280163	1,703804
39,282940	1,701174
39,285718	1,707750
39,288496	1,725833
39,291274	1,747204
39,294051	1,751807
39,296829	1,732737
39,299607	1,701832
39,302385	1,673885
39,305162	1,655802
39,307940	1,641336
39,310718	1,611088
39,313496	1,564401
39,316274	1,512453
39,319051	1,473657
39,321829	1,458533
39,324607	1,452943
39,327385	1,446697
39,330162	1,423682
39,332940	1,400667
39,335718	1,393105
39,338496	1,406256
39,341273	1,423024
39,344051	1,428942
39,346829	1,418421
39,349607	1,401325
39,352384	1,402968
39,355162	1,418421
39,357940	1,440778
39,360717	1,450971
39,363495	1,444066
39,366273	1,424011
39,369051	1,421051
39,371828	1,428285
39,374606	1,448669
39,377384	1,459190
39,380162	1,452286
39,382939	1,439792
39,385717	1,440778
39,388495	1,447683
39,391273	1,443737
39,394050	1,420065
39,396828	1,381598
39,399606	1,364172
39,402384	1,414805
39,405161	1,569990
39,407939	1,811645
39,410717	2,146675
39,413495	2,523131
39,416272	2,901889
39,419050	3,186615
39,421828	3,195492
39,424606	3,197465
39,427383	3,198122
39,430161	3,191547
39,432939	3,143873
39,435717	2,771691
39,438494	2,213746
39,441272	1,666981
39,444050	1,233317
39,446828	0,981798
39,449605	0,892041
39,452383	0,931166
39,455161	1,038020
39,457939	1,157368
39,460716	1,251400
39,463494	1,306306
39,466272	1,337870
39,469050	1,355953
39,471827	1,379625
39,474605	1,400009
39,477383	1,409544
39,480161	1,397379
39,482938	1,383242
39,485716	1,380611
39,488494	1,398366
39,491272	1,420394
39,494049	1,434532
39,496827	1,428285
39,499605	1,414476
39,502383	1,412832
39,505160	1,418750
39,507938	1,435847
39,510716	1,462149
39,513494	1,495356
39,516271	1,524947
39,519049	1,575250
39,521827	1,630815
39,524605	1,679803
39,527382	1,705120
39,530160	1,707092
39,532938	1,701503
39,535716	1,705777
39,538494	1,720901
39,541271	1,738984
39,544049	1,742601
39,546827	1,719915
39,549605	1,687365
39,552382	1,659090
39,555160	1,640678
39,557938	1,623910
39,560716	1,596621
39,563493	1,546318
39,566271	1,494699
39,569049	1,457875
39,571827	1,440778
39,574604	1,443080
39,577382	1,441107
39,580160	1,421380
39,582937	1,398366
39,585715	1,394420
39,588493	1,400009
39,591271	1,421051
39,594048	1,426970
39,596826	1,419408
39,599604	1,405928
39,602382	1,407571
39,605159	1,419408
39,607937	1,438806
39,610715	1,448012
39,613493	1,432559
39,616270	1,419736
39,619048	1,415462
39,621826	1,433874
39,624604	1,454587
39,627381	1,465437
39,630159	1,453601
39,632937	1,440121
39,635715	1,431901
39,638492	1,429271
39,641270	1,421051
39,644048	1,398366
39,646826	1,370090
39,649603	1,380940
39,652381	1,465108
39,655159	1,662049
39,657937	1,957625
39,660714	2,314683
39,663492	2,709880
39,666270	3,082391
39,669048	3,193848
39,671825	3,196478
39,674603	3,198122
39,677381	3,195492
39,680159	3,184642
39,682936	2,998880
39,685714	2,519843
39,688492	1,938555
39,691270	1,438148
39,694047	1,099502
39,696825	0,924261
39,699603	0,897630
39,702381	0,965359
39,705158	1,082734
39,707936	1,199123
39,710714	1,287237
39,713492	1,333595
39,716269	1,351678
39,719047	1,362857
39,721825	1,379954
39,724603	1,398366
39,727380	1,405270
39,730158	1,394749
39,732936	1,379625
39,735714	1,383570
39,738491	1,396064
39,741269	1,419408
39,744047	1,430257
39,746825	1,422367
39,749602	1,409544
39,752380	1,406914
39,755158	1,412832
39,757936	1,442422
39,760713	1,480561
39,763491	1,513768
39,766269	1,553880
39,769047	1,598594
39,771825	1,646925
39,774602	1,693283
39,777380	1,717613
39,780158	1,718928
39,782936	1,714983
39,785713	1,717285
39,788491	1,728463
39,791269	1,741943
39,794047	1,739971
39,796824	1,712353
39,799602	1,676515
39,802380	1,646267
39,805157	1,623581
39,807935	1,607800
39,810713	1,576237
39,813491	1,530865
39,816268	1,480561
39,819046	1,448012
39,821824	1,438806
39,824602	1,440450
39,827379	1,435189
39,830157	1,416449
39,832935	1,399352
39,835713	1,392447
39,838490	1,403626
39,841268	1,420723
39,844046	1,429600
39,846824	1,421051
39,849601	1,408887
39,852379	1,408229
39,855157	1,423682
39,857935	1,442751
39,860712	1,450971
39,863490	1,440778
39,866268	1,425326
39,869046	1,425983
39,871823	1,440121
39,874601	1,459190
39,877379	1,465766
39,880157	1,455245
39,882934	1,439463
39,885712	1,435189
39,888490	1,429600
39,891268	1,417764
39,894045	1,400009
39,896823	1,382913
39,899601	1,419736
39,902379	1,552564
39,905156	1,782383
39,907934	2,123002
39,910712	2,511952
39,913490	2,896300
39,916267	3,186615
39,919045	3,195163
39,921823	3,196807
39,924601	3,196150
39,927378	3,191875
39,930156	3,155052
39,932934	2,796021
39,935712	2,237419
39,938489	1,685721
39,941267	1,258633
39,944045	1,011060
39,946823	0,913740
39,949600	0,934782
39,952378	1,022567
39,955156	1,131065
39,957934	1,239892
39,960711	1,313540
39,963489	1,348391
39,966267	1,360884
39,969045	1,368775
39,971822	1,386529
39,974600	1,406585
39,977378	1,415462
39,980156	1,401653
39,982933	1,392119
39,985711	1,389488
39,988489	1,406256
39,991267	1,428285
39,994045	1,437491
39,996822	1,432888
39,999600	1,422367
40,002378	1,416120
40,005156	1,422038
40,007933	1,458533
40,010711	1,502918
40,013489	1,541386
40,016267	1,575908
40,019044	1,620622
40,021822	1,665994
40,024600	1,705777
40,027378	1,724847
40,030155	1,724189
40,032933	1,714325
40,035711	1,716956
40,038488	1,730107
40,041266	1,740628
40,044044	1,734052
40,046822	1,703147
40,049599	1,665337
40,052377	1,631472
40,055155	1,612403
40,057933	1,594649
40,060710	1,565387
40,063488	1,516727
40,066266	1,466423
40,069044	1,437819
40,071821	1,431244
40,074599	1,438148
40,077377	1,434532
40,080155	1,414805
40,082932	1,393105
40,085710	1,392447
40,088488	1,403297
40,091266	1,424011
40,094043	1,430586
40,096821	1,420723
40,099599	1,407900
40,102377	1,407900
40,105154	1,419736
40,107932	1,440778
40,110710	1,448998
40,113488	1,437819
40,116265	1,428285
40,119043	1,425983
40,121821	1,441765
40,124599	1,460177
40,127376	1,467739
40,130154	1,453601
40,132932	1,441107
40,135710	1,424339
40,138487	1,412503
40,141265	1,399352
40,144043	1,385214
40,146821	1,394420
40,149598	1,462478
40,152376	1,641336
40,155154	1,922116
40,157932	2,284106
40,160709	2,697057
40,163487	3,074171
40,166265	3,193519
40,169043	3,196150
40,171820	3,196807
40,174598	3,194506
40,177376	3,186615
40,180154	3,035375
40,182931	2,562914
40,185709	1,970118
40,188487	1,457875
40,191265	1,111667
40,194042	0,945303
40,196820	0,910781
40,199598	0,968976
40,202376	1,065309
40,205153	1,179725
40,207931	1,272442
40,210709	1,338527
40,213487	1,363186
40,216265	1,365158
40,219042	1,369761
40,221820	1,384885
40,224598	1,404941
40,227376	1,411846
40,230153	1,400667
40,232931	1,385214
40,235709	1,389817
40,238487	1,407243
40,241264	1,435189
40,244042	1,445381
40,246820	1,436175
40,249598	1,417764
40,252375	1,409215
40,255153	1,425654
40,257931	1,472342
40,260708	1,522974
40,263486	1,557825
40,266264	1,592018
40,269042	1,628513
40,271819	1,670597
40,274597	1,709065
40,277375	1,731751
40,280153	1,730765
40,282930	1,725504
40,285708	1,726490
40,288486	1,734052
40,291264	1,739971
40,294041	1,732409
40,296819	1,700517
40,299597	1,658432
40,302375	1,628842
40,305152	1,604512
40,307930	1,587087
40,310708	1,549605
40,313486	1,500946
40,316263	1,451957
40,319041	1,428285
40,321819	1,420723
40,324597	1,431244
40,327374	1,424997
40,330152	1,409873
40,332930	1,395735
40,335708	1,391132
40,338485	1,407900
40,341263	1,424668
40,344041	1,433874
40,346819	1,422038
40,349596	1,411517
40,352374	1,409215
40,355152	1,426641
40,357930	1,443080
40,360707	1,450971
40,363485	1,440450
40,366263	1,428942
40,369041	1,429600
40,371818	1,446039
40,374596	1,463793
40,377374	1,466423
40,380152	1,455902
40,382929	1,434532
40,385707	1,418092
40,388485	1,400667
40,391263	1,393105
40,394040	1,389160
40,396818	1,430257
40,399596	1,540400
40,402374	1,750163
40,405151	2,083548
40,407929	2,477430
40,410707	2,880189
40,413485	3,185957
40,416262	3,194506
40,419040	3,195163
40,421818	3,194835
40,424596	3,191547
40,427373	3,167546
40,430151	2,840406
40,432929	2,285750
40,435707	1,717285
40,438484	1,269483
40,441262	1,020266
40,444040	0,929851
40,446818	0,944317
40,449596	1,017307
40,452373	1,116270
40,455151	1,217535
40,457929	1,307622
40,460707	1,359240
40,463484	1,375022
40,466262	1,369761
40,469040	1,372720
40,471818	1,383570
40,474595	1,403955
40,477373	1,408558
40,480151	1,401325
40,482928	1,392776
40,485706	1,396064
40,488484	1,417435
40,491262	1,440121
40,494039	1,445710
40,496817	1,433216
40,499595	1,418092
40,502373	1,410530
40,505150	1,440778
40,507928	1,496343
40,510706	1,549605
40,513484	1,589388
40,516261	1,619965
40,519039	1,649555
40,521817	1,683749
40,524595	1,716956
40,527372	1,731751
40,530150	1,727477
40,532928	1,716956
40,535706	1,716627
40,538483	1,725504
40,541261	1,733066
40,544039	1,720572
40,546817	1,683420
40,549594	1,638377
40,552372	1,605498
40,555150	1,584785
40,557928	1,568017
40,560705	1,536783
40,563483	1,486479
40,566261	1,441436
40,569039	1,419079
40,571816	1,423682
40,574594	1,429929
40,577372	1,429271
40,580150	1,414476
40,582927	1,398694
40,585705	1,398037
40,588483	1,411846
40,591261	1,429271
40,594038	1,435847
40,596816	1,422038
40,599594	1,408229
40,602372	1,410202
40,605149	1,426312
40,607927	1,447354
40,610705	1,450971
40,613483	1,439792
40,616260	1,426312
40,619038	1,428285
40,621816	1,443080
40,624594	1,463464
40,627371	1,467081
40,630149	1,452615
40,632927	1,427298
40,635705	1,403297
40,638482	1,388831
40,641260	1,387187
40,644038	1,405270
40,646816	1,467739
40,649593	1,631472
40,652371	1,889238
40,655149	2,247940
40,657927	2,672070
40,660704	3,066609
40,663482	3,192204
40,666260	3,194177
40,669038	3,195163
40,671816	3,194177
40,674593	3,187930
40,677371	3,058718
40,680149	2,601710
40,682927	2,001024
40,685704	1,474314
40,688482	1,120544
40,691260	0,954509
40,694038	0,929193
40,696815	0,978839
40,699593	1,064323
40,702371	1,162300
40,705148	1,257975
40,707926	1,334582
40,710704	1,375351
40,713482	1,378967
40,716259	1,369761
40,719037	1,373049
40,721815	1,388831
40,724593	1,408229
40,727370	1,415791
40,730148	1,406585
40,732926	1,394420
40,735704	1,400667
40,738481	1,420065
40,741259	1,444395
40,744037	1,449327
40,746815	1,433216
40,749592	1,411517
40,752370	1,419736
40,755148	1,459519
40,757926	1,521330
40,760703	1,576894
40,763481	1,610430
40,766259	1,634431
40,769037	1,661391
40,771814	1,694270
40,774592	1,725833
40,777370	1,742272
40,780148	1,737669
40,782925	1,725833
40,785703	1,722874
40,788481	1,727806
40,791259	1,730436
40,794036	1,714654
40,796814	1,676515
40,799592	1,631472
40,802370	1,595964
40,805147	1,573278
40,807925	1,555852
40,810703	1,519686
40,813481	1,473657
40,816258	1,433216
40,819036	1,419408
40,821814	1,419736
40,824592	1,431573
40,827369	1,428613
40,830147	1,415462
40,832925	1,401653
40,835703	1,398366
40,838480	1,415462
40,841258	1,433216
40,844036	1,439135
40,846814	1,424011
40,849591	1,412174
40,852369	1,410859
40,855147	1,431573
40,857925	1,451299
40,860702	1,452943
40,863480	1,442094
40,866258	1,427627
40,869036	1,430257
40,871813	1,445381
40,874591	1,464122
40,877369	1,464122
40,880147	1,447683
40,882924	1,415133
40,885702	1,391132
40,888480	1,380611
40,891258	1,391790
40,894036	1,436833
40,896813	1,541057
40,899591	1,732409
40,902369	2,048369
40,905147	2,435017
40,907924	2,850599
40,910702	3,183656
40,913480	3,194177
40,916258	3,195492
40,919035	3,195821
40,921813	3,191875
40,924591	3,174121
40,927369	2,874600
40,930146	2,325204
40,932924	1,736025
40,935702	1,263894
40,938479	1,002512
40,941257	0,918672
40,944035	0,948263
40,946813	1,022239
40,949590	1,108379
40,952368	1,204384
40,955146	1,288552
40,957924	1,361213
40,960701	1,389160
40,963479	1,386201
40,966257	1,371405
40,969035	1,374364
40,971812	1,389160
40,974590	1,410202
40,977368	1,416120
40,980146	1,409215
40,982923	1,402311
40,985701	1,406256
40,988479	1,426312
40,991257	1,447683
40,994034	1,453601
40,996812	1,429929
40,999590	1,411846
41,002368	1,424668
41,005145	1,479575
41,007923	1,545989
41,010701	1,602539
41,013479	1,635418
41,016256	1,654487
41,019034	1,675858
41,021812	1,705448
41,024590	1,734710
41,027367	1,746546
41,030145	1,737998
41,032923	1,721887
41,035701	1,717285
41,038478	1,721559
41,041256	1,724518
41,044034	1,700188
41,046812	1,655145
41,049589	1,604512
41,052367	1,569990
41,055145	1,548290
41,057923	1,529878
41,060700	1,500946
41,063478	1,456889
41,066256	1,423353
41,069034	1,411188
41,071811	1,420394
41,074589	1,430586
41,077367	1,431901
41,080145	1,412832
41,082922	1,396064
41,085700	1,397708
41,088478	1,412832
41,091256	1,433545
41,094033	1,439792
41,096811	1,428942
41,099589	1,413161
41,102367	1,417435
41,105144	1,432230
41,107922	1,451628
41,110700	1,452943
41,113478	1,439792
41,116255	1,425983
41,119033	1,431244
41,121811	1,444395
41,124589	1,464122
41,127367	1,465437
41,130144	1,440121
41,132922	1,405599
41,135700	1,377652
41,138478	1,375351
41,141255	1,403955
41,144033	1,480561
41,146811	1,631801
41,149589	1,870826
41,152366	2,206513
41,155144	2,623410
41,157922	3,031758
41,160699	3,191547
41,163477	3,195163
41,166255	3,196150
41,169033	3,194835
41,171810	3,189574
41,174588	3,087651
41,177366	2,652671
41,180144	2,049355
41,182921	1,498644
41,185699	1,118901
41,188477	0,941687
41,191255	0,926234
41,194032	0,986401
41,196810	1,071885
41,199588	1,155395
41,202366	1,237262
41,205143	1,316499
41,207921	1,373707
41,210699	1,393105
41,213477	1,385543
41,216254	1,375680
41,219032	1,376008
41,221810	1,394749
41,224588	1,412174
41,227365	1,421051
41,230143	1,411517
41,232921	1,400009
41,235699	1,406256
41,238476	1,427627
41,241254	1,447025
41,244032	1,448669
41,246810	1,424997
41,249587	1,412174
41,252365	1,440778
41,255143	1,501932
41,257921	1,573278
41,260698	1,622595
41,263476	1,649555
41,266254	1,662707
41,269032	1,683420
41,271809	1,713339
41,274587	1,743916
41,277365	1,752464
41,280143	1,737998
41,282920	1,720244
41,285698	1,714325
41,288476	1,716956
41,291254	1,715641
41,294031	1,692626
41,296809	1,644295
41,299587	1,593991
41,302365	1,559140
41,305142	1,536125
41,307920	1,516727
41,310698	1,486479
41,313476	1,447025
41,316253	1,416449
41,319031	1,406256
41,321809	1,410859
41,324587	1,426970
41,327364	1,423682
41,330142	1,408558
41,332920	1,394749
41,335698	1,397708
41,338475	1,413489
41,341253	1,434532
41,344031	1,436175
41,346809	1,425654
41,349587	1,413489
41,352364	1,414805
41,355142	1,432888
41,357920	1,451299
41,360698	1,451299
41,363475	1,436175
41,366253	1,426312
41,369031	1,432559
41,371809	1,452286
41,374586	1,471026
41,377364	1,466752
41,380142	1,434532
41,382919	1,392119
41,385697	1,366802
41,388475	1,374364
41,391253	1,434532
41,394030	1,545660
41,396808	1,732737
41,399586	2,024039
41,402364	2,391289
41,405141	2,808514
41,407919	3,179053
41,410697	3,193519
41,413475	3,195821
41,416252	3,196150
41,419030	3,193519
41,421808	3,178395
41,424586	2,917342
41,427363	2,390303
41,430141	1,793891
41,432919	1,298744
41,435697	1,009416
41,438474	0,912425
41,441252	0,947934
41,444030	1,034403
41,446808	1,117257
41,449585	1,195507
41,452363	1,270798
41,455141	1,338198
41,457919	1,385872
41,460696	1,398037
41,463474	1,382913
41,466252	1,369761
41,469030	1,375022
41,471807	1,392776
41,474585	1,417435
41,477363	1,425326
41,480141	1,413161
41,482918	1,402311
41,485696	1,409873
41,488474	1,428285
41,491252	1,447025
41,494029	1,444395
41,496807	1,420394
41,499585	1,423024
41,502363	1,462149
41,505140	1,527577
41,507918	1,599252
41,510696	1,647254
41,513474	1,665666
41,516251	1,673885
41,519029	1,689996
41,521807	1,716627
41,524585	1,742601
41,527362	1,749176
41,530140	1,735696
41,532918	1,714654
41,535696	1,704462
41,538473	1,705448
41,541251	1,701174
41,544029	1,671255
41,546807	1,627198
41,549584	1,577881
41,552362	1,542701
41,555140	1,520344
41,557918	1,499630
41,560695	1,470698
41,563473	1,434860
41,566251	1,411188
41,569029	1,407243
41,571807	1,421709
41,574584	1,430586
41,577362	1,426641
41,580140	1,405599
41,582918	1,391461
41,585695	1,395735
41,588473	1,417764
41,591251	1,437491
41,594029	1,438477
41,596806	1,424011
41,599584	1,409544
41,602362	1,415791
41,605139	1,432230
41,607917	1,452615
41,610695	1,452615
41,613473	1,440450
41,616250	1,427956
41,619028	1,434532
41,621806	1,451299
41,624584	1,471355
41,627361	1,462478
41,630139	1,424011
41,632917	1,379296
41,635695	1,361213
41,638472	1,385214
41,641250	1,467081
41,644028	1,631143
41,646806	1,859976
41,649583	2,181197
41,652361	2,587901
41,655139	2,997236
41,657917	3,192533
41,660694	3,195821
41,663472	3,196478
41,666250	3,195821
41,669028	3,189903
41,671805	3,103104
41,674583	2,693112
41,677361	2,106892
41,680139	1,549605
41,682916	1,137312
41,685694	0,934454
41,688472	0,904863
41,691250	0,981470
41,694027	1,076816
41,696805	1,161642
41,699583	1,231015
41,702361	1,300060
41,705138	1,358254
41,707916	1,394749
41,710694	1,402640
41,713472	1,388173
41,716249	1,378639
41,719027	1,378967
41,721805	1,401653
41,724583	1,423024
41,727360	1,430586
41,730138	1,417435
41,732916	1,409873
41,735694	1,416449
41,738471	1,436504
41,741249	1,454259
41,744027	1,444395
41,746805	1,429929
41,749582	1,439463
41,752360	1,489109
41,755138	1,556839
41,757916	1,626541
41,760693	1,663364
41,763471	1,675529
41,766249	1,676844
41,769027	1,694599
41,771804	1,721559
41,774582	1,748848
41,777360	1,751807
41,780138	1,731751
41,782915	1,711038
41,785693	1,700845
41,788471	1,698544
41,791249	1,690324
41,794027	1,657775
41,796804	1,601553
41,799582	1,558483
41,802360	1,523960
41,805138	1,506864
41,807915	1,489109
41,810693	1,463793
41,813471	1,428285
41,816249	1,406256
41,819026	1,401982
41,821804	1,411846
41,824582	1,428613
41,827359	1,424668
41,830137	1,406914
41,832915	1,391461
41,835693	1,398037
41,838470	1,414805
41,841248	1,438806
41,844026	1,438806
41,846804	1,427298
41,849581	1,415133
41,852359	1,418750
41,855137	1,436175
41,857915	1,453601
41,860692	1,453930
41,863470	1,439792
41,866248	1,432230
41,869026	1,435847
41,871803	1,454259
41,874581	1,468067
41,877359	1,450313
41,880137	1,406256
41,882914	1,367131
41,885692	1,355295
41,888470	1,411846
41,891248	1,531194
41,894025	1,726819
41,896803	2,011874
41,899581	2,361699
41,902359	2,768403
41,905136	3,158997
41,907914	3,194506
41,910692	3,197794
41,913470	3,196478
41,916247	3,194177
41,919025	3,179711
41,921803	2,932466
41,924581	2,428113
41,927358	1,839920
41,930136	1,336554
41,932914	1,019279
41,935692	0,896315
41,938469	0,926892
41,941247	1,022239
41,944025	1,124161
41,946803	1,199123
41,949580	1,259291
41,952358	1,315184
41,955136	1,365816
41,957914	1,396722
41,960691	1,401982
41,963469	1,386529
41,966247	1,375351
41,969025	1,380940
41,971802	1,397708
41,974580	1,420723
41,977358	1,426641
41,980136	1,417764
41,982913	1,409215
41,985691	1,419408
41,988469	1,435189
41,991247	1,449984
41,994024	1,439463
41,996802	1,438477
41,999580	1,460177
42,002358	1,510480
42,005135	1,580840
42,007913	1,644952
42,010691	1,677831
42,013469	1,683420
42,016246	1,687365
42,019024	1,703476
42,021802	1,729778
42,024580	1,750820
42,027358	1,750492
42,030135	1,730436
42,032913	1,708079
42,035691	1,694270
42,038469	1,692626
42,041246	1,683420
42,044024	1,648240
42,046802	1,594320
42,049580	1,542043
42,052357	1,512782
42,055135	1,494370
42,057913	1,482863
42,060690	1,458533
42,063468	1,430257
42,066246	1,406914
42,069024	1,403626
42,071801	1,416449
42,074579	1,428285
42,077357	1,424668
42,080135	1,408887
42,082912	1,397708
42,085690	1,403955
42,088468	1,424668
42,091246	1,441765
42,094023	1,442751
42,096801	1,426312
42,099579	1,414147
42,102357	1,419079
42,105134	1,440121
42,107912	1,456560
42,110690	1,456231
42,113468	1,442094
42,116245	1,429271
42,119023	1,440450
42,121801	1,455902
42,124579	1,462807
42,127356	1,438806
42,130134	1,392119
42,132912	1,357596
42,135690	1,370090
42,138467	1,448340
42,141245	1,622266
42,144023	1,858332
42,146801	2,173964
42,149578	2,558639
42,152356	2,954165
42,155134	3,190560
42,157912	3,196478
42,160689	3,196807
42,163467	3,196478
42,166245	3,189903
42,169023	3,119214
42,171800	2,725332
42,174578	2,153579
42,177356	1,599909
42,180134	1,170191
42,182911	0,940372
42,185689	0,891383
42,188467	0,956482
42,191245	1,069912
42,194022	1,166245
42,196800	1,235289
42,199578	1,290525
42,202356	1,340171
42,205133	1,379625
42,207911	1,405599
42,210689	1,401982
42,213467	1,386529
42,216244	1,378967
42,219022	1,384228
42,221800	1,405599
42,224578	1,426312
42,227355	1,427627
42,230133	1,419736
42,232911	1,411846
42,235689	1,420394
42,238466	1,439792
42,241244	1,448340
42,244022	1,443080
42,246800	1,449656
42,249578	1,478588
42,252355	1,534153
42,255133	1,601553
42,257911	1,659090
42,260689	1,685393
42,263466	1,688352
42,266244	1,688680
42,269022	1,707092
42,271800	1,733724
42,274577	1,757067
42,277355	1,755094
42,280133	1,732409
42,282910	1,705448
42,285688	1,688023
42,288466	1,678488
42,291244	1,660734
42,294021	1,625225
42,296799	1,573935
42,299577	1,527906
42,302355	1,498315
42,305132	1,484507
42,307910	1,474314
42,310688	1,452943
42,313466	1,420723
42,316243	1,396393
42,319021	1,397708
42,321799	1,412832
42,324577	1,428613
42,327354	1,425326
42,330132	1,410859
42,332910	1,400996
42,335688	1,410202
42,338465	1,428285
42,341243	1,448340
42,344021	1,443737
42,346799	1,429600
42,349576	1,419408
42,352354	1,425326
42,355132	1,442422
42,357910	1,457218
42,360687	1,456231
42,363465	1,441765
42,366243	1,436833
42,369021	1,440778
42,371798	1,458204
42,374576	1,457218
42,377354	1,430586
42,380132	1,382584
42,382909	1,357925
42,385687	1,395078
42,388465	1,511138
42,391243	1,718600
42,394020	2,011545
42,396798	2,353150
42,399576	2,746375
42,402354	3,129078
42,405131	3,194506
42,407909	3,196478
42,410687	3,196807
42,413465	3,193848
42,416242	3,181683
42,419020	2,961727
42,421798	2,471512
42,424576	1,891868
42,427353	1,387844
42,430131	1,050843
42,432909	0,898616
42,435687	0,906178
42,438464	1,003827
42,441242	1,118572
42,444020	1,216220
42,446798	1,275072
42,449575	1,320115
42,452353	1,354309
42,455131	1,384885
42,457909	1,401325
42,460686	1,400667
42,463464	1,384557
42,466242	1,374036
42,469020	1,385214
42,471798	1,405928
42,474575	1,426641
42,477353	1,429600
42,480131	1,421051
42,482909	1,411188
42,485686	1,422367
42,488464	1,435518
42,491242	1,445710
42,494020	1,452286
42,496797	1,467739
42,499575	1,503905
42,502353	1,563086
42,505130	1,625883
42,507908	1,676844
42,510686	1,697886
42,513464	1,698215
42,516241	1,700188
42,519019	1,715641
42,521797	1,739971
42,524575	1,757725
42,527352	1,750163
42,530130	1,722874
42,532908	1,695256
42,535686	1,676515
42,538463	1,665008
42,541241	1,644952
42,544019	1,603855
42,546797	1,552893
42,549574	1,504233
42,552352	1,476287
42,555130	1,461492
42,557908	1,457218
42,560685	1,434860
42,563463	1,411188
42,566241	1,389817
42,569019	1,393105
42,571796	1,408887
42,574574	1,425983
42,577352	1,421380
42,580130	1,409215
42,582907	1,402968
42,585685	1,407243
42,588463	1,425983
42,591241	1,439135
42,594018	1,438148
42,596796	1,421380
42,599574	1,413161
42,602352	1,418421
42,605129	1,439792
42,607907	1,456560
42,610685	1,457546
42,613463	1,445053
42,616240	1,434203
42,619018	1,441107
42,621796	1,448669
42,624574	1,444066
42,627351	1,407900
42,630129	1,370090
42,632907	1,358912
42,635685	1,429271
42,638462	1,593333
42,641240	1,836304
42,644018	2,160155
42,646796	2,535953
42,649573	2,919643
42,652351	3,189903
42,655129	3,196478
42,657907	3,196807
42,660684	3,195163
42,663462	3,189903
42,666240	3,127105
42,669018	2,742758
42,671795	2,182512
42,674573	1,639034
42,677351	1,208987
42,680129	0,959112
42,682906	0,885794
42,685684	0,938399
42,688462	1,051500
42,691240	1,167560
42,694018	1,251729
42,696795	1,302690
42,699573	1,337212
42,702351	1,370419
42,705129	1,397050
42,707906	1,415791
42,710684	1,405270
42,713462	1,387516
42,716240	1,375680
42,719017	1,386201
42,721795	1,408887
42,724573	1,431244
42,727350	1,433874
42,730128	1,423024
42,732906	1,417435
42,735684	1,421051
42,738461	1,432888
42,741239	1,445053
42,744017	1,460177
42,746795	1,482863
42,749572	1,523960
42,752350	1,580840
42,755128	1,642651
42,757906	1,687037
42,760683	1,701174
42,763461	1,700188
42,766239	1,703804
42,769017	1,720901
42,771794	1,742601
42,774572	1,756738
42,777350	1,743258
42,780128	1,710380
42,782905	1,679475
42,785683	1,660734
42,788461	1,648569
42,791239	1,630486
42,794016	1,591361
42,796794	1,537440
42,799572	1,489767
42,802350	1,464780
42,805127	1,455245
42,807905	1,449656
42,810683	1,433874
42,813461	1,404941
42,816238	1,387844
42,819016	1,393763
42,821794	1,413161
42,824572	1,428613
42,827349	1,430586
42,830127	1,413489
42,832905	1,404941
42,835683	1,411846
42,838460	1,429271
42,841238	1,444724
42,844016	1,443080
42,846794	1,428285
42,849571	1,419079
42,852349	1,429929
42,855127	1,448340
42,857905	1,465766
42,860682	1,460505
42,863460	1,444066
42,866238	1,432888
42,869016	1,437819
42,871793	1,440778
42,874571	1,430257
42,877349	1,400009
42,880127	1,367789
42,882904	1,387516
42,885682	1,482534
42,888460	1,686379
42,891238	1,986557
42,894015	2,336711
42,896793	2,725004
42,899571	3,099487
42,902349	3,194835
42,905126	3,196478
42,907904	3,195821
42,910682	3,194835
42,913460	3,182670
42,916237	2,981126
42,919015	2,496171
42,921793	1,918499
42,924571	1,420723
42,927349	1,079447
42,930126	0,915056
42,932904	0,900918
42,935682	0,982127
42,938460	1,101804
42,941237	1,212275
42,944015	1,283620
42,946793	1,322746
42,949571	1,346089
42,952348	1,365816
42,955126	1,388502
42,957904	1,404941
42,960681	1,401325
42,963459	1,385872
42,966237	1,380940
42,969015	1,391132
42,971792	1,412503
42,974570	1,430915
42,977348	1,432559
42,980126	1,420065
42,982903	1,412832
42,985681	1,418750
42,988459	1,426970
42,991237	1,450313
42,994014	1,475958
42,996792	1,503905
42,999570	1,548948
43,002348	1,605498
43,005125	1,660734
43,007903	1,701832
43,010681	1,711366
43,013459	1,705448
43,016236	1,708407
43,019014	1,724189
43,021792	1,744245
43,024570	1,753779
43,027347	1,737669
43,030125	1,703804
43,032903	1,672899
43,035681	1,652186
43,038458	1,637390
43,041236	1,615033
43,044014	1,571963
43,046792	1,518700
43,049569	1,473328
43,052347	1,450313
43,055125	1,446039
43,057903	1,448012
43,060680	1,432559
43,063458	1,408887
43,066236	1,397050
43,069014	1,402968
43,071791	1,420723
43,074569	1,432888
43,077347	1,426641
43,080125	1,408887
43,082902	1,401325
43,085680	1,409873
43,088458	1,433874
43,091236	1,448669
43,094013	1,448669
43,096791	1,431573
43,099569	1,421380
43,102347	1,430586
43,105124	1,454587
43,107902	1,467739
43,110680	1,463136
43,113458	1,444395
43,116235	1,433874
43,119013	1,434532
43,121791	1,434532
43,124569	1,418092
43,127346	1,387516
43,130124	1,372392
43,132902	1,416120
43,135680	1,565387
43,138457	1,803426
43,141235	2,146675
43,144013	2,531350
43,146791	2,911752
43,149569	3,187601
43,152346	3,194835
43,155124	3,195492
43,157902	3,196150
43,160680	3,189574
43,163457	3,148805
43,166235	2,780568
43,169013	2,221308
43,171791	1,673228
43,174568	1,243180
43,177346	0,992319
43,180124	0,894671
43,182901	0,926563
43,185679	1,028814
43,188457	1,147176
43,191235	1,251729
43,194012	1,314855
43,196790	1,342144
43,199568	1,354309
43,202346	1,373049
43,205123	1,391132
43,207901	1,409215
43,210679	1,402640
43,213457	1,389160
43,216234	1,386201
43,219012	1,400338
43,221790	1,421709
43,224568	1,441107
43,227345	1,440450
43,230123	1,424011
43,232901	1,417435
43,235679	1,415133
43,238456	1,430915
43,241234	1,463464
43,244012	1,498315
43,246790	1,530207
43,249567	1,575250
43,252345	1,624568
43,255123	1,676844
43,257901	1,711366
43,260678	1,721230
43,263456	1,714325
43,266234	1,713339
43,269012	1,726819
43,271789	1,742930
43,274567	1,748519
43,277345	1,728792
43,280123	1,694270
43,282900	1,658761
43,285678	1,636075
43,288456	1,621938
43,291234	1,604183
43,294011	1,560455
43,296789	1,505220
43,299567	1,459519
43,302345	1,436504
43,305122	1,435189
43,307900	1,437491
43,310678	1,425654
43,313456	1,400667
43,316233	1,394091
43,319011	1,399681
43,321789	1,419079
43,324567	1,429271
43,327344	1,425326
43,330122	1,407900
43,332900	1,400667
43,335678	1,410530
43,338455	1,429600
43,341233	1,446039
43,344011	1,442422
43,346789	1,429600
43,349566	1,420723
43,352344	1,432888
43,355122	1,450313
43,357900	1,465766
43,360677	1,456889
43,363455	1,442094
43,366233	1,431901
43,369011	1,426641
43,371789	1,421051
43,374566	1,406256
43,377344	1,382255
43,380122	1,390804
43,382900	1,472013
43,385677	1,661391
43,388455	1,955652
43,391233	2,317642
43,394011	2,720072
43,396788	3,087322
43,399566	3,192204
43,402344	3,194506
43,405121	3,194506
43,407899	3,193848
43,410677	3,184642
43,413455	3,013017
43,416232	2,536611
43,419010	1,951706
43,421788	1,448669
43,424566	1,110352
43,427343	0,939385
43,430121	0,911439
43,432899	0,973579
43,435677	1,082734
43,438454	1,198795
43,441232	1,291840
43,444010	1,343130
43,446788	1,363186
43,449565	1,369761
43,452343	1,383242
43,455121	1,404284
43,457899	1,414476
43,460676	1,411517
43,463454	1,395078
43,466232	1,391461
43,469010	1,398366
43,471787	1,424997
43,474565	1,444066
43,477343	1,443409
43,480121	1,428613
43,482898	1,417435
43,485676	1,415462
43,488454	1,438806
43,491232	1,484178
43,494009	1,526262
43,496787	1,564072
43,499565	1,601882
43,502343	1,647583
43,505120	1,690324
43,507898	1,722216
43,510676	1,726819
43,513454	1,720901
43,516231	1,719915
43,519009	1,731422
43,521787	1,746546
43,524565	1,750492
43,527342	1,728792
43,530120	1,687694
43,532898	1,650213
43,535676	1,623910
43,538453	1,606814
43,541231	1,585114
43,544009	1,542701
43,546787	1,487137
43,549564	1,449656
43,552342	1,433545
43,555120	1,436175
43,557898	1,438806
43,560675	1,422695
43,563453	1,401653
43,566231	1,394091
43,569009	1,402640
43,571786	1,419079
43,574564	1,434203
43,577342	1,426641
43,580120	1,413818
43,582897	1,405270
43,585675	1,416120
43,588453	1,436175
43,591231	1,449984
43,594008	1,441765
43,596786	1,427627
43,599564	1,419408
43,602342	1,426970
43,605120	1,449656
43,607897	1,464122
43,610675	1,459848
43,613453	1,443737
43,616231	1,427627
43,619008	1,415133
43,621786	1,406585
43,624564	1,394091
43,627341	1,385214
43,630119	1,422367
43,632897	1,544345
43,635675	1,766273
43,638452	2,105248
43,641230	2,495842
43,644008	2,886107
43,646786	3,184971
43,649563	3,193519
43,652341	3,194835
43,655119	3,195492
43,657897	3,192204
43,660674	3,160970
43,663452	2,811145
43,666230	2,250899
43,669008	1,692626
43,671785	1,257647
43,674563	1,012704
43,677341	0,920316
43,680119	0,936755
43,682896	1,019279
43,685674	1,125147
43,688452	1,234632
43,691230	1,318800
43,694007	1,360227
43,696785	1,366145
43,699563	1,364830
43,702341	1,373707
43,705118	1,390146
43,707896	1,403626
43,710674	1,399681
43,713452	1,392119
43,716229	1,389817
43,719007	1,402968
43,721785	1,423682
43,724563	1,440778
43,727340	1,436175
43,730118	1,421380
43,732896	1,410530
43,735674	1,411846
43,738451	1,448669
43,741229	1,501932
43,744007	1,545989
43,746785	1,580840
43,749562	1,619636
43,752340	1,660076
43,755118	1,703147
43,757896	1,730107
43,760673	1,732080
43,763451	1,721559
43,766229	1,717613
43,769007	1,723531
43,771784	1,736025
43,774562	1,735039
43,777340	1,712024
43,780118	1,671913
43,782895	1,633116
43,785673	1,609773
43,788451	1,594320
43,791229	1,570648
43,794006	1,523632
43,796784	1,471684
43,799562	1,434203
43,802340	1,422695
43,805117	1,431244
43,807895	1,433216
43,810673	1,420723
43,813451	1,399023
43,816228	1,390146
43,819006	1,398037
43,821784	1,418750
43,824562	1,432559
43,827340	1,429929
43,830117	1,412832
43,832895	1,404941
43,835673	1,414805
43,838451	1,433216
43,841228	1,446697
43,844006	1,441765
43,846784	1,426970
43,849562	1,418750
43,852339	1,431573
43,855117	1,451299
43,857895	1,467410
43,860672	1,458861
43,863450	1,442422
43,866228	1,421380
43,869006	1,407571
43,871783	1,396722
43,874561	1,392776
43,877339	1,405928
43,880117	1,465437
43,882894	1,636075
43,885672	1,909951
43,888450	2,272927
43,891228	2,691468
43,894005	3,070555
43,896783	3,191547
43,899561	3,195492
43,902339	3,195492
43,905116	3,194835
43,907894	3,187273
43,910672	3,037347
43,913450	2,566859
43,916227	1,969790
43,919005	1,452615
43,921783	1,109037
43,924561	0,947934
43,927338	0,912754
43,930116	0,966346
43,932894	1,055446
43,935672	1,163944
43,938449	1,263565
43,941227	1,339185
43,944005	1,366145
43,946783	1,367131
43,949560	1,365158
43,952338	1,373378
43,955116	1,396722
43,957894	1,408558
43,960671	1,405928
43,963449	1,393105
43,966227	1,394420
43,969005	1,405599
43,971782	1,429271
43,974560	1,441765
43,977338	1,437819
43,980116	1,420394
43,982893	1,402968
43,985671	1,417106
43,988449	1,465108
43,991227	1,522974
43,994004	1,567031
43,996782	1,600567
43,999560	1,628842
44,002338	1,667967
44,005115	1,701174
44,007893	1,726819
44,010671	1,729121
44,013449	1,719915
44,016226	1,714325
44,019004	1,720244
44,021782	1,727477
44,024560	1,726490
44,027337	1,698215
44,030115	1,653172
44,032893	1,614704
44,035671	1,585443
44,038448	1,571963
44,041226	1,545002
44,044004	1,505549
44,046782	1,453601
44,049560	1,424997
44,052337	1,416777
44,055115	1,427627
44,057893	1,435518
44,060671	1,424997
44,063448	1,404284
44,066226	1,392119
44,069004	1,399681
44,071782	1,416120
44,074559	1,431901
44,077337	1,424668
44,080115	1,413818
44,082892	1,405928
44,085670	1,416777
44,088448	1,433874
44,091226	1,447025
44,094003	1,435518
44,096781	1,420394
44,099559	1,414805
44,102337	1,424668
44,105114	1,448669
44,107892	1,461163
44,110670	1,455245
44,113448	1,433545
44,116225	1,409544
44,119003	1,387844
44,121781	1,385214
44,124559	1,387187
44,127336	1,429271
44,130114	1,535797
44,132892	1,740299
44,135670	2,068096
44,138447	2,462964
44,141225	2,873285
44,144003	3,183985
44,146781	3,193848
44,149558	3,196150
44,152336	3,195821
44,155114	3,193191
44,157892	3,172148
44,160669	2,858161
44,163447	2,301531
44,166225	1,722874
44,169003	1,268168
44,171780	1,015005
44,174558	0,926892
44,177336	0,947276
44,180114	1,014677
44,182891	1,105420
44,185669	1,204055
44,188447	1,295128
44,191225	1,353651
44,194002	1,375022
44,196780	1,367131
44,199558	1,366145
44,202336	1,375680
44,205113	1,395078
44,207891	1,409215
44,210669	1,406914
44,213447	1,396064
44,216224	1,392119
44,219002	1,408887
44,221780	1,428613
44,224558	1,446368
44,227335	1,436504
44,230113	1,419079
44,232891	1,404941
44,235669	1,435189
44,238446	1,490425
44,241224	1,550592
44,244002	1,592676
44,246780	1,619636
44,249557	1,644624
44,252335	1,677831
44,255113	1,713010
44,257891	1,736683
44,260668	1,738655
44,263446	1,726162
44,266224	1,719586
44,269002	1,721230
44,271780	1,729121
44,274557	1,722874
44,277335	1,690982
44,280113	1,642980
44,282891	1,604512
44,285668	1,578538
44,288446	1,562099
44,291224	1,538427
44,294002	1,494370
44,296779	1,448669
44,299557	1,419079
44,302335	1,417764
44,305112	1,428285
44,307890	1,433874
44,310668	1,420065
44,313446	1,402311
44,316223	1,396064
44,319001	1,408229
44,321779	1,429600
44,324557	1,440778
44,327334	1,436833
44,330112	1,420065
44,332890	1,418092
44,335668	1,430257
44,338445	1,453272
44,341223	1,462478
44,344001	1,453601
44,346779	1,435518
44,349556	1,432230
44,352334	1,444724
44,355112	1,465766
44,357890	1,475629
44,360667	1,467081
44,363445	1,435847
44,366223	1,404941
44,369001	1,385214
44,371778	1,385214
44,374556	1,413161
44,377334	1,478588
44,380112	1,631472
44,382889	1,881347
44,385667	2,229528
44,388445	2,654973
44,391223	3,057403
44,394000	3,192204
44,396778	3,195492
44,399556	3,195492
44,402334	3,194835
44,405111	3,188916
44,407889	3,071870
44,410667	2,622752
44,413445	2,017463
44,416222	1,480232
44,419000	1,117585
44,421778	0,953194
44,424556	0,934454
44,427333	0,987716
44,430111	1,068268
44,432889	1,160327
44,435667	1,250085
44,438444	1,331294
44,441222	1,381926
44,444000	1,390804
44,446778	1,380940
44,449555	1,375680
44,452333	1,382913
44,455111	1,404941
44,457889	1,419079
44,460666	1,414147
44,463444	1,398366
44,466222	1,394420
44,469000	1,410202
44,471777	1,435189
44,474555	1,450642
44,477333	1,441107
44,480111	1,415462
44,482888	1,408887
44,485666	1,443080
44,488444	1,507521
44,491222	1,571634
44,493999	1,615362
44,496777	1,639692
44,499555	1,660405
44,502333	1,688023
44,505111	1,721230
44,507888	1,744245
44,510666	1,742930
44,513444	1,730436
44,516222	1,721887
44,518999	1,723531
44,521777	1,729121
44,524555	1,719915
44,527332	1,683749
44,530110	1,633116
44,532888	1,590374
44,535666	1,565058
44,538443	1,549605
44,541221	1,523303
44,543999	1,484507
44,546777	1,437162
44,549554	1,414147
44,552332	1,414476
44,555110	1,425654
44,557888	1,431901
44,560665	1,420394
44,563443	1,399352
44,566221	1,392776
44,568999	1,404284
44,571776	1,425983
44,574554	1,441436
44,577332	1,431244
44,580110	1,417435
44,582887	1,416120
44,585665	1,428613
44,588443	1,448012
44,591221	1,460177
44,593998	1,451299
44,596776	1,433216
44,599554	1,429600
44,602332	1,438477
44,605109	1,459519
44,607887	1,472013
44,610665	1,462807
44,613443	1,427956
44,616220	1,394749
44,618998	1,376666
44,621776	1,388831
44,624554	1,441765
44,627331	1,547633
44,630109	1,733724
44,632887	2,039163
44,635665	2,418907
44,638442	2,838763
44,641220	3,183327
44,643998	3,195492
44,646776	3,197136
44,649553	3,196478
44,652331	3,193519
44,655109	3,177080
44,657887	2,895971
44,660664	2,357096
44,663442	1,764300
44,666220	1,284607
44,668998	1,015334
44,671775	0,926892
44,674553	0,960099
44,677331	1,036376
44,680109	1,114955
44,682886	1,200110
44,685664	1,279346
44,688442	1,351350
44,691220	1,388173
44,693997	1,394749
44,696775	1,376337
44,699553	1,372063
44,702331	1,381269
44,705108	1,402640
44,707886	1,416120
44,710664	1,411846
44,713442	1,397379
44,716219	1,397050
44,718997	1,414805
44,721775	1,435847
44,724553	1,450642
44,727331	1,434860
44,730108	1,411188
44,732886	1,417764
44,735664	1,466752
44,738442	1,532509
44,741219	1,597279
44,743997	1,632459
44,746775	1,650542
44,749553	1,667638
44,752330	1,692626
44,755108	1,721887
44,757886	1,742601
44,760663	1,739313
44,763441	1,722216
44,766219	1,713339
44,768997	1,714654
44,771774	1,720901
44,774552	1,705777
44,777330	1,663693
44,780108	1,610101
44,782885	1,570319
44,785663	1,545331
44,788441	1,529221
44,791219	1,506206
44,793996	1,466752
44,796774	1,430915
44,799552	1,407243
44,802330	1,407900
44,805107	1,418092
44,807885	1,427956
44,810663	1,413489
44,813441	1,399352
44,816218	1,394091
44,818996	1,407243
44,821774	1,429271
44,824552	1,439463
44,827329	1,430915
44,830107	1,414476
44,832885	1,409544
44,835663	1,418750
44,838440	1,442094
44,841218	1,450313
44,843996	1,444724
44,846774	1,428942
44,849551	1,428285
44,852329	1,438806
44,855107	1,461492
44,857885	1,470698
44,860662	1,450642
44,863440	1,410530
44,866218	1,373378
44,868996	1,365487
44,871773	1,397379
44,874551	1,478917
44,877329	1,632459
44,880107	1,865565
44,882884	2,197965
44,885662	2,611574
44,888440	3,022881
44,891218	3,192862
44,893995	3,196807
44,896773	3,196807
44,899551	3,195163
44,902329	3,188259
44,905106	3,088966
44,907884	2,663521
44,910662	2,065794
44,913440	1,512782
44,916217	1,126134
44,918995	0,941687
44,921773	0,925577
44,924551	0,995278
44,927328	1,083392
44,930106	1,159341
44,932884	1,235618
44,935662	1,306964
44,938439	1,365487
44,941217	1,395078
44,943995	1,388831
44,946773	1,375351
44,949551	1,371077
44,952328	1,385872
44,955106	1,407900
44,957884	1,426312
44,960662	1,415791
44,963439	1,404284
44,966217	1,402968
44,968995	1,418421
44,971773	1,440121
44,974550	1,449984
44,977328	1,434532
44,980106	1,417106
44,982883	1,437491
44,985661	1,489438
44,988439	1,561770
44,991217	1,621938
44,993994	1,654816
44,996772	1,665337
44,999550	1,677502
45,002328	1,700517
45,005105	1,730765
45,007883	1,748848
45,010661	1,741614
45,013439	1,723203
45,016216	1,713997
45,018994	1,713010
45,021772	1,713339
45,024550	1,695585
45,027327	1,648569
45,030105	1,592347
45,032883	1,547962
45,035661	1,523960
45,038438	1,508179
45,041216	1,488452
45,043994	1,456560
45,046772	1,420394
45,049549	1,403626
45,052327	1,405928
45,055105	1,421051
45,057883	1,427298
45,060660	1,418092
45,063438	1,397708
45,066216	1,395406
45,068994	1,405928
45,071771	1,427298
45,074549	1,438806
45,077327	1,430257
45,080105	1,414147
45,082882	1,412832
45,085660	1,425983
45,088438	1,446368
45,091216	1,458204
45,093993	1,448340
45,096771	1,433216
45,099549	1,431244
45,102327	1,444395
45,105104	1,463793
45,107882	1,471355
45,110660	1,442094
45,113438	1,397708
45,116215	1,365487
45,118993	1,366145
45,121771	1,427956
45,124549	1,546318
45,127326	1,735039
45,130104	2,023052
45,132882	2,384713
45,135660	2,798651
45,138437	3,176423
45,141215	3,194177
45,143993	3,196807
45,146771	3,196478
45,149548	3,192533
45,152326	3,178067
45,155104	2,926548
45,157882	2,409043
45,160659	1,814604
45,163437	1,311567
45,166215	1,010074
45,168993	0,903877
45,171770	0,939714
45,174548	1,033088
45,177326	1,119229
45,180104	1,193863
45,182882	1,260277
45,185659	1,327349
45,188437	1,379954
45,191215	1,401653
45,193993	1,397379
45,196770	1,381598
45,199548	1,374364
45,202326	1,384885
45,205103	1,407900
45,207881	1,422038
45,210659	1,418421
45,213437	1,408558
45,216214	1,406914
45,218992	1,423024
45,221770	1,442422
45,224548	1,447354
45,227325	1,428942
45,230103	1,424668
45,232881	1,455245
45,235659	1,516398
45,238436	1,590374
45,241214	1,645939
45,243992	1,668625
45,246770	1,674214
45,249547	1,683749
45,252325	1,707092
45,255103	1,736683
45,257881	1,753779
45,260658	1,745231
45,263436	1,720901
45,266214	1,705120
45,268992	1,700188
45,271769	1,699201
45,274547	1,679803
45,277325	1,637062
45,280103	1,583141
45,282880	1,541057
45,285658	1,514754
45,288436	1,496671
45,291214	1,477931
45,293991	1,443737
45,296769	1,414147
45,299547	1,399023
45,302325	1,404284
45,305102	1,420065
45,307880	1,429600
45,310658	1,416777
45,313436	1,400338
45,316213	1,393763
45,318991	1,405270
45,321769	1,426970
45,324547	1,439463
45,327324	1,431573
45,330102	1,417764
45,332880	1,413161
45,335658	1,424997
45,338435	1,448012
45,341213	1,457546
45,343991	1,450642
45,346769	1,434532
45,349546	1,429600
45,352324	1,442094
45,355102	1,462478
45,357880	1,461492
45,360657	1,429271
45,363435	1,382913
45,366213	1,355295
45,368991	1,377323
45,371768	1,459519
45,374546	1,628184
45,377324	1,858990
45,380102	2,177580
45,382879	2,575079
45,385657	2,978495
45,388435	3,191875
45,391213	3,195163
45,393990	3,195163
45,396768	3,194835
45,399546	3,187601
45,402324	3,099487
45,405102	2,691797
45,407879	2,116098
45,410657	1,565716
45,413435	1,146189
45,416213	0,936755
45,418990	0,899932
45,421768	0,974565
45,424546	1,079775
45,427323	1,167889
45,430101	1,232988
45,432879	1,293484
45,435657	1,350692
45,438434	1,392119
45,441212	1,409215
45,443990	1,394420
45,446768	1,378639
45,449545	1,372063
45,452323	1,386858
45,455101	1,409873
45,457879	1,430915
45,460656	1,423682
45,463434	1,415791
45,466212	1,416777
45,468990	1,430257
45,471767	1,449656
45,474545	1,446697
45,477323	1,434860
45,480101	1,439463
45,482878	1,479246
45,485656	1,538098
45,488434	1,612074
45,491212	1,658761
45,493989	1,675529
45,496767	1,677173
45,499545	1,689996
45,502323	1,712024
45,505100	1,742272
45,507878	1,754437
45,510656	1,741614
45,513434	1,717613
45,516211	1,699859
45,518989	1,694599
45,521767	1,687694
45,524545	1,665337
45,527322	1,616348
45,530100	1,566373
45,532878	1,523960
45,535656	1,502918
45,538433	1,486150
45,541211	1,470040
45,543989	1,442094
45,546767	1,415791
45,549544	1,402640
45,552322	1,406914
45,555100	1,425326
45,557878	1,430586
45,560655	1,421380
45,563433	1,398037
45,566211	1,396393
45,568989	1,407571
45,571766	1,431901
45,574544	1,441436
45,577322	1,434532
45,580100	1,416449
45,582877	1,415133
45,585655	1,428942
45,588433	1,449656
45,591211	1,460834
45,593988	1,449327
45,596766	1,434532
45,599544	1,428942
45,602322	1,445053
45,605099	1,458533
45,607877	1,454259
45,610655	1,414476
45,613433	1,376008
45,616210	1,357925
45,618988	1,405270
45,621766	1,523960
45,624544	1,728134
45,627322	2,016477
45,630099	2,360383
45,632877	2,761170
45,635655	3,148147
45,638433	3,193848
45,641210	3,196478
45,643988	3,194835
45,646766	3,191875
45,649544	3,178395
45,652321	2,932466
45,655099	2,436003
45,657877	1,857017
45,660654	1,351678
45,663432	1,028157
45,666210	0,894013
45,668988	0,915384
45,671765	1,016978
45,674543	1,128435
45,677321	1,207014
45,680099	1,267510
45,682876	1,314855
45,685654	1,362199
45,688432	1,396722
45,691210	1,407243
45,693987	1,392447
45,696765	1,376995
45,699543	1,376008
45,702321	1,391461
45,705098	1,417435
45,707876	1,428613
45,710654	1,427956
45,713432	1,414476
45,716209	1,415791
45,718987	1,427627
45,721765	1,443080
45,724543	1,437819
45,727320	1,437819
45,730098	1,452286
45,732876	1,496671
45,735654	1,567360
45,738431	1,632459
45,741209	1,675858
45,743987	1,687694
45,746765	1,687694
45,749542	1,698215
45,752320	1,723860
45,755098	1,749505
45,757876	1,759040
45,760653	1,741614
45,763431	1,713339
45,766209	1,691639
45,768987	1,681118
45,771764	1,670269
45,774542	1,647583
45,777320	1,600238
45,780098	1,543687
45,782875	1,507850
45,785653	1,483191
45,788431	1,474643
45,791209	1,458533
45,793986	1,432230
45,796764	1,404612
45,799542	1,396393
45,802320	1,405599
45,805097	1,425983
45,807875	1,435847
45,810653	1,423682
45,813431	1,407571
45,816208	1,403626
45,818986	1,418421
45,821764	1,436833
45,824542	1,445053
45,827319	1,431244
45,830097	1,418421
45,832875	1,415133
45,835653	1,430586
45,838430	1,450642
45,841208	1,459848
45,843986	1,450642
45,846764	1,437491
45,849542	1,434203
45,852319	1,446039
45,855097	1,460177
45,857875	1,446368
45,860653	1,403626
45,863430	1,364501
45,866208	1,366474
45,868986	1,443409
45,871764	1,617992
45,874541	1,860305
45,877319	2,177909
45,880097	2,557324
45,882874	2,947261
45,885652	3,190889
45,888430	3,195163
45,891208	3,195163
45,893985	3,194177
45,896763	3,188588
45,899541	3,124475
45,902319	2,734538
45,905096	2,169689
45,907874	1,622595
45,910652	1,192548
45,913430	0,951550
45,916207	0,891712
45,918985	0,955825
45,921763	1,070898
45,924541	1,177753
45,927318	1,251729
45,930096	1,299731
45,932874	1,340829
45,935652	1,374364
45,938429	1,401325
45,941207	1,410530
45,943985	1,399352
45,946763	1,382913
45,949540	1,381598
45,952318	1,400667
45,955096	1,425326
45,957874	1,436833
45,960651	1,428285
45,963429	1,419408
45,966207	1,418421
45,968985	1,430257
45,971762	1,441107
45,974540	1,446697
45,977318	1,453601
45,980096	1,477602
45,982873	1,526262
45,985651	1,589717
45,988429	1,651857
45,991207	1,690324
45,993984	1,699530
45,996762	1,699859
45,999540	1,710051
46,002318	1,731751
46,005095	1,754437
46,007873	1,758711
46,010651	1,738655
46,013429	1,707421
46,016206	1,682434
46,018984	1,669611
46,021762	1,654816
46,024540	1,626541
46,027317	1,577223
46,030095	1,525604
46,032873	1,487794
46,035651	1,471026
46,038428	1,466423
46,041206	1,454916
46,043984	1,429929
46,046762	1,402311
46,049539	1,391790
46,052317	1,403297
46,055095	1,421709
46,057873	1,426641
46,060650	1,416777
46,063428	1,400338
46,066206	1,401325
46,068984	1,415133
46,071761	1,436504
46,074539	1,443080
46,077317	1,434532
46,080095	1,420394
46,082873	1,419736
46,085650	1,435847
46,088428	1,455245
46,091206	1,462807
46,093984	1,450642
46,096761	1,434532
46,099539	1,433545
46,102317	1,447354
46,105094	1,448998
46,107872	1,433216
46,110650	1,392776
46,113428	1,364172
46,116205	1,396393
46,118983	1,505549
46,121761	1,713339
46,124539	2,012203
46,127316	2,353808
46,130094	2,740128
46,132872	3,117242
46,135650	3,192862
46,138427	3,194835
46,141205	3,195821
46,143983	3,193519
46,146761	3,181683
46,149538	2,961399
46,152316	2,472170
46,155094	1,897786
46,157872	1,398694
46,160649	1,059062
46,163427	0,901904
46,166205	0,900589
46,168983	0,993634
46,171760	1,114626
46,174538	1,218850
46,177316	1,280333
46,180094	1,320444
46,182871	1,348391
46,185649	1,373378
46,188427	1,395406
46,191205	1,403297
46,193982	1,391461
46,196760	1,377981
46,199538	1,381926
46,202316	1,400996
46,205093	1,426641
46,207871	1,437162
46,210649	1,431901
46,213427	1,418750
46,216204	1,419408
46,218982	1,426641
46,221760	1,437491
46,224538	1,450971
46,227315	1,472999
46,230093	1,503576
46,232871	1,554537
46,235649	1,614704
46,238426	1,670926
46,241204	1,703147
46,243982	1,706763
46,246760	1,705448
46,249537	1,715969
46,252315	1,737340
46,255093	1,754437
46,257871	1,753779
46,260648	1,728134
46,263426	1,697558
46,266204	1,672570
46,268982	1,659419
46,271759	1,643966
46,274537	1,615033
46,277315	1,567360
46,280093	1,513768
46,282870	1,477273
46,285648	1,458861
46,288426	1,455902
46,291204	1,443080
46,293981	1,421051
46,296759	1,394749
46,299537	1,390804
46,302315	1,400009
46,305093	1,418750
46,307870	1,426312
46,310648	1,410859
46,313426	1,399023
46,316204	1,398037
46,318981	1,415462
46,321759	1,437491
46,324537	1,449656
46,327314	1,436175
46,330092	1,425326
46,332870	1,422367
46,335648	1,436504
46,338425	1,455902
46,341203	1,463464
46,343981	1,450971
46,346759	1,434860
46,349536	1,436504
46,352314	1,440778
46,355092	1,442751
46,357870	1,417764
46,360647	1,383899
46,363425	1,365816
46,366203	1,423024
46,368981	1,579853
46,371758	1,831043
46,374536	2,166730
46,377314	2,542529
46,380092	2,919972
46,382869	3,187273
46,385647	3,194177
46,388425	3,196150
46,391203	3,195821
46,393980	3,189574
46,396758	3,134996
46,399536	2,752621
46,402314	2,191718
46,405091	1,647911
46,407869	1,222796
46,410647	0,973579
46,413425	0,889739
46,416202	0,928864
46,418980	1,040650
46,421758	1,161313
46,424536	1,256989
46,427313	1,314855
46,430091	1,340171
46,432869	1,364830
46,435647	1,384885
46,438424	1,406914
46,441202	1,410202
46,443980	1,400009
46,446758	1,383242
46,449535	1,391461
46,452313	1,409873
46,455091	1,432230
46,457869	1,443737
46,460646	1,432230
46,463424	1,417106
46,466202	1,413818
46,468980	1,421709
46,471757	1,439135
46,474535	1,471355
46,477313	1,497000
46,480091	1,531851
46,482868	1,579853
46,485646	1,638705
46,488424	1,688023
46,491202	1,715641
46,493979	1,716627
46,496757	1,710709
46,499535	1,718600
46,502313	1,733395
46,505090	1,749834
46,507868	1,745889
46,510646	1,720572
46,513424	1,686379
46,516201	1,662049
46,518979	1,643308
46,521757	1,629828
46,524535	1,600567
46,527313	1,548619
46,530090	1,497987
46,532868	1,462807
46,535646	1,449984
46,538424	1,449327
46,541201	1,443737
46,543979	1,419079
46,546757	1,401653
46,549534	1,397050
46,552312	1,411517
46,555090	1,426641
46,557868	1,430915
46,560645	1,415791
46,563423	1,402968
46,566201	1,402640
46,568979	1,419408
46,571756	1,439463
46,574534	1,442751
46,577312	1,433216
46,580090	1,419079
46,582867	1,420723
46,585645	1,436504
46,588423	1,458204
46,591201	1,463793
46,593978	1,452943
46,596756	1,439135
46,599534	1,435189
46,602312	1,433874
46,605089	1,425326
46,607867	1,400996
46,610645	1,370090
46,613423	1,380611
46,616200	1,468725
46,618978	1,670926
46,621756	1,974721
46,624534	2,333423
46,627311	2,726976
46,630089	3,096857
46,632867	3,191875
46,635645	3,195163
46,638422	3,195821
46,641200	3,194835
46,643978	3,184313
46,646756	2,983756
46,649533	2,496171
46,652311	1,916856
46,655089	1,422038
46,657867	1,089639
46,660644	0,923604
46,663422	0,899932
46,666200	0,974894
46,668978	1,090625
46,671755	1,206685
46,674533	1,290196
46,677311	1,331294
46,680089	1,351350
46,682866	1,363186
46,685644	1,381598
46,688422	1,403297
46,691200	1,410859
46,693977	1,398366
46,696755	1,390475
46,699533	1,393763
46,702311	1,414476
46,705088	1,440121
46,707866	1,446039
46,710644	1,431244
46,713422	1,415133
46,716199	1,412832
46,718977	1,419079
46,721755	1,447683
46,724533	1,482863
46,727310	1,519357
46,730088	1,557167
46,732866	1,604841
46,735644	1,656460
46,738421	1,701832
46,741199	1,720244
46,743977	1,718600
46,746755	1,712682
46,749533	1,715641
46,752310	1,731751
46,755088	1,747204
46,757866	1,742601
46,760644	1,713997
46,763421	1,678159
46,766199	1,650542
46,768977	1,633774
46,771755	1,614376
46,774532	1,584128
46,777310	1,537112
46,780088	1,483191
46,782865	1,450642
46,785643	1,441107
46,788421	1,445053
46,791199	1,441436
46,793976	1,421380
46,796754	1,398366
46,799532	1,395078
46,802310	1,405599
46,805087	1,423682
46,807865	1,431573
46,810643	1,419408
46,813421	1,404612
46,816198	1,402311
46,818976	1,419408
46,821754	1,438806
46,824532	1,448340
46,827309	1,433216
46,830087	1,419079
46,832865	1,419736
46,835643	1,436833
46,838420	1,458861
46,841198	1,463464
46,843976	1,449656
46,846754	1,435189
46,849531	1,429600
46,852309	1,424668
46,855087	1,417106
46,857865	1,396064
46,860642	1,378639
46,863420	1,418092
46,866198	1,559469
46,868976	1,793562
46,871753	2,140099
46,874531	2,531679
46,877309	2,913725
46,880087	3,185629
46,882864	3,194177
46,885642	3,195492
46,888420	3,196807
46,891198	3,192204
46,893975	3,150449
46,896753	2,777938
46,899531	2,210130
46,902309	1,659748
46,905086	1,236933
46,907864	0,999224
46,910642	0,910453
46,913420	0,934125
46,916197	1,022896
46,918975	1,134025
46,921753	1,240879
46,924531	1,313211
46,927308	1,346418
46,930086	1,354966
46,932864	1,364830
46,935642	1,381269
46,938419	1,404941
46,941197	1,408558
46,943975	1,399681
46,946753	1,385214
46,949530	1,388502
46,952308	1,407243
46,955086	1,431901
46,957864	1,441436
46,960641	1,430257
46,963419	1,415133
46,966197	1,409215
46,968975	1,422367
46,971752	1,458204
46,974530	1,505877
46,977308	1,540400
46,980086	1,578210
46,982864	1,618979
46,985641	1,662378
46,988419	1,700188
46,991197	1,722216
46,993975	1,719586
46,996752	1,713339
46,999530	1,716956
47,002308	1,730765
47,005085	1,741286
47,007863	1,732737
47,010641	1,701174
47,013419	1,662049
47,016196	1,632130
47,018974	1,609444
47,021752	1,593333
47,024530	1,559469
47,027307	1,506864
47,030085	1,456560
47,032863	1,426970
47,035641	1,423353
47,038418	1,432230
47,041196	1,427627
47,043974	1,406914
47,046752	1,393763
47,049529	1,389488
47,052307	1,407571
47,055085	1,427627
47,057863	1,436833
47,060640	1,420723
47,063418	1,407243
47,066196	1,403626
47,068974	1,420065
47,071751	1,442422
47,074529	1,448669
47,077307	1,438477
47,080085	1,423024
47,082862	1,425654
47,085640	1,439792
47,088418	1,461821
47,091196	1,463793
47,093973	1,455245
47,096751	1,438477
47,099529	1,424668
47,102307	1,413818
47,105084	1,406256
47,107862	1,393763
47,110640	1,403955
47,113418	1,473657
47,116195	1,652186
47,118973	1,943158
47,121751	2,309093
47,124529	2,718099
47,127306	3,090610
47,130084	3,192533
47,132862	3,196150
47,135640	3,196807
47,138417	3,195492
47,141195	3,186286
47,143973	3,018936
47,146751	2,537269
47,149528	1,946775
47,152306	1,439463
47,155084	1,107064
47,157862	0,947934
47,160639	0,922289
47,163417	0,976209
47,166195	1,076159
47,168973	1,182027
47,171750	1,279346
47,174528	1,340829
47,177306	1,361213
47,180084	1,364501
47,182861	1,370090
47,185639	1,385543
47,188417	1,403297
47,191195	1,411188
47,193972	1,398037
47,196750	1,390804
47,199528	1,393105
47,202306	1,414805
47,205084	1,440450
47,207861	1,448998
47,210639	1,434203
47,213417	1,419736
47,216195	1,408229
47,218972	1,429929
47,221750	1,479246
47,224528	1,528563
47,227305	1,569661
47,230083	1,602868
47,232861	1,640021
47,235639	1,678488
47,238416	1,713010
47,241194	1,726819
47,243972	1,724847
47,246750	1,717613
47,249527	1,719915
47,252305	1,729121
47,255083	1,739642
47,257861	1,730107
47,260638	1,694599
47,263416	1,652843
47,266194	1,616019
47,268972	1,595306
47,271749	1,577223
47,274527	1,547633
47,277305	1,497000
47,280083	1,450313
47,282860	1,421380
47,285638	1,420723
47,288416	1,426970
47,291194	1,425654
47,293971	1,410859
47,296749	1,395735
47,299527	1,395078
47,302305	1,408887
47,305082	1,427298
47,307860	1,428942
47,310638	1,417106
47,313416	1,403297
47,316193	1,408558
47,318971	1,424011
47,321749	1,444395
47,324527	1,449656
47,327304	1,438148
47,330082	1,422695
47,332860	1,425326
47,335638	1,440778
47,338415	1,460834
47,341193	1,467739
47,343971	1,453601
47,346749	1,432559
47,349526	1,413489
47,352304	1,398366
47,355082	1,390146
47,357860	1,388173
47,360637	1,424997
47,363415	1,545002
47,366193	1,760684
47,368971	2,097686
47,371748	2,496500
47,374526	2,899259
47,377304	3,186286
47,380082	3,194835
47,382859	3,196478
47,385637	3,196478
47,388415	3,191875
47,391193	3,160970
47,393970	2,811802
47,396748	2,248268
47,399526	1,685064
47,402304	1,250413
47,405081	1,011718
47,407859	0,927878
47,410637	0,947276
47,413415	1,024540
47,416192	1,119887
47,418970	1,221481
47,421748	1,306964
47,424526	1,356939
47,427304	1,367131
47,430081	1,361542
47,432859	1,364501
47,435637	1,382255
47,438415	1,403297
47,441192	1,411517
47,443970	1,402968
47,446748	1,391461
47,449525	1,396722
47,452303	1,415791
47,455081	1,437819
47,457859	1,445381
47,460636	1,435189
47,463414	1,415462
47,466192	1,409215
47,468970	1,441765
47,471747	1,493712
47,474525	1,545660
47,477303	1,585114
47,480081	1,616677
47,482858	1,646925
47,485636	1,682434
47,488414	1,717285
47,491192	1,731751
47,493969	1,727148
47,496747	1,719915
47,499525	1,722545
47,502303	1,731751
47,505080	1,737998
47,507858	1,721230
47,510636	1,681118
47,513414	1,631801
47,516191	1,596621
47,518969	1,574922
47,521747	1,558483
47,524525	1,529221
47,527302	1,480890
47,530080	1,437819
47,532858	1,418421
47,535636	1,419079
47,538413	1,427627
47,541191	1,424997
47,543969	1,406914
47,546747	1,394091
47,549524	1,391132
47,552302	1,407571
47,555080	1,427956
47,557858	1,431573
47,560635	1,420065
47,563413	1,408229
47,566191	1,409215
47,568969	1,424997
47,571746	1,447025
47,574524	1,450642
47,577302	1,438477
47,580080	1,424668
47,582857	1,427298
47,585635	1,443080
47,588413	1,465108
47,591191	1,468725
47,593968	1,456560
47,596746	1,427627
47,599524	1,403955
47,602302	1,388831
47,605079	1,387187
47,607857	1,411846
47,610635	1,478588
47,613413	1,640678
47,616190	1,906663
47,618968	2,265365
47,621746	2,688509
47,624524	3,078445
47,627301	3,193519
47,630079	3,194835
47,632857	3,195492
47,635635	3,195163
47,638412	3,186286
47,641190	3,041950
47,643968	2,574092
47,646746	1,972420
47,649524	1,451299
47,652301	1,104105
47,655079	0,949249
47,657857	0,928864
47,660635	0,983113
47,663412	1,065638
47,666190	1,165588
47,668968	1,256660
47,671746	1,336554
47,674523	1,375680
47,677301	1,378310
47,680079	1,368775
47,682856	1,370090
47,685634	1,386201
47,688412	1,406256
47,691190	1,415791
47,693967	1,401982
47,696745	1,393105
47,699523	1,398037
47,702301	1,420394
47,705078	1,442094
47,707856	1,448012
47,710634	1,431573
47,713412	1,408558
47,716189	1,414805
47,718967	1,456889
47,721745	1,522974
47,724523	1,578210
47,727300	1,612074
47,730078	1,632130
47,732856	1,659748
47,735634	1,690982
47,738411	1,725833
47,741189	1,738984
47,743967	1,732737
47,746745	1,720901
47,749522	1,718928
47,752300	1,724189
47,755078	1,727806
47,757856	1,707092
47,760633	1,666981
47,763411	1,624239
47,766189	1,588073
47,768967	1,573607
47,771744	1,553880
47,774522	1,521988
47,777300	1,475301
47,780078	1,440121
47,782855	1,418750
47,785633	1,423024
47,788411	1,427298
47,791189	1,424997
47,793966	1,410530
47,796744	1,394749
47,799522	1,398694
47,802300	1,416777
47,805077	1,439463
47,807855	1,439135
47,810633	1,427627
47,813411	1,412174
47,816188	1,415791
47,818966	1,430915
47,821744	1,451957
47,824522	1,455245
47,827299	1,439463
47,830077	1,425654
47,832855	1,428613
47,835633	1,446697
47,838410	1,463793
47,841188	1,472670
47,843966	1,448340
47,846744	1,418092
47,849521	1,392447
47,852299	1,386529
47,855077	1,396064
47,857855	1,450971
47,860632	1,556839
47,863410	1,751149
47,866188	2,068424
47,868966	2,461977
47,871743	2,876901
47,874521	3,187273
47,877299	3,195492
47,880077	3,196478
47,882855	3,195163
47,885632	3,191218
47,888410	3,170505
47,891188	2,859147
47,893966	2,303833
47,896743	1,716627
47,899521	1,254030
47,902299	0,998566
47,905076	0,922289
47,907854	0,954181
47,910632	1,026841
47,913410	1,114626
47,916187	1,203398
47,918965	1,292826
47,921743	1,359240
47,924521	1,392776
47,927298	1,387516
47,930076	1,378310
47,932854	1,378639
47,935632	1,397050
47,938409	1,415462
47,941187	1,422038
47,943965	1,413161
47,946743	1,399681
47,949520	1,406914
47,952298	1,427627
47,955076	1,450313
47,957854	1,452615
47,960631	1,435189
47,963409	1,410859
47,966187	1,428613
47,968965	1,478260
47,971742	1,546318
47,974520	1,602868
47,977298	1,633445
47,980076	1,651199
47,982853	1,674214
47,985631	1,706106
47,988409	1,736354
47,991187	1,750163
47,993964	1,738655
47,996742	1,720572
47,999520	1,713339
48,002298	1,714325
48,005075	1,715641
48,007853	1,696900
48,010631	1,654816
48,013409	1,607800
48,016186	1,575908
48,018964	1,553222
48,021742	1,533495
48,024520	1,502261
48,027297	1,457875
48,030075	1,423682
48,032853	1,413489
48,035631	1,417435
48,038408	1,429929
48,041186	1,426970
48,043964	1,411846
48,046742	1,396064
48,049519	1,395078
48,052297	1,409544
48,055075	1,428285
48,057853	1,432230
48,060630	1,418421
48,063408	1,409215
48,066186	1,411188
48,068964	1,429600
48,071741	1,448340
48,074519	1,454916
48,077297	1,441436
48,080075	1,430257
48,082852	1,428942
48,085630	1,444395
48,088408	1,462149
48,091186	1,464780
48,093963	1,439135
48,096741	1,404612
48,099519	1,377652
48,102297	1,372063
48,105075	1,408558
48,107852	1,483849
48,110630	1,642980
48,113408	1,886608
48,116186	2,230185
48,118963	2,646753
48,121741	3,054115
48,124519	3,192862
48,127296	3,194506
48,130074	3,195163
48,132852	3,193191
48,135630	3,186944
48,138407	3,070226
48,141185	2,627026
48,143963	2,025025
48,146741	1,480232
48,149518	1,104105
48,152296	0,934454
48,155074	0,921302
48,157852	0,988703
48,160629	1,074844
48,163407	1,155067
48,166185	1,238906
48,168963	1,316170
48,171740	1,371405
48,174518	1,391461
48,177296	1,384557
48,180074	1,369104
48,182851	1,372720
48,185629	1,388173
48,188407	1,408558
48,191185	1,416120
48,193962	1,406585
48,196740	1,399023
48,199518	1,408229
48,202296	1,426970
48,205073	1,447683
48,207851	1,448998
48,210629	1,422367
48,213407	1,411846
48,216184	1,439792
48,218962	1,499630
48,221740	1,568346
48,224518	1,618650
48,227295	1,643308
48,230073	1,661391
48,232851	1,679803
48,235629	1,709065
48,238406	1,738984
48,241184	1,747861
48,243962	1,735368
48,246740	1,716956
48,249517	1,712024
48,252295	1,713339
48,255073	1,710709
48,257851	1,687694
48,260628	1,641336
48,263406	1,588731
48,266184	1,551907
48,268962	1,533824
48,271739	1,515412
48,274517	1,485493
48,277295	1,444724
48,280073	1,411846
48,282850	1,399681
48,285628	1,408558
48,288406	1,423682
48,291184	1,424339
48,293961	1,408229
48,296739	1,392447
48,299517	1,393434
48,302295	1,412503
48,305072	1,434532
48,307850	1,436175
48,310628	1,424668
48,313406	1,409544
48,316183	1,415133
48,318961	1,432888
48,321739	1,452615
48,324517	1,454587
48,327294	1,444066
48,330072	1,433216
48,332850	1,436833
48,335628	1,455245
48,338406	1,471684
48,341183	1,471355
48,343961	1,435518
48,346739	1,394420
48,349516	1,368118
48,352294	1,374693
48,355072	1,435518
48,357850	1,554208
48,360627	1,743916
48,363405	2,043766
48,366183	2,415619
48,368961	2,831201
48,371738	3,183327
48,374516	3,193848
48,377294	3,195492
48,380072	3,194177
48,382849	3,191218
48,385627	3,174450
48,388405	2,892025
48,391183	2,358082
48,393960	1,765616
48,396738	1,276716
48,399516	0,996594
48,402294	0,906836
48,405071	0,951222
48,407849	1,039335
48,410627	1,122188
48,413405	1,201096
48,416182	1,272442
48,418960	1,339513
48,421738	1,383899
48,424516	1,397708
48,427293	1,381269
48,430071	1,370748
48,432849	1,371077
48,435627	1,390475
48,438404	1,412832
48,441182	1,419079
48,443960	1,411188
48,446738	1,402311
48,449515	1,411188
48,452293	1,429271
48,455071	1,448998
48,457849	1,443080
48,460626	1,422695
48,463404	1,421380
48,466182	1,460505
48,468960	1,526919
48,471737	1,600238
48,474515	1,642980
48,477293	1,659419
48,480071	1,666323
48,482848	1,685064
48,485626	1,715312
48,488404	1,744245
48,491182	1,751149
48,493959	1,735039
48,496737	1,714654
48,499515	1,703476
48,502293	1,703476
48,505070	1,697886
48,507848	1,671255
48,510626	1,623253
48,513404	1,573607
48,516181	1,539084
48,518959	1,517714
48,521737	1,499630
48,524515	1,471684
48,527292	1,437162
48,530070	1,407900
48,532848	1,403626
48,535626	1,409215
48,538403	1,427627
48,541181	1,426641
48,543959	1,410530
48,546737	1,395406
48,549515	1,401653
48,552292	1,416449
48,555070	1,438148
48,557848	1,442094
48,560626	1,427956
48,563403	1,418092
48,566181	1,419079
48,568959	1,436504
48,571737	1,453272
48,574514	1,457546
48,577292	1,441107
48,580070	1,431244
48,582847	1,431573
48,585625	1,448669
48,588403	1,467739
48,591181	1,459190
48,593958	1,421709
48,596736	1,377323
48,599514	1,360884
48,602292	1,386858
48,605069	1,476616
48,607847	1,640349
48,610625	1,874443
48,613403	2,198622
48,616180	2,604340
48,618958	3,013675
48,621736	3,191547
48,624514	3,194506
48,627291	3,194835
48,630069	3,193848
48,632847	3,187930
48,635625	3,084692
48,638402	2,663521
48,641180	2,074014
48,643958	1,520344
48,646736	1,122846
48,649513	0,929193
48,652291	0,910124
48,655069	0,985415
48,657847	1,086351
48,660624	1,167889
48,663402	1,236933
48,666180	1,304991
48,668958	1,362199
48,671735	1,399023
48,674513	1,407243
48,677291	1,394420
48,680069	1,376337
48,682846	1,381269
48,685624	1,398694
48,688402	1,424339
48,691180	1,430915
48,693957	1,424011
48,696735	1,411517
48,699513	1,416449
48,702291	1,431901
48,705068	1,448340
48,707846	1,441436
48,710624	1,429929
48,713402	1,441765
48,716179	1,486808
48,718957	1,555524
48,721735	1,622924
48,724513	1,666323
48,727290	1,678159
48,730068	1,683749
48,732846	1,699201
48,735624	1,724847
48,738401	1,749505
48,741179	1,751807
48,743957	1,731422
48,746735	1,710380
48,749512	1,699859
48,752290	1,696900
48,755068	1,690982
48,757846	1,657775
48,760623	1,606814
48,763401	1,558811
48,766179	1,523303
48,768957	1,498973
48,771734	1,484835
48,774512	1,459190
48,777290	1,430257
48,780068	1,407900
48,782846	1,400009
48,785623	1,413818
48,788401	1,426312
48,791179	1,424011
48,793957	1,406914
48,796734	1,396393
48,799512	1,400667
48,802290	1,423024
48,805067	1,442094
48,807845	1,446039
48,810623	1,430915
48,813401	1,417764
48,816178	1,421051
48,818956	1,437162
48,821734	1,457875
48,824512	1,458533
48,827289	1,446697
48,830067	1,432559
48,832845	1,434860
48,835623	1,449984
48,838400	1,465108
48,841178	1,448998
48,843956	1,408229
48,846734	1,369433
48,849511	1,361871
48,852289	1,418750
48,855067	1,543359
48,857845	1,746217
48,860622	2,038176
48,863400	2,392933
48,866178	2,798322
48,868956	3,174450
48,871733	3,192862
48,874511	3,195492
48,877289	3,194177
48,880067	3,192533
48,882844	3,177738
48,885622	2,919972
48,888400	2,407071
48,891178	1,822495
48,893955	1,318471
48,896733	1,010074
48,899511	0,895986
48,902289	0,928207
48,905066	1,034403
48,907844	1,135011
48,910622	1,212932
48,913400	1,271127
48,916177	1,324389
48,918955	1,369761
48,921733	1,399023
48,924511	1,400338
48,927288	1,385214
48,930066	1,374036
48,932844	1,377652
48,935622	1,400009
48,938399	1,421380
48,941177	1,424668
48,943955	1,413818
48,946733	1,407243
48,949510	1,415133
48,952288	1,432559
48,955066	1,444395
48,957844	1,434532
48,960621	1,431573
48,963399	1,452943
48,966177	1,505220
48,968955	1,576237
48,971732	1,642980
48,974510	1,677502
48,977288	1,684735
48,980066	1,686708
48,982843	1,699530
48,985621	1,725504
48,988399	1,746875
48,991177	1,745560
48,993954	1,724518
48,996732	1,701174
48,999510	1,689667
49,002288	1,683749
49,005066	1,670926
49,007843	1,636404
49,010621	1,584785
49,013399	1,534481
49,016177	1,501274
49,018954	1,484835
49,021732	1,474643
49,024510	1,456560
49,027287	1,428942
49,030065	1,403626
49,032843	1,398037
49,035621	1,408229
49,038398	1,424997
49,041176	1,424668
49,043954	1,408229
49,046732	1,392776
49,049509	1,398694
49,052287	1,416777
49,055065	1,440121
49,057843	1,442422
49,060620	1,428285
49,063398	1,415791
49,066176	1,420394
49,068954	1,437162
49,071731	1,455574
49,074509	1,457875
49,077287	1,440778
49,080065	1,430586
49,082842	1,433545
49,085620	1,450313
49,088398	1,459848
49,091176	1,439463
49,093953	1,391461
49,096731	1,356939
49,099509	1,366802
49,102287	1,447683
49,105064	1,629828
49,107842	1,873785
49,110620	2,193362
49,113398	2,578366
49,116175	2,974221
49,118953	3,190889
49,121731	3,194506
49,124509	3,196150
49,127286	3,194835
49,130064	3,188588
49,132842	3,100145
49,135620	2,688180
49,138397	2,115111
49,141175	1,570648
49,143953	1,154080
49,146731	0,934454
49,149508	0,891054
49,152286	0,966017
49,155064	1,080104
49,157842	1,178739
49,160619	1,246797
49,163397	1,298744
49,166175	1,344445
49,168953	1,380611
49,171730	1,404612
49,174508	1,402311
49,177286	1,387516
49,180064	1,372392
49,182841	1,383899
49,185619	1,405270
49,188397	1,427956
49,191175	1,431244
49,193952	1,422695
49,196730	1,413489
49,199508	1,420394
49,202286	1,437162
49,205063	1,444395
49,207841	1,442751
49,210619	1,446697
49,213397	1,477931
49,216174	1,531522
49,218952	1,603197
49,221730	1,662049
49,224508	1,693283
49,227285	1,695256
49,230063	1,697558
49,232841	1,711695
49,235619	1,736354
49,238397	1,752793
49,241174	1,749176
49,243952	1,723860
49,246730	1,699201
49,249507	1,684406
49,252285	1,676515
49,255063	1,662049
49,257841	1,623253
49,260618	1,571305
49,263396	1,518371
49,266174	1,487794
49,268952	1,472013
49,271729	1,466752
49,274507	1,447683
49,277285	1,421380
49,280063	1,400996
49,282840	1,397379
49,285618	1,413489
49,288396	1,425326
49,291174	1,423353
49,293951	1,404941
49,296729	1,396722
49,299507	1,400996
49,302285	1,424011
49,305062	1,439792
49,307840	1,440450
49,310618	1,425983
49,313396	1,415791
49,316173	1,420723
49,318951	1,438148
49,321729	1,456889
49,324507	1,455574
49,327284	1,444066
49,330062	1,433216
49,332840	1,441107
49,335618	1,454259
49,338395	1,457218
49,341173	1,425654
49,343951	1,382913
49,346729	1,353322
49,349506	1,396064
49,352284	1,516070
49,355062	1,728463
49,357840	2,028313
49,360617	2,373535
49,363395	2,764458
49,366173	3,146175
49,368951	3,192862
49,371728	3,196478
49,374506	3,196150
49,377284	3,194177
49,380062	3,180368
49,382839	2,931151
49,385617	2,429757
49,388395	1,856031
49,391173	1,360556
49,393950	1,038349
49,396728	0,897630
49,399506	0,914398
49,402284	1,010402
49,405061	1,127778
49,407839	1,217535
49,410617	1,274743
49,413395	1,316499
49,416172	1,357268
49,418950	1,386858
49,421728	1,406256
49,424506	1,404941
49,427283	1,388173
49,430061	1,377323
49,432839	1,383899
49,435617	1,405928
49,438394	1,426312
49,441172	1,434860
49,443950	1,420394
49,446728	1,410859
49,449505	1,414147
49,452283	1,428285
49,455061	1,437162
49,457839	1,448998
49,460617	1,469711
49,463394	1,507192
49,466172	1,564729
49,468950	1,629171
49,471728	1,681447
49,474505	1,703476
49,477283	1,703804
49,480061	1,701174
49,482838	1,713997
49,485616	1,737340
49,488394	1,756410
49,491172	1,747861
49,493949	1,721230
49,496727	1,692955
49,499505	1,675200
49,502283	1,662378
49,505060	1,644624
49,507838	1,606814
49,510616	1,554866
49,513394	1,506535
49,516171	1,471026
49,518949	1,462807
49,521727	1,455245
49,524505	1,443080
49,527282	1,414805
49,530060	1,395078
49,532838	1,393763
49,535616	1,409215
49,538393	1,426312
49,541171	1,424339
49,543949	1,410202
49,546727	1,401982
49,549504	1,411517
49,552282	1,427956
49,555060	1,445710
49,557838	1,441107
49,560615	1,429271
49,563393	1,417764
49,566171	1,426970
49,568949	1,441765
49,571726	1,458533
49,574504	1,457875
49,577282	1,445053
49,580060	1,435518
49,582837	1,440778
49,585615	1,449327
49,588393	1,447025
49,591171	1,419079
49,593948	1,378639
49,596726	1,370748
49,599504	1,435189
49,602282	1,604841
49,605059	1,854716
49,607837	2,185800
49,610615	2,565544
49,613393	2,946603
49,616170	3,189574
49,618948	3,195163
49,621726	3,196150
49,624504	3,196150
49,627281	3,189245
49,630059	3,114283
49,632837	2,712181
49,635615	2,145031
49,638392	1,609773
49,641170	1,192548
49,643948	0,959112
49,646726	0,892041
49,649503	0,944975
49,652281	1,055774
49,655059	1,169862
49,657837	1,255345
49,660614	1,304991
49,663392	1,337541
49,666170	1,363515
49,668948	1,390804
49,671725	1,405928
49,674503	1,403626
49,677281	1,390804
49,680059	1,382584
49,682837	1,390475
49,685614	1,414476
49,688392	1,434203
49,691170	1,437491
49,693948	1,420723
49,696725	1,409544
49,699503	1,416449
49,702281	1,426970
49,705058	1,443409
49,707836	1,465437
49,710614	1,493055
49,713392	1,530536
49,716169	1,586758
49,718947	1,643637
49,721725	1,687037
49,724503	1,704791
49,727280	1,700188
49,730058	1,698544
49,732836	1,712682
49,735614	1,735368
49,738391	1,752793
49,741169	1,746217
49,743947	1,716627
49,746725	1,684406
49,749502	1,661063
49,752280	1,643637
49,755058	1,626541
49,757836	1,590374
49,760613	1,536454
49,763391	1,490425
49,766169	1,463464
49,768947	1,453601
49,771724	1,452286
49,774502	1,437819
49,777280	1,409544
49,780058	1,392447
49,782835	1,395078
49,785613	1,409215
49,788391	1,423024
49,791169	1,421709
49,793946	1,407243
49,796724	1,400667
49,799502	1,404941
49,802280	1,427298
49,805057	1,445053
49,807835	1,444395
49,810613	1,429600
49,813391	1,421051
49,816168	1,430257
49,818946	1,447354
49,821724	1,465766
49,824502	1,462478
49,827279	1,447354
49,830057	1,435518
49,832835	1,439135
49,835613	1,442094
49,838390	1,434532
49,841168	1,401325
49,843946	1,371077
49,846724	1,391461
49,849501	1,492397
49,852279	1,698873
49,855057	2,007600
49,857835	2,364329
49,860612	2,753279
49,863390	3,124146
49,866168	3,193519
49,868946	3,195492
49,871723	3,196478
49,874501	3,193848
49,877279	3,181354
49,880057	2,954165
49,882834	2,454087
49,885612	1,877073
49,888390	1,386529
49,891168	1,064323
49,893945	0,912096
49,896723	0,902562
49,899501	0,987388
49,902279	1,101804
49,905057	1,215891
49,907834	1,287566
49,910612	1,328335
49,913390	1,348391
49,916168	1,370090
49,918945	1,389817
49,921723	1,406256
49,924501	1,403297
49,927278	1,387516
49,930056	1,383242
49,932834	1,392776
49,935612	1,412503
49,938389	1,430915
49,941167	1,437819
49,943945	1,421709
49,946723	1,413489
49,949500	1,414147
49,952278	1,424997
49,955056	1,453272
49,957834	1,483520
49,960611	1,510809
49,963389	1,554537
49,966167	1,606156
49,968945	1,659748
49,971722	1,700517
49,974500	1,711695
49,977278	1,707750
49,980056	1,704791
49,982833	1,716627
49,985611	1,736683
49,988389	1,750163
49,991167	1,736025
49,993944	1,707092
49,996722	1,672241
