LabVIEW Measurement	
Writer_Version	2
Reader_Version	2
Separator	Tab
Decimal_Separator	,
Multi_Headings	No
X_Columns	Multi
Time_Pref	Absolute
Operator	Alunos
Description	Cont Acq&Graph Voltage Int Clk - LVM71 - Data File
Date	2023/06/01
Time	12:13:54,6871334999428966759
***End_of_Header***	
	
Channels	1	
Samples	500	
Date	2023/06/01	
Time	12:13:54,6871334999428966759	
Y_Unit_Label	Volts	
X_Dimension	Time	
X0	0,0000000000000000E+0	
Delta_X	0,002778	
***End_of_Header***		
X_Value	Dev1/ai1	Comment
0,000000	1,478917
0,002778	1,500617
0,005555	1,502261
0,008333	1,489109
0,011111	1,474972
0,013889	1,469054
0,016667	1,460834
0,019444	1,449327
0,022222	1,429271
0,025000	1,415462
0,027777	1,457546
0,030555	1,595964
0,033333	1,832687
0,036111	2,179882
0,038888	2,575407
0,041666	2,959426
0,044444	3,191218
0,047222	3,196478
0,049999	3,197794
0,052777	3,197136
0,055555	3,193848
0,058333	3,169518
0,061110	2,846982
0,063888	2,284763
0,066666	1,715969
0,069444	1,274743
0,072221	1,020595
0,074999	0,930508
0,077777	0,961414
0,080555	1,060048
0,083332	1,174465
0,086110	1,283292
0,088888	1,351350
0,091666	1,384557
0,094443	1,394420
0,097221	1,399023
0,099999	1,415791
0,102777	1,432559
0,105554	1,436175
0,108332	1,423682
0,111110	1,412174
0,113888	1,416120
0,116665	1,437491
0,119443	1,459519
0,122221	1,466752
0,124999	1,455902
0,127776	1,442094
0,130554	1,443737
0,133332	1,462478
0,136110	1,488123
0,138887	1,500288
0,141665	1,497000
0,144443	1,492068
0,147221	1,506206
0,149998	1,527577
0,152776	1,553880
0,155554	1,567031
0,158332	1,561442
0,161109	1,554208
0,163887	1,563414
0,166665	1,584456
0,169443	1,611745
0,172220	1,627856
0,174998	1,620951
0,177776	1,611745
0,180554	1,614047
0,183331	1,633445
0,186109	1,657446
0,188887	1,667967
0,191665	1,657446
0,194442	1,646267
0,197220	1,649884
0,199998	1,667310
0,202776	1,692626
0,205553	1,706106
0,208331	1,706763
0,211109	1,714325
0,213887	1,745889
0,216664	1,788630
0,219442	1,829728
0,222220	1,852085
0,224998	1,852743
0,227775	1,853400
0,230553	1,871484
0,233331	1,903704
0,236109	1,936254
0,238886	1,946446
0,241664	1,933295
0,244442	1,915869
0,247220	1,907650
0,249997	1,906992
0,252775	1,908636
0,255553	1,891210
0,258331	1,856360
0,261108	1,813947
0,263886	1,778438
0,266664	1,756410
0,269442	1,738655
0,272220	1,699859
0,274997	1,641993
0,277775	1,576894
0,280553	1,525933
0,283330	1,495685
0,286108	1,473985
0,288886	1,442094
0,291664	1,404284
0,294441	1,371405
0,297219	1,370090
0,299997	1,389160
0,302775	1,412832
0,305553	1,421709
0,308330	1,411517
0,311108	1,398366
0,313886	1,401325
0,316663	1,417435
0,319441	1,435847
0,322219	1,442422
0,324997	1,427956
0,327774	1,412503
0,330552	1,411846
0,333330	1,428285
0,336108	1,449656
0,338886	1,457546
0,341663	1,444395
0,344441	1,427956
0,347219	1,428285
0,349996	1,441107
0,352774	1,460834
0,355552	1,466752
0,358330	1,454916
0,361107	1,440778
0,363885	1,441436
0,366663	1,455574
0,369441	1,474972
0,372218	1,481547
0,374996	1,466423
0,377774	1,449984
0,380552	1,447354
0,383329	1,482205
0,386107	1,536125
0,388885	1,592676
0,391663	1,630815
0,394440	1,664022
0,397218	1,699530
0,399996	1,738327
0,402774	1,772191
0,405551	1,787973
0,408329	1,783041
0,411107	1,775150
0,413885	1,775808
0,416662	1,784356
0,419440	1,795206
0,422218	1,786000
0,424996	1,749834
0,427773	1,702818
0,430551	1,667967
0,433329	1,645939
0,436107	1,631143
0,438884	1,597936
0,441662	1,548619
0,444440	1,501603
0,447218	1,475958
0,449995	1,474643
0,452773	1,482863
0,455551	1,481876
0,458329	1,464122
0,461106	1,448012
0,463884	1,445053
0,466662	1,460177
0,469440	1,474972
0,472217	1,482863
0,474995	1,470369
0,477773	1,458861
0,480551	1,458204
0,483328	1,473657
0,486106	1,495685
0,488884	1,498315
0,491662	1,485164
0,494439	1,465766
0,497217	1,466423
0,499995	1,479575
0,502773	1,503247
0,505551	1,507521
0,508328	1,494370
0,511106	1,470369
0,513884	1,453930
0,516661	1,437491
0,519439	1,431901
0,522217	1,434860
0,524995	1,472999
0,527772	1,590046
0,530550	1,805069
0,533328	2,143058
0,536106	2,544502
0,538883	2,944959
0,541661	3,190560
0,544439	3,195492
0,547217	3,197136
0,549994	3,197136
0,552772	3,193191
0,555550	3,176423
0,558328	2,875915
0,561105	2,314683
0,563883	1,731422
0,566661	1,275730
0,569439	1,031444
0,572217	0,949578
0,574994	0,975551
0,577772	1,052487
0,580550	1,153423
0,583327	1,254030
0,586105	1,346747
0,588883	1,395735
0,591661	1,407900
0,594438	1,399023
0,597216	1,397708
0,599994	1,414476
0,602772	1,434532
0,605549	1,442094
0,608327	1,429271
0,611105	1,419408
0,613883	1,418092
0,616660	1,442094
0,619438	1,464780
0,622216	1,473657
0,624994	1,460505
0,627771	1,448012
0,630549	1,448669
0,633327	1,468067
0,636105	1,497329
0,638882	1,511138
0,641660	1,511138
0,644438	1,504891
0,647216	1,516070
0,649994	1,537769
0,652771	1,566702
0,655549	1,578867
0,658327	1,573935
0,661104	1,564072
0,663882	1,572291
0,666660	1,594320
0,669438	1,621609
0,672215	1,638377
0,674993	1,633445
0,677771	1,623910
0,680549	1,627856
0,683326	1,645610
0,686104	1,668953
0,688882	1,679475
0,691660	1,669282
0,694437	1,659748
0,697215	1,659748
0,699993	1,679475
0,702771	1,704791
0,705548	1,721887
0,708326	1,730436
0,711104	1,743587
0,713882	1,770876
0,716660	1,806385
0,719437	1,844195
0,722215	1,865894
0,724993	1,871155
0,727770	1,875100
0,730548	1,889895
0,733326	1,916527
0,736104	1,942829
0,738881	1,954008
0,741659	1,941514
0,744437	1,913568
0,747215	1,894827
0,749992	1,888909
0,752770	1,886279
0,755548	1,868853
0,758326	1,831372
0,761103	1,785342
0,763881	1,748519
0,766659	1,727477
0,769437	1,702818
0,772214	1,662378
0,774992	1,599252
0,777770	1,532509
0,780548	1,482205
0,783326	1,452615
0,786103	1,435189
0,788881	1,413161
0,791659	1,389488
0,794436	1,368775
0,797214	1,371077
0,799992	1,387844
0,802770	1,413161
0,805547	1,423024
0,808325	1,416120
0,811103	1,401325
0,813881	1,403297
0,816658	1,417106
0,819436	1,435518
0,822214	1,440450
0,824992	1,426970
0,827769	1,414476
0,830547	1,414476
0,833325	1,433874
0,836103	1,449984
0,838880	1,459848
0,841658	1,445710
0,844436	1,430257
0,847214	1,427627
0,849991	1,439463
0,852769	1,458861
0,855547	1,468067
0,858325	1,459190
0,861102	1,445053
0,863880	1,445381
0,866658	1,456231
0,869436	1,474314
0,872213	1,479904
0,874991	1,468067
0,877769	1,452615
0,880547	1,471684
0,883324	1,520673
0,886102	1,589388
0,888880	1,646267
0,891658	1,679475
0,894435	1,698544
0,897213	1,724189
0,899991	1,753779
0,902769	1,785342
0,905546	1,802768
0,908324	1,796850
0,911102	1,782055
0,913880	1,775479
0,916657	1,777452
0,919435	1,781726
0,922213	1,768246
0,924991	1,729449
0,927768	1,678159
0,930546	1,639034
0,933324	1,615691
0,936102	1,596950
0,938879	1,564729
0,941657	1,521988
0,944435	1,479904
0,947213	1,462149
0,949990	1,465108
0,952768	1,475629
0,955546	1,476287
0,958324	1,464780
0,961101	1,446368
0,963879	1,443080
0,966657	1,455574
0,969435	1,475301
0,972212	1,484507
0,974990	1,474972
0,977768	1,460834
0,980546	1,461492
0,983323	1,476287
0,986101	1,493712
0,988879	1,498973
0,991657	1,488123
0,994434	1,470040
0,997212	1,470698
0,999990	1,484507
1,002768	1,505220
1,005545	1,512782
1,008323	1,495028
1,011101	1,460177
1,013879	1,429600
1,016656	1,415462
1,019434	1,428942
1,022212	1,486808
1,024990	1,601882
1,027767	1,795535
1,030545	2,110509
1,033323	2,499130
1,036101	2,917342
1,038879	3,190560
1,041656	3,194835
1,044434	3,196807
1,047212	3,197136
1,049989	3,194177
1,052767	3,181683
1,055545	2,921945
1,058323	2,371233
1,061101	1,768246
1,063878	1,287895
1,066656	1,021252
1,069434	0,942673
1,072211	0,980812
1,074989	1,062679
1,077767	1,147833
1,080545	1,238906
1,083322	1,321759
1,086100	1,390804
1,088878	1,421709
1,091656	1,418421
1,094433	1,400667
1,097211	1,397708
1,099989	1,413489
1,102767	1,437491
1,105544	1,447354
1,108322	1,439463
1,111100	1,426641
1,113878	1,428613
1,116656	1,448340
1,119433	1,468725
1,122211	1,477273
1,124989	1,465437
1,127766	1,452615
1,130544	1,453272
1,133322	1,472670
1,136100	1,503247
1,138877	1,521988
1,141655	1,523632
1,144433	1,509494
1,147211	1,514754
1,149988	1,533824
1,152766	1,563086
1,155544	1,577552
1,158322	1,576894
1,161099	1,568675
1,163877	1,574264
1,166655	1,594320
1,169433	1,621280
1,172210	1,636404
1,174988	1,631143
1,177766	1,619965
1,180544	1,621280
1,183321	1,639692
1,186099	1,661391
1,188877	1,673228
1,191655	1,665008
1,194433	1,652843
1,197210	1,655473
1,199988	1,679146
1,202766	1,711038
1,205543	1,740628
1,208321	1,758711
1,211099	1,770876
1,213877	1,793891
1,216654	1,824468
1,219432	1,858332
1,222210	1,880689
1,224988	1,886936
1,227765	1,889895
1,230543	1,902389
1,233321	1,921130
1,236099	1,943158
1,238876	1,950391
1,241654	1,934939
1,244432	1,902389
1,247210	1,879046
1,249988	1,868196
1,252765	1,865894
1,255543	1,850113
1,258321	1,806385
1,261098	1,755752
1,263876	1,714983
1,266654	1,687037
1,269432	1,659419
1,272209	1,616348
1,274987	1,552564
1,277765	1,489767
1,280543	1,444395
1,283320	1,420723
1,286098	1,417435
1,288876	1,411517
1,291654	1,397050
1,294431	1,380282
1,297209	1,382255
1,299987	1,398694
1,302765	1,425983
1,305542	1,434532
1,308320	1,425326
1,311098	1,404941
1,313876	1,402640
1,316653	1,413161
1,319431	1,432888
1,322209	1,444395
1,324987	1,436833
1,327765	1,420394
1,330542	1,415791
1,333320	1,431573
1,336098	1,450313
1,338875	1,462478
1,341653	1,448340
1,344431	1,431573
1,347209	1,428942
1,349986	1,444066
1,352764	1,462478
1,355542	1,473985
1,358320	1,463464
1,361097	1,446039
1,363875	1,447354
1,366653	1,458204
1,369431	1,478260
1,372208	1,486150
1,374986	1,475958
1,377764	1,472013
1,380542	1,503576
1,383319	1,561770
1,386097	1,634103
1,388875	1,690653
1,391653	1,719586
1,394430	1,730107
1,397208	1,743916
1,399986	1,765616
1,402764	1,793233
1,405541	1,808028
1,408319	1,798165
1,411097	1,779424
1,413875	1,766602
1,416652	1,762985
1,419430	1,759369
1,422208	1,741614
1,424986	1,696242
1,427763	1,643308
1,430541	1,604841
1,433319	1,580182
1,436097	1,565716
1,438874	1,540400
1,441652	1,505549
1,444430	1,468067
1,447208	1,451299
1,449985	1,451957
1,452763	1,470369
1,455541	1,476287
1,458319	1,467410
1,461097	1,448669
1,463874	1,444066
1,466652	1,455245
1,469430	1,473328
1,472207	1,483849
1,474985	1,474972
1,477763	1,461163
1,480541	1,455902
1,483318	1,471684
1,486096	1,486150
1,488874	1,497987
1,491652	1,488781
1,494429	1,475629
1,497207	1,471355
1,499985	1,486479
1,502763	1,503905
1,505540	1,505549
1,508318	1,477602
1,511096	1,428285
1,513874	1,400009
1,516652	1,403955
1,519429	1,473985
1,522207	1,603526
1,524985	1,800795
1,527762	2,095385
1,530540	2,461649
1,533318	2,873285
1,536096	3,187601
1,538873	3,195163
1,541651	3,197465
1,544429	3,196807
1,547207	3,196150
1,549984	3,182341
1,552762	2,948247
1,555540	2,424496
1,558318	1,820193
1,561095	1,310909
1,563873	1,016649
1,566651	0,924590
1,569429	0,972264
1,572207	1,075172
1,574984	1,168547
1,577762	1,244495
1,580540	1,308937
1,583317	1,367789
1,586095	1,414805
1,588873	1,432230
1,591651	1,423353
1,594428	1,403955
1,597206	1,399352
1,599984	1,412832
1,602762	1,440121
1,605539	1,455245
1,608317	1,451299
1,611095	1,437162
1,613873	1,434532
1,616650	1,447025
1,619428	1,468067
1,622206	1,480232
1,624984	1,475629
1,627761	1,469054
1,630539	1,471355
1,633317	1,491082
1,636095	1,520015
1,638872	1,540071
1,641650	1,537112
1,644428	1,525933
1,647206	1,528563
1,649983	1,548948
1,652761	1,575908
1,655539	1,593333
1,658317	1,591690
1,661094	1,581826
1,663872	1,587415
1,666650	1,609444
1,669428	1,637062
1,672206	1,649884
1,674983	1,649555
1,677761	1,636733
1,680539	1,637062
1,683316	1,652186
1,686094	1,675529
1,688872	1,691639
1,691650	1,687037
1,694427	1,672241
1,697205	1,674214
1,699983	1,694599
1,702761	1,732409
1,705538	1,770547
1,708316	1,789617
1,711094	1,797836
1,713872	1,813947
1,716649	1,840578
1,719427	1,876744
1,722205	1,905019
1,724983	1,913896
1,727761	1,911595
1,730538	1,915869
1,733316	1,930664
1,736094	1,950063
1,738871	1,951706
1,741649	1,925733
1,744427	1,885292
1,747205	1,860305
1,749982	1,848140
1,752760	1,841893
1,755538	1,821509
1,758316	1,777123
1,761093	1,725504
1,763871	1,682105
1,766649	1,649555
1,769427	1,616677
1,772204	1,571634
1,774982	1,514097
1,777760	1,457218
1,780538	1,415462
1,783316	1,398694
1,786093	1,402968
1,788871	1,408887
1,791649	1,403626
1,794426	1,389817
1,797204	1,386201
1,799982	1,398694
1,802760	1,419736
1,805537	1,431901
1,808315	1,425654
1,811093	1,410859
1,813871	1,405599
1,816648	1,416777
1,819426	1,435518
1,822204	1,445710
1,824982	1,438477
1,827759	1,422695
1,830537	1,419736
1,833315	1,434860
1,836093	1,449656
1,838871	1,461163
1,841648	1,452286
1,844426	1,436175
1,847204	1,432230
1,849981	1,444066
1,852759	1,464122
1,855537	1,473657
1,858315	1,467410
1,861092	1,450313
1,863870	1,447025
1,866648	1,457546
1,869426	1,477931
1,872203	1,488123
1,874981	1,494699
1,877759	1,512453
1,880537	1,554208
1,883315	1,616019
1,886092	1,681776
1,888870	1,728463
1,891648	1,741943
1,894426	1,737340
1,897203	1,746546
1,899981	1,770218
1,902759	1,799480
1,905536	1,812960
1,908314	1,800795
1,911092	1,773835
1,913870	1,753779
1,916647	1,742272
1,919425	1,733066
1,922203	1,713997
1,924981	1,668296
1,927758	1,615033
1,930536	1,568346
1,933314	1,538427
1,936092	1,525933
1,938870	1,509494
1,941647	1,486150
1,944425	1,455902
1,947203	1,443737
1,949980	1,448340
1,952758	1,468725
1,955536	1,477602
1,958314	1,467081
1,961091	1,446697
1,963869	1,439792
1,966647	1,451957
1,969425	1,474972
1,972202	1,488123
1,974980	1,479246
1,977758	1,463793
1,980536	1,452615
1,983313	1,467410
1,986091	1,484835
1,988869	1,497987
1,991647	1,488452
1,994425	1,471684
1,997202	1,466423
1,999980	1,483191
2,002758	1,501274
2,005535	1,493055
2,008313	1,455245
2,011091	1,408229
2,013869	1,395078
2,016646	1,448340
2,019424	1,581497
2,022202	1,791589
2,024980	2,091768
2,027757	2,442579
2,030535	2,838434
2,033313	3,183656
2,036091	3,195163
2,038868	3,198451
2,041646	3,198780
2,044424	3,195163
2,047202	3,182998
2,049980	2,949234
2,052757	2,439620
2,055535	1,852743
2,058313	1,346747
2,061090	1,032431
2,063868	0,912096
2,066646	0,946619
2,069424	1,054459
2,072201	1,169204
2,074979	1,252715
2,077757	1,303676
2,080535	1,348062
2,083312	1,382255
2,086090	1,415791
2,088868	1,425983
2,091646	1,416777
2,094423	1,401653
2,097201	1,400996
2,099979	1,414147
2,102757	1,442094
2,105535	1,455902
2,108312	1,451299
2,111090	1,436504
2,113868	1,430257
2,116645	1,441436
2,119423	1,463793
2,122201	1,479904
2,124979	1,476287
2,127756	1,471026
2,130534	1,471355
2,133312	1,495685
2,136090	1,523960
2,138867	1,540400
2,141645	1,536125
2,144423	1,527906
2,147201	1,532180
2,149979	1,553222
2,152756	1,582155
2,155534	1,602539
2,158312	1,604183
2,161089	1,593662
2,163867	1,597608
2,166645	1,612732
2,169423	1,639034
2,172200	1,654158
2,174978	1,651528
2,177756	1,637062
2,180534	1,636404
2,183311	1,649555
2,186089	1,673885
2,188867	1,688352
2,191645	1,687694
2,194422	1,677831
2,197200	1,684077
2,199978	1,715641
2,202756	1,762328
2,205534	1,802768
2,208311	1,818221
2,211089	1,818550
2,213867	1,824796
2,216644	1,851099
2,219422	1,887265
2,222200	1,919157
2,224978	1,925404
2,227755	1,916527
2,230533	1,912910
2,233311	1,921130
2,236089	1,931322
2,238866	1,929349
2,241644	1,904362
2,244422	1,869182
2,247200	1,842222
2,249977	1,827755
2,252755	1,817892
2,255533	1,795864
2,258311	1,751149
2,261089	1,690982
2,263866	1,637390
2,266644	1,594320
2,269422	1,560455
2,272199	1,524947
2,274977	1,475301
2,277755	1,428285
2,280533	1,394091
2,283310	1,386529
2,286088	1,398037
2,288866	1,412832
2,291644	1,408229
2,294421	1,398694
2,297199	1,395078
2,299977	1,404941
2,302755	1,423024
2,305532	1,434203
2,308310	1,429271
2,311088	1,413818
2,313866	1,409215
2,316644	1,418750
2,319421	1,440450
2,322199	1,450313
2,324977	1,445381
2,327754	1,428942
2,330532	1,424011
2,333310	1,431573
2,336088	1,449327
2,338865	1,460177
2,341643	1,452615
2,344421	1,437819
2,347199	1,430915
2,349976	1,441765
2,352754	1,461163
2,355532	1,477931
2,358310	1,472670
2,361088	1,458533
2,363865	1,451957
2,366643	1,461821
2,369421	1,479575
2,372198	1,503576
2,374976	1,527577
2,377754	1,557825
2,380532	1,603526
2,383309	1,660734
2,386087	1,715641
2,388865	1,751807
2,391643	1,761341
2,394420	1,757725
2,397198	1,763643
2,399976	1,783699
2,402754	1,805727
2,405531	1,812303
2,408309	1,795206
2,411087	1,763643
2,413865	1,738327
2,416643	1,719915
2,419420	1,703147
2,422198	1,674872
2,424976	1,630815
2,427754	1,576566
2,430531	1,531851
2,433309	1,508508
2,436087	1,502918
2,438864	1,500288
2,441642	1,480561
2,444420	1,451957
2,447198	1,438148
2,449975	1,444066
2,452753	1,463464
2,455531	1,476616
2,458309	1,468396
2,461086	1,451957
2,463864	1,445381
2,466642	1,455574
2,469420	1,475629
2,472198	1,488123
2,474975	1,482205
2,477753	1,468067
2,480531	1,460834
2,483308	1,470698
2,486086	1,489767
2,488864	1,502590
2,491642	1,496014
2,494419	1,480232
2,497197	1,472342
2,499975	1,476616
2,502753	1,476945
2,505530	1,457546
2,508308	1,422038
2,511086	1,394420
2,513864	1,428942
2,516641	1,547304
2,519419	1,764958
2,522197	2,080918
2,524975	2,437976
2,527753	2,824625
2,530530	3,177080
2,533308	3,196478
2,536086	3,197794
2,538863	3,198451
2,541641	3,196807
2,544419	3,184971
2,547197	2,964686
2,549974	2,464279
2,552752	1,883320
2,555530	1,389488
2,558308	1,068268
2,561085	0,922946
2,563863	0,932810
2,566641	1,028485
2,569419	1,149148
2,572196	1,257647
2,574974	1,322088
2,577752	1,359240
2,580530	1,384228
2,583308	1,402968
2,586085	1,423024
2,588863	1,435189
2,591641	1,428285
2,594418	1,411846
2,597196	1,409215
2,599974	1,422695
2,602752	1,446368
2,605529	1,463136
2,608307	1,459519
2,611085	1,446697
2,613863	1,441436
2,616640	1,454259
2,619418	1,476616
2,622196	1,492397
2,624974	1,489438
2,627752	1,480232
2,630529	1,480890
2,633307	1,502261
2,636085	1,531194
2,638863	1,552236
2,641640	1,552893
2,644418	1,545989
2,647196	1,547633
2,649973	1,567360
2,652751	1,596293
2,655529	1,616348
2,658307	1,615033
2,661084	1,604512
2,663862	1,605170
2,666640	1,620294
2,669418	1,645281
2,672195	1,661063
2,674973	1,660734
2,677751	1,646925
2,680529	1,642322
2,683307	1,656789
2,686084	1,678159
2,688862	1,694927
2,691640	1,694270
2,694417	1,689667
2,697195	1,704791
2,699973	1,743587
2,702751	1,793233
2,705528	1,831043
2,708306	1,843866
2,711084	1,842879
2,713862	1,852085
2,716639	1,878717
2,719417	1,914554
2,722195	1,941514
2,724973	1,942501
2,727750	1,928034
2,730528	1,918828
2,733306	1,918828
2,736084	1,919157
2,738862	1,912910
2,741639	1,887923
2,744417	1,852085
2,747195	1,823810
2,749972	1,801124
2,752750	1,786986
2,755528	1,762328
2,758306	1,712353
2,761083	1,647254
2,763861	1,588402
2,766639	1,548948
2,769417	1,521659
2,772194	1,494041
2,774972	1,448340
2,777750	1,407243
2,780528	1,379296
2,783305	1,379625
2,786083	1,396064
2,788861	1,416120
2,791639	1,412503
2,794416	1,401653
2,797194	1,395735
2,799972	1,404941
2,802750	1,426312
2,805527	1,437819
2,808305	1,434203
2,811083	1,419736
2,813861	1,413161
2,816638	1,421051
2,819416	1,444066
2,822194	1,456231
2,824972	1,454259
2,827749	1,434532
2,830527	1,428285
2,833305	1,436504
2,836083	1,455902
2,838861	1,469711
2,841638	1,463464
2,844416	1,447354
2,847194	1,436175
2,849971	1,448340
2,852749	1,464780
2,855527	1,482863
2,858305	1,478588
2,861082	1,463136
2,863860	1,453272
2,866638	1,461821
2,869416	1,488452
2,872193	1,535797
2,874971	1,577223
2,877749	1,610101
2,880527	1,651199
2,883304	1,699201
2,886082	1,742930
2,888860	1,772849
2,891638	1,781068
2,894416	1,775150
2,897193	1,775808
2,899971	1,785671
2,902749	1,798494
2,905526	1,802768
2,908304	1,782383
2,911082	1,745889
2,913860	1,712682
2,916637	1,688023
2,919415	1,669611
2,922193	1,649555
2,924971	1,603526
2,927748	1,553222
2,930526	1,508508
2,933304	1,491411
2,936082	1,488452
2,938859	1,490096
2,941637	1,472670
2,944415	1,452286
2,947193	1,442751
2,949971	1,451299
2,952748	1,472013
2,955526	1,483520
2,958304	1,475958
2,961081	1,458861
2,963859	1,452286
2,966637	1,457546
2,969415	1,478917
2,972192	1,489767
2,974970	1,486479
2,977748	1,471355
2,980526	1,465766
2,983303	1,473657
2,986081	1,492397
2,988859	1,505220
2,991637	1,498315
2,994414	1,483849
2,997192	1,471355
2,999970	1,466095
3,002748	1,455902
3,005525	1,441107
3,008303	1,418750
3,011081	1,441765
3,013859	1,532838
3,016636	1,736354
3,019414	2,052972
3,022192	2,427455
3,024970	2,822981
3,027747	3,171162
3,030525	3,195492
3,033303	3,198780
3,036081	3,198451
3,038858	3,195821
3,041636	3,187601
3,044414	2,991318
3,047192	2,490910
3,049969	1,900745
3,052747	1,405599
3,055525	1,092598
3,058303	0,952537
3,061080	0,942673
3,063858	1,016649
3,066636	1,126134
3,069414	1,237591
3,072191	1,326362
3,074969	1,373707
3,077747	1,388502
3,080525	1,389160
3,083302	1,400996
3,086080	1,417435
3,088858	1,432888
3,091636	1,427956
3,094413	1,416449
3,097191	1,411846
3,099969	1,420723
3,102747	1,445053
3,105524	1,463793
3,108302	1,464780
3,111080	1,449656
3,113858	1,444724
3,116635	1,454587
3,119413	1,477602
3,122191	1,497329
3,124969	1,501603
3,127746	1,496014
3,130524	1,498315
3,133302	1,514097
3,136080	1,544016
3,138857	1,564401
3,141635	1,567031
3,144413	1,559140
3,147191	1,554537
3,149968	1,573935
3,152746	1,600567
3,155524	1,624568
3,158302	1,625554
3,161079	1,616019
3,163857	1,613389
3,166635	1,626869
3,169413	1,652514
3,172190	1,669940
3,174968	1,667967
3,177746	1,657117
3,180524	1,654158
3,183301	1,667967
3,186079	1,689667
3,188857	1,705120
3,191635	1,708736
3,194412	1,711038
3,197190	1,729449
3,199968	1,768903
3,202746	1,813289
3,205523	1,846825
3,208301	1,857346
3,211079	1,859976
3,213857	1,867867
3,216634	1,893183
3,219412	1,925733
3,222190	1,947761
3,224968	1,944473
3,227745	1,928363
3,230523	1,912581
3,233301	1,905677
3,236079	1,904362
3,238856	1,896800
3,241634	1,869511
3,244412	1,829071
3,247190	1,790932
3,249967	1,765287
3,252745	1,744902
3,255523	1,716956
3,258301	1,665994
3,261078	1,597279
3,263856	1,534810
3,266634	1,496343
3,269412	1,474643
3,272189	1,453930
3,274967	1,419408
3,277745	1,385214
3,280523	1,367789
3,283300	1,375022
3,286078	1,399681
3,288856	1,418750
3,291634	1,416120
3,294411	1,403955
3,297189	1,395735
3,299967	1,401653
3,302745	1,422038
3,305522	1,436504
3,308300	1,431573
3,311078	1,412832
3,313856	1,403626
3,316634	1,414147
3,319411	1,438148
3,322189	1,451299
3,324967	1,448012
3,327744	1,431573
3,330522	1,423682
3,333300	1,430257
3,336078	1,448998
3,338855	1,463136
3,341633	1,459848
3,344411	1,444724
3,347189	1,435189
3,349966	1,446039
3,352744	1,463464
3,355522	1,478588
3,358300	1,476616
3,361077	1,461492
3,363855	1,452286
3,366633	1,471355
3,369411	1,517385
3,372189	1,575908
3,374966	1,621280
3,377744	1,652514
3,380522	1,683091
3,383299	1,717285
3,386077	1,752793
3,388855	1,781068
3,391633	1,788302
3,394410	1,780082
3,397188	1,773835
3,399966	1,777780
3,402744	1,790274
3,405521	1,791261
3,408299	1,767588
3,411077	1,724189
3,413855	1,682434
3,416632	1,655802
3,419410	1,637390
3,422188	1,614047
3,424966	1,567360
3,427744	1,518042
3,430521	1,478260
3,433299	1,468725
3,436077	1,470698
3,438854	1,478260
3,441632	1,467410
3,444410	1,450971
3,447188	1,439792
3,449965	1,444395
3,452743	1,464122
3,455521	1,478588
3,458299	1,475301
3,461076	1,457875
3,463854	1,449656
3,466632	1,454587
3,469410	1,477273
3,472187	1,490425
3,474965	1,488123
3,477743	1,471355
3,480521	1,462807
3,483298	1,471684
3,486076	1,492068
3,488854	1,507850
3,491632	1,502590
3,494409	1,485822
3,497187	1,458861
3,499965	1,441436
3,502743	1,429271
3,505520	1,427627
3,508298	1,454916
3,511076	1,537440
3,513854	1,716298
3,516631	2,017792
3,519409	2,392275
3,522187	2,812789
3,524965	3,172806
3,527742	3,196478
3,530520	3,197465
3,533298	3,197794
3,536076	3,195163
3,538853	3,188259
3,541631	3,021237
3,544409	2,528063
3,547187	1,919486
3,549964	1,404612
3,552742	1,085365
3,555520	0,955167
3,558298	0,954509
3,561075	1,017307
3,563853	1,109695
3,566631	1,213919
3,569409	1,305320
3,572186	1,377981
3,574964	1,408558
3,577742	1,408229
3,580520	1,401653
3,583297	1,409544
3,586075	1,424339
3,588853	1,439135
3,591631	1,434203
3,594408	1,420723
3,597186	1,414476
3,599964	1,428613
3,602742	1,454587
3,605519	1,473328
3,608297	1,473328
3,611075	1,456231
3,613853	1,449984
3,616630	1,458204
3,619408	1,485822
3,622186	1,504891
3,624964	1,512124
3,627741	1,505220
3,630519	1,506535
3,633297	1,523303
3,636075	1,549277
3,638852	1,571963
3,641630	1,573935
3,644408	1,568346
3,647186	1,565387
3,649963	1,582155
3,652741	1,604841
3,655519	1,630486
3,658297	1,635089
3,661074	1,629500
3,663852	1,624239
3,666630	1,637719
3,669408	1,659090
3,672185	1,677173
3,674963	1,677502
3,677741	1,663364
3,680519	1,656131
3,683296	1,665994
3,686074	1,689667
3,688852	1,713339
3,691630	1,727148
3,694407	1,736683
3,697185	1,755752
3,699963	1,788630
3,702741	1,828413
3,705518	1,858332
3,708296	1,872141
3,711074	1,872470
3,713852	1,878717
3,716629	1,899430
3,719407	1,926390
3,722185	1,946446
3,724963	1,944473
3,727740	1,923760
3,730518	1,899430
3,733296	1,888251
3,736074	1,882005
3,738851	1,877073
3,741629	1,849784
3,744407	1,805398
3,747185	1,762656
3,749962	1,733724
3,752740	1,710051
3,755518	1,683091
3,758296	1,630815
3,761073	1,560126
3,763851	1,504233
3,766629	1,463464
3,769407	1,444395
3,772184	1,429929
3,774962	1,407243
3,777740	1,383899
3,780518	1,374036
3,783295	1,385543
3,786073	1,407243
3,788851	1,424011
3,791629	1,423024
3,794406	1,411517
3,797184	1,402311
3,799962	1,408558
3,802740	1,424668
3,805517	1,441436
3,808295	1,438806
3,811073	1,427956
3,813851	1,416449
3,816628	1,419736
3,819406	1,437162
3,822184	1,453930
3,824962	1,451628
3,827739	1,439135
3,830517	1,431901
3,833295	1,438477
3,836073	1,455574
3,838850	1,468067
3,841628	1,470040
3,844406	1,457218
3,847184	1,451628
3,849961	1,456560
3,852739	1,473328
3,855517	1,486150
3,858295	1,483191
3,861072	1,468725
3,863850	1,466095
3,866628	1,503247
3,869406	1,565387
3,872183	1,630486
3,874961	1,674543
3,877739	1,697886
3,880517	1,715969
3,883294	1,742930
3,886072	1,774493
3,888850	1,805069
3,891628	1,812631
3,894405	1,800138
3,897183	1,783370
3,899961	1,775808
3,902739	1,775150
3,905516	1,770876
3,908294	1,741943
3,911072	1,696242
3,913850	1,654487
3,916627	1,626869
3,919405	1,604512
3,922183	1,580840
3,924961	1,542372
3,927738	1,496014
3,930516	1,467410
3,933294	1,460177
3,936072	1,465766
3,938849	1,475629
3,941627	1,473328
3,944405	1,460177
3,947183	1,447025
3,949960	1,451299
3,952738	1,465108
3,955516	1,479575
3,958294	1,476287
3,961071	1,464122
3,963849	1,452943
3,966627	1,459848
3,969405	1,479246
3,972182	1,492397
3,974960	1,489438
3,977738	1,476616
3,980516	1,467410
3,983293	1,473328
3,986071	1,493712
3,988849	1,509823
3,991627	1,506206
3,994404	1,476616
3,997182	1,437819
3,999960	1,412174
4,002738	1,411846
4,005515	1,455902
4,008293	1,544016
4,011071	1,717285
4,013849	1,991818
4,016627	2,352164
4,019404	2,772348
4,022182	3,161299
4,024960	3,194177
4,027737	3,197794
4,030515	3,197465
4,033293	3,195163
4,036071	3,188259
4,038848	3,045238
4,041626	2,573106
4,044404	1,960255
4,047182	1,423024
4,049959	1,078789
4,052737	0,938399
4,055515	0,952208
4,058293	1,034403
4,061070	1,126791
4,063848	1,218193
4,066626	1,300388
4,069404	1,368775
4,072182	1,416120
4,074959	1,424997
4,077737	1,412832
4,080515	1,403297
4,083292	1,409544
4,086070	1,423682
4,088848	1,441107
4,091626	1,443409
4,094403	1,430257
4,097181	1,426641
4,099959	1,436833
4,102737	1,455902
4,105514	1,472999
4,108292	1,474314
4,111070	1,461163
4,113848	1,458533
4,116625	1,468725
4,119403	1,491082
4,122181	1,517056
4,124959	1,525604
4,127737	1,520673
4,130514	1,517385
4,133292	1,531522
4,136070	1,557496
4,138847	1,582812
4,141625	1,587744
4,144403	1,582812
4,147181	1,578867
4,149958	1,591032
4,152736	1,616019
4,155514	1,641007
4,158292	1,644295
4,161069	1,634760
4,163847	1,629171
4,166625	1,641336
4,169403	1,662707
4,172180	1,683091
4,174958	1,685064
4,177736	1,673228
4,180514	1,666981
4,183292	1,677173
4,186069	1,700517
4,188847	1,733395
4,191625	1,758382
4,194402	1,773178
4,197180	1,788959
4,199958	1,815919
4,202736	1,848798
4,205513	1,880361
4,208291	1,892854
4,211069	1,894170
4,213847	1,899759
4,216624	1,913896
4,219402	1,933952
4,222180	1,948747
4,224958	1,943487
4,227735	1,918828
4,230513	1,889895
4,233291	1,876086
4,236069	1,868524
4,238846	1,859319
4,241624	1,827427
4,244402	1,778438
4,247180	1,733066
4,249957	1,700188
4,252735	1,671255
4,255513	1,635418
4,258291	1,583470
4,261068	1,517385
4,263846	1,466752
4,266624	1,433216
4,269402	1,419408
4,272180	1,412503
4,274957	1,402968
4,277735	1,388502
4,280513	1,382913
4,283290	1,393105
4,286068	1,410202
4,288846	1,429929
4,291624	1,426312
4,294401	1,413161
4,297179	1,401982
4,299957	1,409544
4,302735	1,424011
4,305512	1,440778
4,308290	1,436175
4,311068	1,426641
4,313846	1,418092
4,316623	1,423353
4,319401	1,441765
4,322179	1,457218
4,324957	1,458861
4,327735	1,444724
4,330512	1,436175
4,333290	1,438148
4,336068	1,458533
4,338845	1,470369
4,341623	1,472999
4,344401	1,457875
4,347179	1,449327
4,349956	1,451628
4,352734	1,469711
4,355512	1,482863
4,358290	1,478260
4,361067	1,472999
4,363845	1,491082
4,366623	1,543030
4,369401	1,605827
4,372178	1,672899
4,374956	1,710380
4,377734	1,725833
4,380512	1,733724
4,383290	1,753779
4,386067	1,780082
4,388845	1,807371
4,391623	1,809015
4,394400	1,791589
4,397178	1,771534
4,399956	1,762656
4,402734	1,760684
4,405511	1,752793
4,408289	1,719257
4,411067	1,665994
4,413845	1,620951
4,416622	1,586100
4,419400	1,567031
4,422178	1,545989
4,424956	1,520015
4,427733	1,482534
4,430511	1,460177
4,433289	1,455574
4,436067	1,460834
4,438845	1,476616
4,441622	1,473985
4,444400	1,458204
4,447178	1,446368
4,449955	1,451628
4,452733	1,464451
4,455511	1,484835
4,458289	1,481876
4,461066	1,469054
4,463844	1,458204
4,466622	1,463793
4,469400	1,480561
4,472177	1,497329
4,474955	1,496014
4,477733	1,478588
4,480511	1,470040
4,483288	1,472342
4,486066	1,489767
4,488844	1,501603
4,491622	1,488452
4,494400	1,448669
4,497177	1,410202
4,499955	1,395078
4,502733	1,439135
4,505510	1,543030
4,508288	1,725833
4,511066	1,990174
4,513844	2,326190
4,516621	2,732894
4,519399	3,130393
4,522177	3,194506
4,524955	3,197136
4,527732	3,196807
4,530510	3,196150
4,533288	3,189574
4,536066	3,056417
4,538843	2,606971
4,541621	2,003654
4,544399	1,457218
4,547177	1,090625
4,549955	0,931823
4,552732	0,940043
4,555510	1,033417
4,558288	1,140600
4,561065	1,221481
4,563843	1,284936
4,566621	1,345103
4,569399	1,393434
4,572176	1,421709
4,574954	1,425654
4,577732	1,409873
4,580510	1,401325
4,583287	1,406585
4,586065	1,425654
4,588843	1,448012
4,591621	1,450642
4,594398	1,438477
4,597176	1,431244
4,599954	1,441107
4,602732	1,456889
4,605510	1,475629
4,608287	1,476945
4,611065	1,466423
4,613843	1,460177
4,616620	1,472342
4,619398	1,498315
4,622176	1,526262
4,624954	1,538756
4,627731	1,532838
4,630509	1,533166
4,633287	1,544016
4,636065	1,566373
4,638842	1,587415
4,641620	1,596293
4,644398	1,590046
4,647176	1,587415
4,649953	1,601553
4,652731	1,626541
4,655509	1,648569
4,658287	1,651528
4,661065	1,642322
4,663842	1,633774
4,666620	1,641665
4,669398	1,663035
4,672175	1,686379
4,674953	1,688352
4,677731	1,677831
4,680509	1,668625
4,683286	1,683091
4,686064	1,717285
4,688842	1,759369
4,691620	1,791918
4,694397	1,806056
4,697175	1,817563
4,699953	1,835317
4,702731	1,865565
4,705508	1,897786
4,708286	1,916198
4,711064	1,917842
4,713842	1,912910
4,716620	1,919486
4,719397	1,935596
4,722175	1,947104
4,724953	1,935267
4,727730	1,899430
4,730508	1,867209
4,733286	1,850441
4,736064	1,840907
4,738841	1,830386
4,741619	1,797179
4,744397	1,747532
4,747175	1,698215
4,749953	1,660734
4,752730	1,625883
4,755508	1,586429
4,758286	1,534481
4,761063	1,471026
4,763841	1,422695
4,766619	1,395406
4,769397	1,389817
4,772175	1,395406
4,774952	1,397050
4,777730	1,386529
4,780508	1,383899
4,783285	1,391132
4,786063	1,407900
4,788841	1,424339
4,791619	1,424668
4,794396	1,412503
4,797174	1,402968
4,799952	1,408558
4,802730	1,423682
4,805508	1,445053
4,808285	1,445053
4,811063	1,431573
4,813841	1,420065
4,816618	1,421380
4,819396	1,438806
4,822174	1,456560
4,824952	1,457218
4,827730	1,445053
4,830507	1,433874
4,833285	1,436175
4,836063	1,453272
4,838840	1,470040
4,841618	1,472999
4,844396	1,461163
4,847174	1,449656
4,849951	1,451628
4,852729	1,467410
4,855507	1,484835
4,858285	1,492397
4,861063	1,507192
4,863840	1,536125
4,866618	1,587744
4,869396	1,654158
4,872173	1,711695
4,874951	1,740299
4,877729	1,745231
4,880507	1,746217
4,883285	1,760684
4,886062	1,785671
4,888840	1,807042
4,891618	1,805069
4,894395	1,783370
4,897173	1,757067
4,899951	1,743587
4,902729	1,735696
4,905506	1,719586
4,908284	1,686050
4,911062	1,635746
4,913840	1,585443
4,916618	1,550263
4,919395	1,531194
4,922173	1,519357
4,924951	1,499302
4,927728	1,469711
4,930506	1,447683
4,933284	1,448012
4,936062	1,459519
4,938839	1,474314
4,941617	1,471355
4,944395	1,456560
4,947173	1,443080
4,949950	1,446039
4,952728	1,458861
4,955506	1,477602
4,958284	1,476945
4,961061	1,465108
4,963839	1,453601
4,966617	1,458533
4,969395	1,476945
4,972173	1,497987
4,974950	1,500288
4,977728	1,483520
4,980506	1,473328
4,983283	1,473657
4,986061	1,490425
4,988839	1,494041
4,991617	1,472342
4,994394	1,429929
4,997172	1,401653
4,999950	1,423024
5,002728	1,519357
5,005505	1,718271
5,008283	1,992476
5,011061	2,325532
5,013839	2,719743
5,016616	3,106392
5,019394	3,194506
5,022172	3,197136
5,024950	3,197794
5,027728	3,196807
5,030505	3,190232
5,033283	3,071870
5,036061	2,633273
5,038838	2,044094
5,041616	1,499630
5,044394	1,116270
5,047172	0,931823
5,049949	0,920316
5,052727	1,014677
5,055505	1,134025
5,058283	1,239235
5,061060	1,301703
5,063838	1,347404
5,066616	1,381269
5,069394	1,410530
5,072171	1,429600
5,074949	1,433216
5,077727	1,420394
5,080505	1,409215
5,083282	1,414147
5,086060	1,429600
5,088838	1,448340
5,091616	1,451628
5,094393	1,446368
5,097171	1,438477
5,099949	1,448012
5,102727	1,458861
5,105504	1,481876
5,108282	1,483520
5,111060	1,475301
5,113838	1,472013
5,116615	1,486479
5,119393	1,512782
5,122171	1,541386
5,124949	1,549277
5,127726	1,538098
5,130504	1,535797
5,133282	1,544345
5,136060	1,568017
5,138837	1,595635
5,141615	1,607142
5,144393	1,599909
5,147171	1,598265
5,149948	1,608786
5,152726	1,630157
5,155504	1,653829
5,158282	1,658104
5,161059	1,649884
5,163837	1,639363
5,166615	1,644952
5,169393	1,660734
5,172170	1,683091
5,174948	1,685393
5,177726	1,680461
5,180504	1,675200
5,183281	1,697558
5,186059	1,739313
5,188837	1,789945
5,191615	1,816577
5,194392	1,821180
5,197170	1,822495
5,199948	1,841236
5,202726	1,875100
5,205503	1,914225
5,208281	1,932966
5,211059	1,926719
5,213837	1,916527
5,216614	1,918171
5,219392	1,926390
5,222170	1,931651
5,224948	1,918499
5,227726	1,884964
5,230503	1,851428
5,233281	1,829728
5,236059	1,817234
5,238836	1,799151
5,241614	1,765287
5,244392	1,713997
5,247170	1,659419
5,249947	1,613060
5,252725	1,569661
5,255503	1,538427
5,258281	1,494041
5,261058	1,441765
5,263836	1,398037
5,266614	1,379954
5,269392	1,387187
5,272169	1,404941
5,274947	1,414805
5,277725	1,404284
5,280503	1,394420
5,283281	1,397379
5,286058	1,414147
5,288836	1,426641
5,291614	1,429271
5,294391	1,411188
5,297169	1,402640
5,299947	1,406256
5,302725	1,424668
5,305502	1,447025
5,308280	1,448669
5,311058	1,437162
5,313836	1,424339
5,316613	1,427298
5,319391	1,443409
5,322169	1,462807
5,324947	1,461821
5,327724	1,448669
5,330502	1,434860
5,333280	1,439463
5,336058	1,456231
5,338835	1,472670
5,341613	1,475629
5,344391	1,463793
5,347169	1,452286
5,349946	1,451628
5,352724	1,469054
5,355502	1,492068
5,358280	1,521659
5,361057	1,551249
5,363835	1,587087
5,366613	1,638705
5,369391	1,698215
5,372168	1,745560
5,374946	1,764958
5,377724	1,765944
5,380502	1,762328
5,383279	1,773178
5,386057	1,793891
5,388835	1,809344
5,391613	1,802439
5,394390	1,775479
5,397168	1,745231
5,399946	1,725504
5,402724	1,709723
5,405501	1,693283
5,408279	1,659419
5,411057	1,603526
5,413835	1,549277
5,416612	1,516398
5,419390	1,502590
5,422168	1,500617
5,424946	1,492397
5,427723	1,468396
5,430501	1,449327
5,433279	1,445710
5,436057	1,458533
5,438834	1,472342
5,441612	1,474643
5,444390	1,459848
5,447168	1,447025
5,449945	1,450971
5,452723	1,465108
5,455501	1,484178
5,458279	1,487794
5,461056	1,474643
5,463834	1,462149
5,466612	1,463136
5,469390	1,477273
5,472167	1,494370
5,474945	1,496671
5,477723	1,480561
5,480501	1,469711
5,483278	1,472999
5,486056	1,476945
5,488834	1,470369
5,491612	1,441107
5,494389	1,406256
5,497167	1,412503
5,499945	1,493055
5,502723	1,684077
5,505501	1,968803
5,508278	2,317970
5,511056	2,709222
5,513834	3,083377
5,516611	3,192862
5,519389	3,196478
5,522167	3,197794
5,524945	3,196478
5,527722	3,191218
5,530500	3,081076
5,533278	2,646424
5,536056	2,057903
5,538833	1,526591
5,541611	1,149148
5,544389	0,951222
5,547167	0,914727
5,549944	0,988045
5,552722	1,106736
5,555500	1,222138
5,558278	1,304991
5,561056	1,351678
5,563833	1,375022
5,566611	1,393105
5,569389	1,413161
5,572166	1,427298
5,574944	1,430586
5,577722	1,419408
5,580500	1,410859
5,583277	1,417106
5,586055	1,434532
5,588833	1,455245
5,591611	1,459519
5,594388	1,448669
5,597166	1,435518
5,599944	1,442751
5,602722	1,459848
5,605499	1,483191
5,608277	1,494370
5,611055	1,489767
5,613833	1,483520
5,616611	1,494041
5,619388	1,516070
5,622166	1,543030
5,624944	1,555852
5,627721	1,550921
5,630499	1,549605
5,633277	1,558483
5,636055	1,583470
5,638832	1,608786
5,641610	1,620622
5,644388	1,615033
5,647166	1,611417
5,649944	1,618650
5,652721	1,639034
5,655499	1,660076
5,658277	1,663693
5,661054	1,650870
5,663832	1,641665
5,666610	1,649555
5,669388	1,669282
5,672165	1,692955
5,674943	1,700845
5,677721	1,697558
5,680499	1,700517
5,683276	1,723531
5,686054	1,766602
5,688832	1,811316
5,691610	1,834989
5,694387	1,838934
5,697165	1,840249
5,699943	1,858990
5,702721	1,891868
5,705499	1,926061
5,708276	1,941514
5,711054	1,935925
5,713832	1,923760
5,716609	1,918171
5,719387	1,922116
5,722165	1,922116
5,724943	1,905677
5,727720	1,869840
5,730498	1,830714
5,733276	1,803426
5,736054	1,786329
5,738831	1,767588
5,741609	1,733066
5,744387	1,675858
5,747165	1,608129
5,749942	1,558811
5,752720	1,521659
5,755498	1,494699
5,758276	1,460834
5,761054	1,417764
5,763831	1,382913
5,766609	1,375680
5,769387	1,387187
5,772164	1,407243
5,774942	1,415791
5,777720	1,401653
5,780498	1,393763
5,783275	1,395735
5,786053	1,411188
5,788831	1,429929
5,791609	1,436504
5,794386	1,421051
5,797164	1,409873
5,799942	1,412174
5,802720	1,428285
5,805497	1,448998
5,808275	1,453272
5,811053	1,440450
5,813831	1,427298
5,816608	1,430586
5,819386	1,440450
5,822164	1,460834
5,824942	1,461492
5,827719	1,450313
5,830497	1,437819
5,833275	1,441765
5,836053	1,455245
5,838830	1,473657
5,841608	1,475958
5,844386	1,463136
5,847164	1,451299
5,849941	1,448669
5,852719	1,472013
5,855497	1,514754
5,858275	1,562099
5,861052	1,599252
5,863830	1,641007
5,866608	1,683749
5,869386	1,727806
5,872163	1,763314
5,874941	1,778109
5,877719	1,774164
5,880497	1,769561
5,883274	1,774821
5,886052	1,789945
5,888830	1,799809
5,891608	1,789288
5,894385	1,758054
5,897163	1,720244
5,899941	1,692955
5,902719	1,675200
5,905496	1,659090
5,908274	1,624568
5,911052	1,571963
5,913830	1,520015
5,916607	1,490753
5,919385	1,486479
5,922163	1,489767
5,924941	1,486479
5,927718	1,463136
5,930496	1,449656
5,933274	1,448012
5,936052	1,462149
5,938829	1,474972
5,941607	1,479904
5,944385	1,467410
5,947163	1,456889
5,949940	1,461492
5,952718	1,476616
5,955496	1,497658
5,958274	1,499630
5,961051	1,485164
5,963829	1,467739
5,966607	1,468725
5,969385	1,478588
5,972162	1,500617
5,974940	1,503576
5,977718	1,490425
5,980496	1,477273
5,983273	1,468725
5,986051	1,461163
5,988829	1,450313
5,991607	1,433216
5,994384	1,433545
5,997162	1,493712
5,999940	1,665008
6,002718	1,936582
6,005495	2,293969
6,008273	2,705277
6,011051	3,082062
6,013829	3,193519
6,016606	3,196807
6,019384	3,197465
6,022162	3,198451
6,024940	3,191218
6,027717	3,099487
6,030495	2,669439
6,033273	2,073685
6,036051	1,537769
6,038828	1,169204
6,041606	0,977853
6,044384	0,938728
6,047162	0,991333
6,049939	1,096543
6,052717	1,207672
6,055495	1,304663
6,058273	1,368118
6,061050	1,391461
6,063828	1,393105
6,066606	1,396393
6,069384	1,410530
6,072161	1,427627
6,074939	1,435189
6,077717	1,422695
6,080495	1,414476
6,083272	1,419079
6,086050	1,439792
6,088828	1,461492
6,091606	1,471026
6,094383	1,458861
6,097161	1,446039
6,099939	1,450971
6,102717	1,470698
6,105494	1,494370
6,108272	1,506206
6,111050	1,502918
6,113828	1,497658
6,116605	1,505549
6,119383	1,523960
6,122161	1,549605
6,124939	1,563743
6,127717	1,559469
6,130494	1,556181
6,133272	1,566373
6,136050	1,590703
6,138827	1,616348
6,141605	1,631143
6,144383	1,624568
6,147161	1,616677
6,149938	1,618979
6,152716	1,637062
6,155494	1,659748
6,158272	1,671255
6,161049	1,663693
6,163827	1,657775
6,166605	1,660734
6,169383	1,679803
6,172160	1,703147
6,174938	1,715641
6,177716	1,720244
6,180494	1,727806
6,183272	1,757396
6,186049	1,798823
6,188827	1,839592
6,191605	1,860305
6,194382	1,864250
6,197160	1,867209
6,199938	1,885950
6,202716	1,914225
6,205493	1,942172
6,208271	1,952364
6,211049	1,939213
6,213827	1,917184
6,216604	1,905019
6,219382	1,899430
6,222160	1,895485
6,224938	1,878717
6,227715	1,846167
6,230493	1,805398
6,233271	1,773835
6,236049	1,748848
6,238827	1,728792
6,241604	1,689996
6,244382	1,624568
6,247160	1,555524
6,249937	1,507192
6,252715	1,479246
6,255493	1,460834
6,258271	1,437162
6,261048	1,402311
6,263826	1,376008
6,266604	1,373378
6,269382	1,392447
6,272159	1,415791
6,274937	1,425654
6,277715	1,412503
6,280493	1,399352
6,283270	1,395735
6,286048	1,408887
6,288826	1,428613
6,291604	1,436833
6,294382	1,425654
6,297159	1,414147
6,299937	1,416120
6,302715	1,427956
6,305492	1,445053
6,308270	1,450971
6,311048	1,438477
6,313826	1,424011
6,316603	1,425654
6,319381	1,438477
6,322159	1,461163
6,324937	1,468396
6,327714	1,459190
6,330492	1,446368
6,333270	1,445710
6,336048	1,454259
6,338825	1,472342
6,341603	1,477273
6,344381	1,467081
6,347159	1,458204
6,349937	1,462478
6,352714	1,506535
6,355492	1,564729
6,358270	1,617335
6,361047	1,653829
6,363825	1,683091
6,366603	1,713010
6,369381	1,747204
6,372158	1,778767
6,374936	1,791261
6,377714	1,788959
6,380492	1,777452
6,383269	1,774821
6,386047	1,784685
6,388825	1,790932
6,391603	1,778109
6,394380	1,739313
6,397158	1,692297
6,399936	1,660076
6,402714	1,638377
6,405491	1,617992
6,408269	1,584456
6,411047	1,537112
6,413825	1,493384
6,416602	1,472013
6,419380	1,473657
6,422158	1,478588
6,424936	1,477931
6,427713	1,459519
6,430491	1,444724
6,433269	1,443409
6,436047	1,456889
6,438824	1,475301
6,441602	1,484178
6,444380	1,475301
6,447158	1,462807
6,449935	1,461821
6,452713	1,474314
6,455491	1,490753
6,458269	1,493712
6,461046	1,479904
6,463824	1,466095
6,466602	1,467410
6,469380	1,477931
6,472157	1,500288
6,474935	1,504891
6,477713	1,493384
6,480491	1,467410
6,483268	1,443409
6,486046	1,424339
6,488824	1,422038
6,491602	1,440450
6,494379	1,496343
6,497157	1,654816
6,499935	1,910609
6,502713	2,262077
6,505490	2,685550
6,508268	3,080747
6,511046	3,194177
6,513824	3,197465
6,516601	3,198122
6,519379	3,197794
6,522157	3,192204
6,524935	3,120858
6,527712	2,704948
6,530490	2,102618
6,533268	1,548948
6,536046	1,161313
6,538823	0,982456
6,541601	0,946619
6,544379	1,000539
6,547157	1,084050
6,549934	1,185643
6,552712	1,279675
6,555490	1,360227
6,558268	1,403626
6,561045	1,409873
6,563823	1,403626
6,566601	1,402311
6,569379	1,419736
6,572156	1,436175
6,574934	1,445053
6,577712	1,433545
6,580490	1,421380
6,583267	1,423024
6,586045	1,443080
6,588823	1,463136
6,591601	1,471684
6,594378	1,460505
6,597156	1,449327
6,599934	1,454259
6,602712	1,475629
6,605489	1,501603
6,608267	1,517385
6,611045	1,516398
6,613823	1,508836
6,616600	1,517385
6,619378	1,533166
6,622156	1,562099
6,624934	1,576237
6,627711	1,573935
6,630489	1,567688
6,633267	1,580182
6,636045	1,601553
6,638822	1,630486
6,641600	1,644952
6,644378	1,634760
6,647156	1,626212
6,649933	1,627198
6,652711	1,646267
6,655489	1,667967
6,658267	1,681118
6,661044	1,671913
6,663822	1,665666
6,666600	1,668625
6,669378	1,686708
6,672155	1,711366
6,674933	1,733724
6,677711	1,742930
6,680489	1,757067
6,683266	1,783041
6,686044	1,816577
6,688822	1,851099
6,691600	1,873127
6,694377	1,881676
6,697155	1,888251
6,699933	1,901403
6,702711	1,923431
6,705488	1,944802
6,708266	1,948747
6,711044	1,934939
6,713822	1,909951
6,716599	1,890553
6,719377	1,883320
6,722155	1,882005
6,724933	1,863264
6,727710	1,823152
6,730488	1,774821
6,733266	1,737669
6,736044	1,713997
6,738821	1,686050
6,741599	1,641007
6,744377	1,577881
6,747155	1,512782
6,749932	1,466752
6,752710	1,443080
6,755488	1,431244
6,758266	1,415133
6,761043	1,394091
6,763821	1,374036
6,766599	1,379625
6,769377	1,394749
6,772154	1,419079
6,774932	1,427298
6,777710	1,415791
6,780488	1,398694
6,783265	1,399681
6,786043	1,414805
6,788821	1,435189
6,791599	1,445710
6,794376	1,435847
6,797154	1,424339
6,799932	1,422695
6,802710	1,435518
6,805487	1,449327
6,808265	1,454587
6,811043	1,441436
6,813821	1,431244
6,816598	1,431244
6,819376	1,443737
6,822154	1,462807
6,824932	1,469711
6,827709	1,455245
6,830487	1,441436
6,833265	1,445710
6,836043	1,457875
6,838820	1,479246
6,841598	1,484507
6,844376	1,472342
6,847154	1,459190
6,849931	1,484507
6,852709	1,538098
6,855487	1,606156
6,858265	1,662378
6,861042	1,690324
6,863820	1,707750
6,866598	1,727806
6,869376	1,754108
6,872153	1,785014
6,874931	1,800466
6,877709	1,796521
6,880487	1,785014
6,883264	1,777780
6,886042	1,778109
6,888820	1,777452
6,891598	1,757725
6,894375	1,713668
6,897153	1,663693
6,899931	1,624568
6,902709	1,598594
6,905486	1,582484
6,908264	1,550921
6,911042	1,511795
6,913820	1,473328
6,916597	1,459190
6,919375	1,460834
6,922153	1,471355
6,924931	1,475629
6,927708	1,461821
6,930486	1,442751
6,933264	1,443080
6,936042	1,458861
6,938819	1,478260
6,941597	1,483520
6,944375	1,472342
6,947153	1,456889
6,949930	1,456889
6,952708	1,472013
6,955486	1,491740
6,958264	1,499630
6,961041	1,483520
6,963819	1,469054
6,966597	1,468067
6,969375	1,481876
6,972152	1,501932
6,974930	1,506206
6,977708	1,479246
6,980486	1,440450
6,983263	1,410859
6,986041	1,403626
6,988819	1,433216
6,991597	1,508508
6,994374	1,660076
6,997152	1,892854
6,999930	2,229528
7,002708	2,642479
7,005485	3,050828
7,008263	3,194835
7,011041	3,197794
7,013819	3,198451
7,016596	3,197794
7,019374	3,192204
7,022152	3,133681
7,024930	2,741772
7,027707	2,139770
7,030485	1,569661
7,033263	1,159670
7,036041	0,965030
7,038818	0,940701
7,041596	1,004484
7,044374	1,093913
7,047152	1,177753
7,049929	1,259619
7,052707	1,338527
7,055485	1,399023
7,058263	1,423682
7,061040	1,419408
7,063818	1,402311
7,066596	1,399023
7,069374	1,412503
7,072151	1,430915
7,074929	1,439135
7,077707	1,431573
7,080485	1,421380
7,083263	1,424339
7,086040	1,445053
7,088818	1,465766
7,091596	1,474643
7,094373	1,466095
7,097151	1,454259
7,099929	1,462478
7,102707	1,481219
7,105484	1,507521
7,108262	1,523960
7,111040	1,523303
7,113818	1,515412
7,116595	1,524618
7,119373	1,544345
7,122151	1,571963
7,124929	1,584128
7,127706	1,582812
7,130484	1,574922
7,133262	1,582155
7,136040	1,599909
7,138818	1,627856
7,141595	1,641336
7,144373	1,634431
7,147151	1,625225
7,149928	1,628184
7,152706	1,646925
7,155484	1,672241
7,158262	1,685064
7,161039	1,675529
7,163817	1,665666
7,166595	1,667638
7,169373	1,686379
7,172150	1,719586
7,174928	1,747204
7,177706	1,766931
7,180484	1,781068
7,183261	1,801453
7,186039	1,830386
7,188817	1,865237
7,191595	1,889567
7,194372	1,897457
7,197150	1,900745
7,199928	1,910609
7,202706	1,925404
7,205483	1,944473
7,208261	1,946775
7,211039	1,923102
7,213817	1,891210
7,216594	1,868524
7,219372	1,860305
7,222150	1,856031
7,224928	1,838276
7,227705	1,796521
7,230483	1,744573
7,233261	1,701503
7,236039	1,669940
7,238816	1,637390
7,241594	1,592018
7,244372	1,532838
7,247150	1,472013
7,249927	1,432888
7,252705	1,414147
7,255483	1,409215
7,258261	1,403626
7,261038	1,391790
7,263816	1,377323
7,266594	1,382913
7,269372	1,397708
7,272149	1,419408
7,274927	1,427956
7,277705	1,419408
7,280483	1,402640
7,283260	1,401982
7,286038	1,416120
7,288816	1,435189
7,291594	1,444724
7,294371	1,430915
7,297149	1,416777
7,299927	1,414147
7,302705	1,430915
7,305482	1,450642
7,308260	1,462478
7,311038	1,448340
7,313816	1,433545
7,316593	1,427627
7,319371	1,438477
7,322149	1,458861
7,324927	1,468396
7,327704	1,459190
7,330482	1,443409
7,333260	1,444724
7,336038	1,455902
7,338815	1,478588
7,341593	1,486150
7,344371	1,478917
7,347149	1,484507
7,349926	1,524289
7,352704	1,582484
7,355482	1,655145
7,358260	1,706435
7,361037	1,728463
7,363815	1,734710
7,366593	1,746546
7,369371	1,771534
7,372148	1,799809
7,374926	1,810659
7,377704	1,800795
7,380482	1,781726
7,383259	1,767588
7,386037	1,762985
7,388815	1,756081
7,391593	1,730436
7,394370	1,684735
7,397148	1,633774
7,399926	1,596950
7,402704	1,576237
7,405481	1,561442
7,408259	1,533166
7,411037	1,499302
7,413815	1,462807
7,416592	1,449327
7,419370	1,452615
7,422148	1,471355
7,424926	1,480561
7,427703	1,472999
7,430481	1,454587
7,433259	1,450971
7,436037	1,462478
7,438814	1,478588
7,441592	1,486479
7,444370	1,475629
7,447148	1,462807
7,449925	1,459519
7,452703	1,473328
7,455481	1,489109
7,458259	1,501274
7,461036	1,490753
7,463814	1,478917
7,466592	1,476616
7,469370	1,488452
7,472147	1,507521
7,474925	1,503905
7,477703	1,471684
7,480481	1,423353
7,483258	1,400996
7,486036	1,417764
7,488814	1,502918
7,491592	1,669611
7,494369	1,902718
7,497147	2,225582
7,499925	2,623738
7,502703	3,025511
7,505480	3,195163
7,508258	3,197465
7,511036	3,198451
7,513814	3,197465
7,516591	3,191875
7,519369	3,142229
7,522147	2,769718
7,524925	2,187444
7,527702	1,614047
7,530480	1,182684
7,533258	0,962400
7,536036	0,925905
7,538813	1,001196
7,541591	1,107393
7,544369	1,196164
7,547147	1,263565
7,549924	1,323403
7,552702	1,374036
7,555480	1,414805
7,558258	1,428942
7,561035	1,422038
7,563813	1,407900
7,566591	1,408229
7,569369	1,419079
7,572146	1,443080
7,574924	1,451628
7,577702	1,446368
7,580480	1,436504
7,583257	1,437819
7,586035	1,455245
7,588813	1,474314
7,591591	1,485164
7,594368	1,479904
7,597146	1,468725
7,599924	1,470040
7,602702	1,490753
7,605479	1,517385
7,608257	1,537112
7,611035	1,536454
7,613813	1,528235
7,616590	1,535139
7,619368	1,556510
7,622146	1,583141
7,624924	1,600895
7,627701	1,601224
7,630479	1,592018
7,633257	1,597608
7,636035	1,614376
7,638812	1,639692
7,641590	1,652186
7,644368	1,646596
7,647146	1,637062
7,649923	1,640021
7,652701	1,657117
7,655479	1,680461
7,658257	1,695256
7,661034	1,689009
7,663812	1,676515
7,666590	1,678159
7,669368	1,702489
7,672145	1,742930
7,674923	1,780082
7,677701	1,799809
7,680479	1,809344
7,683256	1,825783
7,686034	1,854716
7,688812	1,889238
7,691590	1,917184
7,694367	1,922116
7,697145	1,918828
7,699923	1,919157
7,702701	1,928363
7,705478	1,941185
7,708256	1,938555
7,711034	1,909951
7,713812	1,874114
7,716589	1,852414
7,719367	1,841893
7,722145	1,835975
7,724923	1,810988
7,727700	1,763643
7,730478	1,708407
7,733256	1,661063
7,736034	1,623253
7,738811	1,590046
7,741589	1,547962
7,744367	1,491740
7,747145	1,437491
7,749922	1,400667
7,752700	1,390475
7,755478	1,395735
7,758256	1,402640
7,761033	1,398037
7,763811	1,385543
7,766589	1,385872
7,769367	1,400667
7,772144	1,423353
7,774922	1,434203
7,777700	1,427298
7,780478	1,412503
7,783255	1,409215
7,786033	1,420723
7,788811	1,439792
7,791589	1,450971
7,794366	1,443080
7,797144	1,427956
7,799922	1,425326
7,802700	1,437819
7,805477	1,453930
7,808255	1,463136
7,811033	1,452286
7,813811	1,436175
7,816588	1,436504
7,819366	1,446039
7,822144	1,466752
7,824922	1,476616
7,827699	1,464780
7,830477	1,449984
7,833255	1,451299
7,836033	1,463793
7,838810	1,483191
7,841588	1,492397
7,844366	1,503247
7,847144	1,523960
7,849921	1,571305
7,852699	1,633445
7,855477	1,696571
7,858255	1,737340
7,861032	1,751478
7,863810	1,750492
7,866588	1,757725
7,869366	1,778438
7,872143	1,803754
7,874921	1,811645
7,877699	1,794548
7,880477	1,768575
7,883254	1,747204
7,886032	1,735696
7,888810	1,726490
7,891588	1,701832
7,894365	1,656460
7,897143	1,604183
7,899921	1,564729
7,902699	1,539413
7,905476	1,526262
7,908254	1,510809
7,911032	1,486479
7,913810	1,456560
7,916587	1,446697
7,919365	1,454916
7,922143	1,475629
7,924921	1,482534
7,927698	1,471355
7,930476	1,452286
7,933254	1,448669
7,936032	1,462149
7,938809	1,479904
7,941587	1,489767
7,944365	1,478260
7,947143	1,466095
7,949920	1,462149
7,952698	1,477273
7,955476	1,495685
7,958254	1,505877
7,961031	1,494041
7,963809	1,478260
7,966587	1,473985
7,969365	1,486150
7,972142	1,495356
7,974920	1,484178
7,977698	1,442094
7,980476	1,401653
7,983253	1,406585
7,986031	1,481547
7,988809	1,656460
7,991587	1,901403
7,994364	2,223610
7,997142	2,604012
7,999920	2,991647
8,002698	3,193191
8,005475	3,197794
8,008253	3,197794
8,011031	3,197465
8,013809	3,191875
8,016586	3,147161
8,019364	2,780897
8,022142	2,214075
8,024920	1,656460
8,027698	1,214247
8,030475	0,973579
8,033253	0,911110
8,036031	0,978839
8,038809	1,099174
8,041586	1,211288
8,044364	1,283949
8,047142	1,329979
8,049919	1,367131
8,052697	1,397050
8,055475	1,426641
8,058253	1,433874
8,061030	1,424997
8,063808	1,407900
8,066586	1,405599
8,069364	1,418750
8,072141	1,440121
8,074919	1,451299
8,077697	1,450313
8,080475	1,440778
8,083253	1,439135
8,086030	1,452615
8,088808	1,473328
8,091586	1,485493
8,094364	1,479575
8,097141	1,470040
8,099919	1,472342
8,102697	1,495356
8,105474	1,523632
8,108252	1,542043
8,111030	1,538098
8,113808	1,532180
8,116585	1,536783
8,119363	1,556839
8,122141	1,584456
8,124919	1,603197
8,127696	1,602211
8,130474	1,594320
8,133252	1,602868
8,136030	1,617006
8,138808	1,642980
8,141585	1,656789
8,144363	1,656460
8,147141	1,644624
8,149919	1,647911
8,152696	1,660405
8,155474	1,680461
8,158252	1,691311
8,161029	1,684735
8,163807	1,675529
8,166585	1,688352
8,169363	1,725175
8,172140	1,774164
8,174918	1,814933
8,177696	1,827755
8,180474	1,826440
8,183251	1,835646
8,186029	1,862935
8,188807	1,900745
8,191585	1,927048
8,194363	1,928034
8,197140	1,915212
8,199918	1,911595
8,202696	1,919157
8,205474	1,929020
8,208251	1,925075
8,211029	1,898115
8,213807	1,862278
8,216584	1,834331
8,219362	1,818550
8,222140	1,805069
8,224918	1,777123
8,227695	1,733066
8,230473	1,676187
8,233251	1,621280
8,236029	1,581826
8,238806	1,547633
8,241584	1,510809
8,244362	1,460177
8,247140	1,410530
8,249917	1,379625
8,252695	1,379296
8,255473	1,394420
8,258251	1,406256
8,261029	1,402968
8,263806	1,394749
8,266584	1,393763
8,269362	1,407900
8,272139	1,426312
8,274917	1,433545
8,277695	1,424997
8,280473	1,406256
8,283250	1,404941
8,286028	1,416777
8,288806	1,436504
8,291584	1,445381
8,294361	1,439463
8,297139	1,423353
8,299917	1,420065
8,302695	1,433216
8,305472	1,452286
8,308250	1,461492
8,311028	1,449327
8,313806	1,431901
8,316584	1,428613
8,319361	1,442094
8,322139	1,461163
8,324917	1,474972
8,327694	1,466752
8,330472	1,451628
8,333250	1,447354
8,336028	1,462478
8,338805	1,482534
8,341583	1,513111
8,344361	1,542701
8,347139	1,574593
8,349916	1,624568
8,352694	1,679475
8,355472	1,731751
8,358250	1,759369
8,361027	1,762985
8,363805	1,759369
8,366583	1,767259
8,369361	1,784027
8,372139	1,804741
8,374916	1,808357
8,377694	1,785671
8,380472	1,754437
8,383249	1,727477
8,386027	1,709065
8,388805	1,692626
8,391583	1,663364
8,394360	1,615691
8,397138	1,561113
8,399916	1,517056
8,402694	1,497000
8,405471	1,496014
8,408249	1,491411
8,411027	1,470698
8,413805	1,448669
8,416582	1,438806
8,419360	1,448012
8,422138	1,467739
8,424916	1,478588
8,427694	1,471355
8,430471	1,454259
8,433249	1,449656
8,436027	1,462807
8,438804	1,482863
8,441582	1,492068
8,444360	1,483520
8,447138	1,468067
8,449915	1,465437
8,452693	1,478917
8,455471	1,496671
8,458249	1,505877
8,461026	1,495685
8,463804	1,478260
8,466582	1,474314
8,469360	1,475629
8,472137	1,474643
8,474915	1,454587
8,477693	1,418750
8,480471	1,401982
8,483249	1,458204
8,486026	1,619965
8,488804	1,869511
8,491582	2,212760
8,494359	2,597107
8,497137	2,975207
8,499915	3,192862
8,502693	3,197136
8,505470	3,197465
8,508248	3,197465
8,511026	3,192204
8,513804	3,154065
8,516581	2,793719
8,519359	2,226240
8,522137	1,673228
8,524915	1,245810
8,527692	0,998237
8,530470	0,918343
8,533248	0,964373
8,536026	1,072213
8,538804	1,192548
8,541581	1,287895
8,544359	1,343788
8,547137	1,370748
8,549914	1,387187
8,552692	1,401982
8,555470	1,424011
8,558248	1,432230
8,561025	1,423024
8,563803	1,410530
8,566581	1,410530
8,569359	1,424997
8,572136	1,451628
8,574914	1,465437
8,577692	1,459848
8,580470	1,448012
8,583247	1,440778
8,586025	1,451628
8,588803	1,473985
8,591581	1,490425
8,594359	1,489438
8,597136	1,482863
8,599914	1,488781
8,602692	1,511138
8,605469	1,538756
8,608247	1,555852
8,611025	1,555524
8,613803	1,547962
8,616580	1,549934
8,619358	1,568017
8,622136	1,596293
8,624914	1,613389
8,627691	1,612732
8,630469	1,604512
8,633247	1,607142
8,636025	1,623253
8,638802	1,649227
8,641580	1,663364
8,644358	1,659748
8,647136	1,645939
8,649914	1,646925
8,652691	1,661063
8,655469	1,684406
8,658247	1,699201
8,661024	1,697886
8,663802	1,695914
8,666580	1,712682
8,669358	1,752464
8,672135	1,799480
8,674913	1,833016
8,677691	1,845510
8,680469	1,845838
8,683246	1,856031
8,686024	1,884306
8,688802	1,919157
8,691580	1,939870
8,694357	1,935596
8,697135	1,918499
8,699913	1,910609
8,702691	1,910280
8,705469	1,913239
8,708246	1,907321
8,711024	1,877402
8,713802	1,841236
8,716579	1,810001
8,719357	1,785671
8,722135	1,765616
8,724913	1,735368
8,727690	1,684735
8,730468	1,621609
8,733246	1,566373
8,736024	1,528563
8,738801	1,502590
8,741579	1,474643
8,744357	1,430586
8,747135	1,393434
8,749912	1,366474
8,752690	1,374693
8,755468	1,395078
8,758246	1,412503
8,761024	1,408887
8,763801	1,400667
8,766579	1,397708
8,769357	1,407571
8,772134	1,425983
8,774912	1,435189
8,777690	1,430586
8,780468	1,411517
8,783245	1,409873
8,786023	1,420065
8,788801	1,443737
8,791579	1,452615
8,794356	1,449327
8,797134	1,431901
8,799912	1,427956
8,802690	1,438148
8,805467	1,455245
8,808245	1,465437
8,811023	1,457546
8,813801	1,445053
8,816579	1,437819
8,819356	1,451299
8,822134	1,468725
8,824912	1,484178
8,827689	1,474643
8,830467	1,456889
8,833245	1,448998
8,836023	1,461163
8,838800	1,500617
8,841578	1,551907
8,844356	1,593662
8,847134	1,628513
8,849911	1,667967
8,852689	1,709394
8,855467	1,749834
8,858245	1,776137
8,861022	1,781397
8,863800	1,775479
8,866578	1,778438
8,869356	1,787973
8,872134	1,800795
8,874911	1,798494
8,877689	1,775479
8,880467	1,737669
8,883244	1,704133
8,886022	1,679146
8,888800	1,661063
8,891578	1,635089
8,894355	1,584128
8,897133	1,533166
8,899911	1,492068
8,902689	1,480561
8,905466	1,483849
8,908244	1,484507
8,911022	1,467081
8,913800	1,451299
8,916577	1,444066
8,919355	1,452615
8,922133	1,471684
8,924911	1,480232
8,927688	1,474314
8,930466	1,456231
8,933244	1,450971
8,936022	1,461492
8,938800	1,487137
8,941577	1,496671
8,944355	1,493055
8,947133	1,471355
8,949910	1,462478
8,952688	1,472342
8,955466	1,488123
8,958244	1,499959
8,961021	1,495356
8,963799	1,480232
8,966577	1,466752
8,969355	1,462149
8,972132	1,448340
8,974910	1,436504
8,977688	1,424997
8,980466	1,465437
8,983244	1,601553
8,986021	1,840249
8,988799	2,190074
8,991577	2,589874
8,994355	2,972906
8,997132	3,191218
8,999910	3,196150
9,002688	3,197465
9,005465	3,196478
9,008243	3,194506
9,011021	3,165902
9,013799	2,823638
9,016576	2,251556
9,019354	1,684077
9,022132	1,253701
9,024910	1,018293
9,027687	0,939385
9,030465	0,967989
9,033243	1,060706
9,036021	1,170848
9,038798	1,275401
9,041576	1,354637
9,044354	1,388831
9,047132	1,396722
9,049910	1,395735
9,052687	1,405270
9,055465	1,422038
9,058243	1,433216
9,061020	1,424011
9,063798	1,414147
9,066576	1,412174
9,069354	1,427627
9,072131	1,456560
9,074909	1,468725
9,077687	1,464780
9,080465	1,447025
9,083242	1,442422
9,086020	1,455574
9,088798	1,483849
9,091576	1,500617
9,094353	1,502261
9,097131	1,496014
9,099909	1,499302
9,102687	1,520015
9,105465	1,547962
9,108242	1,566373
9,111020	1,566045
9,113798	1,558483
9,116575	1,558483
9,119353	1,578538
9,122131	1,604512
9,124909	1,627527
9,127686	1,628513
9,130464	1,619965
9,133242	1,617992
9,136020	1,632787
9,138797	1,655473
9,141575	1,669940
9,144353	1,668953
9,147131	1,655802
9,149908	1,651199
9,152686	1,664679
9,155464	1,688352
9,158242	1,708407
9,161020	1,717942
9,163797	1,723203
9,166575	1,746546
9,169353	1,783699
9,172130	1,826112
9,174908	1,854716
9,177686	1,862278
9,180464	1,862606
9,183241	1,873456
9,186019	1,899430
9,188797	1,930664
9,191575	1,949405
9,194352	1,941843
9,197130	1,922116
9,199908	1,905019
9,202686	1,902389
9,205463	1,904033
9,208241	1,895485
9,211019	1,863593
9,213797	1,819536
9,216575	1,778438
9,219352	1,751478
9,222130	1,737340
9,224908	1,708079
9,227685	1,653501
9,230463	1,586429
9,233241	1,528892
9,236019	1,490096
9,238796	1,469383
9,241574	1,445053
9,244352	1,412174
9,247130	1,384885
9,249907	1,374364
9,252685	1,388173
9,255463	1,413818
9,258241	1,429929
9,261018	1,421380
9,263796	1,408887
9,266574	1,401982
9,269352	1,411517
9,272130	1,429929
9,274907	1,440450
9,277685	1,431244
9,280463	1,416449
9,283240	1,409215
9,286018	1,418421
9,288796	1,440450
9,291574	1,454916
9,294351	1,450971
9,297129	1,432230
9,299907	1,424997
9,302685	1,437491
9,305462	1,458204
9,308240	1,472670
9,311018	1,468067
9,313796	1,452615
9,316573	1,444395
9,319351	1,452943
9,322129	1,472342
9,324907	1,487466
9,327685	1,479246
9,330462	1,464122
9,333240	1,456560
9,336018	1,485493
9,338795	1,541057
9,341573	1,602539
9,344351	1,649555
9,347129	1,677173
9,349906	1,704462
9,352684	1,737340
9,355462	1,772520
9,358240	1,794877
9,361017	1,796850
9,363795	1,784356
9,366573	1,776465
9,369351	1,778767
9,372128	1,788302
9,374906	1,785014
9,377684	1,757067
9,380462	1,713339
9,383240	1,674543
9,386017	1,646267
9,388795	1,626869
9,391573	1,600895
9,394350	1,555852
9,397128	1,512453
9,399906	1,481219
9,402684	1,474643
9,405461	1,481876
9,408239	1,486150
9,411017	1,475629
9,413795	1,458204
9,416572	1,448669
9,419350	1,454587
9,422128	1,474643
9,424906	1,484507
9,427683	1,477931
9,430461	1,462149
9,433239	1,458861
9,436017	1,469054
9,438795	1,491411
9,441572	1,501932
9,444350	1,496343
9,447128	1,479246
9,449905	1,471355
9,452683	1,480890
9,455461	1,498644
9,458239	1,510480
9,461016	1,499630
9,463794	1,476616
9,466572	1,448998
9,469350	1,431573
9,472127	1,424668
9,474905	1,434532
9,477683	1,480890
9,480461	1,603855
9,483238	1,816577
9,486016	2,150291
9,488794	2,555352
9,491572	2,963042
9,494350	3,191218
9,497127	3,195821
9,499905	3,197465
9,502683	3,198451
9,505460	3,194177
9,508238	3,175765
9,511016	2,863421
9,513794	2,292654
9,516571	1,707092
9,519349	1,253701
9,522127	1,016320
9,524905	0,945961
9,527682	0,978839
9,530460	1,058405
9,533238	1,153423
9,536016	1,253701
9,538793	1,337541
9,541571	1,398366
9,544349	1,410530
9,547127	1,402311
9,549905	1,392776
9,552682	1,402968
9,555460	1,422367
9,558238	1,438806
9,561015	1,435189
9,563793	1,424997
9,566571	1,425326
9,569349	1,438477
9,572126	1,464122
9,574904	1,475958
9,577682	1,469054
9,580460	1,451628
9,583237	1,449656
9,586015	1,464451
9,588793	1,492068
9,591571	1,509165
9,594348	1,511795
9,597126	1,505220
9,599904	1,505877
9,602682	1,521330
9,605460	1,549605
9,608237	1,572620
9,611015	1,571634
9,613793	1,567360
9,616570	1,568346
9,619348	1,586429
9,622126	1,610430
9,624904	1,633774
9,627681	1,632787
9,630459	1,624239
9,633237	1,617992
9,636015	1,631143
9,638792	1,653501
9,641570	1,670926
9,644348	1,671584
9,647126	1,660076
9,649903	1,658104
9,652681	1,672241
9,655459	1,699859
9,658237	1,723531
9,661015	1,739313
9,663792	1,751478
9,666570	1,773835
9,669348	1,805398
9,672125	1,842551
9,674903	1,867867
9,677681	1,879703
9,680459	1,884306
9,683236	1,895813
9,686014	1,917184
9,688792	1,941514
9,691570	1,954666
9,694347	1,945131
9,697125	1,918499
9,699903	1,895156
9,702681	1,884964
9,705458	1,884306
9,708236	1,873456
9,711014	1,839592
9,713792	1,788630
9,716569	1,746546
9,719347	1,719586
9,722125	1,695256
9,724903	1,660076
9,727680	1,600895
9,730458	1,531522
9,733236	1,479246
9,736014	1,445381
9,738791	1,433216
9,741569	1,420394
9,744347	1,400338
9,747125	1,379625
9,749902	1,372392
9,752680	1,387187
9,755458	1,412174
9,758236	1,429600
9,761013	1,421709
9,763791	1,405599
9,766569	1,393763
9,769347	1,403297
9,772125	1,424011
9,774902	1,441107
9,777680	1,436175
9,780458	1,422038
9,783235	1,409873
9,786013	1,421051
9,788791	1,440450
9,791569	1,456231
9,794346	1,449656
9,797124	1,434532
9,799902	1,425983
9,802680	1,435847
9,805457	1,459848
9,808235	1,470369
9,811013	1,466095
9,813791	1,446697
9,816568	1,438148
9,819346	1,446697
9,822124	1,465766
9,824902	1,478917
9,827679	1,474972
9,830457	1,460505
9,833235	1,468396
9,836013	1,513439
9,838790	1,578210
9,841568	1,644295
9,844346	1,684077
9,847124	1,703476
9,849901	1,719915
9,852679	1,742930
9,855457	1,772849
9,858235	1,795206
9,861012	1,794220
9,863790	1,778438
9,866568	1,765616
9,869346	1,765287
9,872123	1,771205
9,874901	1,762985
9,877679	1,729121
9,880457	1,679475
9,883234	1,635418
9,886012	1,606814
9,888790	1,589717
9,891568	1,565387
9,894346	1,525933
9,897123	1,485822
9,899901	1,463793
9,902679	1,460505
9,905456	1,470698
9,908234	1,478588
9,911012	1,469711
9,913790	1,452286
9,916567	1,442751
9,919345	1,452615
9,922123	1,473328
9,924901	1,485822
9,927678	1,479904
9,930456	1,465766
9,933234	1,457546
9,936012	1,466752
9,938789	1,489438
9,941567	1,500946
9,944345	1,496014
9,947123	1,480232
9,949901	1,472670
9,952678	1,478588
9,955456	1,499302
9,958234	1,510480
9,961011	1,501932
9,963789	1,466752
9,966567	1,429600
9,969345	1,415133
9,972122	1,425983
9,974900	1,488781
9,977678	1,613060
9,980456	1,810001
9,983233	2,123002
9,986011	2,512610
9,988789	2,926876
9,991567	3,190889
9,994344	3,197136
9,997122	3,197794
9,999900	3,197794
10,002678	3,195163
10,005456	3,180039
10,008233	2,902875
10,011011	2,346575
10,013789	1,742601
10,016566	1,263894
10,019344	1,002183
10,022122	0,931495
10,024900	0,985086
10,027677	1,077474
10,030455	1,163944
10,033233	1,248112
10,036011	1,324061
10,038788	1,386529
10,041566	1,425326
10,044344	1,424339
10,047122	1,408558
10,049899	1,399681
10,052677	1,410530
10,055455	1,429600
10,058233	1,449656
10,061011	1,447354
10,063788	1,432888
10,066566	1,428613
10,069344	1,440450
10,072121	1,462478
10,074899	1,479246
10,077677	1,476945
10,080455	1,462149
10,083232	1,458533
10,086010	1,470698
10,088788	1,497987
10,091566	1,521001
10,094343	1,523960
10,097121	1,515741
10,099899	1,512782
10,102677	1,529878
10,105454	1,558483
10,108232	1,580511
10,111010	1,583141
10,113788	1,577552
10,116566	1,575579
10,119343	1,593991
10,122121	1,620622
10,124899	1,643966
10,127676	1,643308
10,130454	1,632130
10,133232	1,625225
10,136010	1,638705
10,138787	1,661720
10,141565	1,681447
10,144343	1,681118
10,147121	1,668953
10,149898	1,666652
10,152676	1,680132
10,155454	1,710380
10,158232	1,743258
10,161009	1,766273
10,163787	1,775479
10,166565	1,788959
10,169343	1,815262
10,172121	1,847811
10,174898	1,876415
10,177676	1,890224
10,180454	1,892854
10,183231	1,899101
10,186009	1,915212
10,188787	1,936582
10,191565	1,948747
10,194342	1,934281
10,197120	1,903047
10,199898	1,874114
10,202676	1,860634
10,205453	1,856688
10,208231	1,844523
10,211009	1,809344
10,213787	1,758382
10,216564	1,713997
10,219342	1,678488
10,222120	1,649884
10,224898	1,610101
10,227676	1,553551
10,230453	1,491082
10,233231	1,445053
10,236009	1,416777
10,238786	1,411517
10,241564	1,409544
10,244342	1,399681
10,247120	1,387516
10,249897	1,384557
10,252675	1,396393
10,255453	1,418092
10,258231	1,433216
10,261008	1,425654
10,263786	1,412832
10,266564	1,404284
10,269342	1,414147
10,272119	1,430586
10,274897	1,446039
10,277675	1,438477
10,280453	1,423353
10,283231	1,411517
10,286008	1,421051
10,288786	1,442422
10,291564	1,456231
10,294341	1,452615
10,297119	1,436504
10,299897	1,432559
10,302675	1,440778
10,305452	1,462478
10,308230	1,471026
10,311008	1,467739
10,313786	1,449327
10,316563	1,440450
10,319341	1,449984
10,322119	1,471355
10,324897	1,486150
10,327674	1,482534
10,330452	1,484835
10,333230	1,508508
10,336008	1,565387
10,338786	1,629828
10,341563	1,691968
10,344341	1,723860
10,347119	1,730107
10,349896	1,732737
10,352674	1,753779
10,355452	1,783370
10,358230	1,807371
10,361007	1,807371
10,363785	1,786658
10,366563	1,768246
10,369341	1,761670
10,372118	1,757725
10,374896	1,743587
10,377674	1,703476
10,380452	1,646925
10,383229	1,601553
10,386007	1,569004
10,388785	1,551907
10,391563	1,533166
10,394341	1,504233
10,397118	1,470698
10,399896	1,448669
10,402674	1,447025
10,405451	1,462478
10,408229	1,478917
10,411007	1,471355
10,413785	1,457218
10,416562	1,444395
10,419340	1,452286
10,422118	1,469383
10,424896	1,485822
10,427673	1,477602
10,430451	1,465437
10,433229	1,457546
10,436007	1,467081
10,438784	1,486150
10,441562	1,496343
10,444340	1,488781
10,447118	1,473985
10,449896	1,465108
10,452673	1,473328
10,455451	1,498644
10,458229	1,505549
10,461006	1,483849
10,463784	1,434860
10,466562	1,400338
10,469340	1,400338
10,472117	1,469383
10,474895	1,608129
10,477673	1,815262
10,480451	2,118071
10,483228	2,484335
10,486006	2,891039
10,488784	3,189574
10,491562	3,197136
10,494339	3,198780
10,497117	3,199109
10,499895	3,195492
10,502673	3,180039
10,505451	2,918986
10,508228	2,388988
10,511006	1,794548
10,513784	1,299402
10,516561	1,011389
10,519339	0,919987
10,522117	0,970291
10,524895	1,076816
10,527672	1,176766
10,530450	1,248770
10,533228	1,307622
10,536006	1,359898
10,538783	1,402640
10,541561	1,427298
10,544339	1,427627
10,547117	1,412174
10,549894	1,402640
10,552672	1,411846
10,555450	1,432230
10,558228	1,450971
10,561006	1,444395
10,563783	1,431573
10,566561	1,426312
10,569339	1,440121
10,572116	1,461821
10,574894	1,480561
10,577672	1,479246
10,580450	1,472342
10,583227	1,471026
10,586005	1,482863
10,588783	1,511138
10,591561	1,533824
10,594338	1,536454
10,597116	1,528892
10,599894	1,528892
10,602672	1,545002
10,605449	1,574593
10,608227	1,597279
10,611005	1,602211
10,613783	1,594320
10,616560	1,592347
10,619338	1,607800
10,622116	1,634760
10,624894	1,654158
10,627671	1,653829
10,630449	1,642322
10,633227	1,636075
10,636005	1,647583
10,638782	1,672241
10,641560	1,693283
10,644338	1,694599
10,647116	1,683091
10,649893	1,677502
10,652671	1,691639
10,655449	1,727477
10,658227	1,769232
10,661004	1,795864
10,663782	1,805069
10,666560	1,817234
10,669338	1,842551
10,672116	1,879703
10,674893	1,914554
10,677671	1,928692
10,680449	1,921458
10,683226	1,918828
10,686004	1,925075
10,688782	1,942172
10,691560	1,947432
10,694337	1,926719
10,697115	1,888580
10,699893	1,858003
10,702671	1,845510
10,705448	1,840249
10,708226	1,825454
10,711004	1,788630
10,713782	1,735696
10,716559	1,681118
10,719337	1,640021
10,722115	1,606485
10,724893	1,569990
10,727670	1,520015
10,730448	1,463136
10,733226	1,419079
10,736004	1,397708
10,738781	1,400009
10,741559	1,410530
10,744337	1,407900
10,747115	1,396722
10,749892	1,391132
10,752670	1,398694
10,755448	1,418750
10,758226	1,434532
10,761003	1,429600
10,763781	1,417764
10,766559	1,408887
10,769337	1,418092
10,772114	1,438148
10,774892	1,453601
10,777670	1,446697
10,780448	1,429600
10,783226	1,418092
10,786003	1,424339
10,788781	1,444724
10,791559	1,463464
10,794336	1,462478
10,797114	1,446368
10,799892	1,436175
10,802670	1,441765
10,805447	1,460834
10,808225	1,472013
10,811003	1,469054
10,813781	1,451299
10,816558	1,443080
10,819336	1,452286
10,822114	1,473985
10,824892	1,489438
10,827669	1,497329
10,830447	1,513439
10,833225	1,549934
10,836003	1,611088
10,838780	1,677173
10,841558	1,729449
10,844336	1,750820
10,847114	1,747861
10,849892	1,748190
10,852669	1,768575
10,855447	1,791589
10,858225	1,808686
10,861002	1,801124
10,863780	1,773506
10,866558	1,747532
10,869336	1,732409
10,872113	1,722216
10,874891	1,704133
10,877669	1,667310
10,880447	1,616348
10,883224	1,571963
10,886002	1,540071
10,888780	1,525276
10,891558	1,514097
10,894335	1,491740
10,897113	1,460505
10,899891	1,440778
10,902669	1,440778
10,905447	1,454259
10,908224	1,467739
10,911002	1,460177
10,913780	1,446368
10,916557	1,437491
10,919335	1,448012
10,922113	1,465437
10,924891	1,484178
10,927668	1,481219
10,930446	1,465766
10,933224	1,454259
10,936002	1,458861
10,938779	1,478588
10,941557	1,494699
10,944335	1,495356
10,947113	1,479904
10,949890	1,471355
10,952668	1,474314
10,955446	1,491411
10,958224	1,487137
10,961002	1,457546
10,963779	1,413818
10,966557	1,394420
10,969335	1,448998
10,972112	1,587415
10,974890	1,807042
10,977668	2,117413
10,980446	2,471841
10,983223	2,860133
10,986001	3,186286
10,988779	3,197136
10,991557	3,198122
10,994334	3,198451
10,997112	3,194506
10,999890	3,180697
11,002668	2,924246
11,005445	2,403783
11,008223	1,823810
11,011001	1,333267
11,013779	1,025855
11,016557	0,907822
11,019334	0,940372
11,022112	1,050185
11,024890	1,165588
11,027667	1,257647
11,030445	1,308937
11,033223	1,350363
11,036001	1,385543
11,038778	1,416449
11,041556	1,433216
11,044334	1,429929
11,047112	1,412832
11,049889	1,402640
11,052667	1,411517
11,055445	1,430257
11,058223	1,452943
11,061000	1,452615
11,063778	1,442751
11,066556	1,433216
11,069334	1,442094
11,072112	1,460177
11,074889	1,480890
11,077667	1,482534
11,080445	1,474972
11,083222	1,471026
11,086000	1,488452
11,088778	1,518042
11,091556	1,540728
11,094333	1,545331
11,097111	1,535797
11,099889	1,534481
11,102667	1,544016
11,105444	1,571634
11,108222	1,594977
11,111000	1,603197
11,113778	1,596293
11,116555	1,595306
11,119333	1,609115
11,122111	1,634760
11,124889	1,655802
11,127667	1,656789
11,130444	1,646925
11,133222	1,639692
11,136000	1,650870
11,138777	1,671255
11,141555	1,690653
11,144333	1,691311
11,147111	1,682434
11,149888	1,680132
11,152666	1,706763
11,155444	1,753451
11,158222	1,798494
11,160999	1,817563
11,163777	1,820851
11,166555	1,828084
11,169333	1,851099
11,172110	1,891539
11,174888	1,927048
11,177666	1,938884
11,180444	1,929349
11,183222	1,917842
11,185999	1,917513
11,188777	1,927048
11,191555	1,930664
11,194332	1,911595
11,197110	1,877073
11,199888	1,846496
11,202666	1,827755
11,205443	1,813618
11,208221	1,795535
11,210999	1,754437
11,213777	1,694270
11,216554	1,633774
11,219332	1,591032
11,222110	1,555524
11,224888	1,527577
11,227665	1,480890
11,230443	1,428613
11,233221	1,391132
11,235999	1,380611
11,238777	1,394420
11,241554	1,411517
11,244332	1,413161
11,247110	1,401325
11,249887	1,397708
11,252665	1,404941
11,255443	1,426970
11,258221	1,441436
11,260998	1,437819
11,263776	1,419408
11,266554	1,410202
11,269332	1,414147
11,272109	1,434532
11,274887	1,452943
11,277665	1,449984
11,280443	1,438806
11,283220	1,427298
11,285998	1,436833
11,288776	1,453930
11,291554	1,472342
11,294331	1,464122
11,297109	1,448998
11,299887	1,434532
11,302665	1,440778
11,305442	1,461492
11,308220	1,478917
11,310998	1,477602
11,313776	1,461821
11,316553	1,452615
11,319331	1,461163
11,322109	1,483849
11,324887	1,510480
11,327664	1,540400
11,330442	1,568675
11,333220	1,609115
11,335998	1,660405
11,338775	1,714654
11,341553	1,754108
11,344331	1,768246
11,347109	1,764300
11,349887	1,764300
11,352664	1,779753
11,355442	1,799151
11,358220	1,813947
11,360997	1,798494
11,363775	1,764300
11,366553	1,728792
11,369331	1,710709
11,372108	1,694599
11,374886	1,677502
11,377664	1,638048
11,380442	1,582812
11,383219	1,534810
11,385997	1,507521
11,388775	1,501603
11,391553	1,498973
11,394330	1,483849
11,397108	1,457218
11,399886	1,440121
11,402664	1,442094
11,405441	1,459519
11,408219	1,476287
11,410997	1,472999
11,413775	1,457218
11,416552	1,448340
11,419330	1,453272
11,422108	1,468725
11,424886	1,486150
11,427663	1,482205
11,430441	1,468067
11,433219	1,460177
11,435997	1,467081
11,438774	1,487466
11,441552	1,505549
11,444330	1,506864
11,447108	1,492726
11,449885	1,479246
11,452663	1,478260
11,455441	1,478917
11,458219	1,466423
11,460997	1,436504
11,463774	1,409215
11,466552	1,442751
11,469330	1,561113
11,472107	1,781068
11,474885	2,107549
11,477663	2,474142
11,480441	2,859147
11,483218	3,184313
11,485996	3,196478
11,488774	3,198451
11,491552	3,198122
11,494329	3,195492
11,497107	3,184313
11,499885	2,945617
11,502663	2,429099
11,505440	1,850441
11,508218	1,367460
11,510996	1,066295
11,513774	0,933467
11,516551	0,943988
11,519329	1,037691
11,522107	1,158683
11,524885	1,267181
11,527662	1,339185
11,530440	1,372392
11,533218	1,387516
11,535996	1,402968
11,538773	1,422695
11,541551	1,438477
11,544329	1,438148
11,547107	1,419408
11,549884	1,410530
11,552662	1,421380
11,555440	1,442422
11,558218	1,464122
11,560995	1,465437
11,563773	1,452943
11,566551	1,442751
11,569329	1,453601
11,572106	1,473985
11,574884	1,497000
11,577662	1,498315
11,580440	1,489438
11,583217	1,490425
11,585995	1,505549
11,588773	1,530865
11,591551	1,554208
11,594328	1,559469
11,597106	1,554208
11,599884	1,552564
11,602662	1,560126
11,605439	1,588073
11,608217	1,611088
11,610995	1,619636
11,613773	1,612403
11,616550	1,609444
11,619328	1,619636
11,622106	1,640349
11,624884	1,660734
11,627661	1,664351
11,630439	1,654816
11,633217	1,646267
11,635995	1,656131
11,638772	1,675858
11,641550	1,694927
11,644328	1,699530
11,647106	1,696242
11,649883	1,704133
11,652661	1,736683
11,655439	1,784356
11,658217	1,830057
11,660994	1,850113
11,663772	1,850441
11,666550	1,853729
11,669328	1,876415
11,672105	1,908965
11,674883	1,939213
11,677661	1,946117
11,680439	1,933623
11,683216	1,920143
11,685994	1,916856
11,688772	1,920801
11,691550	1,919157
11,694327	1,896800
11,697105	1,859647
11,699883	1,822824
11,702661	1,797179
11,705438	1,781397
11,708216	1,760684
11,710994	1,716627
11,713772	1,654487
11,716549	1,590703
11,719327	1,544345
11,722105	1,512782
11,724883	1,489438
11,727660	1,449656
11,730438	1,404941
11,733216	1,375351
11,735994	1,370090
11,738771	1,390475
11,741549	1,413161
11,744327	1,419736
11,747105	1,405928
11,749882	1,398366
11,752660	1,400996
11,755438	1,419408
11,758216	1,437162
11,760993	1,436175
11,763771	1,418750
11,766549	1,408887
11,769327	1,414476
11,772104	1,433545
11,774882	1,452943
11,777660	1,449327
11,780438	1,436504
11,783215	1,426641
11,785993	1,433216
11,788771	1,449656
11,791549	1,470040
11,794326	1,466423
11,797104	1,454259
11,799882	1,438477
11,802660	1,444724
11,805438	1,461163
11,808215	1,477602
11,810993	1,475301
11,813771	1,459519
11,816548	1,448998
11,819326	1,451957
11,822104	1,486479
11,824882	1,533495
11,827659	1,583799
11,830437	1,619307
11,833215	1,654816
11,835993	1,694927
11,838770	1,736683
11,841548	1,768246
11,844326	1,781397
11,847104	1,776794
11,849881	1,774164
11,852659	1,780740
11,855437	1,792576
11,858215	1,801453
11,860993	1,785342
11,863770	1,749834
11,866548	1,709723
11,869326	1,682762
11,872103	1,664022
11,874881	1,645939
11,877659	1,606156
11,880437	1,552564
11,883214	1,502261
11,885992	1,478588
11,888770	1,478917
11,891548	1,484835
11,894325	1,478260
11,897103	1,454587
11,899881	1,441436
11,902659	1,441765
11,905436	1,461821
11,908214	1,477273
11,910992	1,478917
11,913770	1,459190
11,916548	1,449656
11,919325	1,454587
11,922103	1,472999
11,924881	1,492397
11,927658	1,492726
11,930436	1,478588
11,933214	1,464122
11,935992	1,470698
11,938769	1,485493
11,941547	1,503905
11,944325	1,499959
11,947103	1,486808
11,949880	1,471355
11,952658	1,459848
11,955436	1,451299
11,958214	1,439135
11,960991	1,426641
11,963769	1,449984
11,966547	1,548290
11,969325	1,749505
11,972103	2,076644
11,974880	2,459676
11,977658	2,862106
11,980436	3,183985
11,983213	3,195821
11,985991	3,197794
11,988769	3,196807
11,991547	3,194506
11,994324	3,184971
11,997102	2,962385
11,999880	2,444552
12,002658	1,852743
12,005435	1,365487
12,008213	1,073529
12,010991	0,946947
12,013769	0,949906
12,016546	1,021910
12,019324	1,130079
12,022102	1,241536
12,024880	1,332938
12,027658	1,384228
12,030435	1,397379
12,033213	1,398366
12,035991	1,401982
12,038768	1,417435
12,041546	1,430586
12,044324	1,429600
12,047102	1,416449
12,049879	1,411188
12,052657	1,420065
12,055435	1,444395
12,058213	1,467739
12,060990	1,471026
12,063768	1,455574
12,066546	1,444724
12,069324	1,452615
12,072101	1,474314
12,074879	1,498973
12,077657	1,506535
12,080435	1,501932
12,083213	1,498315
12,085990	1,512124
12,088768	1,532509
12,091546	1,558154
12,094323	1,564072
12,097101	1,555195
12,099879	1,550263
12,102657	1,563414
12,105434	1,589388
12,108212	1,617663
12,110990	1,626212
12,113768	1,618650
12,116545	1,615362
12,119323	1,623910
12,122101	1,646925
12,124879	1,665994
12,127656	1,669611
12,130434	1,660734
12,133212	1,655145
12,135990	1,662049
12,138768	1,682762
12,141545	1,706106
12,144323	1,716956
12,147101	1,722216
12,149878	1,736025
12,152656	1,767917
12,155434	1,809015
12,158212	1,847154
12,160989	1,862935
12,163767	1,862935
12,166545	1,866223
12,169323	1,886608
12,172100	1,915212
12,174878	1,941185
12,177656	1,946775
12,180434	1,933295
12,183211	1,912581
12,185989	1,902060
12,188767	1,898772
12,191545	1,893183
12,194323	1,871812
12,197100	1,831372
12,199878	1,788959
12,202656	1,760355
12,205433	1,741286
12,208211	1,715641
12,210989	1,671255
12,213767	1,604512
12,216544	1,537112
12,219322	1,493712
12,222100	1,464780
12,224878	1,446697
12,227655	1,419408
12,230433	1,384228
12,233211	1,364501
12,235989	1,373378
12,238766	1,395735
12,241544	1,422038
12,244322	1,428942
12,247100	1,415791
12,249878	1,403955
12,252655	1,406914
12,255433	1,424339
12,258211	1,441765
12,260988	1,443737
12,263766	1,425983
12,266544	1,415133
12,269322	1,417106
12,272099	1,437491
12,274877	1,454259
12,277655	1,452286
12,280433	1,436175
12,283210	1,422038
12,285988	1,427298
12,288766	1,443409
12,291544	1,462807
12,294321	1,462149
12,297099	1,448998
12,299877	1,438148
12,302655	1,443737
12,305432	1,462149
12,308210	1,479575
12,310988	1,476945
12,313766	1,458861
12,316543	1,447025
12,319321	1,460505
12,322099	1,511467
12,324877	1,573607
12,327654	1,627856
12,330432	1,662049
12,333210	1,689009
12,335988	1,718271
12,338765	1,751478
12,341543	1,780740
12,344321	1,794220
12,347099	1,787644
12,349876	1,774821
12,352654	1,773178
12,355432	1,779424
12,358210	1,782383
12,360988	1,760026
12,363765	1,718928
12,366543	1,671913
12,369321	1,643308
12,372098	1,625554
12,374876	1,606814
12,377654	1,569332
12,380432	1,519686
12,383209	1,480890
12,385987	1,465437
12,388765	1,471026
12,391543	1,477602
12,394320	1,475629
12,397098	1,455574
12,399876	1,443409
12,402654	1,442751
12,405431	1,459519
12,408209	1,477273
12,410987	1,477931
12,413765	1,461492
12,416542	1,450971
12,419320	1,454587
12,422098	1,473328
12,424876	1,494699
12,427653	1,492068
12,430431	1,477273
12,433209	1,466423
12,435987	1,471026
12,438764	1,485164
12,441542	1,502590
12,444320	1,499959
12,447098	1,481547
12,449875	1,453601
12,452653	1,429929
12,455431	1,420723
12,458209	1,427627
12,460986	1,467739
12,463764	1,557496
12,466542	1,740299
12,469320	2,044423
12,472097	2,422852
12,474875	2,840078
12,477653	3,183656
12,480431	3,195821
12,483208	3,195821
12,485986	3,197136
12,488764	3,195163
12,491542	3,186615
12,494319	2,991318
12,497097	2,478745
12,499875	1,870497
12,502653	1,365487
12,505430	1,061364
12,508208	0,951550
12,510986	0,963715
12,513764	1,036376
12,516541	1,122517
12,519319	1,220823
12,522097	1,308937
12,524875	1,380940
12,527652	1,410530
12,530430	1,405928
12,533208	1,393434
12,535986	1,394091
12,538763	1,412503
12,541541	1,428942
12,544319	1,439463
12,547097	1,428613
12,549874	1,422367
12,552652	1,429271
12,555430	1,450971
12,558208	1,470698
12,560985	1,472999
12,563763	1,457546
12,566541	1,447354
12,569319	1,458204
12,572096	1,479904
12,574874	1,503247
12,577652	1,514097
12,580430	1,512124
12,583207	1,506864
12,585985	1,522645
12,588763	1,545331
12,591541	1,571963
12,594318	1,576894
12,597096	1,569661
12,599874	1,563743
12,602652	1,574922
12,605429	1,598594
12,608207	1,625883
12,610985	1,637390
12,613763	1,630157
12,616540	1,623253
12,619318	1,629500
12,622096	1,652186
12,624874	1,674214
12,627651	1,679146
12,630429	1,669282
12,633207	1,662707
12,635985	1,669611
12,638762	1,694270
12,641540	1,722874
12,644318	1,742930
12,647096	1,755423
12,649873	1,773835
12,652651	1,801782
12,655429	1,837948
12,658207	1,870826
12,660984	1,884635
12,663762	1,885621
12,666540	1,888580
12,669318	1,906334
12,672095	1,931322
12,674873	1,952035
12,677651	1,955323
12,680429	1,934939
12,683206	1,906006
12,685984	1,889567
12,688762	1,882662
12,691540	1,876415
12,694317	1,848469
12,697095	1,804083
12,699873	1,759369
12,702651	1,725833
12,705429	1,700845
12,708206	1,672241
12,710984	1,623581
12,713762	1,558483
12,716539	1,498644
12,719317	1,458533
12,722095	1,435189
12,724873	1,425654
12,727650	1,406914
12,730428	1,385872
12,733206	1,373378
12,735984	1,385214
12,738761	1,404612
12,741539	1,426312
12,744317	1,425326
12,747095	1,409544
12,749872	1,398366
12,752650	1,402968
12,755428	1,421051
12,758206	1,442422
12,760984	1,448669
12,763761	1,432559
12,766539	1,423024
12,769317	1,423024
12,772094	1,439135
12,774872	1,455574
12,777650	1,457218
12,780428	1,441436
12,783205	1,429929
12,785983	1,431901
12,788761	1,445053
12,791539	1,465437
12,794316	1,468396
12,797094	1,456231
12,799872	1,443737
12,802650	1,448669
12,805427	1,463464
12,808205	1,485822
12,810983	1,485164
12,813761	1,472670
12,816539	1,468067
12,819316	1,501274
12,822094	1,564072
12,824872	1,631143
12,827649	1,679146
12,830427	1,703476
12,833205	1,715969
12,835983	1,736354
12,838760	1,766602
12,841538	1,795206
12,844316	1,806056
12,847094	1,796192
12,849871	1,781068
12,852649	1,775150
12,855427	1,780082
12,858205	1,776465
12,860982	1,750163
12,863760	1,700845
12,866538	1,649884
12,869316	1,615362
12,872093	1,593662
12,874871	1,575250
12,877649	1,543030
12,880427	1,502261
12,883204	1,466095
12,885982	1,457218
12,888760	1,461492
12,891538	1,473985
12,894315	1,475301
12,897093	1,457218
12,899871	1,441107
12,902649	1,443409
12,905426	1,461163
12,908204	1,480232
12,910982	1,483849
12,913760	1,468725
12,916537	1,456889
12,919315	1,459848
12,922093	1,478588
12,924871	1,498315
12,927649	1,499302
12,930426	1,483191
12,933204	1,469054
12,935982	1,471355
12,938759	1,485164
12,941537	1,505549
12,944315	1,506206
12,947093	1,475958
12,949870	1,436504
12,952648	1,408229
12,955426	1,408887
12,958204	1,461821
12,960981	1,561442
12,963759	1,739971
12,966537	2,023052
12,969315	2,385700
12,972092	2,805884
12,974870	3,179053
12,977648	3,196150
12,980426	3,197465
12,983203	3,197465
12,985981	3,195492
12,988759	3,188916
12,991537	3,025182
12,994314	2,538912
12,997092	1,924418
12,999870	1,392119
13,002648	1,063336
13,005425	0,939385
13,008203	0,963387
13,010981	1,046897
13,013759	1,136655
13,016536	1,215891
13,019314	1,291182
13,022092	1,359898
13,024870	1,410202
13,027647	1,425983
13,030425	1,415462
13,033203	1,402968
13,035981	1,404284
13,038758	1,423024
13,041536	1,443409
13,044314	1,450642
13,047092	1,439792
13,049869	1,430915
13,052647	1,435189
13,055425	1,452286
13,058203	1,469054
13,060980	1,474643
13,063758	1,464780
13,066536	1,457218
13,069314	1,466423
13,072091	1,489767
13,074869	1,515741
13,077647	1,527248
13,080425	1,523960
13,083202	1,516727
13,085980	1,528563
13,088758	1,551249
13,091536	1,579525
13,094313	1,589717
13,097091	1,585114
13,099869	1,580182
13,102647	1,588073
13,105424	1,612403
13,108202	1,640021
13,110980	1,650870
13,113758	1,640678
13,116535	1,632459
13,119313	1,636733
13,122091	1,656131
13,124869	1,677831
13,127646	1,683749
13,130424	1,673556
13,133202	1,667638
13,135980	1,673885
13,138757	1,700188
13,141535	1,738655
13,144313	1,767588
13,147091	1,782055
13,149868	1,795864
13,152646	1,815590
13,155424	1,844523
13,158202	1,877073
13,160979	1,895813
13,163757	1,900088
13,166535	1,900416
13,169313	1,912253
13,172090	1,932308
13,174868	1,951706
13,177646	1,945788
13,180424	1,919157
13,183201	1,886608
13,185979	1,865237
13,188757	1,859647
13,191535	1,853729
13,194312	1,826769
13,197090	1,777123
13,199868	1,727148
13,202646	1,687365
13,205423	1,661720
13,208201	1,629500
13,210979	1,580840
13,213757	1,518042
13,216534	1,458533
13,219312	1,422367
13,222090	1,408229
13,224868	1,408558
13,227645	1,401982
13,230423	1,392119
13,233201	1,380282
13,235979	1,390804
13,238756	1,406585
13,241534	1,427956
13,244312	1,429929
13,247090	1,415462
13,249867	1,400996
13,252645	1,402640
13,255423	1,421380
13,258201	1,439135
13,260978	1,445053
13,263756	1,429929
13,266534	1,418092
13,269312	1,420065
13,272089	1,442422
13,274867	1,460177
13,277645	1,467081
13,280423	1,446368
13,283200	1,431573
13,285978	1,433874
13,288756	1,449656
13,291534	1,468067
13,294311	1,470698
13,297089	1,457218
13,299867	1,444066
13,302645	1,447683
13,305422	1,460834
13,308200	1,483849
13,310978	1,481219
13,313756	1,477273
13,316533	1,491740
13,319311	1,541715
13,322089	1,607471
13,324867	1,675200
13,327644	1,717942
13,330422	1,731751
13,333200	1,736025
13,335978	1,752464
13,338755	1,777780
13,341533	1,804741
13,344311	1,811645
13,347089	1,791589
13,349866	1,768903
13,352644	1,756410
13,355422	1,755423
13,358200	1,748519
13,360977	1,717942
13,363755	1,665666
13,366533	1,615691
13,369311	1,578538
13,372088	1,558811
13,374866	1,545002
13,377644	1,519357
13,380422	1,490425
13,383199	1,460505
13,385977	1,454259
13,388755	1,459190
13,391533	1,477273
13,394310	1,477273
13,397088	1,462478
13,399866	1,446697
13,402644	1,447354
13,405421	1,464122
13,408199	1,483849
13,410977	1,492068
13,413755	1,474643
13,416532	1,461821
13,419310	1,461821
13,422088	1,478260
13,424866	1,495685
13,427643	1,503905
13,430421	1,488781
13,433199	1,475958
13,435977	1,477273
13,438754	1,493384
13,441532	1,509823
13,444310	1,497329
13,447088	1,456231
13,449865	1,411188
13,452643	1,395735
13,455421	1,436175
13,458199	1,551249
13,460976	1,743587
13,463754	2,021408
13,466532	2,361370
13,469310	2,767417
13,472087	3,156696
13,474865	3,195163
13,477643	3,196478
13,480421	3,198122
13,483198	3,196478
13,485976	3,189574
13,488754	3,032416
13,491532	2,566201
13,494309	1,966502
13,497087	1,424011
13,499865	1,069912
13,502643	0,918343
13,505420	0,938399
13,508198	1,039993
13,510976	1,148491
13,513754	1,229371
13,516531	1,287237
13,519309	1,343130
13,522087	1,390804
13,524865	1,425326
13,527642	1,429600
13,530420	1,414805
13,533198	1,398694
13,535976	1,402968
13,538753	1,422038
13,541531	1,445710
13,544309	1,453601
13,547087	1,444066
13,549864	1,431244
13,552642	1,435189
13,555420	1,453930
13,558198	1,473985
13,560975	1,482205
13,563753	1,472013
13,566531	1,464122
13,569309	1,470369
13,572086	1,497000
13,574864	1,525604
13,577642	1,541386
13,580420	1,534481
13,583197	1,525933
13,585975	1,535797
13,588753	1,559798
13,591531	1,587087
13,594308	1,599909
13,597086	1,594977
13,599864	1,588731
13,602642	1,599580
13,605419	1,619965
13,608197	1,647254
13,610975	1,656789
13,613753	1,646925
13,616530	1,635089
13,619308	1,639363
13,622086	1,658761
13,624864	1,683749
13,627641	1,692297
13,630419	1,684406
13,633197	1,677173
13,635975	1,685721
13,638752	1,719257
13,641530	1,762328
13,644308	1,796850
13,647086	1,805069
13,649863	1,807700
13,652641	1,821509
13,655419	1,853072
13,658197	1,888251
13,660975	1,914554
13,663752	1,914225
13,666530	1,909622
13,669308	1,914554
13,672085	1,930336
13,674863	1,942829
13,677641	1,933952
13,680419	1,901403
13,683196	1,863593
13,685974	1,841893
13,688752	1,835317
13,691530	1,826769
13,694307	1,797507
13,697085	1,747861
13,699863	1,695256
13,702641	1,651857
13,705418	1,617335
13,708196	1,582812
13,710974	1,537769
13,713752	1,478917
13,716530	1,427627
13,719307	1,399352
13,722085	1,395735
13,724863	1,407900
13,727640	1,409873
13,730418	1,398694
13,733196	1,383899
13,735974	1,388502
13,738751	1,404941
13,741529	1,426970
13,744307	1,431901
13,747085	1,418421
13,749862	1,401653
13,752640	1,403955
13,755418	1,419408
13,758196	1,439135
13,760973	1,444724
13,763751	1,431901
13,766529	1,419736
13,769307	1,422038
13,772085	1,436175
13,774862	1,457875
13,777640	1,465437
13,780418	1,448998
13,783195	1,434532
13,785973	1,434203
13,788751	1,450313
13,791529	1,470369
13,794306	1,476616
13,797084	1,464122
13,799862	1,448998
13,802640	1,447683
13,805417	1,459848
13,808195	1,481219
13,810973	1,491740
13,813751	1,508508
13,816528	1,538427
13,819306	1,589388
13,822084	1,655145
13,824862	1,716956
13,827640	1,748190
13,830417	1,753779
13,833195	1,753451
13,835973	1,763643
13,838750	1,787315
13,841528	1,809672
13,844306	1,810330
13,847084	1,786329
13,849861	1,757725
13,852639	1,738655
13,855417	1,728463
13,858195	1,713339
13,860972	1,685393
13,863750	1,638048
13,866528	1,583799
13,869306	1,548619
13,872083	1,528563
13,874861	1,521659
13,877639	1,504233
13,880417	1,479904
13,883194	1,452615
13,885972	1,448998
13,888750	1,461821
13,891528	1,478260
13,894305	1,479246
13,897083	1,463793
13,899861	1,447683
13,902639	1,449984
13,905416	1,466423
13,908194	1,483520
13,910972	1,489767
13,913750	1,472999
13,916527	1,460177
13,919305	1,460505
13,922083	1,475958
13,924861	1,492726
13,927638	1,499959
13,930416	1,482863
13,933194	1,470698
13,935972	1,473985
13,938750	1,485822
13,941527	1,489109
13,944305	1,463793
13,947083	1,420394
13,949860	1,390475
13,952638	1,423024
13,955416	1,524618
13,958194	1,729778
13,960971	2,016148
13,963749	2,353808
13,966527	2,746046
13,969305	3,128420
13,972082	3,195163
13,974860	3,197465
13,977638	3,198780
13,980416	3,197465
13,983193	3,188588
13,985971	3,033073
13,988749	2,567845
13,991527	1,980968
13,994304	1,460177
13,997082	1,098187
13,999860	0,930508
14,002638	0,924590
14,005415	1,019279
14,008193	1,141586
14,010971	1,242194
14,013749	1,305320
14,016526	1,344445
14,019304	1,376008
14,022082	1,401325
14,024860	1,426970
14,027637	1,430257
14,030415	1,419079
14,033193	1,404612
14,035971	1,411188
14,038748	1,433216
14,041526	1,456560
14,044304	1,462807
14,047082	1,451628
14,049859	1,437819
14,052637	1,440450
14,055415	1,459519
14,058193	1,481876
14,060970	1,496343
14,063748	1,486479
14,066526	1,478917
14,069304	1,482534
14,072081	1,509165
14,074859	1,535797
14,077637	1,554208
14,080415	1,546318
14,083192	1,540728
14,085970	1,548290
14,088748	1,568346
14,091526	1,595635
14,094303	1,606814
14,097081	1,604512
14,099859	1,599909
14,102637	1,611745
14,105414	1,628513
14,108192	1,651528
14,110970	1,659748
14,113748	1,651857
14,116525	1,639034
14,119303	1,645281
14,122081	1,666652
14,124859	1,691968
14,127636	1,701832
14,130414	1,692297
14,133192	1,683091
14,135970	1,701503
14,138747	1,743258
14,141525	1,792904
14,144303	1,824468
14,147081	1,830057
14,149858	1,831043
14,152636	1,848140
14,155414	1,881676
14,158192	1,919157
14,160969	1,940857
14,163747	1,934939
14,166525	1,921458
14,169303	1,918171
14,172080	1,924418
14,174858	1,929678
14,177636	1,916527
14,180414	1,881018
14,183191	1,845181
14,185969	1,819536
14,188747	1,804741
14,191525	1,789945
14,194302	1,759369
14,197080	1,709394
14,199858	1,651528
14,202636	1,600238
14,205413	1,563414
14,208191	1,531851
14,210969	1,494370
14,213747	1,443737
14,216524	1,399681
14,219302	1,376995
14,222080	1,383570
14,224858	1,400338
14,227635	1,413161
14,230413	1,403297
14,233191	1,390804
14,235969	1,392119
14,238746	1,407243
14,241524	1,428942
14,244302	1,434532
14,247080	1,424668
14,249857	1,409544
14,252635	1,412832
14,255413	1,425983
14,258191	1,447354
14,260968	1,452615
14,263746	1,439463
14,266524	1,421709
14,269302	1,422695
14,272079	1,434532
14,274857	1,454259
14,277635	1,463464
14,280413	1,449656
14,283190	1,438477
14,285968	1,438148
14,288746	1,455574
14,291524	1,473657
14,294301	1,480561
14,297079	1,463793
14,299857	1,449656
14,302635	1,446697
14,305412	1,461821
14,308190	1,487794
14,310968	1,522974
14,313746	1,553880
14,316523	1,587744
14,319301	1,639034
14,322079	1,696571
14,324857	1,747532
14,327634	1,771862
14,330412	1,768903
14,333190	1,759369
14,335968	1,766602
14,338745	1,785671
14,341523	1,805727
14,344301	1,804412
14,347079	1,778109
14,349856	1,744573
14,352634	1,716956
14,355412	1,698873
14,358190	1,681118
14,360967	1,650870
14,363745	1,598594
14,366523	1,545002
14,369301	1,506864
14,372078	1,496014
14,374856	1,497658
14,377634	1,494041
14,380412	1,471355
14,383189	1,446697
14,385967	1,441107
14,388745	1,449984
14,391523	1,467081
14,394300	1,471355
14,397078	1,461163
14,399856	1,446697
14,402634	1,448998
14,405411	1,467081
14,408189	1,488452
14,410967	1,497329
14,413745	1,485493
14,416522	1,469383
14,419300	1,467081
14,422078	1,480232
14,424856	1,499302
14,427633	1,507521
14,430411	1,497000
14,433189	1,481876
14,435967	1,480890
14,438744	1,482205
14,441522	1,475958
14,444300	1,452615
14,447078	1,417435
14,449855	1,424997
14,452633	1,509165
14,455411	1,704791
14,458189	2,001024
14,460966	2,356767
14,463744	2,752950
14,466522	3,123489
14,469300	3,195821
14,472077	3,198122
14,474855	3,199766
14,477633	3,197794
14,480411	3,189574
14,483188	3,054115
14,485966	2,597765
14,488744	2,007600
14,491522	1,491740
14,494299	1,135340
14,497077	0,954509
14,499855	0,925905
14,502633	0,998566
14,505410	1,116270
14,508188	1,232002
14,510966	1,316499
14,513744	1,361542
14,516521	1,379954
14,519299	1,392119
14,522077	1,411846
14,524855	1,433216
14,527632	1,438477
14,530410	1,428285
14,533188	1,414147
14,535966	1,416120
14,538743	1,430915
14,541521	1,452615
14,544299	1,461163
14,547077	1,452943
14,549854	1,441436
14,552632	1,443737
14,555410	1,462478
14,558188	1,483520
14,560965	1,497329
14,563743	1,490096
14,566521	1,485164
14,569299	1,495028
14,572076	1,519357
14,574854	1,544674
14,577632	1,560455
14,580410	1,557167
14,583187	1,548290
14,585965	1,558811
14,588743	1,582484
14,591521	1,611417
14,594298	1,624239
14,597076	1,618979
14,599854	1,608786
14,602632	1,616019
14,605409	1,631801
14,608187	1,657446
14,610965	1,666652
14,613743	1,654816
14,616521	1,641007
14,619298	1,645281
14,622076	1,663693
14,624854	1,689009
14,627631	1,702489
14,630409	1,696900
14,633187	1,699530
14,635965	1,721559
14,638742	1,765616
14,641520	1,814275
14,644298	1,841564
14,647076	1,845181
14,649853	1,846167
14,652631	1,862606
14,655409	1,896142
14,658187	1,932637
14,660964	1,947761
14,663742	1,938226
14,666520	1,923102
14,669298	1,914225
14,672075	1,915540
14,674853	1,915869
14,677631	1,902718
14,680409	1,869511
14,683186	1,827755
14,685964	1,796850
14,688742	1,776465
14,691520	1,759369
14,694297	1,726162
14,697075	1,672241
14,699853	1,605498
14,702631	1,552893
14,705408	1,521001
14,708186	1,496343
14,710964	1,468725
14,713742	1,421380
14,716519	1,381926
14,719297	1,367460
14,722075	1,384228
14,724853	1,407900
14,727630	1,424339
14,730408	1,413489
14,733186	1,400009
14,735964	1,399023
14,738741	1,410530
14,741519	1,428613
14,744297	1,435847
14,747075	1,429271
14,749852	1,414147
14,752630	1,416120
14,755408	1,427627
14,758186	1,446368
14,760963	1,450971
14,763741	1,439792
14,766519	1,423682
14,769297	1,424997
14,772074	1,441107
14,774852	1,461492
14,777630	1,471355
14,780408	1,455902
14,783185	1,442094
14,785963	1,438477
14,788741	1,453930
14,791519	1,472670
14,794296	1,482534
14,797074	1,468725
14,799852	1,451957
14,802630	1,448012
14,805407	1,468067
14,808185	1,515412
14,810963	1,568017
14,813741	1,605827
14,816518	1,641336
14,819296	1,680790
14,822074	1,724189
14,824852	1,764300
14,827629	1,786986
14,830407	1,784685
14,833185	1,774164
14,835963	1,773835
14,838740	1,783041
14,841518	1,796850
14,844296	1,791918
14,847074	1,761670
14,849851	1,720572
14,852629	1,685064
14,855407	1,664022
14,858185	1,646596
14,860962	1,616677
14,863740	1,568346
14,866518	1,522316
14,869296	1,490425
14,872073	1,484835
14,874851	1,489109
14,877629	1,489438
14,880407	1,470040
14,883184	1,450313
14,885962	1,443737
14,888740	1,455902
14,891518	1,473657
14,894295	1,481219
14,897073	1,471684
14,899851	1,453272
14,902629	1,454259
14,905406	1,465437
14,908184	1,487794
14,910962	1,492068
14,913740	1,479575
14,916517	1,463136
14,919295	1,465766
14,922073	1,482205
14,924851	1,502918
14,927628	1,513439
14,930406	1,499959
14,933184	1,482205
14,935962	1,463136
14,938739	1,449327
14,941517	1,434860
14,944295	1,427627
14,947073	1,436833
14,949850	1,504233
14,952628	1,680461
14,955406	1,965515
14,958184	2,333752
14,960961	2,748676
14,963739	3,122831
14,966517	3,195492
14,969295	3,198122
14,972072	3,199109
14,974850	3,197136
14,977628	3,190889
14,980406	3,074829
14,983183	2,622423
14,985961	2,021408
14,988739	1,493055
14,991517	1,140600
14,994294	0,971606
14,997072	0,941358
14,999850	0,998895
15,002628	1,097858
15,005405	1,210302
15,008183	1,308608
15,010961	1,377323
15,013739	1,398037
15,016516	1,397708
15,019294	1,397708
15,022072	1,411846
15,024850	1,433216
15,027627	1,441436
15,030405	1,428285
15,033183	1,414147
15,035961	1,416449
15,038738	1,435189
15,041516	1,462478
15,044294	1,470040
15,047072	1,460834
15,049849	1,445053
15,052627	1,447025
15,055405	1,462807
15,058183	1,488123
15,060960	1,500946
15,063738	1,501932
15,066516	1,494370
15,069294	1,499959
15,072071	1,518700
15,074849	1,545660
15,077627	1,564729
15,080405	1,564401
15,083182	1,556181
15,085960	1,560784
15,088738	1,584785
15,091516	1,609444
15,094293	1,626212
15,097071	1,621609
15,099849	1,610430
15,102627	1,612074
15,105404	1,630815
15,108182	1,657446
15,110960	1,671913
15,113738	1,667638
15,116515	1,655473
15,119293	1,655145
15,122071	1,668625
15,124849	1,693612
15,127626	1,710380
15,130404	1,717613
15,133182	1,729121
15,135960	1,757067
15,138737	1,795535
15,141515	1,833674
15,144293	1,855044
15,147071	1,858661
15,149848	1,861620
15,152626	1,878059
15,155404	1,907978
15,158182	1,937240
15,160959	1,948747
15,163737	1,938226
15,166515	1,915540
15,169293	1,897786
15,172070	1,894170
15,174848	1,895813
15,177626	1,885621
15,180404	1,849784
15,183181	1,803754
15,185959	1,765944
15,188737	1,742272
15,191515	1,723860
15,194292	1,689009
15,197070	1,624568
15,199848	1,556181
15,202626	1,503247
15,205403	1,472342
15,208181	1,453601
15,210959	1,429929
15,213737	1,396393
15,216514	1,370090
15,219292	1,365158
15,222070	1,381269
15,224848	1,407243
15,227625	1,419736
15,230403	1,411517
15,233181	1,400009
15,235959	1,397050
15,238736	1,412832
15,241514	1,433874
15,244292	1,442094
15,247070	1,429600
15,249847	1,410530
15,252625	1,406585
15,255403	1,419408
15,258181	1,441765
15,260958	1,453601
15,263736	1,447025
15,266514	1,428285
15,269292	1,425983
15,272069	1,439463
15,274847	1,459190
15,277625	1,469054
15,280403	1,459190
15,283180	1,445053
15,285958	1,440450
15,288736	1,451957
15,291514	1,467410
15,294291	1,477273
15,297069	1,466423
15,299847	1,453272
15,302625	1,457218
15,305402	1,498315
15,308180	1,560784
15,310958	1,617663
15,313736	1,655473
15,316513	1,680461
15,319291	1,708079
15,322069	1,738327
15,324847	1,774493
15,327624	1,793891
15,330402	1,794220
15,333180	1,782712
15,335958	1,776794
15,338735	1,780082
15,341513	1,787644
15,344291	1,777780
15,347069	1,742930
15,349846	1,693941
15,352624	1,654487
15,355402	1,632130
15,358180	1,613060
15,360957	1,583799
15,363735	1,537112
15,366513	1,492397
15,369291	1,466095
15,372068	1,467081
15,374846	1,474972
15,377624	1,474314
15,380402	1,459519
15,383179	1,443409
15,385957	1,438477
15,388735	1,452286
15,391513	1,474972
15,394290	1,483849
15,397068	1,475629
15,399846	1,455574
15,402624	1,454587
15,405401	1,468396
15,408179	1,488123
15,410957	1,498315
15,413735	1,491740
15,416512	1,474643
15,419290	1,471684
15,422068	1,484507
15,424846	1,501932
15,427623	1,511138
15,430401	1,497000
15,433179	1,467739
15,435957	1,437162
15,438734	1,420723
15,441512	1,417106
15,444290	1,448340
15,447068	1,516398
15,449845	1,679146
15,452623	1,941514
15,455401	2,298901
15,458179	2,723360
15,460956	3,116913
15,463734	3,195163
15,466512	3,197794
15,469290	3,197465
15,472067	3,197136
15,474845	3,190232
15,477623	3,089295
15,480401	2,644452
15,483178	2,031929
15,485956	1,489109
15,488734	1,123832
15,491512	0,965688
15,494289	0,953523
15,497067	1,012046
15,499845	1,097858
15,502623	1,190246
15,505400	1,282963
15,508178	1,362528
15,510956	1,408887
15,513734	1,412503
15,516511	1,400009
15,519289	1,393763
15,522067	1,409873
15,524845	1,430915
15,527622	1,444395
15,530400	1,435847
15,533178	1,424011
15,535956	1,424668
15,538733	1,443737
15,541511	1,471684
15,544289	1,478588
15,547067	1,472013
15,549844	1,452943
15,552622	1,454259
15,555400	1,467410
15,558178	1,497329
15,560955	1,513768
15,563733	1,518042
15,566511	1,510809
15,569289	1,515083
15,572066	1,535797
15,574844	1,561770
15,577622	1,579196
15,580400	1,577223
15,583177	1,573607
15,585955	1,577552
15,588733	1,599909
15,591511	1,624239
15,594288	1,642322
15,597066	1,635746
15,599844	1,626541
15,602622	1,628842
15,605399	1,647254
15,608177	1,670926
15,610955	1,687037
15,613733	1,679146
15,616510	1,663693
15,619288	1,662378
15,622066	1,676844
15,624844	1,705448
15,627621	1,733066
15,630399	1,749834
15,633177	1,762656
15,635955	1,785342
15,638732	1,816577
15,641510	1,853400
15,644288	1,880361
15,647066	1,886936
15,649843	1,889238
15,652621	1,900088
15,655399	1,919815
15,658177	1,942172
15,660954	1,952035
15,663732	1,938226
15,666510	1,911595
15,669288	1,890224
15,672065	1,883648
15,674843	1,881347
15,677621	1,865565
15,680399	1,824468
15,683176	1,773835
15,685954	1,731422
15,688732	1,703804
15,691510	1,682762
15,694287	1,642980
15,697065	1,583141
15,699843	1,515083
15,702621	1,466752
15,705398	1,437819
15,708176	1,428613
15,710954	1,413489
15,713732	1,394749
15,716509	1,378310
15,719287	1,378310
15,722065	1,393434
15,724843	1,417435
15,727620	1,431901
15,730398	1,423682
15,733176	1,408229
15,735954	1,401982
15,738731	1,413818
15,741509	1,429271
15,744287	1,439792
15,747065	1,428942
15,749842	1,413489
15,752620	1,411188
15,755398	1,424339
15,758176	1,445710
15,760953	1,456889
15,763731	1,448012
15,766509	1,430257
15,769287	1,428613
15,772064	1,440121
15,774842	1,460505
15,777620	1,470369
15,780398	1,464780
15,783175	1,446368
15,785953	1,442094
15,788731	1,453601
15,791509	1,475629
15,794286	1,488123
15,797064	1,478917
15,799842	1,465437
15,802620	1,485164
15,805397	1,540728
15,808175	1,610430
15,810953	1,671584
15,813731	1,703476
15,816508	1,716298
15,819286	1,731422
15,822064	1,756081
15,824842	1,786000
15,827619	1,806713
15,830397	1,802110
15,833175	1,786658
15,835953	1,773178
15,838730	1,769890
15,841508	1,771205
15,844286	1,757067
15,847064	1,717613
15,849841	1,665666
15,852619	1,626212
15,855397	1,599909
15,858175	1,583799
15,860952	1,556181
15,863730	1,517385
15,866508	1,479575
15,869286	1,462149
15,872063	1,462478
15,874841	1,476616
15,877619	1,482534
15,880397	1,470040
15,883174	1,454587
15,885952	1,448340
15,888730	1,461492
15,891508	1,481219
15,894285	1,491411
15,897063	1,482205
15,899841	1,465437
15,902619	1,457546
15,905396	1,468396
15,908174	1,488781
15,910952	1,499630
15,913730	1,495356
15,916507	1,478260
15,919285	1,473657
15,922063	1,484835
15,924841	1,502590
15,927618	1,514426
15,930396	1,491740
15,933174	1,450313
15,935952	1,411188
15,938729	1,404284
15,941507	1,440778
15,944285	1,526262
15,947063	1,689996
15,949840	1,934610
15,952618	2,270297
15,955396	2,683248
15,958174	3,087980
15,960951	3,195163
15,963729	3,197136
15,966507	3,198451
15,969285	3,195163
15,972062	3,190889
15,974840	3,108365
15,977618	2,693769
15,980396	2,087494
15,983173	1,521001
15,985951	1,128435
15,988729	0,948591
15,991507	0,941358
15,994284	1,021910
15,997062	1,115284
15,999840	1,197808
16,002618	1,271784
16,005395	1,343130
16,008173	1,398694
16,010951	1,428613
16,013729	1,422038
16,016506	1,405599
16,019284	1,397050
16,022062	1,407571
16,024840	1,430915
16,027617	1,445053
16,030395	1,439792
16,033173	1,431244
16,035951	1,429929
16,038728	1,441107
16,041506	1,463793
16,044284	1,475629
16,047062	1,471684
16,049839	1,459519
16,052617	1,460177
16,055395	1,476945
16,058173	1,508179
16,060951	1,527906
16,063728	1,531851
16,066506	1,523303
16,069284	1,528563
16,072062	1,542043
16,074839	1,569661
16,077617	1,591032
16,080395	1,592018
16,083172	1,584456
16,085950	1,584456
16,088728	1,605498
16,091506	1,631472
16,094283	1,651528
16,097061	1,647911
16,099839	1,635418
16,102617	1,631472
16,105394	1,644295
16,108172	1,665666
16,110950	1,680132
16,113728	1,677173
16,116505	1,667310
16,119283	1,668296
16,122061	1,688680
16,124839	1,726162
16,127616	1,759697
16,130394	1,781397
16,133172	1,791589
16,135950	1,805727
16,138727	1,833016
16,141505	1,869511
16,144283	1,896800
16,147061	1,907650
16,149838	1,905019
16,152616	1,908965
16,155394	1,920801
16,158172	1,939542
16,160949	1,946446
16,163727	1,927377
16,166505	1,896142
16,169283	1,870826
16,172061	1,860634
16,174838	1,856688
16,177616	1,837290
16,180394	1,793891
16,183172	1,741286
16,185949	1,697229
16,188727	1,665666
16,191505	1,635089
16,194282	1,593005
16,197060	1,535139
16,199838	1,470698
16,202616	1,429271
16,205393	1,405270
16,208171	1,404284
16,210949	1,400996
16,213727	1,393434
16,216504	1,382255
16,219282	1,382913
16,222060	1,401653
16,224838	1,422038
16,227615	1,435189
16,230393	1,424668
16,233171	1,410530
16,235949	1,400009
16,238726	1,410859
16,241504	1,428613
16,244282	1,441107
16,247060	1,433545
16,249837	1,421380
16,252615	1,415791
16,255393	1,426641
16,258171	1,446368
16,260948	1,455574
16,263726	1,449327
16,266504	1,429929
16,269282	1,428942
16,272059	1,438148
16,274837	1,461821
16,277615	1,469383
16,280393	1,463136
16,283171	1,445053
16,285948	1,441765
16,288726	1,453930
16,291504	1,473985
16,294282	1,488123
16,297059	1,480561
16,299837	1,486808
16,302615	1,519029
16,305392	1,581497
16,308170	1,651199
16,310948	1,708736
16,313726	1,730107
16,316503	1,734052
16,319281	1,742601
16,322059	1,763643
16,324837	1,793891
16,327614	1,811974
16,330392	1,801453
16,333170	1,777452
16,335948	1,758711
16,338725	1,752793
16,341503	1,748519
16,344281	1,729121
16,347059	1,686379
16,349836	1,630486
16,352614	1,587415
16,355392	1,557496
16,358170	1,545989
16,360947	1,529550
16,363725	1,500946
16,366503	1,471355
16,369281	1,449984
16,372058	1,450642
16,374836	1,466095
16,377614	1,477273
16,380392	1,464451
16,383169	1,448998
16,385947	1,437819
16,388725	1,448998
16,391503	1,469383
16,394281	1,486479
16,397058	1,476287
16,399836	1,462807
16,402614	1,456560
16,405392	1,468067
16,408169	1,490753
16,410947	1,502261
16,413725	1,493384
16,416502	1,473985
16,419280	1,468067
16,422058	1,476945
16,424836	1,499630
16,427613	1,498644
16,430391	1,471026
16,433169	1,420394
16,435947	1,393105
16,438724	1,415462
16,441502	1,506864
16,444280	1,689667
16,447058	1,933623
16,449835	2,252214
16,452613	2,647740
16,455391	3,047868
16,458169	3,194177
16,460946	3,197136
16,463724	3,197465
16,466502	3,195821
16,469280	3,192204
16,472057	3,120530
16,474835	2,721387
16,477613	2,131879
16,480391	1,565387
16,483168	1,147505
16,485946	0,943660
16,488724	0,920316
16,491502	1,007772
16,494279	1,121531
16,497057	1,212275
16,499835	1,273757
16,502613	1,329321
16,505390	1,373378
16,508168	1,412503
16,510946	1,430586
16,513724	1,423353
16,516502	1,408558
16,519279	1,402311
16,522057	1,415133
16,524835	1,439135
16,527613	1,456889
16,530390	1,448669
16,533168	1,437819
16,535946	1,433216
16,538723	1,446368
16,541501	1,468067
16,544279	1,485164
16,547057	1,477273
16,549834	1,465766
16,552612	1,464122
16,555390	1,483849
16,558168	1,519029
16,560945	1,541715
16,563723	1,542043
16,566501	1,532838
16,569279	1,535468
16,572056	1,552236
16,574834	1,580511
16,577612	1,600895
16,580390	1,602868
16,583167	1,594649
16,585945	1,592347
16,588723	1,610101
16,591501	1,635746
16,594278	1,652186
16,597056	1,648240
16,599834	1,638377
16,602612	1,634760
16,605389	1,651857
16,608167	1,674543
16,610945	1,692297
16,613723	1,690982
16,616501	1,679146
16,619278	1,679803
16,622056	1,704133
16,624834	1,746875
16,627612	1,791589
16,630389	1,813618
16,633167	1,818221
16,635945	1,826112
16,638723	1,849784
16,641500	1,884306
16,644278	1,914883
16,647056	1,923760
16,649833	1,917842
16,652611	1,917184
16,655389	1,927705
16,658167	1,945131
16,660944	1,945460
16,663722	1,917513
16,666500	1,875100
16,669278	1,847154
16,672055	1,832687
16,674833	1,825125
16,677611	1,806713
16,680389	1,764300
16,683166	1,713010
16,685944	1,664022
16,688722	1,623581
16,691500	1,593662
16,694277	1,555195
16,697055	1,499302
16,699833	1,443080
16,702611	1,400996
16,705388	1,384885
16,708166	1,397050
16,710944	1,407571
16,713722	1,404284
16,716499	1,393763
16,719277	1,391132
16,722055	1,401325
16,724833	1,421051
16,727610	1,432888
16,730388	1,426970
16,733166	1,412503
16,735944	1,405270
16,738722	1,416449
16,741499	1,440121
16,744277	1,454587
16,747055	1,447683
16,749833	1,430257
16,752610	1,422038
16,755388	1,429600
16,758166	1,447354
16,760943	1,459848
16,763721	1,454259
16,766499	1,437162
16,769277	1,432559
16,772054	1,444724
16,774832	1,466095
16,777610	1,479904
16,780388	1,475958
16,783165	1,459519
16,785943	1,453601
16,788721	1,462149
16,791499	1,479575
16,794276	1,494699
16,797054	1,510480
16,799832	1,534810
16,802610	1,579196
16,805387	1,642651
16,808165	1,705448
16,810943	1,749834
16,813721	1,764300
16,816498	1,761013
16,819276	1,761999
16,822054	1,780082
16,824832	1,804741
16,827609	1,815919
16,830387	1,797836
16,833165	1,767917
16,835943	1,742930
16,838720	1,728134
16,841498	1,718928
16,844276	1,699530
16,847054	1,655473
16,849832	1,600567
16,852609	1,556839
16,855387	1,528563
16,858165	1,520015
16,860943	1,511467
16,863720	1,490096
16,866498	1,462478
16,869276	1,445710
16,872053	1,450313
16,874831	1,464451
16,877609	1,477931
16,880387	1,468067
16,883164	1,451957
16,885942	1,443409
16,888720	1,455574
16,891498	1,476287
16,894275	1,494370
16,897053	1,485493
16,899831	1,468396
16,902609	1,460177
16,905386	1,469054
16,908164	1,487794
16,910942	1,497000
16,913720	1,493712
16,916497	1,479246
16,919275	1,473985
16,922053	1,480232
16,924831	1,492397
16,927608	1,479904
16,930386	1,443080
16,933164	1,403955
16,935942	1,407243
16,938719	1,484835
16,941497	1,668625
16,944275	1,928034
16,947053	2,256488
16,949830	2,640506
16,952608	3,022223
16,955386	3,193191
16,958164	3,196807
16,960942	3,198451
16,963719	3,197136
16,966497	3,192533
16,969275	3,129407
16,972053	2,739141
16,974830	2,163443
16,977608	1,612732
16,980386	1,193863
16,983163	0,963058
16,985941	0,913083
16,988719	0,980812
16,991497	1,103448
16,994274	1,219508
16,997052	1,299402
16,999830	1,343459
17,002608	1,375680
17,005385	1,396393
17,008163	1,421051
17,010941	1,434532
17,013719	1,427298
17,016496	1,410859
17,019274	1,406914
17,022052	1,420723
17,024830	1,445053
17,027607	1,464122
17,030385	1,458204
17,033163	1,444724
17,035941	1,434532
17,038718	1,445053
17,041496	1,465766
17,044274	1,484835
17,047052	1,484178
17,049829	1,478588
17,052607	1,478917
17,055385	1,497000
17,058163	1,530865
17,060940	1,550592
17,063718	1,549277
17,066496	1,539742
17,069274	1,541057
17,072052	1,555195
17,074829	1,587744
17,077607	1,608786
17,080385	1,612403
17,083163	1,604841
17,085940	1,604183
17,088718	1,621938
17,091496	1,646925
17,094273	1,665008
17,097051	1,662707
17,099829	1,647254
17,102607	1,637390
17,105384	1,649884
17,108162	1,672899
17,110940	1,694270
17,113718	1,694270
17,116495	1,686708
17,119273	1,694270
17,122051	1,727806
17,124829	1,777780
17,127606	1,821509
17,130384	1,834660
17,133162	1,833674
17,135940	1,835975
17,138717	1,860634
17,141495	1,898772
17,144273	1,930336
17,147051	1,936911
17,149828	1,924746
17,152606	1,915212
17,155384	1,921130
17,158162	1,930007
17,160939	1,928034
17,163717	1,901732
17,166495	1,864908
17,169273	1,833345
17,172050	1,813947
17,174828	1,800138
17,177606	1,778767
17,180384	1,734710
17,183162	1,673885
17,185939	1,613389
17,188717	1,570319
17,191495	1,540071
17,194273	1,511795
17,197050	1,466095
17,199828	1,415133
17,202606	1,382584
17,205383	1,376666
17,208161	1,395406
17,210939	1,413818
17,213717	1,415791
17,216494	1,401653
17,219272	1,398037
17,222050	1,403955
17,224828	1,421709
17,227605	1,434203
17,230383	1,430257
17,233161	1,415133
17,235939	1,405599
17,238716	1,412503
17,241494	1,432230
17,244272	1,448012
17,247050	1,444066
17,249827	1,429929
17,252605	1,417435
17,255383	1,429271
17,258161	1,447683
17,260938	1,463136
17,263716	1,461163
17,266494	1,448998
17,269272	1,440450
17,272049	1,452615
17,274827	1,472670
17,277605	1,484178
17,280383	1,478260
17,283160	1,458204
17,285938	1,448998
17,288716	1,458533
17,291494	1,481547
17,294272	1,519029
17,297049	1,556181
17,299827	1,588073
17,302605	1,630815
17,305383	1,682434
17,308160	1,732080
17,310938	1,768575
17,313716	1,774493
17,316493	1,769232
17,319271	1,768575
17,322049	1,782383
17,324827	1,800138
17,327604	1,808028
17,330382	1,788302
17,333160	1,755094
17,335938	1,724518
17,338715	1,702818
17,341493	1,687365
17,344271	1,665666
17,347049	1,620951
17,349826	1,566373
17,352604	1,518700
17,355382	1,492726
17,358160	1,491740
17,360937	1,494041
17,363715	1,479575
17,366493	1,455245
17,369271	1,443080
17,372048	1,448998
17,374826	1,466095
17,377604	1,478917
17,380382	1,472013
17,383159	1,457546
17,385937	1,449656
17,388715	1,458533
17,391493	1,478588
17,394270	1,492068
17,397048	1,484507
17,399826	1,467081
17,402604	1,456231
17,405382	1,465766
17,408159	1,486150
17,410937	1,500946
17,413715	1,498644
17,416493	1,483520
17,419270	1,473657
17,422048	1,473328
17,424826	1,470369
17,427604	1,451628
17,430381	1,426312
17,433159	1,414147
17,435937	1,470369
17,438714	1,636404
17,441492	1,898444
17,444270	2,248268
17,447048	2,643794
17,449825	3,017292
17,452603	3,193191
17,455381	3,197465
17,458159	3,198780
17,460936	3,199109
17,463714	3,193519
17,466492	3,141572
17,469270	2,756896
17,472047	2,175608
17,474825	1,624239
17,477603	1,214576
17,480381	0,990347
17,483158	0,922289
17,485936	0,970620
17,488714	1,079775
17,491492	1,198466
17,494269	1,297101
17,497047	1,356281
17,499825	1,375680
17,502603	1,387187
17,505380	1,400338
17,508158	1,418092
17,510936	1,435189
17,513714	1,435518
17,516491	1,421709
17,519269	1,417106
17,522047	1,427298
17,524825	1,446368
17,527603	1,464780
17,530380	1,461163
17,533158	1,449656
17,535936	1,443080
17,538714	1,454587
17,541491	1,478260
17,544269	1,499959
17,547047	1,500946
17,549824	1,493055
17,552602	1,493055
17,555380	1,508836
17,558158	1,535139
17,560935	1,552236
17,563713	1,554208
17,566491	1,546646
17,569269	1,549605
17,572046	1,568017
17,574824	1,600895
17,577602	1,622266
17,580380	1,626212
17,583157	1,616019
17,585935	1,610759
17,588713	1,623581
17,591491	1,647254
17,594268	1,663364
17,597046	1,660076
17,599824	1,647911
17,602602	1,642651
17,605379	1,655802
17,608157	1,678488
17,610935	1,700517
17,613713	1,705448
17,616490	1,705448
17,619268	1,717285
17,622046	1,753122
17,624824	1,798494
17,627601	1,835975
17,630379	1,850113
17,633157	1,849126
17,635935	1,852414
17,638713	1,879046
17,641490	1,914883
17,644268	1,942172
17,647046	1,943487
17,649824	1,928363
17,652601	1,915212
17,655379	1,910609
17,658157	1,912253
17,660934	1,906334
17,663712	1,882005
17,666490	1,841564
17,669268	1,805398
17,672045	1,778767
17,674823	1,760026
17,677601	1,739971
17,680379	1,691968
17,683156	1,626212
17,685934	1,562428
17,688712	1,522645
17,691490	1,495356
17,694267	1,473328
17,697045	1,434203
17,699823	1,393763
17,702601	1,372392
17,705378	1,373707
17,708156	1,395735
17,710934	1,415133
17,713712	1,416777
17,716489	1,399681
17,719267	1,392776
17,722045	1,397708
17,724823	1,422695
17,727600	1,437162
17,730378	1,433545
17,733156	1,414147
17,735934	1,406914
17,738711	1,415133
17,741489	1,436504
17,744267	1,453272
17,747045	1,447354
17,749823	1,435518
17,752600	1,421709
17,755378	1,430257
17,758156	1,445710
17,760934	1,462807
17,763711	1,458861
17,766489	1,448340
17,769267	1,439135
17,772044	1,446368
17,774822	1,464122
17,777600	1,478588
17,780378	1,477931
17,783155	1,463793
17,785933	1,455574
17,788711	1,463793
17,791489	1,504891
17,794266	1,555195
17,797044	1,603197
17,799822	1,636075
17,802600	1,672241
17,805377	1,710709
17,808155	1,751478
17,810933	1,780740
17,813711	1,787973
17,816488	1,778767
17,819266	1,771862
17,822044	1,777780
17,824822	1,786986
17,827599	1,791261
17,830377	1,770876
17,833155	1,735368
17,835933	1,695585
17,838710	1,668953
17,841488	1,646267
17,844266	1,626541
17,847044	1,584785
17,849821	1,531522
17,852599	1,492397
17,855377	1,477273
17,858155	1,481547
17,860933	1,484835
17,863710	1,474972
17,866488	1,452943
17,869266	1,443080
17,872044	1,444066
17,874821	1,463464
17,877599	1,479575
17,880377	1,476945
17,883154	1,461163
17,885932	1,453272
17,888710	1,459848
17,891488	1,478917
17,894265	1,494041
17,897043	1,488123
17,899821	1,474314
17,902599	1,460177
17,905376	1,468396
17,908154	1,487137
17,910932	1,505877
17,913710	1,501274
17,916487	1,488123
17,919265	1,464122
17,922043	1,448998
17,924821	1,434860
17,927598	1,425983
17,930376	1,427298
17,933154	1,474314
17,935932	1,621609
17,938709	1,862935
17,941487	2,212431
17,944265	2,624067
17,947043	3,012360
17,949820	3,192204
17,952598	3,196807
17,955376	3,198451
17,958154	3,198451
17,960931	3,194506
17,963709	3,152093
17,966487	2,775636
17,969265	2,190403
17,972043	1,632130
17,974820	1,217535
17,977598	1,002840
17,980376	0,939714
17,983154	0,976538
17,985931	1,061035
17,988709	1,168218
17,991487	1,269812
17,994264	1,352336
17,997042	1,390804
17,999820	1,396064
18,002598	1,390804
18,005375	1,398037
18,008153	1,418092
18,010931	1,436833
18,013709	1,437819
18,016486	1,421709
18,019264	1,416777
18,022042	1,424997
18,024820	1,448998
18,027597	1,465766
18,030375	1,465766
18,033153	1,451628
18,035931	1,444066
18,038708	1,455902
18,041486	1,483191
18,044264	1,510480
18,047042	1,513768
18,049819	1,507521
18,052597	1,501932
18,055375	1,514426
18,058153	1,537440
18,060930	1,564729
18,063708	1,568346
18,066486	1,562428
18,069264	1,560126
18,072041	1,573935
18,074819	1,598594
18,077597	1,622924
18,080375	1,630157
18,083153	1,620294
18,085930	1,616677
18,088708	1,627198
18,091486	1,649884
18,094264	1,666323
18,097041	1,665994
18,099819	1,652843
18,102597	1,647583
18,105374	1,659748
18,108152	1,684077
18,110930	1,709065
18,113708	1,719257
18,116485	1,727477
18,119263	1,746217
18,122041	1,778767
18,124819	1,816248
18,127596	1,851428
18,130374	1,864908
18,133152	1,865565
18,135930	1,871812
18,138707	1,893512
18,141485	1,921787
18,144263	1,946117
18,147041	1,944802
18,149818	1,925075
18,152596	1,902060
18,155374	1,891868
18,158152	1,888909
18,160929	1,884306
18,163707	1,859319
18,166485	1,817234
18,169263	1,773178
18,172040	1,744573
18,174818	1,723860
18,177596	1,696571
18,180374	1,644624
18,183151	1,576566
18,185929	1,515741
18,188707	1,476945
18,191485	1,457218
18,194263	1,443737
18,197040	1,419736
18,199818	1,391132
18,202596	1,374364
18,205374	1,380611
18,208151	1,400667
18,210929	1,421380
18,213707	1,422367
18,216484	1,407900
18,219262	1,398366
18,222040	1,403955
18,224818	1,425326
18,227595	1,442422
18,230373	1,440121
18,233151	1,423353
18,235929	1,412174
18,238706	1,417106
18,241484	1,438477
18,244262	1,457218
18,247040	1,452943
18,249817	1,438477
18,252595	1,427956
18,255373	1,434860
18,258151	1,452615
18,260928	1,470369
18,263706	1,469383
18,266484	1,456231
18,269262	1,444066
18,272039	1,450313
18,274817	1,468067
18,277595	1,482863
18,280373	1,480561
18,283150	1,468725
18,285928	1,462149
18,288706	1,489109
18,291484	1,544345
18,294261	1,605827
18,297039	1,656131
18,299817	1,680790
18,302595	1,701174
18,305372	1,727148
18,308150	1,759040
18,310928	1,786658
18,313706	1,796192
18,316484	1,788302
18,319261	1,779096
18,322039	1,778438
18,324817	1,784356
18,327594	1,786658
18,330372	1,760026
18,333150	1,712682
18,335928	1,665008
18,338705	1,635089
18,341483	1,613718
18,344261	1,595635
18,347039	1,558811
18,349816	1,511795
18,352594	1,474972
18,355372	1,460834
18,358150	1,466423
18,360927	1,476616
18,363705	1,470698
18,366483	1,448998
18,369261	1,440450
18,372038	1,445381
18,374816	1,464780
18,377594	1,481547
18,380372	1,481219
18,383149	1,467739
18,385927	1,456231
18,388705	1,460505
18,391483	1,477931
18,394260	1,494370
18,397038	1,488123
18,399816	1,475301
18,402594	1,465766
18,405371	1,472342
18,408149	1,490753
18,410927	1,510809
18,413705	1,509494
18,416482	1,486150
18,419260	1,451957
18,422038	1,424997
18,424816	1,416777
18,427594	1,432230
18,430371	1,492397
18,433149	1,625554
18,435927	1,844523
18,438705	2,180868
18,441482	2,591189
18,444260	3,002825
18,447038	3,194177
18,449815	3,197136
18,452593	3,199437
18,455371	3,198451
18,458149	3,193848
18,460926	3,163600
18,463704	2,816405
18,466482	2,228213
18,469260	1,645281
18,472037	1,212932
18,474815	0,991333
18,477593	0,944317
18,480371	0,991662
18,483148	1,077145
18,485926	1,163286
18,488704	1,256332
18,491482	1,336883
18,494259	1,397379
18,497037	1,418092
18,499815	1,409544
18,502593	1,398366
18,505370	1,403955
18,508148	1,423024
18,510926	1,440450
18,513704	1,446697
18,516481	1,432230
18,519259	1,426970
18,522037	1,435189
18,524815	1,455574
18,527592	1,474972
18,530370	1,476616
18,533148	1,463464
18,535926	1,455245
18,538704	1,466095
18,541481	1,488123
18,544259	1,515741
18,547037	1,522974
18,549815	1,518700
18,552592	1,511467
18,555370	1,522974
18,558148	1,547304
18,560925	1,576894
18,563703	1,583141
18,566481	1,578210
18,569259	1,574593
18,572036	1,586758
18,574814	1,614704
18,577592	1,640678
18,580370	1,646925
18,583147	1,635418
18,585925	1,629828
18,588703	1,635746
18,591481	1,659748
18,594258	1,678817
18,597036	1,682762
18,599814	1,671913
18,602592	1,666323
18,605369	1,673228
18,608147	1,700188
18,610925	1,729449
18,613703	1,749834
18,616480	1,763643
18,619258	1,780740
18,622036	1,808357
18,624814	1,844195
18,627591	1,876415
18,630369	1,891539
18,633147	1,894498
18,635925	1,898444
18,638702	1,916527
18,641480	1,941514
18,644258	1,960255
18,647036	1,955981
18,649814	1,926390
18,652591	1,897457
18,655369	1,881347
18,658147	1,876744
18,660925	1,869840
18,663702	1,843208
18,666480	1,794220
18,669258	1,746875
18,672035	1,713339
18,674813	1,687694
18,677591	1,657775
18,680369	1,611088
18,683146	1,542701
18,685924	1,484507
18,688702	1,448998
18,691480	1,430915
18,694257	1,423353
18,697035	1,406914
18,699813	1,387516
18,702591	1,374693
18,705368	1,384885
18,708146	1,404284
18,710924	1,427956
18,713702	1,426641
18,716479	1,413818
18,719257	1,403297
18,722035	1,407243
18,724813	1,423024
18,727590	1,440450
18,730368	1,442094
18,733146	1,425983
18,735924	1,415462
18,738701	1,418092
18,741479	1,438806
18,744257	1,458861
18,747035	1,460834
18,749812	1,444066
18,752590	1,434860
18,755368	1,439463
18,758146	1,456231
18,760924	1,472342
18,763701	1,471026
18,766479	1,453930
18,769257	1,442094
18,772035	1,448340
18,774812	1,466095
18,777590	1,484835
18,780368	1,484178
18,783145	1,473328
18,785923	1,477273
18,788701	1,518700
18,791479	1,581497
18,794256	1,650542
18,797034	1,696242
18,799812	1,716627
18,802590	1,725833
18,805367	1,747532
18,808145	1,776794
18,810923	1,802110
18,813701	1,809672
18,816478	1,796192
18,819256	1,780740
18,822034	1,772520
18,824812	1,772520
18,827589	1,763972
18,830367	1,733066
18,833145	1,682434
18,835923	1,632130
18,838700	1,600895
18,841478	1,579853
18,844256	1,563743
18,847034	1,534810
18,849811	1,498973
18,852589	1,468396
18,855367	1,459519
18,858145	1,465437
18,860922	1,478917
18,863700	1,477273
18,866478	1,461492
18,869256	1,447025
18,872034	1,449327
18,874811	1,466095
18,877589	1,484178
18,880367	1,486150
18,883145	1,469054
18,885922	1,457875
18,888700	1,459848
18,891478	1,474643
18,894255	1,496671
18,897033	1,499630
18,899811	1,487794
18,902589	1,475301
18,905366	1,476945
18,908144	1,491082
18,910922	1,509165
18,913700	1,498315
18,916477	1,464451
18,919255	1,419079
18,922033	1,400338
18,924811	1,414805
18,927588	1,490753
18,930366	1,634760
18,933144	1,848798
18,935922	2,166730
18,938699	2,558639
18,941477	2,968632
18,944255	3,194506
18,947033	3,198122
18,949810	3,199109
18,952588	3,197794
18,955366	3,193191
18,958144	3,167546
18,960921	2,848297
18,963699	2,280160
18,966477	1,690653
18,969255	1,228385
18,972032	0,983442
18,974810	0,925577
18,977588	0,989360
18,980366	1,089639
18,983144	1,176109
18,985921	1,250085
18,988699	1,321430
18,991477	1,384557
18,994255	1,424997
18,997032	1,431573
18,999810	1,416120
19,002588	1,405270
19,005365	1,412174
19,008143	1,429600
19,010921	1,448998
19,013699	1,453601
19,016476	1,438477
19,019254	1,429600
19,022032	1,435518
19,024810	1,456889
19,027587	1,476287
19,030365	1,481547
19,033143	1,469383
19,035921	1,464122
19,038698	1,474643
19,041476	1,496671
19,044254	1,524947
19,047032	1,533824
19,049809	1,529221
19,052587	1,521988
19,055365	1,531522
19,058143	1,557167
19,060920	1,583470
19,063698	1,591361
19,066476	1,582484
19,069254	1,576237
19,072031	1,587087
19,074809	1,613718
19,077587	1,639692
19,080365	1,646267
19,083142	1,637062
19,085920	1,630815
19,088698	1,636075
19,091476	1,658104
19,094254	1,681118
19,097031	1,686379
19,099809	1,673885
19,102587	1,664679
19,105365	1,672570
19,108142	1,703476
19,110920	1,743587
19,113698	1,774164
19,116475	1,787644
19,119253	1,795206
19,122031	1,815262
19,124809	1,846496
19,127586	1,880032
19,130364	1,901732
19,133142	1,904033
19,135920	1,903704
19,138697	1,913568
19,141475	1,930336
19,144253	1,945460
19,147031	1,935925
19,149808	1,905019
19,152586	1,871812
19,155364	1,855702
19,158142	1,848140
19,160919	1,838934
19,163697	1,808028
19,166475	1,755423
19,169253	1,704462
19,172030	1,662707
19,174808	1,631801
19,177586	1,599252
19,180364	1,549934
19,183141	1,488123
19,185919	1,434860
19,188697	1,402968
19,191475	1,392119
19,194252	1,400996
19,197030	1,399681
19,199808	1,386858
19,202586	1,377652
19,205363	1,386201
19,208141	1,402968
19,210919	1,426641
19,213697	1,427627
19,216475	1,413818
19,219252	1,400338
19,222030	1,401653
19,224808	1,419079
19,227585	1,437162
19,230363	1,441107
19,233141	1,424011
19,235919	1,415791
19,238696	1,414805
19,241474	1,433545
19,244252	1,454259
19,247030	1,457546
19,249807	1,443409
19,252585	1,431573
19,255363	1,432888
19,258141	1,449327
19,260918	1,468396
19,263696	1,468725
19,266474	1,458533
19,269252	1,444724
19,272029	1,449327
19,274807	1,464451
19,277585	1,485822
19,280363	1,486150
19,283140	1,494041
19,285918	1,514097
19,288696	1,564729
19,291474	1,632459
19,294251	1,698215
19,297029	1,734381
19,299807	1,744902
19,302585	1,746875
19,305362	1,761013
19,308140	1,786329
19,310918	1,810330
19,313696	1,812303
19,316473	1,790274
19,319251	1,764629
19,322029	1,752793
19,324807	1,747861
19,327585	1,735368
19,330362	1,702161
19,333140	1,649884
19,335918	1,600895
19,338696	1,569990
19,341473	1,545989
19,344251	1,534810
19,347029	1,511138
19,349806	1,480232
19,352584	1,452286
19,355362	1,448012
19,358140	1,457875
19,360917	1,475629
19,363695	1,473657
19,366473	1,458204
19,369251	1,446039
19,372028	1,447354
19,374806	1,463793
19,377584	1,481547
19,380362	1,487794
19,383139	1,472670
19,385917	1,464780
19,388695	1,465437
19,391473	1,485493
19,394250	1,502590
19,397028	1,506864
19,399806	1,493055
19,402584	1,483191
19,405361	1,484835
19,408139	1,497329
19,410917	1,504562
19,413695	1,483520
19,416472	1,438477
19,419250	1,399023
19,422028	1,399681
19,424806	1,469054
19,427583	1,627527
19,430361	1,849455
19,433139	2,163771
19,435917	2,536940
19,438695	2,935096
19,441472	3,192862
19,444250	3,197794
19,447028	3,199766
19,449806	3,198122
19,452583	3,192862
19,455361	3,171162
19,458139	2,860791
19,460916	2,313367
19,463694	1,732737
19,466472	1,257318
19,469250	0,990018
19,472027	0,912425
19,474805	0,971935
19,477583	1,084050
19,480361	1,186630
19,483138	1,262578
19,485916	1,316170
19,488694	1,364172
19,491472	1,402311
19,494249	1,428285
19,497027	1,429600
19,499805	1,416777
19,502583	1,398366
19,505360	1,405599
19,508138	1,424668
19,510916	1,447683
19,513694	1,453601
19,516471	1,444724
19,519249	1,433545
19,522027	1,439135
19,524805	1,455902
19,527582	1,477273
19,530360	1,485493
19,533138	1,473985
19,535916	1,469054
19,538693	1,477931
19,541471	1,502590
19,544249	1,529550
19,547027	1,542043
19,549805	1,534810
19,552582	1,531522
19,555360	1,542372
19,558138	1,564401
19,560916	1,590703
19,563693	1,600567
19,566471	1,594320
19,569249	1,587744
19,572026	1,600895
19,574804	1,621280
19,577582	1,647583
19,580360	1,657117
19,583137	1,650213
19,585915	1,641665
19,588693	1,646925
19,591471	1,665337
19,594248	1,686708
19,597026	1,690982
19,599804	1,679475
19,602582	1,674214
19,605359	1,690653
19,608137	1,732080
19,610915	1,783699
19,613693	1,817234
19,616470	1,823152
19,619248	1,826440
19,622026	1,843537
19,624804	1,876415
19,627581	1,912910
19,630359	1,931651
19,633137	1,929349
19,635915	1,919815
19,638692	1,921130
19,641470	1,935596
19,644248	1,946117
19,647026	1,935596
19,649803	1,903704
19,652581	1,865894
19,655359	1,843537
19,658137	1,832030
19,660915	1,816577
19,663692	1,784356
19,666470	1,733395
19,669248	1,677173
19,672026	1,630486
19,674803	1,594649
19,677581	1,561442
19,680359	1,519029
19,683136	1,464451
19,685914	1,412832
19,688692	1,388502
19,691470	1,387516
19,694247	1,403626
19,697025	1,409215
19,699803	1,400009
19,702581	1,389488
19,705358	1,396393
19,708136	1,414147
19,710914	1,433216
19,713692	1,434532
19,716469	1,418092
19,719247	1,405599
19,722025	1,409873
19,724803	1,425983
19,727580	1,446039
19,730358	1,450313
19,733136	1,436833
19,735914	1,426641
19,738691	1,428285
19,741469	1,443080
19,744247	1,461492
19,747025	1,463793
19,749802	1,446368
19,752580	1,432559
19,755358	1,434860
19,758136	1,451299
19,760913	1,471355
19,763691	1,474972
19,766469	1,465437
19,769247	1,451957
19,772025	1,453930
19,774802	1,468725
19,777580	1,489109
19,780358	1,509494
19,783136	1,531522
19,785913	1,566045
19,788691	1,618650
19,791469	1,679803
19,794246	1,732737
19,797024	1,759697
19,799802	1,764300
19,802580	1,764300
19,805357	1,775150
19,808135	1,797507
19,810913	1,817892
19,813691	1,813947
19,816468	1,787644
19,819246	1,756410
19,822024	1,733395
19,824802	1,721230
19,827579	1,706106
19,830357	1,672899
19,833135	1,621938
19,835913	1,566373
19,838690	1,530207
19,841468	1,512782
19,844246	1,506864
19,847024	1,495028
19,849801	1,471355
19,852579	1,446039
19,855357	1,445053
19,858135	1,457875
19,860912	1,474314
19,863690	1,476616
19,866468	1,462149
19,869246	1,448998
19,872023	1,450642
19,874801	1,467081
19,877579	1,486808
19,880357	1,492397
19,883134	1,476945
19,885912	1,463793
19,888690	1,462478
19,891468	1,480561
19,894246	1,498644
19,897023	1,503247
19,899801	1,486150
19,902579	1,472670
19,905356	1,472670
19,908134	1,481219
19,910912	1,481547
19,913690	1,455245
19,916467	1,418750
19,919245	1,398694
19,922023	1,454916
19,924801	1,605498
19,927578	1,842551
19,930356	2,167717
19,933134	2,535953
19,935912	2,917013
19,938689	3,190232
19,941467	3,196478
19,944245	3,198451
19,947023	3,197136
19,949800	3,193519
19,952578	3,171820
19,955356	2,861449
19,958134	2,315669
19,960911	1,749505
19,963689	1,285922
19,966467	1,006786
19,969245	0,908809
19,972022	0,949249
19,974800	1,062021
19,977578	1,179725
19,980356	1,273428
19,983133	1,329321
19,985911	1,357925
19,988689	1,383899
19,991467	1,405928
19,994244	1,428285
19,997022	1,430586
19,999800	1,421380
20,002578	1,402968
20,005356	1,410202
20,008133	1,426641
20,010911	1,450971
20,013689	1,460834
20,016466	1,454587
20,019244	1,443080
20,022022	1,444395
20,024800	1,459848
20,027577	1,477273
20,030355	1,488452
20,033133	1,475629
20,035911	1,471355
20,038688	1,482205
20,041466	1,510809
20,044244	1,537769
20,047022	1,552236
20,049799	1,548290
20,052577	1,544016
20,055355	1,551907
20,058133	1,572620
20,060910	1,600895
20,063688	1,609115
20,066466	1,606485
20,069244	1,601882
20,072021	1,612403
20,074799	1,631801
20,077577	1,655802
20,080355	1,662378
20,083132	1,652514
20,085910	1,638377
20,088688	1,641665
20,091466	1,661391
20,094243	1,687365
20,097021	1,697558
20,099799	1,692297
20,102577	1,689338
20,105354	1,706763
20,108132	1,750820
20,110910	1,802110
20,113688	1,832687
20,116466	1,836961
20,119243	1,837619
20,122021	1,850441
20,124799	1,881018
20,127576	1,914225
20,130354	1,933295
20,133132	1,927377
20,135910	1,914883
20,138687	1,914554
20,141465	1,919815
20,144243	1,921458
20,147021	1,907321
20,149798	1,873456
20,152576	1,834989
20,155354	1,806056
20,158132	1,786329
20,160909	1,772520
20,163687	1,741943
20,166465	1,689009
20,169243	1,626869
20,172020	1,575908
20,174798	1,541057
20,177576	1,512782
20,180354	1,480890
20,183131	1,430586
20,185909	1,394420
20,188687	1,376995
20,191465	1,387516
20,194242	1,404284
20,197020	1,416120
20,199798	1,405599
20,202576	1,393105
20,205353	1,397379
20,208131	1,411846
20,210909	1,432888
20,213687	1,437819
20,216464	1,424339
20,219242	1,407243
20,222020	1,410859
20,224798	1,423682
20,227576	1,445053
20,230353	1,449656
20,233131	1,439792
20,235909	1,427956
20,238687	1,429600
20,241464	1,441436
20,244242	1,458533
20,247020	1,463464
20,249797	1,448340
20,252575	1,434532
20,255353	1,434203
20,258131	1,450642
20,260908	1,466423
20,263686	1,472670
20,266464	1,455902
20,269242	1,445053
20,272019	1,445710
20,274797	1,463464
20,277575	1,502261
20,280353	1,542372
20,283130	1,578867
20,285908	1,614704
20,288686	1,662049
20,291464	1,712024
20,294241	1,756081
20,297019	1,776465
20,299797	1,775150
20,302575	1,769890
20,305352	1,774821
20,308130	1,788630
20,310908	1,801124
20,313686	1,798823
20,316463	1,770547
20,319241	1,731422
20,322019	1,701174
20,324797	1,683420
20,327574	1,666323
20,330352	1,639363
20,333130	1,589717
20,335908	1,539742
20,338686	1,504562
20,341463	1,494370
20,344241	1,492726
20,347019	1,487794
20,349797	1,466423
20,352574	1,447025
20,355352	1,447354
20,358130	1,458533
20,360907	1,474643
20,363685	1,479575
20,366463	1,464122
20,369241	1,448669
20,372018	1,450971
20,374796	1,465108
20,377574	1,486808
20,380352	1,492068
20,383129	1,483520
20,385907	1,470040
20,388685	1,471355
20,391463	1,482534
20,394240	1,500946
20,397018	1,508508
20,399796	1,491740
20,402574	1,475629
20,405351	1,468725
20,408129	1,466752
20,410907	1,460177
20,413685	1,442094
20,416462	1,420723
20,419240	1,454587
20,422018	1,579525
20,424796	1,805398
20,427573	2,142072
20,430351	2,522473
20,433129	2,906492
20,435907	3,187930
20,438684	3,196150
20,441462	3,196807
20,444240	3,197465
20,447018	3,195163
20,449796	3,176751
20,452573	2,880518
20,455351	2,336053
20,458129	1,763314
20,460907	1,307622
20,463684	1,037034
20,466462	0,929851
20,469240	0,945303
20,472017	1,035390
20,474795	1,153094
20,477573	1,264551
20,480351	1,340829
20,483128	1,375351
20,485906	1,386529
20,488684	1,395735
20,491462	1,410202
20,494239	1,426641
20,497017	1,434203
20,499795	1,425326
20,502573	1,409544
20,505350	1,414805
20,508128	1,432888
20,510906	1,456560
20,513684	1,466752
20,516461	1,455574
20,519239	1,441107
20,522017	1,442422
20,524795	1,460834
20,527572	1,484835
20,530350	1,499302
20,533128	1,493712
20,535906	1,489109
20,538683	1,499959
20,541461	1,521988
20,544239	1,546646
20,547017	1,562428
20,549794	1,556181
20,552572	1,548290
20,555350	1,555852
20,558128	1,578867
20,560906	1,608129
20,563683	1,623910
20,566461	1,621280
20,569239	1,612732
20,572017	1,617335
20,574794	1,632787
20,577572	1,655802
20,580350	1,664679
20,583127	1,656789
20,585905	1,646267
20,588683	1,650213
20,591461	1,667310
20,594238	1,689996
20,597016	1,704791
20,599794	1,705777
20,602572	1,712353
20,605349	1,738984
20,608127	1,780740
20,610905	1,824468
20,613683	1,850113
20,616460	1,851099
20,619238	1,852085
20,622016	1,869182
20,624794	1,902389
20,627571	1,934939
20,630349	1,947104
20,633127	1,935267
20,635905	1,919157
20,638682	1,908965
20,641460	1,907321
20,644238	1,905677
20,647016	1,888251
20,649793	1,851757
20,652571	1,810988
20,655349	1,779096
20,658127	1,761341
20,660904	1,746217
20,663682	1,712024
20,666460	1,653501
20,669238	1,584128
20,672015	1,529221
20,674793	1,497658
20,677571	1,473985
20,680349	1,447354
20,683127	1,406914
20,685904	1,378967
20,688682	1,370748
20,691460	1,388831
20,694237	1,408558
20,697015	1,419079
20,699793	1,409873
20,702571	1,394091
20,705348	1,392776
20,708126	1,406585
20,710904	1,426641
20,713682	1,430915
20,716459	1,422367
20,719237	1,409215
20,722015	1,414147
20,724793	1,429600
20,727570	1,452286
20,730348	1,456231
20,733126	1,445381
20,735904	1,431244
20,738681	1,431244
20,741459	1,443409
20,744237	1,461492
20,747015	1,469054
20,749792	1,452943
20,752570	1,441107
20,755348	1,438806
20,758126	1,453272
20,760903	1,473328
20,763681	1,483191
20,766459	1,468067
20,769237	1,453601
20,772014	1,450971
20,774792	1,480561
20,777570	1,535139
20,780348	1,588073
20,783125	1,627198
20,785903	1,659419
20,788681	1,696571
20,791459	1,734052
20,794237	1,767588
20,797014	1,786986
20,799792	1,786658
20,802570	1,778767
20,805347	1,779753
20,808125	1,787315
20,810903	1,796521
20,813681	1,786658
20,816458	1,753779
20,819236	1,711695
20,822014	1,677831
20,824792	1,656131
20,827569	1,636075
20,830347	1,605827
20,833125	1,551907
20,835903	1,505549
20,838680	1,477602
20,841458	1,474972
20,844236	1,483520
20,847014	1,482205
20,849791	1,465766
20,852569	1,447683
20,855347	1,445053
20,858125	1,456231
20,860902	1,475629
20,863680	1,482205
20,866458	1,474314
20,869236	1,454587
20,872013	1,455574
20,874791	1,466752
20,877569	1,488452
20,880347	1,492726
20,883124	1,484507
20,885902	1,469711
20,888680	1,470698
20,891458	1,483849
20,894235	1,501603
20,897013	1,512124
20,899791	1,498315
20,902569	1,480561
20,905347	1,460505
20,908124	1,446697
20,910902	1,436833
20,913680	1,435847
20,916457	1,468396
20,919235	1,576894
20,922013	1,783370
20,924791	2,114125
20,927568	2,506034
20,930346	2,912081
20,933124	3,188916
20,935902	3,195163
20,938679	3,198451
20,941457	3,198780
20,944235	3,195492
20,947013	3,184642
20,949790	2,933781
20,952568	2,395563
20,955346	1,801782
20,958124	1,323074
20,960901	1,053473
20,963679	0,953194
20,966457	0,967989
20,969235	1,044925
20,972012	1,141258
20,974790	1,250742
20,977568	1,341486
20,980346	1,399023
20,983123	1,410859
20,985901	1,405599
20,988679	1,400996
20,991457	1,414147
20,994234	1,434532
20,997012	1,443080
20,999790	1,436175
21,002568	1,425326
21,005345	1,426641
21,008123	1,442094
21,010901	1,464451
21,013679	1,472670
21,016457	1,466423
21,019234	1,452286
21,022012	1,458533
21,024790	1,477273
21,027567	1,503905
21,030345	1,517056
21,033123	1,515741
21,035901	1,508179
21,038678	1,511795
21,041456	1,532509
21,044234	1,557825
21,047012	1,573607
21,049789	1,569661
21,052567	1,564072
21,055345	1,568017
21,058123	1,590374
21,060900	1,615691
21,063678	1,634760
21,066456	1,630815
21,069234	1,623910
21,072011	1,626869
21,074789	1,642322
21,077567	1,664679
21,080345	1,676515
21,083122	1,667310
21,085900	1,654158
21,088678	1,656131
21,091456	1,674543
21,094233	1,702818
21,097011	1,719915
21,099789	1,728463
21,102567	1,740628
21,105344	1,767259
21,108122	1,804083
21,110900	1,843208
21,113678	1,863922
21,116455	1,868196
21,119233	1,872799
21,122011	1,887594
21,124789	1,915540
21,127567	1,943816
21,130344	1,953022
21,133122	1,939542
21,135900	1,914225
21,138677	1,896142
21,141455	1,891868
21,144233	1,892526
21,147011	1,877073
21,149788	1,837619
21,152566	1,788630
21,155344	1,752464
21,158122	1,730107
21,160899	1,708079
21,163677	1,670269
21,166455	1,608457
21,169233	1,538756
21,172010	1,488452
21,174788	1,456560
21,177566	1,440778
21,180344	1,424997
21,183121	1,400338
21,185899	1,379954
21,188677	1,379625
21,191455	1,397050
21,194232	1,418750
21,197010	1,431573
21,199788	1,422367
21,202566	1,407243
21,205343	1,404284
21,208121	1,414147
21,210899	1,432230
21,213677	1,440121
21,216454	1,430586
21,219232	1,414476
21,222010	1,416449
21,224788	1,430586
21,227565	1,450642
21,230343	1,457875
21,233121	1,446368
21,235899	1,428285
21,238677	1,427956
21,241454	1,441107
21,244232	1,461492
21,247010	1,470698
21,249788	1,460505
21,252565	1,444395
21,255343	1,441765
21,258121	1,453272
21,260898	1,472670
21,263676	1,483191
21,266454	1,470698
21,269232	1,456231
21,272009	1,467410
21,274787	1,515741
21,277565	1,585443
21,280343	1,646267
21,283120	1,682105
21,285898	1,702161
21,288676	1,722545
21,291454	1,750820
21,294231	1,783041
21,297009	1,800795
21,299787	1,797507
21,302565	1,783699
21,305342	1,774821
21,308120	1,778109
21,310898	1,784027
21,313676	1,770876
21,316453	1,732737
21,319231	1,681776
21,322009	1,641993
21,324787	1,618979
21,327564	1,599580
21,330342	1,569990
21,333120	1,525604
21,335898	1,483191
21,338675	1,463136
21,341453	1,466423
21,344231	1,475629
21,347009	1,480232
21,349787	1,466752
21,352564	1,445710
21,355342	1,439792
21,358120	1,450642
21,360898	1,471684
21,363675	1,481547
21,366453	1,475629
21,369231	1,459848
21,372008	1,460505
21,374786	1,475629
21,377564	1,495685
21,380342	1,502918
21,383119	1,491411
21,385897	1,474643
21,388675	1,472670
21,391453	1,482534
21,394230	1,498315
21,397008	1,508179
21,399786	1,493055
21,402564	1,463136
21,405341	1,432888
21,408119	1,423024
21,410897	1,431573
21,413675	1,483520
21,416452	1,581826
21,419230	1,769890
21,422008	2,076644
21,424786	2,457046
21,427563	2,876573
21,430341	3,188588
21,433119	3,196150
21,435897	3,198451
21,438674	3,198122
21,441452	3,196150
21,444230	3,185629
21,447008	2,960412
21,449785	2,431729
21,452563	1,821180
21,455341	1,323403
21,458119	1,036705
21,460896	0,942673
21,463674	0,974565
21,466452	1,054130
21,469230	1,141915
21,472008	1,228714
21,474785	1,312882
21,477563	1,379625
21,480341	1,415462
21,483118	1,409544
21,485896	1,395735
21,488674	1,391790
21,491452	1,407900
21,494229	1,428285
21,497007	1,439792
21,499785	1,435518
21,502563	1,421709
21,505340	1,423353
21,508118	1,438806
21,510896	1,462807
21,513674	1,469711
21,516451	1,464122
21,519229	1,448669
21,522007	1,451957
21,524785	1,473328
21,527562	1,500946
21,530340	1,517056
21,533118	1,516070
21,535896	1,506864
21,538673	1,511138
21,541451	1,532838
21,544229	1,561113
21,547007	1,579853
21,549784	1,576237
21,552562	1,569990
21,555340	1,574593
21,558118	1,598265
21,560895	1,624239
21,563673	1,642980
21,566451	1,636404
21,569229	1,624897
21,572007	1,624897
21,574784	1,640021
21,577562	1,659419
21,580340	1,671255
21,583118	1,664679
21,585895	1,654487
21,588673	1,658761
21,591451	1,677173
21,594228	1,709394
21,597006	1,737340
21,599784	1,755423
21,602562	1,766273
21,605339	1,787973
21,608117	1,815919
21,610895	1,850770
21,613673	1,876744
21,616450	1,886279
21,619228	1,885950
21,622006	1,897786
21,624784	1,919157
21,627561	1,940528
21,630339	1,949405
21,633117	1,929020
21,635895	1,896471
21,638672	1,873127
21,641450	1,864250
21,644228	1,864250
21,647006	1,852085
21,649783	1,811645
21,652561	1,761670
21,655339	1,720244
21,658117	1,690982
21,660894	1,664679
21,663672	1,619636
21,666450	1,557167
21,669228	1,492726
21,672005	1,448012
21,674783	1,424011
21,677561	1,418421
21,680339	1,409215
21,683116	1,395078
21,685894	1,379296
21,688672	1,380940
21,691450	1,397050
21,694228	1,416777
21,697005	1,427298
21,699783	1,415462
21,702561	1,400338
21,705338	1,397379
21,708116	1,416120
21,710894	1,435847
21,713672	1,448669
21,716449	1,438806
21,719227	1,422038
21,722005	1,419408
21,724783	1,431573
21,727560	1,449656
21,730338	1,458861
21,733116	1,450313
21,735894	1,434203
21,738671	1,432888
21,741449	1,442094
21,744227	1,466423
21,747005	1,475629
21,749782	1,468725
21,752560	1,449656
21,755338	1,447683
21,758116	1,456231
21,760893	1,477602
21,763671	1,487137
21,766449	1,477273
21,769227	1,478260
21,772004	1,504891
21,774782	1,566373
21,777560	1,636075
21,780338	1,691639
21,783115	1,717285
21,785893	1,730436
21,788671	1,744902
21,791449	1,770876
21,794226	1,800138
21,797004	1,814275
21,799782	1,805069
21,802560	1,782383
21,805338	1,767259
21,808115	1,762328
21,810893	1,761999
21,813671	1,745889
21,816448	1,703804
21,819226	1,651199
21,822004	1,612403
21,824782	1,585443
21,827559	1,568346
21,830337	1,543030
21,833115	1,506864
21,835893	1,471684
21,838670	1,455245
21,841448	1,458861
21,844226	1,474314
21,847004	1,481219
21,849781	1,467081
21,852559	1,446368
21,855337	1,441107
21,858115	1,456231
21,860892	1,476287
21,863670	1,489438
21,866448	1,481876
21,869226	1,464780
21,872003	1,458861
21,874781	1,470698
21,877559	1,490096
21,880337	1,499959
21,883114	1,490753
21,885892	1,471684
21,888670	1,468396
21,891448	1,479575
21,894225	1,500946
21,897003	1,510152
21,899781	1,485164
21,902559	1,439135
21,905336	1,407243
21,908114	1,406914
21,910892	1,467739
21,913670	1,587744
21,916448	1,775150
21,919225	2,064479
21,922003	2,425154
21,924781	2,842379
21,927558	3,186615
21,930336	3,196150
21,933114	3,199437
21,935892	3,199109
21,938669	3,196807
21,941447	3,187601
21,944225	2,986715
21,947003	2,484006
21,949780	1,877730
21,952558	1,354966
21,955336	1,040979
21,958114	0,925248
21,960891	0,964044
21,963669	1,061692
21,966447	1,151450
21,969225	1,226741
21,972002	1,293813
21,974780	1,356939
21,977558	1,406585
21,980336	1,425983
21,983113	1,416120
21,985891	1,400009
21,988669	1,392447
21,991447	1,407243
21,994224	1,433545
21,997002	1,450313
21,999780	1,446368
22,002558	1,435518
22,005335	1,429929
22,008113	1,442094
22,010891	1,461821
22,013669	1,472342
22,016446	1,469711
22,019224	1,458533
22,022002	1,462149
22,024780	1,482534
22,027558	1,513768
22,030335	1,534153
22,033113	1,532509
22,035891	1,523303
22,038668	1,527248
22,041446	1,548619
22,044224	1,576237
22,047002	1,596293
22,049779	1,596293
22,052557	1,583141
22,055335	1,584456
22,058113	1,603855
22,060890	1,632787
22,063668	1,650213
22,066446	1,644624
22,069224	1,632459
22,072001	1,633445
22,074779	1,648898
22,077557	1,673228
22,080335	1,689996
22,083112	1,685064
22,085890	1,672241
22,088668	1,673556
22,091446	1,691639
22,094223	1,728134
22,097001	1,765944
22,099779	1,787315
22,102557	1,796192
22,105334	1,811974
22,108112	1,838276
22,110890	1,877073
22,113668	1,904362
22,116445	1,911595
22,119223	1,908636
22,122001	1,912253
22,124779	1,923431
22,127556	1,941843
22,130334	1,942501
22,133112	1,920143
22,135890	1,886279
22,138667	1,860305
22,141445	1,848798
22,144223	1,842551
22,147001	1,823810
22,149779	1,782383
22,152556	1,733724
22,155334	1,690324
22,158112	1,652186
22,160889	1,621280
22,163667	1,576566
22,166445	1,523632
22,169223	1,461821
22,172000	1,422038
22,174778	1,405270
22,177556	1,407571
22,180334	1,411517
22,183111	1,401982
22,185889	1,386858
22,188667	1,382584
22,191445	1,396722
22,194222	1,417106
22,197000	1,431573
22,199778	1,424997
22,202556	1,412174
22,205333	1,404612
22,208111	1,417435
22,210889	1,434532
22,213667	1,446697
22,216444	1,437819
22,219222	1,423682
22,222000	1,418750
22,224778	1,430257
22,227555	1,448012
22,230333	1,457875
22,233111	1,450971
22,235889	1,434532
22,238666	1,434203
22,241444	1,443409
22,244222	1,466423
22,247000	1,476287
22,249778	1,468396
22,252555	1,448998
22,255333	1,447683
22,258111	1,457218
22,260889	1,476945
22,263666	1,488781
22,266444	1,488781
22,269222	1,506535
22,271999	1,547962
22,274777	1,611745
22,277555	1,679146
22,280333	1,728792
22,283110	1,743587
22,285888	1,743587
22,288666	1,751478
22,291444	1,771205
22,294221	1,800138
22,296999	1,815262
22,299777	1,803097
22,302555	1,776137
22,305332	1,754108
22,308110	1,742272
22,310888	1,737340
22,313666	1,714983
22,316443	1,667310
22,319221	1,613389
22,321999	1,571963
22,324777	1,544674
22,327554	1,536783
22,330332	1,520344
22,333110	1,493712
22,335888	1,462807
22,338665	1,444724
22,341443	1,449656
22,344221	1,467739
22,346999	1,480561
22,349776	1,470369
22,352554	1,455574
22,355332	1,448012
22,358110	1,463136
22,360887	1,479246
22,363665	1,492068
22,366443	1,483191
22,369221	1,468725
22,371999	1,462149
22,374776	1,472670
22,377554	1,492397
22,380332	1,504233
22,383109	1,496014
22,385887	1,475629
22,388665	1,472999
22,391443	1,482534
22,394220	1,502261
22,396998	1,497329
22,399776	1,460834
22,402554	1,412174
22,405331	1,392776
22,408109	1,442094
22,410887	1,566702
22,413665	1,774821
22,416442	2,064808
22,419220	2,406742
22,421998	2,804240
22,424776	3,175436
22,427553	3,197136
22,430331	3,199766
22,433109	3,198451
22,435887	3,196478
22,438664	3,185629
22,441442	2,987701
22,444220	2,498143
22,446998	1,907321
22,449775	1,387187
22,452553	1,052815
22,455331	0,921631
22,458109	0,941687
22,460886	1,048541
22,463664	1,158354
22,466442	1,242194
22,469220	1,299402
22,471997	1,347404
22,474775	1,386529
22,477553	1,423024
22,480331	1,435189
22,483109	1,425326
22,485886	1,408558
22,488664	1,402640
22,491442	1,417106
22,494219	1,441765
22,496997	1,455902
22,499775	1,447683
22,502553	1,438806
22,505330	1,434203
22,508108	1,450313
22,510886	1,471026
22,513664	1,489438
22,516441	1,486150
22,519219	1,478588
22,521997	1,480232
22,524775	1,499630
22,527552	1,527248
22,530330	1,544345
22,533108	1,543687
22,535886	1,531851
22,538663	1,537769
22,541441	1,556839
22,544219	1,586758
22,546997	1,604183
22,549774	1,605827
22,552552	1,595635
22,555330	1,601882
22,558108	1,620622
22,560885	1,644295
22,563663	1,658104
22,566441	1,651857
22,569219	1,634431
22,571996	1,627856
22,574774	1,643637
22,577552	1,669282
22,580330	1,689996
22,583107	1,686050
22,585885	1,675200
22,588663	1,679146
22,591441	1,709065
22,594219	1,755094
22,596996	1,796850
22,599774	1,814275
22,602552	1,818550
22,605329	1,828084
22,608107	1,853729
22,610885	1,891868
22,613663	1,921130
22,616440	1,927048
22,619218	1,919157
22,621996	1,915540
22,624774	1,924418
22,627551	1,936254
22,630329	1,930993
22,633107	1,901403
22,635885	1,865894
22,638662	1,841564
22,641440	1,831701
22,644218	1,820851
22,646996	1,798165
22,649773	1,750492
22,652551	1,690982
22,655329	1,638048
22,658107	1,596621
22,660884	1,567031
22,663662	1,529878
22,666440	1,475301
22,669218	1,422695
22,671995	1,389160
22,674773	1,384228
22,677551	1,400009
22,680329	1,412832
22,683106	1,409215
22,685884	1,396064
22,688662	1,392447
22,691440	1,403626
22,694217	1,423682
22,696995	1,431573
22,699773	1,422695
22,702551	1,405270
22,705329	1,401325
22,708106	1,414805
22,710884	1,438806
22,713662	1,450971
22,716439	1,442094
22,719217	1,424339
22,721995	1,417106
22,724773	1,430586
22,727550	1,450313
22,730328	1,462478
22,733106	1,455245
22,735884	1,436833
22,738661	1,430915
22,741439	1,442094
22,744217	1,461492
22,746995	1,474643
22,749772	1,469711
22,752550	1,454259
22,755328	1,449984
22,758106	1,460505
22,760883	1,480890
22,763661	1,504891
22,766439	1,526262
22,769217	1,554537
22,771994	1,599252
22,774772	1,657446
22,777550	1,715312
22,780328	1,752464
22,783105	1,760355
22,785883	1,759697
22,788661	1,764629
22,791439	1,782055
22,794216	1,803754
22,796994	1,812303
22,799772	1,794220
22,802550	1,762656
22,805327	1,737011
22,808105	1,720901
22,810883	1,708736
22,813661	1,684735
22,816439	1,641007
22,819216	1,585114
22,821994	1,541057
22,824772	1,516398
22,827549	1,509494
22,830327	1,499959
22,833105	1,478260
22,835883	1,452286
22,838660	1,440121
22,841438	1,450313
22,844216	1,467739
22,846994	1,478588
22,849771	1,470698
22,852549	1,457218
22,855327	1,451628
22,858105	1,463793
22,860882	1,480890
22,863660	1,489438
22,866438	1,481219
22,869216	1,465437
22,871993	1,461492
22,874771	1,472999
22,877549	1,495685
22,880327	1,506206
22,883104	1,499959
22,885882	1,479904
22,888660	1,474314
22,891438	1,479246
22,894215	1,485822
22,896993	1,470369
22,899771	1,433874
22,902549	1,400996
22,905326	1,428613
22,908104	1,537769
22,910882	1,747861
22,913660	2,056259
22,916437	2,406742
22,919215	2,794377
22,921993	3,160970
22,924771	3,196807
22,927549	3,199766
22,930326	3,199109
22,933104	3,196807
22,935882	3,187601
22,938659	3,003812
22,941437	2,520172
22,944215	1,935596
22,946993	1,427298
22,949770	1,085036
22,952548	0,926563
22,955326	0,929522
22,958104	1,020266
22,960881	1,145203
22,963659	1,251400
22,966437	1,316827
22,969215	1,352994
22,971992	1,379954
22,974770	1,400667
22,977548	1,420723
22,980326	1,430586
22,983103	1,421709
22,985881	1,406914
22,988659	1,404284
22,991437	1,421380
22,994214	1,444066
22,996992	1,459519
22,999770	1,454916
23,002548	1,446368
23,005325	1,441107
23,008103	1,456889
23,010881	1,479246
23,013659	1,497329
23,016436	1,495028
23,019214	1,483191
23,021992	1,481876
23,024770	1,497329
23,027547	1,527248
23,030325	1,545660
23,033103	1,550921
23,035881	1,545331
23,038659	1,551907
23,041436	1,568017
23,044214	1,596950
23,046992	1,613718
23,049770	1,613060
23,052547	1,603526
23,055325	1,605170
23,058103	1,620951
23,060880	1,644952
23,063658	1,662707
23,066436	1,659090
23,069214	1,648569
23,071991	1,646267
23,074769	1,662378
23,077547	1,681118
23,080325	1,696900
23,083102	1,695256
23,085880	1,690324
23,088658	1,701174
23,091436	1,739313
23,094213	1,787315
23,096991	1,825125
23,099769	1,836633
23,102547	1,834989
23,105324	1,844195
23,108102	1,872470
23,110880	1,911924
23,113658	1,938884
23,116435	1,938555
23,119213	1,922116
23,121991	1,911595
23,124769	1,913896
23,127546	1,921130
23,130324	1,916198
23,133102	1,890882
23,135880	1,854058
23,138657	1,822495
23,141435	1,799809
23,144213	1,784356
23,146991	1,757396
23,149769	1,706763
23,152546	1,647911
23,155324	1,591032
23,158102	1,550592
23,160880	1,521330
23,163657	1,490753
23,166435	1,445710
23,169213	1,403626
23,171990	1,378639
23,174768	1,379296
23,177546	1,399023
23,180324	1,411188
23,183101	1,410202
23,185879	1,396722
23,188657	1,396722
23,191435	1,407243
23,194212	1,429929
23,196990	1,439463
23,199768	1,433216
23,202546	1,413489
23,205323	1,406256
23,208101	1,416449
23,210879	1,434203
23,213657	1,448012
23,216434	1,441765
23,219212	1,429929
23,221990	1,422038
23,224768	1,435189
23,227545	1,449327
23,230323	1,463464
23,233101	1,456231
23,235879	1,441107
23,238656	1,436175
23,241434	1,447025
23,244212	1,467410
23,246990	1,479575
23,249767	1,473328
23,252545	1,454916
23,255323	1,450642
23,258101	1,458861
23,260879	1,486479
23,263656	1,529878
23,266434	1,569332
23,269212	1,601553
23,271990	1,643308
23,274767	1,692955
23,277545	1,740299
23,280323	1,771862
23,283100	1,776794
23,285878	1,771205
23,288656	1,775808
23,291434	1,790603
23,294211	1,807042
23,296989	1,808357
23,299767	1,783370
23,302545	1,747204
23,305322	1,713339
23,308100	1,687694
23,310878	1,672241
23,313656	1,649555
23,316433	1,604512
23,319211	1,553222
23,321989	1,515412
23,324767	1,492726
23,327544	1,494041
23,330322	1,492726
23,333100	1,475958
23,335878	1,454587
23,338655	1,447025
23,341433	1,454587
23,344211	1,473657
23,346989	1,482863
23,349766	1,477602
23,352544	1,460834
23,355322	1,451628
23,358100	1,460177
23,360877	1,480561
23,363655	1,493055
23,366433	1,485822
23,369211	1,471355
23,371988	1,466095
23,374766	1,479904
23,377544	1,499630
23,380322	1,514097
23,383100	1,502590
23,385877	1,485493
23,388655	1,474972
23,391433	1,469383
23,394210	1,461163
23,396988	1,443409
23,399766	1,420394
23,402544	1,432559
23,405321	1,518700
23,408099	1,717613
23,410877	2,028642
23,413655	2,398193
23,416432	2,795692
23,419210	3,155052
23,421988	3,195821
23,424766	3,197794
23,427543	3,198122
23,430321	3,196807
23,433099	3,188588
23,435877	3,024854
23,438654	2,544831
23,441432	1,954008
23,444210	1,445381
23,446988	1,113969
23,449765	0,950235
23,452543	0,932152
23,455321	1,007772
23,458099	1,121860
23,460876	1,236605
23,463654	1,323403
23,466432	1,372392
23,469210	1,385872
23,471987	1,393105
23,474765	1,401982
23,477543	1,421380
23,480321	1,435847
23,483098	1,428285
23,485876	1,414805
23,488654	1,412503
23,491432	1,425326
23,494210	1,451299
23,496987	1,468396
23,499765	1,464780
23,502543	1,451299
23,505320	1,443737
23,508098	1,457218
23,510876	1,482205
23,513654	1,497987
23,516431	1,496343
23,519209	1,491740
23,521987	1,493712
23,524765	1,512782
23,527542	1,540071
23,530320	1,560455
23,533098	1,564072
23,535876	1,556181
23,538653	1,554537
23,541431	1,569004
23,544209	1,595635
23,546987	1,614704
23,549764	1,618979
23,552542	1,611417
23,555320	1,613389
23,558098	1,630157
23,560875	1,653829
23,563653	1,668625
23,566431	1,664679
23,569209	1,652186
23,571986	1,648240
23,574764	1,661391
23,577542	1,683420
23,580320	1,701832
23,583097	1,703804
23,585875	1,706763
23,588653	1,725175
23,591431	1,764958
23,594208	1,808686
23,596986	1,843208
23,599764	1,853400
23,602542	1,854387
23,605320	1,863922
23,608097	1,890882
23,610875	1,926390
23,613653	1,947104
23,616430	1,941843
23,619208	1,924746
23,621986	1,911924
23,624764	1,907978
23,627541	1,908965
23,630319	1,902389
23,633097	1,876086
23,635875	1,833674
23,638652	1,794877
23,641430	1,769232
23,644208	1,750820
23,646986	1,725175
23,649763	1,675200
23,652541	1,609444
23,655319	1,551907
23,658097	1,516070
23,660874	1,489767
23,663652	1,464122
23,666430	1,427298
23,669208	1,391132
23,671985	1,376337
23,674763	1,383242
23,677541	1,406256
23,680319	1,419079
23,683096	1,416120
23,685874	1,401653
23,688652	1,397708
23,691430	1,409215
23,694207	1,431901
23,696985	1,444066
23,699763	1,437491
23,702541	1,420394
23,705318	1,413161
23,708096	1,426312
23,710874	1,447683
23,713652	1,461163
23,716430	1,451628
23,719207	1,433545
23,721985	1,422367
23,724763	1,432888
23,727540	1,452286
23,730318	1,466423
23,733096	1,461492
23,735874	1,448340
23,738651	1,439135
23,741429	1,448340
23,744207	1,466752
23,746985	1,477931
23,749762	1,473657
23,752540	1,454587
23,755318	1,448340
23,758096	1,463136
23,760873	1,513439
23,763651	1,569332
23,766429	1,614376
23,769207	1,646596
23,771984	1,681118
23,774762	1,716627
23,777540	1,753779
23,780318	1,781726
23,783095	1,786986
23,785873	1,779096
23,788651	1,775808
23,791429	1,782055
23,794206	1,791261
23,796984	1,790274
23,799762	1,762985
23,802540	1,720244
23,805317	1,680790
23,808095	1,657775
23,810873	1,641665
23,813651	1,616677
23,816428	1,569990
23,819206	1,519357
23,821984	1,487137
23,824762	1,476945
23,827540	1,485164
23,830317	1,486150
23,833095	1,470369
23,835873	1,448998
23,838650	1,443409
23,841428	1,449327
23,844206	1,472999
23,846984	1,484507
23,849761	1,478260
23,852539	1,458861
23,855317	1,449656
23,858095	1,459190
23,860872	1,479246
23,863650	1,493055
23,866428	1,484835
23,869206	1,473657
23,871983	1,462478
23,874761	1,473328
23,877539	1,489109
23,880317	1,502918
23,883094	1,496671
23,885872	1,480232
23,888650	1,457218
23,891428	1,439135
23,894205	1,429271
23,896983	1,424011
23,899761	1,446697
23,902539	1,519357
23,905316	1,700188
23,908094	1,990503
23,910872	2,361699
23,913650	2,782541
23,916427	3,155709
23,919205	3,195821
23,921983	3,197465
23,924761	3,197794
23,927538	3,196478
23,930316	3,190232
23,933094	3,055431
23,935872	2,583298
23,938649	1,977680
23,941427	1,451957
23,944205	1,110023
23,946983	0,963387
23,949760	0,945961
23,952538	1,008101
23,955316	1,102133
23,958094	1,210631
23,960871	1,305649
23,963649	1,375351
23,966427	1,400009
23,969205	1,394749
23,971982	1,390804
23,974760	1,398037
23,977538	1,418750
23,980316	1,431901
23,983093	1,432559
23,985871	1,419079
23,988649	1,418092
23,991427	1,430915
23,994204	1,454587
23,996982	1,468396
23,999760	1,463136
24,002538	1,446697
24,005315	1,442751
24,008093	1,455902
24,010871	1,481876
24,013649	1,502261
24,016426	1,504233
24,019204	1,501932
24,021982	1,504562
24,024760	1,523303
24,027537	1,547304
24,030315	1,566702
24,033093	1,566373
24,035871	1,560126
24,038648	1,562428
24,041426	1,582484
24,044204	1,612732
24,046982	1,629828
24,049759	1,630486
24,052537	1,617663
24,055315	1,616019
24,058093	1,628513
24,060871	1,654158
24,063648	1,670926
24,066426	1,671913
24,069204	1,659090
24,071981	1,655473
24,074759	1,669611
24,077537	1,694599
24,080315	1,713668
24,083092	1,725175
24,085870	1,731751
24,088648	1,754437
24,091426	1,793562
24,094203	1,834660
24,096981	1,862278
24,099759	1,870168
24,102537	1,868196
24,105314	1,878388
24,108092	1,902060
24,110870	1,930664
24,113648	1,948090
24,116425	1,944144
24,119203	1,922116
24,121981	1,903375
24,124759	1,894498
24,127536	1,893841
24,130314	1,885292
24,133092	1,853072
24,135870	1,805727
24,138647	1,761670
24,141425	1,732080
24,144203	1,712682
24,146981	1,683749
24,149758	1,628513
24,152536	1,562099
24,155314	1,506864
24,158092	1,470369
24,160869	1,449656
24,163647	1,432230
24,166425	1,404612
24,169203	1,380282
24,171981	1,371405
24,174758	1,383242
24,177536	1,409873
24,180314	1,427956
24,183091	1,423024
24,185869	1,404941
24,188647	1,396393
24,191425	1,403955
24,194202	1,423682
24,196980	1,436504
24,199758	1,432559
24,202536	1,418750
24,205313	1,413489
24,208091	1,426312
24,210869	1,445710
24,213647	1,458204
24,216424	1,449656
24,219202	1,433545
24,221980	1,424339
24,224758	1,431901
24,227535	1,455574
24,230313	1,467739
24,233091	1,463793
24,235869	1,447683
24,238646	1,439463
24,241424	1,451299
24,244202	1,469383
24,246980	1,481219
24,249757	1,473985
24,252535	1,459190
24,255313	1,461163
24,258091	1,497987
24,260868	1,563414
24,263646	1,628513
24,266424	1,675200
24,269202	1,700517
24,271979	1,721559
24,274757	1,744573
24,277535	1,774164
24,280313	1,798165
24,283091	1,801124
24,285868	1,789617
24,288646	1,778438
24,291424	1,781068
24,294201	1,785671
24,296979	1,778109
24,299757	1,746875
24,302535	1,699530
24,305312	1,659090
24,308090	1,633116
24,310868	1,612732
24,313646	1,588731
24,316423	1,546318
24,319201	1,499630
24,321979	1,474972
24,324757	1,467739
24,327534	1,475301
24,330312	1,478917
24,333090	1,469054
24,335868	1,451957
24,338645	1,446368
24,341423	1,453601
24,344201	1,473985
24,346979	1,486808
24,349756	1,480232
24,352534	1,463464
24,355312	1,456889
24,358090	1,465766
24,360867	1,485164
24,363645	1,499959
24,366423	1,493384
24,369201	1,479246
24,371978	1,470040
24,374756	1,478260
24,377534	1,496014
24,380312	1,511795
24,383089	1,507850
24,385867	1,476287
24,388645	1,439792
24,391423	1,417435
24,394201	1,418750
24,396978	1,452615
24,399756	1,533824
24,402534	1,699530
24,405311	1,965844
24,408089	2,322902
24,410867	2,747690
24,413645	3,142887
24,416422	3,194835
24,419200	3,196807
24,421978	3,197136
24,424756	3,195821
24,427533	3,190889
24,430311	3,075157
24,433089	2,621437
24,435867	2,007600
24,438644	1,463793
24,441422	1,109366
24,444200	0,958784
24,446978	0,959441
24,449755	1,025855
24,452533	1,113640
24,455311	1,204713
24,458089	1,293813
24,460866	1,367789
24,463644	1,413161
24,466422	1,418421
24,469200	1,402311
24,471977	1,397379
24,474755	1,403626
24,477533	1,423682
24,480311	1,438148
24,483088	1,437819
24,485866	1,423353
24,488644	1,425326
24,491422	1,438806
24,494199	1,463793
24,496977	1,477931
24,499755	1,470369
24,502533	1,454916
24,505311	1,448669
24,508088	1,463136
24,510866	1,489767
24,513644	1,516398
24,516421	1,520344
24,519199	1,518042
24,521977	1,517714
24,524755	1,532509
24,527532	1,556839
24,530310	1,577223
24,533088	1,576566
24,535866	1,569661
24,538643	1,570648
24,541421	1,586100
24,544199	1,616348
24,546977	1,637719
24,549754	1,639363
24,552532	1,629171
24,555310	1,628513
24,558088	1,638377
24,560865	1,660405
24,563643	1,677173
24,566421	1,677502
24,569199	1,665008
24,571976	1,663693
24,574754	1,679803
24,577532	1,709065
24,580310	1,739313
24,583087	1,757725
24,585865	1,771205
24,588643	1,790603
24,591421	1,822824
24,594198	1,856688
24,596976	1,882662
24,599754	1,890224
24,602532	1,892197
24,605309	1,900416
24,608087	1,920143
24,610865	1,942829
24,613643	1,956967
24,616421	1,943487
24,619198	1,912253
24,621976	1,884964
24,624754	1,875100
24,627531	1,873456
24,630309	1,862606
24,633087	1,830386
24,635865	1,779424
24,638642	1,731422
24,641420	1,697886
24,644198	1,672570
24,646976	1,634760
24,649753	1,575579
24,652531	1,509494
24,655309	1,459519
24,658087	1,431244
24,660864	1,417435
24,663642	1,411188
24,666420	1,392776
24,669198	1,380282
24,671975	1,376337
24,674753	1,389160
24,677531	1,408558
24,680309	1,426970
24,683086	1,424339
24,685864	1,409873
24,688642	1,397708
24,691420	1,405599
24,694197	1,426641
24,696975	1,440450
24,699753	1,437162
24,702531	1,421051
24,705308	1,416449
24,708086	1,424339
24,710864	1,448669
24,713642	1,461492
24,716419	1,454916
24,719197	1,436833
24,721975	1,427298
24,724753	1,435847
24,727531	1,456231
24,730308	1,471355
24,733086	1,463793
24,735864	1,449327
24,738641	1,438148
24,741419	1,449327
24,744197	1,467739
24,746975	1,485164
24,749752	1,476616
24,752530	1,468396
24,755308	1,487137
24,758086	1,539742
24,760863	1,609444
24,763641	1,670926
24,766419	1,706106
24,769197	1,718271
24,771974	1,730107
24,774752	1,750820
24,777530	1,780411
24,780308	1,804083
24,783085	1,803097
24,785863	1,785342
24,788641	1,769561
24,791419	1,764958
24,794196	1,764958
24,796974	1,752793
24,799752	1,713339
24,802530	1,662378
24,805307	1,620622
24,808085	1,592676
24,810863	1,573278
24,813641	1,551907
24,816418	1,512453
24,819196	1,477273
24,821974	1,456889
24,824752	1,457875
24,827529	1,469711
24,830307	1,480232
24,833085	1,468067
24,835863	1,449984
24,838640	1,441765
24,841418	1,451299
24,844196	1,473985
24,846974	1,489767
24,849751	1,486150
24,852529	1,469711
24,855307	1,463136
24,858085	1,469711
24,860862	1,489767
24,863640	1,501932
24,866418	1,496014
24,869196	1,480561
24,871973	1,471684
24,874751	1,478917
24,877529	1,501932
24,880307	1,516727
24,883084	1,497329
24,885862	1,460834
24,888640	1,417764
24,891418	1,407571
24,894195	1,443737
24,896973	1,536454
24,899751	1,707092
24,902529	1,959926
24,905306	2,296928
24,908084	2,711195
24,910862	3,115269
24,913640	3,195163
24,916417	3,197794
24,919195	3,198122
24,921973	3,197136
24,924751	3,191875
24,927528	3,098501
24,930306	2,674371
24,933084	2,067767
24,935862	1,502918
24,938639	1,118572
24,941417	0,947934
24,944195	0,946290
24,946973	1,030458
24,949750	1,127449
24,952528	1,206685
24,955306	1,276058
24,958084	1,344774
24,960862	1,399681
24,963639	1,429929
24,966417	1,424339
24,969195	1,405599
24,971972	1,398037
24,974750	1,408229
24,977528	1,428942
24,980306	1,448669
24,983083	1,448012
24,985861	1,434532
24,988639	1,432230
24,991417	1,441107
24,994194	1,462807
24,996972	1,481219
24,999750	1,475958
25,002528	1,464122
25,005305	1,463464
25,008083	1,478260
25,010861	1,503905
25,013639	1,530865
25,016416	1,533166
25,019194	1,521659
25,021972	1,520015
25,024750	1,535797
25,027527	1,567031
25,030305	1,588731
25,033083	1,591690
25,035861	1,585114
25,038638	1,585443
25,041416	1,602211
25,044194	1,631143
25,046972	1,649884
25,049749	1,648240
25,052527	1,636404
25,055305	1,634103
25,058083	1,645610
25,060860	1,668296
25,063638	1,685064
25,066416	1,681118
25,069194	1,669282
25,071972	1,666323
25,074749	1,686379
25,077527	1,724847
25,080305	1,764629
25,083082	1,789617
25,085860	1,798823
25,088638	1,805727
25,091416	1,827755
25,094193	1,862278
25,096971	1,893841
25,099749	1,907978
25,102527	1,907978
25,105304	1,908965
25,108082	1,922774
25,110860	1,940528
25,113638	1,952364
25,116415	1,935596
25,119193	1,899101
25,121971	1,869511
25,124749	1,856031
25,127526	1,850770
25,130304	1,836633
25,133082	1,796850
25,135860	1,743587
25,138637	1,697558
25,141415	1,660734
25,144193	1,628842
25,146971	1,592018
25,149748	1,537112
25,152526	1,473985
25,155304	1,426641
25,158082	1,403955
25,160859	1,400996
25,163637	1,408558
25,166415	1,403626
25,169193	1,392447
25,171970	1,388831
25,174748	1,401325
25,177526	1,419736
25,180304	1,432559
25,183082	1,423682
25,185859	1,407571
25,188637	1,400996
25,191415	1,410202
25,194192	1,429600
25,196970	1,444395
25,199748	1,441107
25,202526	1,422367
25,205303	1,414805
25,208081	1,419736
25,210859	1,442094
25,213637	1,454259
25,216414	1,450642
25,219192	1,438148
25,221970	1,433545
25,224748	1,441107
25,227525	1,458533
25,230303	1,473328
25,233081	1,465437
25,235859	1,451299
25,238636	1,441765
25,241414	1,451957
25,244192	1,471026
25,246970	1,486808
25,249747	1,484507
25,252525	1,496343
25,255303	1,531851
25,258081	1,591361
25,260858	1,658104
25,263636	1,712353
25,266414	1,736025
25,269192	1,738327
25,271969	1,744245
25,274747	1,762656
25,277525	1,790932
25,280303	1,808357
25,283080	1,802110
25,285858	1,778438
25,288636	1,758382
25,291414	1,749176
25,294192	1,743587
25,296969	1,724847
25,299747	1,683749
25,302525	1,628513
25,305302	1,580840
25,308080	1,555195
25,310858	1,537769
25,313636	1,524618
25,316413	1,495028
25,319191	1,467739
25,321969	1,448012
25,324747	1,449656
25,327524	1,461163
25,330302	1,475301
25,333080	1,466752
25,335858	1,450642
25,338635	1,446039
25,341413	1,458204
25,344191	1,478588
25,346969	1,492068
25,349746	1,485822
25,352524	1,468067
25,355302	1,462149
25,358080	1,468396
25,360857	1,491082
25,363635	1,503247
25,366413	1,496343
25,369191	1,478588
25,371968	1,472342
25,374746	1,482863
25,377524	1,499630
25,380302	1,498973
25,383079	1,464780
25,385857	1,417764
25,388635	1,388502
25,391413	1,418750
25,394190	1,513111
25,396968	1,703476
25,399746	1,959268
25,402524	2,286407
25,405302	2,683906
25,408079	3,080418
25,410857	3,195163
25,413635	3,198451
25,416412	3,198780
25,419190	3,198780
25,421968	3,191218
25,424746	3,104090
25,427523	2,686865
25,430301	2,095385
25,433079	1,540071
25,435857	1,135340
25,438634	0,943002
25,441412	0,925905
25,444190	1,014019
25,446968	1,129750
25,449745	1,219508
25,452523	1,281319
25,455301	1,331951
25,458079	1,379625
25,460856	1,414805
25,463634	1,435847
25,466412	1,428285
25,469190	1,413489
25,471967	1,402968
25,474745	1,414147
25,477523	1,434203
25,480301	1,452286
25,483078	1,449656
25,485856	1,434532
25,488634	1,431573
25,491412	1,442751
25,494189	1,464780
25,496967	1,482534
25,499745	1,483520
25,502523	1,471026
25,505300	1,475629
25,508078	1,491082
25,510856	1,521330
25,513634	1,541386
25,516412	1,543687
25,519189	1,532180
25,521967	1,531522
25,524745	1,549277
25,527522	1,579525
25,530300	1,607142
25,533078	1,610101
25,535856	1,603855
25,538633	1,601882
25,541411	1,617663
25,544189	1,640021
25,546967	1,657117
25,549744	1,654487
25,552522	1,644295
25,555300	1,640349
25,558078	1,655473
25,560855	1,679803
25,563633	1,697886
25,566411	1,695585
25,569189	1,683749
25,571966	1,684406
25,574744	1,710380
25,577522	1,753779
25,580300	1,794877
25,583077	1,813947
25,585855	1,816577
25,588633	1,824468
25,591411	1,847154
25,594188	1,881676
25,596966	1,911595
25,599744	1,922774
25,602522	1,918499
25,605299	1,917842
25,608077	1,924418
25,610855	1,938555
25,613633	1,938555
25,616410	1,915869
25,619188	1,881347
25,621966	1,852085
25,624744	1,835646
25,627522	1,825454
25,630299	1,804412
25,633077	1,761999
25,635855	1,706106
25,638632	1,653501
25,641410	1,611745
25,644188	1,579853
25,646966	1,544674
25,649743	1,497000
25,652521	1,441107
25,655299	1,403626
25,658077	1,389817
25,660854	1,396722
25,663632	1,410202
25,666410	1,407243
25,669188	1,393434
25,671965	1,390804
25,674743	1,400667
25,677521	1,418092
25,680299	1,431901
25,683076	1,425654
25,685854	1,413489
25,688632	1,407571
25,691410	1,416120
25,694187	1,435189
25,696965	1,447025
25,699743	1,439135
25,702521	1,424668
25,705298	1,419079
25,708076	1,429271
25,710854	1,450313
25,713632	1,461492
25,716409	1,456889
25,719187	1,442422
25,721965	1,437162
25,724743	1,445710
25,727520	1,465766
25,730298	1,477931
25,733076	1,471355
25,735854	1,455574
25,738631	1,448998
25,741409	1,459190
25,744187	1,478588
25,746965	1,496343
25,749742	1,515741
25,752520	1,542043
25,755298	1,582155
25,758076	1,641007
25,760853	1,701503
25,763631	1,742930
25,766409	1,755752
25,769187	1,752135
25,771964	1,756738
25,774742	1,775150
25,777520	1,800466
25,780298	1,815590
25,783075	1,803754
25,785853	1,771205
25,788631	1,744902
25,791409	1,728792
25,794186	1,715969
25,796964	1,694927
25,799742	1,655473
25,802520	1,601224
25,805297	1,556181
25,808075	1,530207
25,810853	1,518042
25,813631	1,510809
25,816408	1,488452
25,819186	1,460834
25,821964	1,445710
25,824742	1,450313
25,827519	1,464780
25,830297	1,478588
25,833075	1,472670
25,835853	1,457218
25,838630	1,450642
25,841408	1,458533
25,844186	1,476945
25,846964	1,492397
25,849741	1,489767
25,852519	1,472342
25,855297	1,465437
25,858075	1,471026
25,860852	1,491740
25,863630	1,505877
25,866408	1,499959
25,869186	1,482205
25,871963	1,474643
25,874741	1,482863
25,877519	1,489109
25,880297	1,480890
25,883074	1,444066
25,885852	1,408229
25,888630	1,412503
25,891408	1,491740
25,894185	1,679475
25,896963	1,945131
25,899741	2,276215
25,902519	2,663521
25,905296	3,047540
25,908074	3,194835
25,910852	3,198122
25,913630	3,198451
25,916407	3,197794
25,919185	3,192533
25,921963	3,111652
25,924741	2,704948
25,927518	2,121687
25,930296	1,574922
25,933074	1,173150
25,935852	0,954838
25,938629	0,910453
25,941407	0,983442
25,944185	1,104434
25,946963	1,214905
25,949740	1,289539
25,952518	1,333924
25,955296	1,361213
25,958074	1,389488
25,960851	1,412832
25,963629	1,429271
25,966407	1,423024
25,969185	1,407900
25,971963	1,400996
25,974740	1,418750
25,977518	1,439463
25,980296	1,458533
25,983073	1,457546
25,985851	1,443409
25,988629	1,436175
25,991407	1,443080
25,994184	1,463136
25,996962	1,481876
25,999740	1,484507
26,002518	1,473328
26,005295	1,477273
26,008073	1,494370
26,010851	1,526591
26,013629	1,546646
26,016406	1,548290
26,019184	1,539413
26,021962	1,540400
26,024740	1,555852
26,027517	1,584128
26,030295	1,608786
26,033073	1,607142
26,035851	1,601882
26,038628	1,600567
26,041406	1,617663
26,044184	1,641007
26,046962	1,661391
26,049739	1,658104
26,052517	1,647254
26,055295	1,641993
26,058073	1,656131
26,060850	1,680132
26,063628	1,697886
26,066406	1,697229
26,069184	1,689009
26,071961	1,694927
26,074739	1,727477
26,077517	1,774821
26,080295	1,813947
26,083073	1,829399
26,085850	1,830057
26,088628	1,839920
26,091406	1,865237
26,094183	1,903704
26,096961	1,936911
26,099739	1,941843
26,102517	1,928692
26,105294	1,920143
26,108072	1,923102
26,110850	1,929678
26,113628	1,922445
26,116405	1,896142
26,119183	1,858661
26,121961	1,825125
26,124739	1,805069
26,127516	1,789288
26,130294	1,767259
26,133072	1,723531
26,135850	1,663693
26,138627	1,605827
26,141405	1,564072
26,144183	1,534153
26,146961	1,502918
26,149738	1,461492
26,152516	1,409215
26,155294	1,381598
26,158072	1,377323
26,160849	1,396393
26,163627	1,412174
26,166405	1,411517
26,169183	1,395078
26,171960	1,390804
26,174738	1,402311
26,177516	1,422038
26,180294	1,438806
26,183071	1,432559
26,185849	1,416120
26,188627	1,404284
26,191405	1,417106
26,194183	1,434860
26,196960	1,452943
26,199738	1,445710
26,202516	1,429929
26,205293	1,419736
26,208071	1,430915
26,210849	1,452615
26,213627	1,467739
26,216404	1,464780
26,219182	1,447683
26,221960	1,442422
26,224738	1,443409
26,227515	1,463136
26,230293	1,473657
26,233071	1,470698
26,235849	1,452286
26,238626	1,444066
26,241404	1,452943
26,244182	1,479246
26,246960	1,520015
26,249737	1,557167
26,252515	1,590046
26,255293	1,628842
26,258071	1,678817
26,260848	1,728134
26,263626	1,762985
26,266404	1,771205
26,269182	1,765944
26,271959	1,767259
26,274737	1,782383
26,277515	1,800795
26,280293	1,808686
26,283070	1,789617
26,285848	1,754108
26,288626	1,721559
26,291404	1,698215
26,294181	1,682762
26,296959	1,657775
26,299737	1,615033
26,302515	1,560126
26,305292	1,517056
26,308070	1,494699
26,310848	1,496014
26,313626	1,493712
26,316403	1,479575
26,319181	1,450642
26,321959	1,437491
26,324737	1,446039
26,327514	1,462807
26,330292	1,479575
26,333070	1,476287
26,335848	1,457875
26,338625	1,449327
26,341403	1,459190
26,344181	1,478260
26,346959	1,494370
26,349736	1,483849
26,352514	1,464780
26,355292	1,456889
26,358070	1,466423
26,360847	1,488452
26,363625	1,503905
26,366403	1,499302
26,369181	1,484507
26,371958	1,475958
26,374736	1,472670
26,377514	1,470698
26,380292	1,451299
26,383069	1,423353
26,385847	1,416120
26,388625	1,477931
26,391403	1,649884
26,394180	1,916856
26,396958	2,266352
26,399736	2,660562
26,402514	3,034060
26,405291	3,194177
26,408069	3,197136
26,410847	3,198780
26,413625	3,198780
26,416402	3,192533
26,419180	3,119872
26,421958	2,711195
26,424736	2,127605
26,427513	1,588731
26,430291	1,193205
26,433069	0,977524
26,435847	0,918672
26,438624	0,972264
26,441402	1,084050
26,444180	1,204713
26,446958	1,300060
26,449735	1,356281
26,452513	1,378639
26,455291	1,388173
26,458069	1,404941
26,460846	1,427627
26,463624	1,440778
26,466402	1,432888
26,469180	1,413161
26,471957	1,406585
26,474735	1,420394
26,477513	1,442094
26,480291	1,462807
26,483068	1,463136
26,485846	1,449656
26,488624	1,443409
26,491402	1,455574
26,494179	1,479246
26,496957	1,498973
26,499735	1,497000
26,502513	1,484835
26,505290	1,487466
26,508068	1,507192
26,510846	1,536783
26,513624	1,556181
26,516401	1,559469
26,519179	1,549934
26,521957	1,552236
26,524735	1,569661
26,527513	1,597279
26,530290	1,617992
26,533068	1,620951
26,535846	1,614704
26,538623	1,614704
26,541401	1,627527
26,544179	1,648898
26,546957	1,665666
26,549734	1,665008
26,552512	1,654158
26,555290	1,652186
26,558068	1,663364
26,560845	1,687365
26,563623	1,703147
26,566401	1,703147
26,569179	1,703147
26,571956	1,719257
26,574734	1,757396
26,577512	1,804412
26,580290	1,839920
26,583067	1,848140
26,585845	1,846167
26,588623	1,854387
26,591401	1,880361
26,594178	1,917513
26,596956	1,939870
26,599734	1,938884
26,602512	1,925404
26,605289	1,912910
26,608067	1,910280
26,610845	1,912253
26,613623	1,907321
26,616400	1,881347
26,619178	1,840578
26,621956	1,803426
26,624734	1,779753
26,627511	1,763643
26,630289	1,740957
26,633067	1,692626
26,635845	1,624568
26,638622	1,562757
26,641400	1,519686
26,644178	1,493712
26,646956	1,466752
26,649733	1,432559
26,652511	1,392447
26,655289	1,372392
26,658067	1,378639
26,660844	1,399352
26,663622	1,416777
26,666400	1,414805
26,669178	1,400667
26,671955	1,394091
26,674733	1,403955
26,677511	1,421709
26,680289	1,439135
26,683066	1,434203
26,685844	1,418092
26,688622	1,411188
26,691400	1,421709
26,694177	1,439135
26,696955	1,454587
26,699733	1,447354
26,702511	1,431573
26,705288	1,426970
26,708066	1,437162
26,710844	1,458861
26,713622	1,473985
26,716399	1,468067
26,719177	1,448340
26,721955	1,441107
26,724733	1,445710
26,727510	1,468725
26,730288	1,483520
26,733066	1,478588
26,735844	1,460177
26,738621	1,451957
26,741399	1,462478
26,744177	1,506864
26,746955	1,560126
26,749732	1,600567
26,752510	1,634760
26,755288	1,667967
26,758066	1,708079
26,760843	1,748190
26,763621	1,778109
26,766399	1,782712
26,769177	1,777123
26,771954	1,774821
26,774732	1,782712
26,777510	1,794548
26,780288	1,792904
26,783065	1,769890
26,785843	1,730436
26,788621	1,692626
26,791399	1,665666
26,794176	1,648898
26,796954	1,622595
26,799732	1,580182
26,802510	1,526591
26,805287	1,488123
26,808065	1,476945
26,810843	1,483191
26,813621	1,485164
26,816398	1,472342
26,819176	1,451957
26,821954	1,441436
26,824732	1,451628
26,827509	1,469383
26,830287	1,483849
26,833065	1,477602
26,835843	1,464451
26,838620	1,451299
26,841398	1,462807
26,844176	1,476945
26,846954	1,493712
26,849731	1,486808
26,852509	1,472342
26,855287	1,465766
26,858065	1,475629
26,860842	1,493384
26,863620	1,507192
26,866398	1,503247
26,869176	1,485822
26,871954	1,469054
26,874731	1,451957
26,877509	1,440778
26,880287	1,427956
26,883064	1,431901
26,885842	1,477602
26,888620	1,629500
26,891398	1,880689
26,894175	2,235117
26,896953	2,648726
26,899731	3,035375
26,902509	3,194177
26,905286	3,197465
26,908064	3,197136
26,910842	3,197465
26,913620	3,192204
26,916397	3,142887
26,919175	2,755909
26,921953	2,164429
26,924731	1,608129
26,927508	1,203398
26,930286	0,995278
26,933064	0,938070
26,935842	0,978839
26,938619	1,071227
26,941397	1,178081
26,944175	1,282634
26,946953	1,358254
26,949730	1,398694
26,952508	1,403626
26,955286	1,402311
26,958064	1,406256
26,960841	1,426312
26,963619	1,438806
26,966397	1,435847
26,969175	1,424011
26,971952	1,418092
26,974730	1,429600
26,977508	1,452943
26,980286	1,472999
26,983064	1,469383
26,985841	1,456560
26,988619	1,448012
26,991397	1,463136
26,994174	1,484178
26,996952	1,506206
26,999730	1,506864
27,002508	1,501932
27,005285	1,505549
27,008063	1,521659
27,010841	1,544345
27,013619	1,564072
27,016396	1,569990
27,019174	1,559469
27,021952	1,565387
27,024730	1,581826
27,027507	1,609444
27,030285	1,630486
27,033063	1,632459
27,035841	1,619307
27,038618	1,618321
27,041396	1,633774
27,044174	1,658432
27,046952	1,677831
27,049729	1,676187
27,052507	1,664022
27,055285	1,661063
27,058063	1,671584
27,060840	1,694927
27,063618	1,714325
27,066396	1,719586
27,069174	1,725175
27,071951	1,745889
27,074729	1,782712
27,077507	1,822824
27,080285	1,855702
27,083062	1,865565
27,085840	1,863593
27,088618	1,874443
27,091396	1,900745
27,094174	1,931651
27,096951	1,949405
27,099729	1,942172
27,102507	1,921130
27,105284	1,902389
27,108062	1,894498
27,110840	1,896142
27,113618	1,890882
27,116395	1,863264
27,119173	1,818221
27,121951	1,776137
27,124729	1,747861
27,127506	1,730107
27,130284	1,700517
27,133062	1,642980
27,135840	1,576566
27,138617	1,515741
27,141395	1,480561
27,144173	1,460177
27,146951	1,441107
27,149728	1,410859
27,152506	1,381598
27,155284	1,369433
27,158062	1,379954
27,160839	1,403626
27,163617	1,422367
27,166395	1,422695
27,169173	1,407571
27,171950	1,401653
27,174728	1,408229
27,177506	1,427956
27,180284	1,438806
27,183061	1,432888
27,185839	1,416120
27,188617	1,409873
27,191395	1,417764
27,194172	1,435518
27,196950	1,453272
27,199728	1,448340
27,202506	1,431244
27,205284	1,424997
27,208061	1,435189
27,210839	1,452286
27,213617	1,467081
27,216394	1,460834
27,219172	1,445053
27,221950	1,438806
27,224728	1,448669
27,227505	1,470698
27,230283	1,485164
27,233061	1,479904
27,235839	1,461821
27,238616	1,457218
27,241394	1,486150
27,244172	1,542043
27,246950	1,602211
27,249727	1,647254
27,252505	1,677831
27,255283	1,703147
27,258061	1,734381
27,260838	1,768575
27,263616	1,795864
27,266394	1,799809
27,269172	1,787973
27,271949	1,778109
27,274727	1,780411
27,277505	1,786986
27,280283	1,783041
27,283060	1,753779
27,285838	1,708407
27,288616	1,667310
27,291394	1,638705
27,294171	1,620951
27,296949	1,594977
27,299727	1,554537
27,302505	1,505220
27,305282	1,473657
27,308060	1,464780
27,310838	1,472342
27,313616	1,478260
27,316393	1,471355
27,319171	1,456231
27,321949	1,445710
27,324727	1,453601
27,327504	1,467739
27,330282	1,480232
27,333060	1,473985
27,335838	1,460177
27,338615	1,452286
27,341393	1,462807
27,344171	1,476945
27,346949	1,494041
27,349726	1,489109
27,352504	1,473328
27,355282	1,465437
27,358060	1,475629
27,360837	1,496014
27,363615	1,511795
27,366393	1,505549
27,369171	1,476616
27,371948	1,449656
27,374726	1,424997
27,377504	1,423682
27,380282	1,438477
27,383059	1,495685
27,385837	1,631472
27,388615	1,861620
27,391393	2,201253
27,394170	2,617820
27,396948	3,022552
27,399726	3,195163
27,402504	3,197136
27,405281	3,198451
27,408059	3,197136
27,410837	3,192204
27,413615	3,157353
27,416392	2,798322
27,419170	2,207828
27,421948	1,633445
27,424726	1,206685
27,427504	0,990018
27,430281	0,943002
27,433059	0,991991
27,435837	1,074844
27,438614	1,168218
27,441392	1,260934
27,444170	1,346089
27,446948	1,398037
27,449725	1,413818
27,452503	1,403955
27,455281	1,397379
27,458059	1,403297
27,460836	1,422038
27,463614	1,436504
27,466392	1,434532
27,469170	1,425654
27,471947	1,419408
27,474725	1,433545
27,477503	1,455245
27,480281	1,469383
27,483058	1,463464
27,485836	1,452615
27,488614	1,448340
27,491392	1,466423
27,494169	1,491740
27,496947	1,515083
27,499725	1,520344
27,502503	1,511138
27,505280	1,511467
27,508058	1,525276
27,510836	1,552564
27,513614	1,573935
27,516391	1,578867
27,519169	1,569004
27,521947	1,572949
27,524725	1,587087
27,527502	1,616348
27,530280	1,637390
27,533058	1,639692
27,535836	1,626869
27,538613	1,624239
27,541391	1,637719
27,544169	1,661391
27,546947	1,680461
27,549724	1,682762
27,552502	1,669611
27,555280	1,662049
27,558058	1,674214
27,560835	1,699530
27,563613	1,727806
27,566391	1,742930
27,569169	1,754766
27,571946	1,776794
27,574724	1,807371
27,577502	1,844523
27,580280	1,875100
27,583057	1,885621
27,585835	1,889895
27,588613	1,896800
27,591391	1,914554
27,594168	1,934939
27,596946	1,947432
27,599724	1,939542
27,602502	1,915212
27,605279	1,892854
27,608057	1,882333
27,610835	1,881347
27,613613	1,871812
27,616390	1,837948
27,619168	1,785671
27,621946	1,739642
27,624724	1,709394
27,627501	1,685721
27,630279	1,648898
27,633057	1,593991
27,635835	1,531522
27,638612	1,476616
27,641390	1,449327
27,644168	1,428942
27,646946	1,418750
27,649723	1,399023
27,652501	1,379296
27,655279	1,372392
27,658057	1,383570
27,660834	1,408558
27,663612	1,424668
27,666390	1,425983
27,669168	1,408229
27,671945	1,403955
27,674723	1,409873
27,677501	1,429600
27,680279	1,438806
27,683056	1,434860
27,685834	1,418421
27,688612	1,414476
27,691390	1,428285
27,694167	1,448012
27,696945	1,461821
27,699723	1,455902
27,702501	1,438477
27,705278	1,426312
27,708056	1,436175
27,710834	1,451957
27,713612	1,468725
27,716389	1,462478
27,719167	1,448340
27,721945	1,441436
27,724723	1,451957
27,727500	1,468396
27,730278	1,481876
27,733056	1,477602
27,735834	1,461492
27,738611	1,474643
27,741389	1,517714
27,744167	1,584456
27,746945	1,649555
27,749722	1,690324
27,752500	1,709065
27,755278	1,725504
27,758056	1,745889
27,760833	1,776465
27,763611	1,797836
27,766389	1,797836
27,769167	1,780740
27,771944	1,765944
27,774722	1,762328
27,777500	1,763972
27,780278	1,754437
27,783055	1,719586
27,785833	1,672899
27,788611	1,628513
27,791389	1,601224
27,794166	1,582484
27,796944	1,560126
27,799722	1,523632
27,802500	1,482205
27,805277	1,457546
27,808055	1,453601
27,810833	1,466423
27,813611	1,475301
27,816388	1,469711
27,819166	1,450642
27,821944	1,442094
27,824722	1,450971
27,827499	1,470369
27,830277	1,481547
27,833055	1,477273
27,835833	1,460505
27,838610	1,454259
27,841388	1,464122
27,844166	1,483849
27,846944	1,499630
27,849721	1,492726
27,852499	1,474972
27,855277	1,464122
27,858055	1,476287
27,860832	1,493384
27,863610	1,509165
27,866388	1,495685
27,869166	1,461492
27,871943	1,421051
27,874721	1,407243
27,877499	1,425654
27,880277	1,497987
27,883055	1,636733
27,885832	1,847811
27,888610	2,169032
27,891388	2,570804
27,894165	2,981783
27,896943	3,193191
27,899721	3,197465
27,902499	3,198122
27,905276	3,197794
27,908054	3,192204
27,910832	3,161956
27,913610	2,823310
27,916387	2,246953
27,919165	1,661720
27,921943	1,211288
27,924721	0,980483
27,927498	0,931166
27,930276	0,995278
27,933054	1,086022
27,935832	1,171506
27,938609	1,249427
27,941387	1,325376
27,944165	1,389160
27,946943	1,425326
27,949720	1,425326
27,952498	1,409215
27,955276	1,400667
27,958054	1,408558
27,960831	1,427956
27,963609	1,443080
27,966387	1,444066
27,969165	1,432559
27,971942	1,429600
27,974720	1,443409
27,977498	1,466095
27,980276	1,479246
27,983053	1,475958
27,985831	1,463464
27,988609	1,459190
27,991387	1,474972
27,994164	1,501932
27,996942	1,528235
27,999720	1,532838
28,002498	1,523960
28,005275	1,520344
28,008053	1,539084
28,010831	1,564729
28,013609	1,585114
28,016386	1,588073
28,019164	1,580182
28,021942	1,580182
28,024720	1,599580
28,027497	1,627527
28,030275	1,646596
28,033053	1,646267
28,035831	1,631801
28,038608	1,628184
28,041386	1,640021
28,044164	1,663364
28,046942	1,681776
28,049719	1,681118
28,052497	1,669282
28,055275	1,664679
28,058053	1,680461
28,060830	1,710709
28,063608	1,748190
28,066386	1,770218
28,069164	1,783699
28,071941	1,799151
28,074719	1,826769
28,077497	1,861620
28,080275	1,891539
28,083052	1,901403
28,085830	1,900416
28,088608	1,900416
28,091386	1,914883
28,094163	1,934281
28,096941	1,946117
28,099719	1,930007
28,102497	1,900416
28,105274	1,872470
28,108052	1,860634
28,110830	1,855373
28,113608	1,842222
28,116385	1,804412
28,119163	1,751807
28,121941	1,708407
28,124719	1,677173
28,127496	1,649555
28,130274	1,612074
28,133052	1,553222
28,135830	1,491411
28,138607	1,438477
28,141385	1,411188
28,144163	1,403626
28,146941	1,403955
28,149718	1,396393
28,152496	1,386858
28,155274	1,384228
28,158052	1,396393
28,160829	1,420065
28,163607	1,433545
28,166385	1,431244
28,169163	1,413161
28,171940	1,406914
28,174718	1,413161
28,177496	1,432559
28,180274	1,442422
28,183051	1,436833
28,185829	1,421051
28,188607	1,414147
28,191385	1,427298
28,194162	1,446039
28,196940	1,460834
28,199718	1,457218
28,202496	1,441107
28,205273	1,430586
28,208051	1,441107
28,210829	1,458861
28,213607	1,474314
28,216384	1,468067
28,219162	1,451299
28,221940	1,447025
28,224718	1,457218
28,227495	1,473328
28,230273	1,484835
28,233051	1,480232
28,235829	1,482534
28,238606	1,514097
28,241384	1,569332
28,244162	1,639363
28,246940	1,695585
28,249717	1,722545
28,252495	1,729778
28,255273	1,738327
28,258051	1,761013
28,260828	1,792904
28,263606	1,813289
28,266384	1,807700
28,269162	1,782712
28,271939	1,762656
28,274717	1,753451
28,277495	1,748519
28,280273	1,734052
28,283050	1,694927
28,285828	1,642322
28,288606	1,595306
28,291384	1,568017
28,294161	1,549934
28,296939	1,536454
28,299717	1,510152
28,302495	1,478917
28,305272	1,460177
28,308050	1,456889
28,310828	1,469711
28,313606	1,479246
28,316383	1,474314
28,319161	1,454587
28,321939	1,447683
28,324717	1,453930
28,327494	1,475301
28,330272	1,485822
28,333050	1,481876
28,335828	1,467410
28,338605	1,459190
28,341383	1,470698
28,344161	1,489109
28,346939	1,501932
28,349716	1,495356
28,352494	1,480232
28,355272	1,468396
28,358050	1,482205
28,360827	1,500288
28,363605	1,508179
28,366383	1,482205
28,369161	1,437491
28,371938	1,405928
28,374716	1,414805
28,377494	1,488452
28,380272	1,638048
28,383049	1,853400
28,385827	2,164758
28,388605	2,544173
28,391383	2,949562
28,394160	3,192204
28,396938	3,195821
28,399716	3,197794
28,402494	3,197794
28,405271	3,194177
28,408049	3,169847
28,410827	2,855202
28,413605	2,301860
28,416382	1,716956
28,419160	1,246139
28,421938	0,983442
28,424716	0,918343
28,427493	0,979497
28,430271	1,093913
28,433049	1,187945
28,435827	1,261263
28,438604	1,319458
28,441382	1,373707
28,444160	1,413489
28,446938	1,436833
28,449715	1,431573
28,452493	1,413161
28,455271	1,404941
28,458049	1,412174
28,460826	1,436504
28,463604	1,451628
28,466382	1,452615
28,469160	1,439463
28,471937	1,438477
28,474715	1,445710
28,477493	1,467081
28,480271	1,479246
28,483048	1,476616
28,485826	1,465108
28,488604	1,465108
28,491382	1,484507
28,494159	1,514754
28,496937	1,541715
28,499715	1,543359
28,502493	1,534810
28,505270	1,532509
28,508048	1,552236
28,510826	1,578210
28,513604	1,602868
28,516381	1,605827
28,519159	1,597608
28,521937	1,595964
28,524715	1,613060
28,527492	1,637390
28,530270	1,656131
28,533048	1,655802
28,535826	1,641993
28,538603	1,639034
28,541381	1,651528
28,544159	1,674872
28,546937	1,690982
28,549714	1,690324
28,552492	1,676187
28,555270	1,672899
28,558048	1,692955
28,560825	1,735696
28,563603	1,780740
28,566381	1,803426
28,569159	1,810659
28,571936	1,820522
28,574714	1,844852
28,577492	1,880361
28,580270	1,911595
28,583047	1,923760
28,585825	1,920472
28,588603	1,920143
28,591381	1,930007
28,594158	1,947761
28,596936	1,950063
28,599714	1,925404
28,602492	1,886936
28,605269	1,856688
28,608047	1,843208
28,610825	1,836304
28,613603	1,817563
28,616380	1,776794
28,619158	1,723531
28,621936	1,672899
28,624714	1,630815
28,627491	1,597608
28,630269	1,558154
28,633047	1,505220
28,635825	1,449984
28,638602	1,407900
28,641380	1,390475
28,644158	1,394420
28,646936	1,404941
28,649713	1,400996
28,652491	1,393105
28,655269	1,386529
28,658047	1,399023
28,660824	1,419079
28,663602	1,435518
28,666380	1,428613
28,669158	1,412832
28,671935	1,406585
28,674713	1,417764
28,677491	1,438806
28,680269	1,450642
28,683046	1,445053
28,685824	1,427627
28,688602	1,421380
28,691380	1,432230
28,694157	1,451957
28,696935	1,463793
28,699713	1,458204
28,702491	1,443080
28,705268	1,437162
28,708046	1,448340
28,710824	1,465437
28,713602	1,478588
28,716379	1,472999
28,719157	1,455574
28,721935	1,448012
28,724713	1,458533
28,727490	1,476287
28,730268	1,490096
28,733046	1,502261
28,735824	1,521330
28,738601	1,560784
28,741379	1,620622
28,744157	1,685393
28,746935	1,734381
28,749712	1,752135
28,752490	1,751807
28,755268	1,757067
28,758046	1,773506
28,760823	1,799151
28,763601	1,809015
28,766379	1,796850
28,769157	1,769561
28,771934	1,745231
28,774712	1,731093
28,777490	1,723203
28,780268	1,706106
28,783046	1,664022
28,785823	1,612732
28,788601	1,563743
28,791379	1,530536
28,794156	1,517714
28,796934	1,509494
28,799712	1,486808
28,802490	1,461163
28,805267	1,445710
28,808045	1,448669
28,810823	1,466423
28,813601	1,477273
28,816378	1,467739
28,819156	1,450971
28,821934	1,443409
28,824712	1,451957
28,827489	1,472670
28,830267	1,484178
28,833045	1,480232
28,835823	1,466095
28,838600	1,462478
28,841378	1,472342
28,844156	1,493384
28,846934	1,505549
28,849711	1,498315
28,852489	1,482205
28,855267	1,473328
28,858045	1,485493
28,860822	1,494370
28,863600	1,488452
28,866378	1,451957
28,869156	1,410202
28,871933	1,398694
28,874711	1,462807
28,877489	1,613389
28,880267	1,844523
28,883044	2,160812
28,885822	2,527405
28,888600	2,915040
28,891378	3,190232
28,894156	3,195821
28,896933	3,198122
28,899711	3,198122
28,902489	3,194835
28,905266	3,173464
28,908044	2,869011
28,910822	2,326190
28,913600	1,753779
28,916377	1,281319
28,919155	1,002183
28,921933	0,907494
28,924711	0,960099
28,927488	1,073529
28,930266	1,189917
28,933044	1,268168
28,935822	1,320444
28,938599	1,357596
28,941377	1,390475
28,944155	1,416777
28,946933	1,432888
28,949710	1,427627
28,952488	1,413161
28,955266	1,408229
28,958044	1,419736
28,960821	1,445381
28,963599	1,462478
28,966377	1,463464
28,969155	1,447683
28,971932	1,440121
28,974710	1,447025
28,977488	1,470040
28,980266	1,487466
28,983043	1,485822
28,985821	1,478588
28,988599	1,476616
28,991377	1,496014
28,994154	1,525276
28,996932	1,548619
28,999710	1,545989
29,002488	1,537769
29,005265	1,534810
29,008043	1,553222
29,010821	1,579196
29,013599	1,604183
29,016376	1,609773
29,019154	1,603855
29,021932	1,602868
29,024710	1,620622
29,027487	1,646267
29,030265	1,663035
29,033043	1,659419
29,035821	1,645939
29,038598	1,644952
29,041376	1,657117
29,044154	1,678817
29,046932	1,694599
29,049709	1,695256
29,052487	1,684735
29,055265	1,691311
29,058043	1,720572
29,060820	1,768575
29,063598	1,810330
29,066376	1,824796
29,069154	1,823810
29,071931	1,830386
29,074709	1,856688
29,077487	1,893841
29,080265	1,925404
29,083042	1,931322
29,085820	1,921130
29,088598	1,914883
29,091376	1,924089
29,094153	1,931322
29,096931	1,929349
29,099709	1,904691
29,102487	1,865894
29,105264	1,833345
29,108042	1,815590
29,110820	1,802439
29,113598	1,782055
29,116375	1,740299
29,119153	1,679475
29,121931	1,627856
29,124709	1,583141
29,127486	1,552893
29,130264	1,519029
29,133042	1,470369
29,135820	1,417435
29,138597	1,384228
29,141375	1,379296
29,144153	1,393763
29,146931	1,411517
29,149708	1,408558
29,152486	1,399023
29,155264	1,390146
29,158042	1,403626
29,160819	1,422695
29,163597	1,439463
29,166375	1,433545
29,169153	1,418421
29,171930	1,407900
29,174708	1,417106
29,177486	1,435847
29,180264	1,445053
29,183041	1,440450
29,185819	1,425326
29,188597	1,421709
29,191375	1,431573
29,194152	1,455574
29,196930	1,465766
29,199708	1,461821
29,202486	1,444066
29,205263	1,437819
29,208041	1,446697
29,210819	1,469054
29,213597	1,482534
29,216374	1,474643
29,219152	1,456560
29,221930	1,446039
29,224708	1,457546
29,227485	1,473985
29,230263	1,509494
29,233041	1,537769
29,235819	1,569661
29,238596	1,611745
29,241374	1,669282
29,244152	1,723203
29,246930	1,761670
29,249707	1,770218
29,252485	1,763643
29,255263	1,764958
29,258041	1,779753
29,260818	1,800795
29,263596	1,809344
29,266374	1,794220
29,269152	1,762985
29,271929	1,735368
29,274707	1,715969
29,277485	1,704133
29,280263	1,680132
29,283040	1,633774
29,285818	1,575250
29,288596	1,527577
29,291374	1,506206
29,294151	1,503247
29,296929	1,501274
29,299707	1,478588
29,302485	1,454587
29,305262	1,439463
29,308040	1,445710
29,310818	1,462149
29,313596	1,475958
29,316373	1,466423
29,319151	1,450971
29,321929	1,443409
29,324707	1,454916
29,327484	1,478588
29,330262	1,493712
29,333040	1,489767
29,335818	1,471684
29,338595	1,464451
29,341373	1,472013
29,344151	1,493384
29,346929	1,504233
29,349706	1,497658
29,352484	1,479904
29,355262	1,472999
29,358040	1,475301
29,360817	1,475958
29,363595	1,460177
29,366373	1,428285
29,369151	1,404941
29,371928	1,448012
29,374706	1,585443
29,377484	1,814933
29,380262	2,148647
29,383039	2,521487
29,385817	2,903862
29,388595	3,188916
29,391373	3,196478
29,394150	3,197465
29,396928	3,198780
29,399706	3,195163
29,402484	3,177738
29,405261	2,882819
29,408039	2,341972
29,410817	1,771862
29,413595	1,306964
29,416372	1,029143
29,419150	0,918672
29,421928	0,947276
29,424706	1,048212
29,427483	1,170519
29,430261	1,274743
29,433039	1,336226
29,435817	1,364172
29,438594	1,381926
29,441372	1,399352
29,444150	1,418092
29,446928	1,432888
29,449705	1,426970
29,452483	1,411188
29,455261	1,408229
29,458039	1,423024
29,460816	1,446368
29,463594	1,467739
29,466372	1,467081
29,469150	1,451299
29,471927	1,440450
29,474705	1,447025
29,477483	1,471026
29,480261	1,489767
29,483038	1,490096
29,485816	1,483520
29,488594	1,486150
29,491372	1,503247
29,494149	1,532180
29,496927	1,550921
29,499705	1,552564
29,502483	1,549277
29,505260	1,549934
29,508038	1,569990
29,510816	1,597279
29,513594	1,616677
29,516371	1,618650
29,519149	1,612732
29,521927	1,612732
29,524705	1,628184
29,527482	1,651857
29,530260	1,669282
29,533038	1,668296
29,535816	1,655802
29,538593	1,650870
29,541371	1,662049
29,544149	1,682434
29,546927	1,699201
29,549704	1,700845
29,552482	1,696242
29,555260	1,711038
29,558038	1,747204
29,560815	1,792576
29,563593	1,826440
29,566371	1,838934
29,569149	1,838934
29,571926	1,850770
29,574704	1,879374
29,577482	1,913896
29,580260	1,941514
29,583037	1,940528
29,585815	1,924746
29,588593	1,912253
29,591371	1,909294
29,594148	1,912910
29,596926	1,907978
29,599704	1,881347
29,602482	1,843866
29,605259	1,811974
29,608037	1,788959
29,610815	1,774821
29,613593	1,753779
29,616370	1,706435
29,619148	1,639692
29,621926	1,579525
29,624704	1,532838
29,627481	1,504233
29,630259	1,476287
29,633037	1,435518
29,635815	1,393763
29,638592	1,370419
29,641370	1,374036
29,644148	1,394091
29,646926	1,412503
29,649703	1,408887
29,652481	1,398037
29,655259	1,393434
29,658037	1,405599
29,660814	1,424668
29,663592	1,438477
29,666370	1,432559
29,669148	1,417435
29,671925	1,411188
29,674703	1,420723
29,677481	1,441107
29,680259	1,452286
29,683037	1,445710
29,685814	1,425654
29,688592	1,416449
29,691370	1,424339
29,694147	1,446697
29,696925	1,460834
29,699703	1,458204
29,702481	1,439792
29,705258	1,433216
29,708036	1,441107
29,710814	1,458533
29,713592	1,472013
29,716369	1,467739
29,719147	1,452615
29,721925	1,443737
29,724703	1,455574
29,727480	1,486479
29,730258	1,535468
29,733036	1,575579
29,735814	1,612732
29,738591	1,651199
29,741369	1,698544
29,744147	1,743587
29,746925	1,772191
29,749702	1,777780
29,752480	1,769561
29,755258	1,768903
29,758036	1,780411
29,760813	1,794220
29,763591	1,795864
29,766369	1,774164
29,769147	1,736354
29,771924	1,705777
29,774702	1,680461
29,777480	1,663364
29,780258	1,640678
29,783035	1,595964
29,785813	1,538427
29,788591	1,498315
29,791369	1,483191
29,794146	1,484507
29,796924	1,488781
29,799702	1,469383
29,802480	1,448340
29,805257	1,436504
29,808035	1,442422
29,810813	1,458861
29,813591	1,476616
29,816368	1,467739
29,819146	1,451628
29,821924	1,447354
29,824702	1,459190
29,827479	1,481219
29,830257	1,493055
29,833035	1,487466
29,835813	1,468725
29,838590	1,463464
29,841368	1,469711
29,844146	1,492726
29,846924	1,504562
29,849701	1,500617
29,852479	1,486479
29,855257	1,476287
29,858035	1,467081
29,860812	1,456889
29,863590	1,441765
29,866368	1,423682
29,869146	1,457546
29,871923	1,569661
29,874701	1,789945
29,877479	2,124317
29,880257	2,508336
29,883034	2,898272
29,885812	3,187601
29,888590	3,195821
29,891368	3,198122
29,894145	3,199109
29,896923	3,195821
29,899701	3,181026
29,902479	2,913396
29,905256	2,372877
29,908034	1,791918
29,910812	1,324389
29,913590	1,046568
29,916367	0,941358
29,919145	0,951550
29,921923	1,038678
29,924701	1,147505
29,927478	1,255674
29,930256	1,338198
29,933034	1,380611
29,935812	1,391790
29,938589	1,395406
29,941367	1,409873
29,944145	1,426312
29,946923	1,441436
29,949700	1,433874
29,952478	1,424997
29,955256	1,423024
29,958034	1,435518
29,960811	1,454587
29,963589	1,471684
29,966367	1,464451
29,969145	1,450313
29,971922	1,445053
29,974700	1,458204
29,977478	1,485164
29,980256	1,504562
29,983033	1,509494
29,985811	1,502918
29,988589	1,509494
29,991367	1,523632
29,994144	1,549605
29,996922	1,564729
29,999700	1,568346
30,002478	1,562428
30,005255	1,564401
30,008033	1,582484
30,010811	1,608786
30,013589	1,631143
30,016366	1,631472
30,019144	1,623253
30,021922	1,617663
30,024700	1,631143
30,027477	1,654487
30,030255	1,670597
30,033033	1,666981
30,035811	1,657446
30,038588	1,652514
30,041366	1,667967
30,044144	1,690982
30,046922	1,710051
30,049699	1,714983
30,052477	1,721230
30,055255	1,742272
30,058033	1,778767
30,060810	1,820851
30,063588	1,852085
30,066366	1,859647
30,069144	1,858003
30,071921	1,871812
30,074699	1,896800
30,077477	1,927377
30,080255	1,946775
30,083032	1,941514
30,085810	1,925075
30,088588	1,912581
30,091366	1,905019
30,094143	1,904691
30,096921	1,895485
30,099699	1,867538
30,102477	1,825783
30,105254	1,785014
30,108032	1,761013
30,110810	1,741943
30,113588	1,714654
30,116365	1,662049
30,119143	1,597608
30,121921	1,537769
30,124699	1,498644
30,127476	1,477273
30,130254	1,455245
30,133032	1,423024
30,135810	1,387187
30,138587	1,376008
30,141365	1,381926
30,144143	1,406256
30,146921	1,421380
30,149698	1,416777
30,152476	1,405270
30,155254	1,401325
30,158032	1,410530
30,160809	1,428613
30,163587	1,440778
30,166365	1,434860
30,169143	1,422038
30,171920	1,415133
30,174698	1,426970
30,177476	1,445381
30,180254	1,458204
30,183031	1,448998
30,185809	1,434532
30,188587	1,426312
30,191365	1,437162
30,194142	1,457546
30,196920	1,468725
30,199698	1,462149
30,202476	1,447683
30,205253	1,444395
30,208031	1,454587
30,210809	1,474643
30,213587	1,484835
30,216364	1,478588
30,219142	1,461492
30,221920	1,455902
30,224698	1,481547
30,227475	1,534153
30,230253	1,593005
30,233031	1,637719
30,235809	1,666981
30,238586	1,695256
30,241364	1,730436
30,244142	1,765287
30,246920	1,791918
30,249697	1,795535
30,252475	1,787315
30,255253	1,781726
30,258031	1,784685
30,260808	1,792247
30,263586	1,789945
30,266364	1,763314
30,269142	1,720244
30,271919	1,678159
30,274697	1,646925
30,277475	1,630157
30,280253	1,606156
30,283030	1,563086
30,285808	1,513111
30,288586	1,479904
30,291364	1,470040
30,294141	1,480561
30,296919	1,485164
30,299697	1,472013
30,302475	1,452943
30,305252	1,442751
30,308030	1,448340
30,310808	1,466095
30,313586	1,480890
30,316363	1,474972
30,319141	1,462478
30,321919	1,454916
30,324697	1,462149
30,327474	1,480561
30,330252	1,491740
30,333030	1,486479
30,335808	1,473985
30,338585	1,468725
30,341363	1,478917
30,344141	1,499302
30,346919	1,511467
30,349696	1,503576
30,352474	1,481876
30,355252	1,455245
30,358030	1,436175
30,360807	1,426970
30,363585	1,427298
30,366363	1,465437
30,369141	1,567360
30,371918	1,764629
30,374696	2,086507
30,377474	2,475786
30,380252	2,887094
30,383029	3,187601
30,385807	3,196478
30,388585	3,198122
30,391363	3,198451
30,394140	3,196150
30,396918	3,183656
30,399696	2,932137
30,402474	2,397207
30,405251	1,802439
30,408029	1,322088
30,410807	1,049527
30,413585	0,951222
30,416362	0,970620
30,419140	1,041965
30,421918	1,137312
30,424696	1,236276
30,427473	1,324718
30,430251	1,385872
30,433029	1,406914
30,435807	1,402640
30,438584	1,398037
30,441362	1,409873
30,444140	1,426970
30,446918	1,442751
30,449695	1,438148
30,452473	1,427298
30,455251	1,421380
30,458029	1,433216
30,460806	1,454587
30,463584	1,469383
30,466362	1,463464
30,469140	1,448998
30,471917	1,448998
30,474695	1,462478
30,477473	1,490096
30,480251	1,509823
30,483028	1,513439
30,485806	1,503576
30,488584	1,508508
30,491362	1,521330
30,494139	1,549277
30,496917	1,568017
30,499695	1,569332
30,502473	1,560126
30,505250	1,564072
30,508028	1,582155
30,510806	1,608129
30,513584	1,628842
30,516361	1,627856
30,519139	1,619965
30,521917	1,615362
30,524695	1,629171
30,527472	1,653829
30,530250	1,671584
30,533028	1,669940
30,535806	1,659748
30,538583	1,656131
30,541361	1,667638
30,544139	1,691968
30,546917	1,715312
30,549694	1,729778
30,552472	1,743916
30,555250	1,765616
30,558028	1,798494
30,560805	1,835646
30,563583	1,864908
30,566361	1,875429
30,569139	1,882333
30,571916	1,895156
30,574694	1,916527
30,577472	1,940528
30,580250	1,951706
30,583028	1,944144
30,585805	1,919157
30,588583	1,897786
30,591361	1,889567
30,594138	1,889238
30,596916	1,882662
30,599694	1,852414
30,602472	1,803754
30,605249	1,761999
30,608027	1,734052
30,610805	1,704462
30,613583	1,667638
30,616360	1,607471
30,619138	1,538756
30,621916	1,486808
30,624694	1,453272
30,627471	1,438148
30,630249	1,424011
30,633027	1,401325
30,635805	1,376666
30,638582	1,375680
30,641360	1,386858
30,644138	1,412832
30,646916	1,427627
30,649693	1,418421
30,652471	1,402311
30,655249	1,396722
30,658027	1,407243
30,660804	1,425983
30,663582	1,441765
30,666360	1,434532
30,669138	1,422038
30,671915	1,415133
30,674693	1,425983
30,677471	1,446039
30,680249	1,461821
30,683026	1,453272
30,685804	1,439463
30,688582	1,432559
30,691360	1,444395
30,694137	1,463793
30,696915	1,472670
30,699693	1,464780
30,702471	1,448998
30,705248	1,444066
30,708026	1,450971
30,710804	1,472670
30,713582	1,483520
30,716359	1,478917
30,719137	1,459190
30,721915	1,465766
30,724693	1,507521
30,727470	1,573935
30,730248	1,637390
30,733026	1,679146
30,735804	1,702489
30,738581	1,722545
30,741359	1,747861
30,744137	1,780082
30,746915	1,801453
30,749692	1,801453
30,752470	1,787644
30,755248	1,778767
30,758026	1,781397
30,760803	1,785014
30,763581	1,777123
30,766359	1,742930
30,769137	1,691639
30,771914	1,646596
30,774692	1,619636
30,777470	1,598594
30,780248	1,569990
30,783025	1,531522
30,785803	1,489109
30,788581	1,470040
30,791359	1,469711
30,794136	1,477602
30,796914	1,482205
30,799692	1,473985
30,802470	1,450971
30,805247	1,445381
30,808025	1,454259
30,810803	1,472999
30,813581	1,489109
30,816358	1,480890
30,819136	1,466423
30,821914	1,458533
30,824692	1,467739
30,827469	1,483849
30,830247	1,497329
30,833025	1,488452
30,835803	1,474972
30,838580	1,468067
30,841358	1,477273
30,844136	1,497000
30,846914	1,507521
30,849691	1,495685
30,852469	1,463136
30,855247	1,429600
30,858025	1,408887
30,860802	1,417764
30,863580	1,469711
30,866358	1,576237
30,869136	1,760684
30,871913	2,062506
30,874691	2,440935
30,877469	2,861777
30,880247	3,189245
30,883024	3,196807
30,885802	3,198780
30,888580	3,198451
30,891358	3,195492
30,894135	3,186615
30,896913	2,972577
30,899691	2,452114
30,902469	1,844195
30,905246	1,338198
30,908024	1,042623
30,910802	0,938728
30,913580	0,968647
30,916357	1,046240
30,919135	1,132381
30,921913	1,220165
30,924691	1,301703
30,927468	1,371405
30,930246	1,413818
30,933024	1,419736
30,935802	1,402311
30,938579	1,396393
30,941357	1,403297
30,944135	1,423353
30,946913	1,439792
30,949690	1,435189
30,952468	1,422038
30,955246	1,422695
30,958024	1,437162
30,960801	1,457875
30,963579	1,472999
30,966357	1,468725
30,969135	1,452943
30,971912	1,449984
30,974690	1,466095
30,977468	1,492397
30,980246	1,518700
30,983023	1,523960
30,985801	1,519357
30,988579	1,521330
30,991357	1,536454
30,994134	1,564729
30,996912	1,582812
30,999690	1,585114
31,002468	1,576237
31,005245	1,578867
31,008023	1,593333
31,010801	1,620622
31,013579	1,640349
31,016356	1,639692
31,019134	1,627856
31,021912	1,628184
31,024690	1,644952
31,027467	1,669282
31,030245	1,687037
31,033023	1,681447
31,035801	1,668953
31,038578	1,665994
31,041356	1,681776
31,044134	1,708736
31,046912	1,737011
31,049689	1,757725
31,052467	1,771862
31,055245	1,792904
31,058023	1,823810
31,060800	1,856360
31,063578	1,882991
31,066356	1,893512
31,069134	1,895156
31,071911	1,902060
31,074689	1,918171
31,077467	1,939542
31,080245	1,950391
31,083022	1,935267
31,085800	1,905019
31,088578	1,879703
31,091356	1,868524
31,094133	1,868853
31,096911	1,857346
31,099689	1,818878
31,102467	1,769232
31,105244	1,724518
31,108022	1,691639
31,110800	1,662049
31,113578	1,622595
31,116355	1,562757
31,119133	1,499959
31,121911	1,452286
31,124689	1,424668
31,127466	1,415791
31,130244	1,409873
31,133022	1,396064
31,135800	1,377981
31,138577	1,377323
31,141355	1,392776
31,144133	1,416777
31,146911	1,432230
31,149688	1,427956
31,152466	1,412832
31,155244	1,406914
31,158022	1,413489
31,160799	1,429271
31,163577	1,440121
31,166355	1,430915
31,169133	1,417764
31,171910	1,411846
31,174688	1,423024
31,177466	1,439792
31,180244	1,453272
31,183021	1,445710
31,185799	1,431901
31,188577	1,426641
31,191355	1,437162
31,194132	1,458861
31,196910	1,469383
31,199688	1,461821
31,202466	1,442751
31,205243	1,438148
31,208021	1,448998
31,210799	1,475958
31,213577	1,489767
31,216354	1,484835
31,219132	1,481547
31,221910	1,505549
31,224688	1,556510
31,227465	1,624897
31,230243	1,684077
31,233021	1,715641
31,235799	1,725504
31,238576	1,736025
31,241354	1,760355
31,244132	1,789617
31,246910	1,807371
31,249687	1,802768
31,252465	1,783370
31,255243	1,767259
31,258021	1,763314
31,260798	1,760355
31,263576	1,743587
31,266354	1,701174
31,269132	1,649227
31,271909	1,607471
31,274687	1,579196
31,277465	1,560784
31,280243	1,540400
31,283020	1,509165
31,285798	1,471684
31,288576	1,456889
31,291354	1,456231
31,294131	1,470698
31,296909	1,481219
31,299687	1,471026
31,302465	1,448012
31,305242	1,439792
31,308020	1,450313
31,310798	1,470698
31,313576	1,486150
31,316353	1,477273
31,319131	1,463464
31,321909	1,457546
31,324687	1,470698
31,327464	1,488123
31,330242	1,501932
31,333020	1,491740
31,335798	1,475301
31,338575	1,468396
31,341353	1,477273
31,344131	1,496343
31,346909	1,503905
31,349686	1,480232
31,352464	1,436833
31,355242	1,404941
31,358020	1,400009
31,360797	1,462807
31,363575	1,576237
31,366353	1,763643
31,369131	2,050341
31,371908	2,408057
31,374686	2,821008
31,377464	3,184642
31,380242	3,196807
31,383019	3,199766
31,385797	3,198451
31,388575	3,196478
31,391353	3,185300
31,394130	2,988359
31,396908	2,492554
31,399686	1,886936
31,402464	1,365487
31,405241	1,041965
31,408019	0,927549
31,410797	0,960756
31,413575	1,056432
31,416352	1,149477
31,419130	1,227727
31,421908	1,294470
31,424686	1,354966
31,427463	1,408887
31,430241	1,428285
31,433019	1,424339
31,435797	1,404941
31,438574	1,400667
31,441352	1,408229
31,444130	1,429600
31,446908	1,442751
31,449685	1,439463
31,452463	1,429271
31,455241	1,431901
31,458019	1,448340
31,460796	1,467739
31,463574	1,479246
31,466352	1,471026
31,469130	1,459848
31,471907	1,461163
31,474685	1,481876
31,477463	1,508179
31,480241	1,533166
31,483018	1,532509
31,485796	1,521659
31,488574	1,524289
31,491352	1,544345
31,494129	1,573607
31,496907	1,593662
31,499685	1,593991
31,502463	1,583141
31,505240	1,588402
31,508018	1,606156
31,510796	1,636404
31,513574	1,652843
31,516351	1,647911
31,519129	1,635089
31,521907	1,635418
31,524685	1,648240
31,527462	1,672570
31,530240	1,689009
31,533018	1,683420
31,535796	1,673228
31,538573	1,672570
31,541351	1,693941
31,544129	1,734052
31,546907	1,773178
31,549684	1,793891
31,552462	1,802110
31,555240	1,812960
31,558018	1,838605
31,560795	1,872470
31,563573	1,903375
31,566351	1,912581
31,569129	1,911266
31,571906	1,913239
31,574684	1,926061
31,577462	1,943816
31,580240	1,946446
31,583017	1,923760
31,585795	1,887923
31,588573	1,861620
31,591351	1,848798
31,594128	1,845838
31,596906	1,829728
31,599684	1,787315
31,602462	1,732409
31,605239	1,683091
31,608017	1,650213
31,610795	1,619307
31,613573	1,580511
31,616350	1,526262
31,619128	1,467081
31,621906	1,422367
31,624684	1,406585
31,627461	1,405928
31,630239	1,411846
31,633017	1,402968
31,635795	1,388831
31,638572	1,386201
31,641350	1,399681
31,644128	1,419079
31,646906	1,432888
31,649683	1,425654
31,652461	1,407900
31,655239	1,405270
31,658017	1,415462
31,660794	1,437819
31,663572	1,448998
31,666350	1,441436
31,669128	1,424011
31,671905	1,423353
31,674683	1,435847
31,677461	1,456231
31,680239	1,468396
31,683016	1,458533
31,685794	1,442094
31,688572	1,437162
31,691350	1,445710
31,694127	1,465108
31,696905	1,478588
31,699683	1,470040
31,702461	1,455902
31,705238	1,450313
31,708016	1,462478
31,710794	1,482863
31,713572	1,493712
31,716349	1,493055
31,719127	1,508179
31,721905	1,547962
31,724683	1,606485
31,727460	1,674214
31,730238	1,724847
31,733016	1,742272
31,735794	1,742601
31,738571	1,750820
31,741349	1,772520
31,744127	1,802110
31,746905	1,817234
31,749682	1,805727
31,752460	1,778438
31,755238	1,756738
31,758016	1,746217
31,760793	1,739313
31,763571	1,719257
31,766349	1,676187
31,769127	1,625554
31,771904	1,579853
31,774682	1,552236
31,777460	1,537769
31,780238	1,521988
31,783015	1,494699
31,785793	1,463464
31,788571	1,444724
31,791349	1,445710
31,794126	1,463793
31,796904	1,474972
31,799682	1,467081
31,802460	1,449327
31,805237	1,443080
31,808015	1,454259
31,810793	1,472999
31,813571	1,488452
31,816348	1,479904
31,819126	1,464780
31,821904	1,458533
31,824682	1,471026
31,827459	1,490753
31,830237	1,502590
31,833015	1,495356
31,835793	1,477602
31,838570	1,469711
31,841348	1,481219
31,844126	1,496671
31,846904	1,494370
31,849681	1,460177
31,852459	1,416449
31,855237	1,394420
31,858015	1,442094
31,860792	1,563414
31,863570	1,765616
31,866348	2,051985
31,869126	2,393262
31,871903	2,790760
31,874681	3,169189
31,877459	3,196807
31,880237	3,198122
31,883014	3,198780
31,885792	3,195163
31,888570	3,185300
31,891348	3,003154
31,894125	2,522802
31,896903	1,932308
31,899681	1,407571
31,902459	1,066295
31,905236	0,921960
31,908014	0,941029
31,910792	1,044267
31,913570	1,158026
31,916347	1,244495
31,919125	1,300388
31,921903	1,347075
31,924681	1,389488
31,927458	1,425654
31,930236	1,437491
31,933014	1,430257
31,935792	1,411846
31,938569	1,405928
31,941347	1,417764
31,944125	1,444724
31,946903	1,459190
31,949680	1,457546
31,952458	1,443080
31,955236	1,439463
31,958014	1,452943
31,960791	1,469711
31,963569	1,483849
31,966347	1,479246
31,969125	1,470698
31,971902	1,469711
31,974680	1,493055
31,977458	1,520344
31,980236	1,544016
31,983013	1,542701
31,985791	1,533495
31,988569	1,536783
31,991347	1,556510
31,994124	1,584128
31,996902	1,603855
31,999680	1,602211
32,002458	1,590703
32,005235	1,594977
32,008013	1,609444
32,010791	1,636404
32,013569	1,653829
32,016346	1,653172
32,019124	1,642980
32,021902	1,641007
32,024680	1,653172
32,027457	1,676187
32,030235	1,690653
32,033013	1,684077
32,035791	1,674543
32,038568	1,675200
32,041346	1,705777
32,044124	1,753451
32,046902	1,794220
32,049679	1,812631
32,052457	1,815919
32,055235	1,824139
32,058013	1,851099
32,060790	1,888909
32,063568	1,921787
32,066346	1,926719
32,069124	1,920143
32,071901	1,916856
32,074679	1,928692
32,077457	1,940857
32,080235	1,938226
32,083012	1,908307
32,085790	1,871812
32,088568	1,845181
32,091346	1,830386
32,094123	1,819865
32,096901	1,795864
32,099679	1,749505
32,102457	1,690653
32,105234	1,638705
32,108012	1,598923
32,110790	1,562757
32,113568	1,528235
32,116346	1,476945
32,119123	1,427956
32,121901	1,392447
32,124679	1,385214
32,127457	1,393105
32,130234	1,405928
32,133012	1,400009
32,135790	1,390475
32,138568	1,389488
32,141345	1,404612
32,144123	1,426312
32,146901	1,435518
32,149679	1,428613
32,152456	1,406585
32,155234	1,402311
32,158012	1,409544
32,160789	1,433216
32,163567	1,442751
32,166345	1,441436
32,169123	1,424997
32,171900	1,421380
32,174678	1,432559
32,177456	1,451957
32,180234	1,466423
32,183011	1,454916
32,185789	1,440450
32,188567	1,434532
32,191345	1,447354
32,194122	1,467410
32,196900	1,480890
32,199678	1,468725
32,202456	1,450642
32,205233	1,443409
32,208011	1,454259
32,210789	1,474314
32,213567	1,495685
32,216344	1,515412
32,219122	1,544674
32,221900	1,593333
32,224678	1,651857
32,227455	1,713668
32,230233	1,750820
32,233011	1,760684
32,235789	1,759040
32,238566	1,764629
32,241344	1,779424
32,244122	1,801782
32,246900	1,808028
32,249677	1,790603
32,252455	1,762985
32,255233	1,738984
32,258011	1,723860
32,260788	1,708407
32,263566	1,683091
32,266344	1,635418
32,269122	1,582155
32,271899	1,536783
32,274677	1,515083
32,277455	1,504562
32,280233	1,495028
32,283010	1,470369
32,285788	1,446368
32,288566	1,435518
32,291344	1,448669
32,294121	1,470040
32,296899	1,477602
32,299677	1,470698
32,302455	1,449984
32,305232	1,445710
32,308010	1,454587
32,310788	1,476616
32,313566	1,487466
32,316343	1,482863
32,319121	1,466095
32,321899	1,462478
32,324677	1,474314
32,327454	1,492068
32,330232	1,504233
32,333010	1,494370
32,335788	1,477602
32,338566	1,471026
32,341343	1,480232
32,344121	1,487137
32,346899	1,473985
32,349677	1,434203
32,352454	1,399352
32,355232	1,424668
32,358010	1,533495
32,360788	1,742272
32,363565	2,045738
32,366343	2,390631
32,369121	2,778924
32,371899	3,148805
32,374676	3,196150
32,377454	3,197465
32,380232	3,197794
32,383009	3,195821
32,385787	3,187273
32,388565	3,012689
32,391343	2,536940
32,394120	1,954994
32,396898	1,443409
32,399676	1,097201
32,402454	0,932810
32,405231	0,926234
32,408009	1,018951
32,410787	1,144217
32,413565	1,254030
32,416342	1,319458
32,419120	1,357925
32,421898	1,383899
32,424676	1,406256
32,427453	1,425326
32,430231	1,436175
32,433009	1,429600
32,435787	1,411846
32,438564	1,407571
32,441342	1,424011
32,444120	1,446039
32,446898	1,459519
32,449675	1,458204
32,452453	1,440778
32,455231	1,437819
32,458009	1,450642
32,460786	1,472013
32,463564	1,488452
32,466342	1,487137
32,469120	1,479246
32,471897	1,483191
32,474675	1,507192
32,477453	1,534810
32,480231	1,554537
32,483008	1,551578
32,485786	1,545331
32,488564	1,550921
32,491342	1,571963
32,494119	1,596950
32,496897	1,614704
32,499675	1,611417
32,502453	1,603855
32,505230	1,606814
32,508008	1,625554
32,510786	1,652186
32,513564	1,669611
32,516341	1,664351
32,519119	1,649555
32,521897	1,647911
32,524675	1,660076
32,527452	1,685064
32,530230	1,699530
32,533008	1,694927
32,535786	1,686708
32,538563	1,698873
32,541341	1,736354
32,544119	1,785342
32,546897	1,824139
32,549674	1,834660
32,552452	1,833674
32,555230	1,844523
32,558008	1,873785
32,560786	1,911924
32,563563	1,937898
32,566341	1,935925
32,569119	1,920801
32,571897	1,914225
32,574674	1,919815
32,577452	1,929020
32,580230	1,923102
32,583008	1,893512
32,585785	1,856360
32,588563	1,825125
32,591341	1,804412
32,594119	1,791261
32,596896	1,765287
32,599674	1,716298
32,602452	1,654816
32,605230	1,596950
32,608007	1,554866
32,610785	1,525604
32,613563	1,492726
32,616340	1,445710
32,619118	1,399681
32,621896	1,373707
32,624674	1,379296
32,627451	1,398037
32,630229	1,414805
32,633007	1,411188
32,635785	1,397050
32,638562	1,394420
32,641340	1,406256
32,644118	1,425983
32,646896	1,437819
32,649673	1,429600
32,652451	1,410859
32,655229	1,408558
32,658007	1,423024
32,660784	1,447025
32,663562	1,456889
32,666340	1,449656
32,669118	1,431573
32,671895	1,425983
32,674673	1,435847
32,677451	1,454587
32,680229	1,468067
32,683006	1,459190
32,685784	1,443080
32,688562	1,437491
32,691340	1,448669
32,694117	1,465437
32,696895	1,479904
32,699673	1,471026
32,702451	1,455245
32,705228	1,449984
32,708006	1,459519
32,710784	1,486479
32,713562	1,525604
32,716339	1,560455
32,719117	1,595964
32,721895	1,641665
32,724673	1,690324
32,727450	1,740628
32,730228	1,771205
32,733006	1,773506
32,735784	1,766273
32,738561	1,767917
32,741339	1,780411
32,744117	1,799480
32,746895	1,801782
32,749672	1,780411
32,752450	1,745560
32,755228	1,713668
32,758006	1,692626
32,760783	1,677502
32,763561	1,654487
32,766339	1,604512
32,769117	1,551249
32,771894	1,508836
32,774672	1,492726
32,777450	1,491082
32,780228	1,488123
32,783006	1,472342
32,785783	1,449984
32,788561	1,441107
32,791339	1,448998
32,794117	1,467081
32,796894	1,475958
32,799672	1,470040
32,802450	1,450642
32,805228	1,447354
32,808005	1,457875
32,810783	1,481219
32,813561	1,491411
32,816339	1,484178
32,819116	1,466752
32,821894	1,463464
32,824672	1,477602
32,827450	1,495356
32,830227	1,509494
32,833005	1,501274
32,835783	1,486150
32,838560	1,475958
32,841338	1,474643
32,844116	1,465766
32,846894	1,447354
32,849671	1,419408
32,852449	1,429929
32,855227	1,513439
32,858005	1,711366
32,860782	2,016477
32,863560	2,378795
32,866338	2,773663
32,869116	3,138613
32,871893	3,194506
32,874671	3,198122
32,877449	3,197465
32,880227	3,196478
32,883004	3,190889
32,885782	3,043266
32,888560	2,577380
32,891338	1,985571
32,894115	1,469711
32,896893	1,124819
32,899671	0,953852
32,902449	0,932152
32,905226	1,004156
32,908004	1,121860
32,910782	1,236933
32,913560	1,326362
32,916337	1,369104
32,919115	1,385872
32,921893	1,389817
32,924671	1,405599
32,927448	1,423024
32,930226	1,436175
32,933004	1,429929
32,935782	1,417764
32,938559	1,416449
32,941337	1,430586
32,944115	1,459519
32,946893	1,472342
32,949670	1,469054
32,952448	1,449984
32,955226	1,446368
32,958004	1,455574
32,960781	1,485164
32,963559	1,497987
32,966337	1,496014
32,969115	1,486150
32,971892	1,491411
32,974670	1,513768
32,977448	1,540400
32,980226	1,560126
32,983003	1,561113
32,985781	1,555524
32,988559	1,556510
32,991337	1,578210
32,994114	1,603526
32,996892	1,622266
32,999670	1,619965
33,002448	1,611088
33,005226	1,612403
33,008003	1,630815
33,010781	1,655145
33,013559	1,668953
33,016337	1,662049
33,019114	1,647583
33,021892	1,648240
33,024670	1,662049
33,027448	1,686379
33,030225	1,703804
33,033003	1,704133
33,035781	1,705120
33,038559	1,728463
33,041336	1,768246
33,044114	1,812303
33,046892	1,840907
33,049670	1,847482
33,052447	1,846167
33,055225	1,858332
33,058003	1,886936
33,060780	1,923431
33,063558	1,945788
33,066336	1,941514
33,069114	1,922774
33,071891	1,910609
33,074669	1,908307
33,077447	1,909622
33,080225	1,899430
33,083002	1,867867
33,085780	1,826112
33,088558	1,791918
33,091336	1,771205
33,094113	1,755423
33,096891	1,725833
33,099669	1,675200
33,102447	1,607800
33,105224	1,552893
33,108002	1,512124
33,110780	1,487794
33,113558	1,459190
33,116335	1,422695
33,119113	1,385543
33,121891	1,370419
33,124669	1,383242
33,127446	1,407243
33,130224	1,423682
33,133002	1,418421
33,135780	1,405599
33,138557	1,398366
33,141335	1,410530
33,144113	1,426641
33,146891	1,439463
33,149668	1,430257
33,152446	1,413489
33,155224	1,410530
33,158002	1,424997
33,160779	1,444395
33,163557	1,452286
33,166335	1,445053
33,169113	1,427298
33,171890	1,424011
33,174668	1,436175
33,177446	1,457546
33,180224	1,466095
33,183001	1,461492
33,185779	1,444724
33,188557	1,441436
33,191335	1,450971
33,194112	1,469711
33,196890	1,480561
33,199668	1,471355
33,202446	1,455245
33,205223	1,448669
33,208001	1,470698
33,210779	1,520015
33,213557	1,577223
33,216334	1,616677
33,219112	1,646596
33,221890	1,680790
33,224668	1,719915
33,227445	1,757396
33,230223	1,783370
33,233001	1,785014
33,235779	1,777780
33,238557	1,779096
33,241334	1,785671
33,244112	1,796192
33,246890	1,790932
33,249668	1,765287
33,252445	1,724518
33,255223	1,686708
33,258001	1,663035
33,260779	1,647254
33,263556	1,618650
33,266334	1,568017
33,269112	1,516398
33,271890	1,484835
33,274667	1,476287
33,277445	1,485822
33,280223	1,486479
33,283000	1,469383
33,285778	1,450642
33,288556	1,441436
33,291334	1,449984
33,294111	1,469383
33,296889	1,478917
33,299667	1,469383
33,302445	1,454916
33,305222	1,447025
33,308000	1,459519
33,310778	1,480890
33,313556	1,492726
33,316333	1,487137
33,319111	1,470698
33,321889	1,467081
33,324667	1,480232
33,327444	1,499302
33,330222	1,508179
33,333000	1,498315
33,335778	1,478260
33,338555	1,458533
33,341333	1,446368
33,344111	1,435847
33,346889	1,430257
33,349666	1,443409
33,352444	1,511795
33,355222	1,690653
33,358000	1,976036
33,360777	2,340328
33,363555	2,756238
33,366333	3,131051
33,369111	3,195163
33,371888	3,197465
33,374666	3,198122
33,377444	3,197136
33,380222	3,191875
33,382999	3,065952
33,385777	2,602368
33,388555	1,997407
33,391333	1,470369
33,394110	1,127449
33,396888	0,968318
33,399666	0,943331
33,402444	0,999553
33,405221	1,099174
33,407999	1,210302
33,410777	1,305320
33,413555	1,372720
33,416332	1,393763
33,419110	1,392776
33,421888	1,390146
33,424666	1,402311
33,427443	1,424339
33,430221	1,435847
33,432999	1,428285
33,435777	1,417764
33,438554	1,419408
33,441332	1,434532
33,444110	1,458861
33,446888	1,471355
33,449665	1,462478
33,452443	1,445381
33,455221	1,442751
33,457999	1,456560
33,460777	1,485822
33,463554	1,501932
33,466332	1,502261
33,469110	1,495685
33,471888	1,499959
33,474665	1,518700
33,477443	1,544016
33,480221	1,567031
33,482999	1,565387
33,485776	1,558154
33,488554	1,561442
33,491332	1,583470
33,494110	1,607800
33,496887	1,627856
33,499665	1,625554
33,502443	1,614704
33,505221	1,615362
33,507998	1,630486
33,510776	1,652186
33,513554	1,666652
33,516331	1,662707
33,519109	1,650213
33,521887	1,653829
33,524665	1,669940
33,527442	1,693941
33,530220	1,711695
33,532998	1,718271
33,535776	1,726490
33,538553	1,755094
33,541331	1,793233
33,544109	1,834002
33,546887	1,858661
33,549664	1,863593
33,552442	1,864250
33,555220	1,878388
33,557998	1,906663
33,560775	1,938555
33,563553	1,954008
33,566331	1,942172
33,569109	1,919815
33,571886	1,903047
33,574664	1,897786
33,577442	1,898772
33,580220	1,889567
33,582997	1,855044
33,585775	1,808686
33,588553	1,769890
33,591331	1,744573
33,594108	1,727148
33,596886	1,691311
33,599664	1,629171
33,602442	1,560455
33,605219	1,507850
33,607997	1,471684
33,610775	1,456889
33,613553	1,434203
33,616330	1,403626
33,619108	1,379625
33,621886	1,375022
33,624664	1,391790
33,627441	1,416120
33,630219	1,429929
33,632997	1,419079
33,635775	1,404612
33,638552	1,397379
33,641330	1,412174
33,644108	1,429600
33,646886	1,440778
33,649663	1,431901
33,652441	1,416777
33,655219	1,412174
33,657997	1,427298
33,660774	1,448998
33,663552	1,458204
33,666330	1,449984
33,669108	1,428613
33,671885	1,424668
33,674663	1,432559
33,677441	1,453601
33,680219	1,462807
33,682997	1,459848
33,685774	1,443737
33,688552	1,442094
33,691330	1,453601
33,694108	1,472999
33,696885	1,484507
33,699663	1,472999
33,702441	1,457218
33,705219	1,458861
33,707996	1,499959
33,710774	1,562428
33,713552	1,624239
33,716330	1,662378
33,719107	1,688023
33,721885	1,711695
33,724663	1,742272
33,727441	1,776794
33,730218	1,800138
33,732996	1,799809
33,735774	1,787973
33,738551	1,781068
33,741329	1,781726
33,744107	1,786000
33,746885	1,776465
33,749662	1,742272
33,752440	1,693941
33,755218	1,656460
33,757996	1,628513
33,760773	1,612403
33,763551	1,583470
33,766329	1,540400
33,769107	1,493384
33,771884	1,468067
33,774662	1,464122
33,777440	1,473657
33,780218	1,478588
33,782995	1,465108
33,785773	1,448669
33,788551	1,439463
33,791329	1,450313
33,794106	1,465108
33,796884	1,477273
33,799662	1,466752
33,802440	1,454916
33,805217	1,451299
33,807995	1,464451
33,810773	1,485822
33,813551	1,496343
33,816328	1,487466
33,819106	1,468725
33,821884	1,464780
33,824662	1,476287
33,827439	1,500288
33,830217	1,508836
33,832995	1,502261
33,835773	1,473985
33,838550	1,446368
33,841328	1,426970
33,844106	1,426312
33,846884	1,457546
33,849661	1,528235
33,852439	1,688680
33,855217	1,952693
33,857995	2,307778
33,860772	2,734210
33,863550	3,130393
33,866328	3,194835
33,869106	3,197465
33,871883	3,197794
33,874661	3,197465
33,877439	3,192533
33,880217	3,090282
33,882994	2,646424
33,885772	2,036532
33,888550	1,489109
33,891328	1,125805
33,894105	0,967989
33,896883	0,956811
33,899661	1,018293
33,902439	1,102133
33,905216	1,195507
33,907994	1,280661
33,910772	1,361542
33,913550	1,407900
33,916328	1,413489
33,919105	1,402640
33,921883	1,398037
33,924661	1,411188
33,927439	1,433216
33,930216	1,446697
33,932994	1,438477
33,935772	1,427298
33,938550	1,424668
33,941327	1,441436
33,944105	1,465108
33,946883	1,478260
33,949661	1,470040
33,952438	1,456231
33,955216	1,453930
33,957994	1,469383
33,960771	1,495685
33,963549	1,515741
33,966327	1,517714
33,969105	1,513439
33,971882	1,516727
33,974660	1,533824
33,977438	1,561770
33,980216	1,579196
33,982993	1,580511
33,985771	1,574593
33,988549	1,579853
33,991327	1,599580
33,994104	1,626869
33,996882	1,644624
33,999660	1,640349
34,002438	1,626541
34,005215	1,626212
34,007993	1,644295
34,010771	1,669611
34,013549	1,685064
34,016326	1,680132
34,019104	1,665337
34,021882	1,664351
34,024660	1,679803
34,027437	1,709394
34,030215	1,734052
34,032993	1,748190
34,035771	1,760355
34,038548	1,781726
34,041326	1,813289
34,044104	1,850113
34,046882	1,875758
34,049659	1,882333
34,052437	1,885621
34,055215	1,899101
34,057993	1,920801
34,060770	1,943158
34,063548	1,954008
34,066326	1,937240
34,069104	1,910937
34,071881	1,887594
34,074659	1,878388
34,077437	1,874771
34,080215	1,861620
34,082992	1,822824
34,085770	1,774821
34,088548	1,735696
34,091326	1,707421
34,094103	1,682762
34,096881	1,641665
34,099659	1,580182
34,102437	1,514754
34,105214	1,465108
34,107992	1,436175
34,110770	1,427627
34,113548	1,414476
34,116325	1,396393
34,119103	1,380940
34,121881	1,381598
34,124659	1,399023
34,127436	1,426970
34,130214	1,440121
34,132992	1,429929
34,135770	1,414147
34,138548	1,406256
34,141325	1,417764
34,144103	1,434532
34,146881	1,444395
34,149659	1,438477
34,152436	1,424011
34,155214	1,417764
34,157992	1,431573
34,160770	1,452615
34,163547	1,461492
34,166325	1,453272
34,169103	1,437162
34,171881	1,435518
34,174658	1,448012
34,177436	1,470040
34,180214	1,478260
34,182991	1,470698
34,185769	1,452943
34,188547	1,450971
34,191325	1,461163
34,194102	1,480232
34,196880	1,489109
34,199658	1,479904
34,202436	1,470040
34,205213	1,492397
34,207991	1,548948
34,210769	1,613718
34,213547	1,676187
34,216324	1,708079
34,219102	1,720572
34,221880	1,732737
34,224658	1,756738
34,227435	1,787315
34,230213	1,808357
34,232991	1,802439
34,235769	1,784356
34,238546	1,772520
34,241324	1,771534
34,244102	1,773835
34,246880	1,759697
34,249657	1,718600
34,252435	1,665008
34,255213	1,624897
34,257991	1,595306
34,260768	1,580840
34,263546	1,554866
34,266324	1,513768
34,269102	1,476287
34,271879	1,459190
34,274657	1,462807
34,277435	1,476616
34,280213	1,485822
34,282990	1,470040
34,285768	1,453601
34,288546	1,443737
34,291324	1,451628
34,294101	1,470369
34,296879	1,481219
34,299657	1,472670
34,302435	1,458861
34,305212	1,455574
34,307990	1,467410
34,310768	1,487794
34,313546	1,496671
34,316323	1,486479
34,319101	1,469054
34,321879	1,468396
34,324657	1,481876
34,327434	1,504233
34,330212	1,509823
34,332990	1,487137
34,335768	1,445381
34,338545	1,411517
34,341323	1,403626
34,344101	1,439463
34,346879	1,525604
34,349656	1,690324
34,352434	1,936582
34,355212	2,274242
34,357990	2,690153
34,360768	3,097844
34,363545	3,195492
34,366323	3,198122
34,369101	3,199109
34,371879	3,198780
34,374656	3,192533
34,377434	3,101460
34,380212	2,675686
34,382990	2,066452
34,385767	1,502918
34,388545	1,119558
34,391323	0,947934
34,394101	0,944646
34,396878	1,021252
34,399656	1,114298
34,402434	1,189260
34,405212	1,268825
34,407989	1,338198
34,410767	1,396393
34,413545	1,420394
34,416322	1,413818
34,419100	1,396722
34,421878	1,393105
34,424656	1,405928
34,427433	1,426312
34,430211	1,443409
34,432989	1,433545
34,435767	1,426970
34,438544	1,423353
34,441322	1,442751
34,444100	1,463793
34,446878	1,476616
34,449655	1,467739
34,452433	1,460177
34,455211	1,462149
34,457989	1,481547
34,460766	1,512782
34,463544	1,529878
34,466322	1,528235
34,469100	1,515741
34,471877	1,519357
34,474655	1,539413
34,477433	1,573935
34,480211	1,589059
34,482988	1,588402
34,485766	1,579853
34,488544	1,581826
34,491322	1,602539
34,494099	1,629500
34,496877	1,644952
34,499655	1,639034
34,502433	1,626541
34,505210	1,623910
34,507988	1,641665
34,510766	1,665008
34,513544	1,680132
34,516321	1,675529
34,519099	1,660734
34,521877	1,660405
34,524655	1,681776
34,527432	1,718600
34,530210	1,753779
34,532988	1,773506
34,535766	1,785342
34,538543	1,804083
34,541321	1,834989
34,544099	1,871155
34,546877	1,899430
34,549654	1,907321
34,552432	1,904033
34,555210	1,909294
34,557988	1,924089
34,560765	1,942172
34,563543	1,945788
34,566321	1,925733
34,569099	1,893841
34,571876	1,868196
34,574654	1,860305
34,577432	1,856031
34,580210	1,838934
34,582988	1,796521
34,585765	1,744573
34,588543	1,701832
34,591321	1,668953
34,594099	1,636075
34,596876	1,593333
34,599654	1,531522
34,602432	1,472342
34,605210	1,430915
34,607987	1,414805
34,610765	1,415791
34,613543	1,411846
34,616321	1,397379
34,619098	1,382584
34,621876	1,385214
34,624654	1,399023
34,627432	1,423024
34,630209	1,431573
34,632987	1,423024
34,635765	1,408887
34,638542	1,408887
34,641320	1,423024
34,644098	1,444066
34,646876	1,452615
34,649653	1,440121
34,652431	1,424668
34,655209	1,418092
34,657987	1,435189
34,660764	1,457218
34,663542	1,468067
34,666320	1,456231
34,669098	1,441436
34,671875	1,436175
34,674653	1,450971
34,677431	1,468725
34,680209	1,475958
34,682986	1,463793
34,685764	1,448012
34,688542	1,446368
34,691320	1,460177
34,694097	1,478588
34,696875	1,484835
34,699653	1,482205
34,702431	1,490096
34,705208	1,531194
34,707986	1,592018
34,710764	1,662049
34,713542	1,713668
34,716319	1,733066
34,719097	1,738327
34,721875	1,748519
34,724653	1,771862
34,727430	1,798823
34,730208	1,813289
34,732986	1,803426
34,735764	1,780740
34,738541	1,763643
34,741319	1,760026
34,744097	1,755094
34,746875	1,733395
34,749652	1,686708
34,752430	1,632130
34,755208	1,588073
34,757986	1,563743
34,760763	1,548619
34,763541	1,528892
34,766319	1,496343
34,769097	1,463464
34,771874	1,449327
34,774652	1,450971
34,777430	1,466423
34,780208	1,473657
34,782985	1,463464
34,785763	1,448998
34,788541	1,446039
34,791319	1,462807
34,794096	1,482534
34,796874	1,488123
34,799652	1,473657
34,802430	1,458204
34,805207	1,455574
34,807985	1,469054
34,810763	1,491740
34,813541	1,501603
34,816319	1,491082
34,819096	1,475301
34,821874	1,471026
34,824652	1,483849
34,827430	1,505220
34,830207	1,501932
34,832985	1,468396
34,835763	1,420723
34,838541	1,396393
34,841318	1,421051
34,844096	1,513439
34,846874	1,689667
34,849652	1,935267
34,852429	2,256159
34,855207	2,656946
34,857985	3,058390
34,860762	3,196150
34,863540	3,198780
34,866318	3,199766
34,869096	3,198122
34,871873	3,191547
34,874651	3,115269
34,877429	2,711195
34,880207	2,120372
34,882984	1,558154
34,885762	1,146518
34,888540	0,948920
34,891318	0,927549
34,894095	1,014019
34,896873	1,125805
34,899651	1,213261
34,902429	1,272113
34,905206	1,328335
34,907984	1,376008
34,910762	1,414147
34,913540	1,429600
34,916317	1,421051
34,919095	1,405599
34,921873	1,404284
34,924651	1,419736
34,927428	1,440121
34,930206	1,454587
34,932984	1,443080
34,935762	1,429271
34,938539	1,428285
34,941317	1,444724
34,944095	1,468396
34,946873	1,483520
34,949650	1,479575
34,952428	1,471026
34,955206	1,474643
34,957984	1,492068
34,960761	1,519686
34,963539	1,532509
34,966317	1,528563
34,969095	1,521988
34,971872	1,532509
34,974650	1,554866
34,977428	1,584456
34,980206	1,599909
34,982983	1,598594
34,985761	1,588731
34,988539	1,593991
34,991317	1,613718
34,994094	1,636733
34,996872	1,647911
34,999650	1,641336
35,002428	1,629828
35,005205	1,632130
35,007983	1,653172
35,010761	1,676844
35,013539	1,689009
35,016316	1,682434
35,019094	1,672570
35,021872	1,674872
35,024650	1,705777
35,027427	1,747532
35,030205	1,784685
35,032983	1,801453
35,035761	1,808028
35,038539	1,822495
35,041316	1,851099
35,044094	1,887594
35,046872	1,915869
35,049650	1,921458
35,052427	1,915212
35,055205	1,915540
35,057983	1,928034
35,060761	1,944144
35,063538	1,939213
35,066316	1,910280
35,069094	1,875100
35,071872	1,851757
35,074649	1,840249
35,077427	1,833016
35,080205	1,810330
35,082982	1,761999
35,085760	1,705777
35,088538	1,656460
35,091316	1,619307
35,094093	1,586100
35,096871	1,545660
35,099649	1,487794
35,102427	1,434860
35,105204	1,400009
35,107982	1,388502
35,110760	1,401325
35,113538	1,409544
35,116315	1,404284
35,119093	1,386529
35,121871	1,390146
35,124649	1,402640
35,127426	1,426970
35,130204	1,435847
35,132982	1,428285
35,135760	1,409544
35,138537	1,405270
35,141315	1,414805
35,144093	1,436175
35,146871	1,443409
35,149648	1,430586
35,152426	1,417764
35,155204	1,412832
35,157982	1,428942
35,160759	1,450313
35,163537	1,464451
35,166315	1,452615
35,169093	1,440121
35,171870	1,433216
35,174648	1,448012
35,177426	1,468067
35,180204	1,476616
35,182981	1,467410
35,185759	1,449984
35,188537	1,448012
35,191315	1,461163
35,194092	1,485164
35,196870	1,497000
35,199648	1,513439
35,202426	1,535468
35,205203	1,581169
35,207981	1,644952
35,210759	1,709723
35,213537	1,747204
35,216314	1,755752
35,219092	1,749505
35,221870	1,757067
35,224648	1,777123
35,227425	1,802110
35,230203	1,812631
35,232981	1,796192
35,235759	1,768575
35,238536	1,747861
35,241314	1,736354
35,244092	1,725175
35,246870	1,699201
35,249647	1,649555
35,252425	1,594977
35,255203	1,556839
35,257981	1,535139
35,260759	1,527577
35,263536	1,515083
35,266314	1,485822
35,269092	1,455574
35,271870	1,445710
35,274647	1,451628
35,277425	1,472013
35,280203	1,477602
35,282981	1,465437
35,285758	1,450642
35,288536	1,450313
35,291314	1,466095
35,294092	1,488452
35,296869	1,497000
35,299647	1,481876
35,302425	1,466423
35,305203	1,460834
35,307980	1,477602
35,310758	1,499302
35,313536	1,509823
35,316313	1,497329
35,319091	1,482534
35,321869	1,476945
35,324647	1,491082
35,327424	1,501603
35,330202	1,486479
35,332980	1,441436
35,335758	1,401325
35,338535	1,409873
35,341313	1,487466
35,344091	1,673228
35,346869	1,929678
35,349646	2,258132
35,352424	2,646096
35,355202	3,034060
35,357980	3,195821
35,360757	3,199766
35,363535	3,199109
35,366313	3,198451
35,369091	3,192204
35,371868	3,121845
35,374646	2,727305
35,377424	2,153250
35,380202	1,604841
35,382979	1,184657
35,385757	0,960427
35,388535	0,912754
35,391313	0,985086
35,394090	1,102461
35,396868	1,210302
35,399646	1,283949
35,402424	1,330308
35,405201	1,367131
35,407979	1,400009
35,410757	1,425983
35,413535	1,430586
35,416312	1,417764
35,419090	1,399023
35,421868	1,400667
35,424646	1,416777
35,427423	1,442422
35,430201	1,454587
35,432979	1,448340
35,435757	1,435518
35,438534	1,435518
35,441312	1,451957
35,444090	1,475301
35,446868	1,486479
35,449645	1,478588
35,452423	1,470040
35,455201	1,473985
35,457979	1,495356
35,460756	1,527248
35,463534	1,546318
35,466312	1,541715
35,469090	1,534810
35,471867	1,540728
35,474645	1,559798
35,477423	1,588731
35,480201	1,605827
35,482978	1,602211
35,485756	1,593333
35,488534	1,599252
35,491312	1,617992
35,494090	1,645610
35,496867	1,656789
35,499645	1,653501
35,502423	1,643308
35,505201	1,644952
35,507978	1,662049
35,510756	1,686379
35,513534	1,699859
35,516312	1,694599
35,519089	1,687365
35,521867	1,698544
35,524645	1,732737
35,527423	1,781726
35,530200	1,816577
35,532978	1,827755
35,535756	1,826440
35,538533	1,835646
35,541311	1,861949
35,544089	1,898444
35,546867	1,925733
35,549644	1,928692
35,552422	1,918828
35,555200	1,914554
35,557978	1,921130
35,560755	1,928692
35,563533	1,917513
35,566311	1,887594
35,569089	1,850441
35,571866	1,825783
35,574644	1,812631
35,577422	1,801453
35,580200	1,775479
35,582977	1,728134
35,585755	1,669611
35,588533	1,615362
35,591311	1,578538
35,594088	1,546646
35,596866	1,506206
35,599644	1,452286
35,602422	1,402311
35,605199	1,376995
35,607977	1,376995
35,610755	1,394091
35,613533	1,407243
35,616310	1,401653
35,619088	1,390475
35,621866	1,393434
35,624644	1,406914
35,627421	1,429271
35,630199	1,438148
35,632977	1,428613
35,635755	1,412174
35,638532	1,410859
35,641310	1,424339
35,644088	1,443080
35,646866	1,450642
35,649643	1,437819
35,652421	1,424997
35,655199	1,421380
35,657977	1,436175
35,660754	1,456231
35,663532	1,467410
35,666310	1,456889
35,669088	1,442094
35,671865	1,437162
35,674643	1,449984
35,677421	1,469711
35,680199	1,476616
35,682976	1,466095
35,685754	1,451628
35,688532	1,451299
35,691310	1,464780
35,694087	1,489438
35,696865	1,517056
35,699643	1,545989
35,702421	1,578538
35,705198	1,626212
35,707976	1,681776
35,710754	1,736025
35,713532	1,765944
35,716310	1,770547
35,719087	1,763314
35,721865	1,769232
35,724643	1,787644
35,727421	1,806385
35,730198	1,806385
35,732976	1,782383
35,735754	1,750163
35,738532	1,723203
35,741309	1,709065
35,744087	1,693612
35,746865	1,665337
35,749643	1,617006
35,752420	1,564072
35,755198	1,526262
35,757976	1,508508
35,760753	1,506206
35,763531	1,497329
35,766309	1,477602
35,769087	1,450313
35,771864	1,444395
35,774642	1,451957
35,777420	1,472999
35,780198	1,479575
35,782975	1,469054
35,785753	1,452615
35,788531	1,452615
35,791309	1,466095
35,794086	1,484507
35,796864	1,492068
35,799642	1,475958
35,802420	1,463464
35,805197	1,460505
35,807975	1,475958
35,810753	1,495685
35,813531	1,506535
35,816308	1,494699
35,819086	1,481219
35,821864	1,476616
35,824642	1,476287
35,827419	1,474314
35,830197	1,449984
35,832975	1,416777
35,835753	1,407243
35,838530	1,471026
35,841308	1,641993
35,844086	1,904033
35,846864	2,247940
35,849641	2,636232
35,852419	3,013017
35,855197	3,194177
35,857975	3,197794
35,860752	3,198780
35,863530	3,197794
35,866308	3,192533
35,869086	3,133352
35,871863	2,746375
35,874641	2,171005
35,877419	1,626212
35,880197	1,214576
35,882974	0,983442
35,885752	0,916699
35,888530	0,967661
35,891308	1,084707
35,894085	1,201425
35,896863	1,293155
35,899641	1,346747
35,902419	1,370419
35,905196	1,389817
35,907974	1,410530
35,910752	1,431244
35,913530	1,433874
35,916307	1,423353
35,919085	1,405599
35,921863	1,409544
35,924641	1,425326
35,927418	1,451628
35,930196	1,465108
35,932974	1,459519
35,935752	1,445053
35,938530	1,443409
35,941307	1,459519
35,944085	1,484178
35,946863	1,498973
35,949641	1,493712
35,952418	1,487466
35,955196	1,491740
35,957974	1,515083
35,960752	1,537769
35,963529	1,556839
35,966307	1,553551
35,969085	1,547304
35,971863	1,551907
35,974640	1,571305
35,977418	1,597936
35,980196	1,612074
35,982973	1,612403
35,985751	1,607142
35,988529	1,614704
35,991307	1,631472
35,994084	1,656460
35,996862	1,663693
35,999640	1,655473
36,002418	1,643637
36,005195	1,645939
36,007973	1,662378
36,010751	1,687365
36,013529	1,700845
36,016306	1,697886
36,019084	1,697229
36,021862	1,715641
36,024640	1,757725
36,027417	1,805727
36,030195	1,835975
36,032973	1,843208
36,035751	1,844195
36,038528	1,858332
36,041306	1,889567
36,044084	1,925075
36,046862	1,941843
36,049639	1,936254
36,052417	1,920801
36,055195	1,914883
36,057973	1,917513
36,060750	1,919815
36,063528	1,908965
36,066306	1,876086
36,069084	1,836304
36,071861	1,807042
36,074639	1,787973
36,077417	1,772191
36,080195	1,740299
36,082972	1,685721
36,085750	1,619636
36,088528	1,565716
36,091306	1,529221
36,094083	1,500617
36,096861	1,471355
36,099639	1,426641
36,102417	1,384885
36,105194	1,369104
36,107972	1,384228
36,110750	1,405270
36,113528	1,420394
36,116305	1,411517
36,119083	1,399023
36,121861	1,396064
36,124639	1,409544
36,127416	1,427627
36,130194	1,435847
36,132972	1,423024
36,135750	1,408229
36,138527	1,408558
36,141305	1,420394
36,144083	1,444724
36,146861	1,450971
36,149638	1,439792
36,152416	1,423353
36,155194	1,424339
36,157972	1,439135
36,160749	1,461821
36,163527	1,470040
36,166305	1,457218
36,169083	1,442422
36,171861	1,438806
36,174638	1,453601
36,177416	1,472670
36,180194	1,481547
36,182972	1,470369
36,185749	1,457546
36,188527	1,455574
36,191305	1,472342
36,194083	1,514097
36,196860	1,558154
36,199638	1,594320
36,202416	1,628184
36,205193	1,668296
36,207971	1,714654
36,210749	1,756410
36,213527	1,780740
36,216304	1,781726
36,219082	1,774164
36,221860	1,777780
36,224638	1,791589
36,227415	1,806713
36,230193	1,801124
36,232971	1,771862
36,235749	1,733066
36,238526	1,702489
36,241304	1,681447
36,244082	1,661391
36,246860	1,631143
36,249637	1,582484
36,252415	1,528892
36,255193	1,498644
36,257971	1,491740
36,260748	1,494041
36,263526	1,490753
36,266304	1,472670
36,269082	1,453272
36,271859	1,450642
36,274637	1,461492
36,277415	1,479246
36,280193	1,485822
36,282970	1,472999
36,285748	1,453601
36,288526	1,452943
36,291304	1,467081
36,294081	1,487137
36,296859	1,493712
36,299637	1,480232
36,302415	1,466752
36,305192	1,468396
36,307970	1,482863
36,310748	1,501274
36,313526	1,511138
36,316303	1,497000
36,319081	1,480561
36,321859	1,466095
36,324637	1,457218
36,327414	1,443737
36,330192	1,427956
36,332970	1,421051
36,335748	1,470369
36,338525	1,623253
36,341303	1,871155
36,344081	2,221308
36,346859	2,625054
36,349636	3,007757
36,352414	3,195163
36,355192	3,198451
36,357970	3,197794
36,360747	3,197794
36,363525	3,193519
36,366303	3,149134
36,369081	2,772020
36,371858	2,191389
36,374636	1,640021
36,377414	1,229371
36,380192	1,007115
36,382969	0,936098
36,385747	0,972592
36,388525	1,068268
36,391303	1,184657
36,394081	1,289210
36,396858	1,361871
36,399636	1,395735
36,402414	1,400667
36,405192	1,404612
36,407969	1,415462
36,410747	1,432559
36,413525	1,437819
36,416303	1,429271
36,419080	1,417435
36,421858	1,417106
36,424636	1,433874
36,427414	1,459519
36,430191	1,471355
36,432969	1,461163
36,435747	1,443737
36,438524	1,443737
36,441302	1,461821
36,444080	1,487466
36,446858	1,504562
36,449635	1,499959
36,452413	1,497000
36,455191	1,504562
36,457969	1,529221
36,460746	1,553551
36,463524	1,571963
36,466302	1,568675
36,469080	1,560784
36,471857	1,566373
36,474635	1,588402
36,477413	1,616677
36,480191	1,632130
36,482968	1,627198
36,485746	1,616348
36,488524	1,621609
36,491302	1,638705
36,494079	1,664351
36,496857	1,675858
36,499635	1,671255
36,502413	1,661063
36,505190	1,662378
36,507968	1,676187
36,510746	1,697558
36,513524	1,710051
36,516301	1,711366
36,519079	1,721230
36,521857	1,749176
36,524635	1,790274
36,527412	1,832687
36,530190	1,858332
36,532968	1,862278
36,535746	1,862935
36,538523	1,878388
36,541301	1,907650
36,544079	1,937240
36,546857	1,948747
36,549634	1,938226
36,552412	1,921458
36,555190	1,908636
36,557968	1,905019
36,560745	1,904033
36,563523	1,891539
36,566301	1,858332
36,569079	1,815919
36,571856	1,778438
36,574634	1,753122
36,577412	1,737340
36,580190	1,701503
36,582967	1,643966
36,585745	1,577223
36,588523	1,521988
36,591301	1,486808
36,594078	1,464122
36,596856	1,440778
36,599634	1,405599
36,602412	1,380611
36,605189	1,372392
36,607967	1,391790
36,610745	1,413489
36,613523	1,425326
36,616301	1,416449
36,619078	1,406585
36,621856	1,405599
36,624634	1,416120
36,627412	1,435189
36,630189	1,440450
36,632967	1,429271
36,635745	1,415133
36,638523	1,420394
36,641300	1,430915
36,644078	1,452615
36,646856	1,458204
36,649634	1,449656
36,652411	1,433874
36,655189	1,435518
36,657967	1,446697
36,660744	1,463793
36,663522	1,471355
36,666300	1,456560
36,669078	1,443737
36,671855	1,441107
36,674633	1,461163
36,677411	1,479904
36,680189	1,489438
36,682966	1,470369
36,685744	1,457546
36,688522	1,453601
36,691300	1,490753
36,694077	1,549934
36,696855	1,605827
36,699633	1,645939
36,702411	1,674543
36,705188	1,705448
36,707966	1,740957
36,710744	1,775808
36,713522	1,796850
36,716299	1,792904
36,719077	1,781397
36,721855	1,778438
36,724633	1,783370
36,727410	1,790274
36,730188	1,779096
36,732966	1,744902
36,735744	1,701174
36,738521	1,668625
36,741299	1,648569
36,744077	1,630157
36,746855	1,600567
36,749632	1,548948
36,752410	1,503905
36,755188	1,473328
36,757966	1,470040
36,760743	1,473328
36,763521	1,473985
36,766299	1,460505
36,769077	1,445710
36,771854	1,443737
36,774632	1,456560
36,777410	1,475629
36,780188	1,481219
36,782965	1,469711
36,785743	1,451957
36,788521	1,451299
36,791299	1,465108
36,794076	1,487137
36,796854	1,493055
36,799632	1,482534
36,802410	1,463793
36,805187	1,465437
36,807965	1,477602
36,810743	1,496671
36,813521	1,504233
36,816298	1,490096
36,819076	1,466423
36,821854	1,445381
36,824632	1,431573
36,827409	1,425654
36,830187	1,435518
36,832965	1,484507
36,835743	1,617006
36,838521	1,846167
36,841298	2,189088
36,844076	2,599409
36,846854	2,999866
36,849632	3,192533
36,852409	3,197136
36,855187	3,198122
36,857965	3,197794
36,860743	3,193848
36,863520	3,162943
36,866298	2,809830
36,869076	2,224596
36,871854	1,652514
36,874631	1,222138
36,877409	1,004484
36,880187	0,943988
36,882964	0,982127
36,885742	1,064980
36,888520	1,161313
36,891298	1,261592
36,894075	1,347404
36,896853	1,399352
36,899631	1,409215
36,902409	1,400996
36,905186	1,397050
36,907964	1,414476
36,910742	1,432888
36,913520	1,441765
36,916297	1,435189
36,919075	1,424011
36,921853	1,428942
36,924631	1,449984
36,927408	1,472670
36,930186	1,479575
36,932964	1,466095
36,935742	1,448340
36,938519	1,452943
36,941297	1,471026
36,944075	1,495356
36,946853	1,510809
36,949630	1,510809
36,952408	1,505220
36,955186	1,515412
36,957964	1,535797
36,960741	1,560126
36,963519	1,574593
36,966297	1,567688
36,969075	1,560784
36,971852	1,569332
36,974630	1,589388
36,977408	1,614704
36,980186	1,632459
36,982963	1,626212
36,985741	1,617335
36,988519	1,619965
36,991297	1,636404
36,994074	1,660405
36,996852	1,674214
36,999630	1,666323
37,002408	1,655145
37,005185	1,659748
37,007963	1,677502
37,010741	1,703476
37,013519	1,722545
37,016296	1,734381
37,019074	1,749176
37,021852	1,774164
37,024630	1,807371
37,027407	1,844852
37,030185	1,867867
37,032963	1,870826
37,035741	1,874443
37,038518	1,889567
37,041296	1,914883
37,044074	1,939542
37,046852	1,948090
37,049629	1,933952
37,052407	1,907650
37,055185	1,887923
37,057963	1,882005
37,060740	1,881018
37,063518	1,864579
37,066296	1,827755
37,069074	1,781068
37,071852	1,744902
37,074629	1,723860
37,077407	1,699201
37,080185	1,656789
37,082963	1,596293
37,085740	1,527577
37,088518	1,478917
37,091296	1,453601
37,094074	1,438477
37,096851	1,419079
37,099629	1,390475
37,102407	1,372392
37,105184	1,371077
37,107962	1,390146
37,110740	1,413161
37,113518	1,426641
37,116295	1,417106
37,119073	1,403955
37,121851	1,404941
37,124629	1,418750
37,127406	1,437819
37,130184	1,443080
37,132962	1,431573
37,135740	1,415791
37,138517	1,417764
37,141295	1,433545
37,144073	1,454259
37,146851	1,462807
37,149628	1,452943
37,152406	1,436504
37,155184	1,433874
37,157962	1,445710
37,160739	1,464780
37,163517	1,473328
37,166295	1,462807
37,169073	1,448998
37,171850	1,448340
37,174628	1,462149
37,177406	1,478260
37,180184	1,485493
37,182961	1,472342
37,185739	1,459848
37,188517	1,476616
37,191295	1,526262
37,194072	1,592676
37,196850	1,651857
37,199628	1,686050
37,202406	1,707092
37,205183	1,729121
37,207961	1,755094
37,210739	1,786329
37,213517	1,801782
37,216294	1,794220
37,219072	1,779096
37,221850	1,770547
37,224628	1,772191
37,227405	1,775479
37,230183	1,758054
37,232961	1,718928
37,235739	1,669282
37,238516	1,630157
37,241294	1,608457
37,244072	1,588731
37,246850	1,559140
37,249627	1,514097
37,252405	1,476945
37,255183	1,457875
37,257961	1,464780
37,260738	1,472013
37,263516	1,474314
37,266294	1,460505
37,269072	1,443409
37,271849	1,440450
37,274627	1,451628
37,277405	1,470040
37,280183	1,478588
37,282960	1,469054
37,285738	1,449327
37,288516	1,450313
37,291294	1,464451
37,294072	1,487137
37,296849	1,495685
37,299627	1,486808
37,302405	1,471026
37,305183	1,470369
37,307960	1,482534
37,310738	1,498973
37,313516	1,506206
37,316294	1,484835
37,319071	1,451628
37,321849	1,418421
37,324627	1,408887
37,327405	1,424668
37,330182	1,490425
37,332960	1,616677
37,335738	1,826769
37,338515	2,153250
37,341293	2,555023
37,344071	2,969289
37,346849	3,193519
37,349626	3,196807
37,352404	3,198122
37,355182	3,197794
37,357960	3,195163
37,360737	3,169518
37,363515	2,844681
37,366293	2,267667
37,369071	1,679146
37,371848	1,228714
37,374626	0,992648
37,377404	0,940043
37,380182	0,991991
37,382959	1,078460
37,385737	1,164930
37,388515	1,250085
37,391293	1,329321
37,394070	1,391461
37,396848	1,424997
37,399626	1,418421
37,402404	1,407571
37,405181	1,405270
37,407959	1,419408
37,410737	1,438806
37,413515	1,450313
37,416292	1,441436
37,419070	1,428285
37,421848	1,430257
37,424626	1,445710
37,427403	1,468067
37,430181	1,473985
37,432959	1,464451
37,435737	1,448998
37,438514	1,454259
37,441292	1,474314
37,444070	1,505877
37,446848	1,521330
37,449625	1,523960
37,452403	1,518700
37,455181	1,525933
37,457959	1,547633
37,460736	1,571634
37,463514	1,586758
37,466292	1,581826
37,469070	1,576566
37,471847	1,580840
37,474625	1,607471
37,477403	1,633116
37,480181	1,645939
37,482958	1,637719
37,485736	1,625883
37,488514	1,626869
37,491292	1,642651
37,494069	1,663035
37,496847	1,676187
37,499625	1,670597
37,502403	1,662707
37,505180	1,667638
37,507958	1,685393
37,510736	1,718600
37,513514	1,747861
37,516292	1,766273
37,519069	1,778767
37,521847	1,800138
37,524625	1,829071
37,527403	1,863264
37,530180	1,884964
37,532958	1,892197
37,535736	1,895156
37,538514	1,904691
37,541291	1,925733
37,544069	1,945460
37,546847	1,949405
37,549625	1,928034
37,552402	1,896142
37,555180	1,876415
37,557958	1,870497
37,560735	1,866223
37,563513	1,845181
37,566291	1,799480
37,569069	1,750163
37,571846	1,713668
37,574624	1,683749
37,577402	1,653501
37,580180	1,607142
37,582957	1,543687
37,585735	1,478588
37,588513	1,436175
37,591291	1,414476
37,594068	1,410202
37,596846	1,401325
37,599624	1,390475
37,602402	1,377323
37,605179	1,381269
37,607957	1,399023
37,610735	1,422038
37,613513	1,430586
37,616290	1,416449
37,619068	1,399023
37,621846	1,395078
37,624624	1,410530
37,627401	1,427627
37,630179	1,436175
37,632957	1,424997
37,635735	1,412503
37,638512	1,415462
37,641290	1,432559
37,644068	1,451628
37,646846	1,458861
37,649623	1,444066
37,652401	1,424668
37,655179	1,422038
37,657957	1,435189
37,660734	1,458861
37,663512	1,471355
37,666290	1,463136
37,669068	1,448340
37,671845	1,445710
37,674623	1,456889
37,677401	1,478260
37,680179	1,486150
37,682956	1,474972
37,685734	1,477931
37,688512	1,510480
37,691290	1,573935
37,694067	1,643308
37,696845	1,694927
37,699623	1,714325
37,702401	1,725504
37,705178	1,738984
37,707956	1,765287
37,710734	1,791918
37,713512	1,803097
37,716289	1,791918
37,719067	1,772520
37,721845	1,760355
37,724623	1,757396
37,727400	1,754108
37,730178	1,730107
37,732956	1,684735
37,735734	1,632130
37,738512	1,595964
37,741289	1,571963
37,744067	1,555195
37,746845	1,527906
37,749623	1,492397
37,752400	1,461492
37,755178	1,447683
37,757956	1,454587
37,760734	1,467739
37,763511	1,475301
37,766289	1,463464
37,769067	1,450313
37,771845	1,448012
37,774622	1,457875
37,777400	1,476287
37,780178	1,483849
37,782955	1,475629
37,785733	1,461492
37,788511	1,460177
37,791289	1,472013
37,794066	1,489109
37,796844	1,495356
37,799622	1,484835
37,802400	1,471355
37,805177	1,473328
37,807955	1,489109
37,810733	1,508836
37,813511	1,507192
37,816288	1,477602
37,819066	1,431901
37,821844	1,406256
37,824622	1,415462
37,827399	1,484507
37,830177	1,625883
37,832955	1,830386
37,835733	2,140099
37,838510	2,523788
37,841288	2,934438
37,844066	3,191875
37,846844	3,196478
37,849621	3,197794
37,852399	3,198451
37,855177	3,195163
37,857955	3,176423
37,860732	2,885778
37,863510	2,334410
37,866288	1,738655
37,869066	1,258962
37,871843	0,996594
37,874621	0,925577
37,877399	0,986072
37,880177	1,088981
37,882954	1,178739
37,885732	1,253372
37,888510	1,318143
37,891288	1,377652
37,894065	1,420065
37,896843	1,433545
37,899621	1,417435
37,902399	1,403297
37,905176	1,401653
37,907954	1,421709
37,910732	1,447025
37,913510	1,456889
37,916287	1,446368
37,919065	1,437819
37,921843	1,439463
37,924621	1,453272
37,927398	1,472342
37,930176	1,478260
37,932954	1,472342
37,935732	1,462807
37,938509	1,470040
37,941287	1,491411
37,944065	1,520015
37,946843	1,535468
37,949620	1,532509
37,952398	1,525604
37,955176	1,531522
37,957954	1,554208
37,960731	1,579525
37,963509	1,594320
37,966287	1,589388
37,969065	1,585114
37,971843	1,591032
37,974620	1,614704
37,977398	1,637719
37,980176	1,650870
37,982954	1,642980
37,985731	1,633445
37,988509	1,637062
37,991287	1,654816
37,994065	1,680790
37,996842	1,692297
37,999620	1,685064
38,002398	1,672570
38,005175	1,677173
38,007953	1,698873
38,010731	1,737340
38,013509	1,771862
38,016286	1,789288
38,019064	1,800138
38,021842	1,819865
38,024620	1,849126
38,027397	1,884635
38,030175	1,908636
38,032953	1,911924
38,035731	1,907321
38,038508	1,912581
38,041286	1,928363
38,044064	1,948419
38,046842	1,947104
38,049619	1,918828
38,052397	1,884306
38,055175	1,859647
38,057953	1,851099
38,060730	1,846496
38,063508	1,822166
38,066286	1,776137
38,069064	1,727477
38,071841	1,683420
38,074619	1,646267
38,077397	1,610759
38,080175	1,559798
38,082952	1,502918
38,085730	1,446697
38,088508	1,413489
38,091286	1,402311
38,094063	1,410530
38,096841	1,408887
38,099619	1,400009
38,102397	1,388502
38,105174	1,389817
38,107952	1,406914
38,110730	1,426970
38,113508	1,434203
38,116285	1,421380
38,119063	1,410530
38,121841	1,406585
38,124619	1,422367
38,127396	1,439463
38,130174	1,449327
38,132952	1,437819
38,135730	1,426312
38,138507	1,427298
38,141285	1,441436
38,144063	1,461163
38,146841	1,467739
38,149618	1,453601
38,152396	1,435847
38,155174	1,435189
38,157952	1,448012
38,160729	1,470040
38,163507	1,474314
38,166285	1,463136
38,169063	1,446039
38,171840	1,448669
38,174618	1,459519
38,177396	1,479904
38,180174	1,488452
38,182951	1,492397
38,185729	1,513768
38,188507	1,559469
38,191285	1,625225
38,194063	1,690324
38,196840	1,735039
38,199618	1,746546
38,202396	1,747204
38,205174	1,756738
38,207951	1,779424
38,210729	1,804741
38,213507	1,811974
38,216285	1,795535
38,219062	1,769890
38,221840	1,754437
38,224618	1,744573
38,227396	1,736683
38,230173	1,710051
38,232951	1,659748
38,235729	1,607142
38,238506	1,569661
38,241284	1,545331
38,244062	1,535797
38,246840	1,516727
38,249617	1,488123
38,252395	1,463464
38,255173	1,452943
38,257951	1,461821
38,260728	1,477602
38,263506	1,482863
38,266284	1,466095
38,269062	1,453601
38,271839	1,449327
38,274617	1,467081
38,277395	1,485164
38,280173	1,493055
38,282950	1,479904
38,285728	1,463793
38,288506	1,461492
38,291284	1,475958
38,294061	1,494041
38,296839	1,498973
38,299617	1,487137
38,302395	1,472999
38,305172	1,474972
38,307950	1,489767
38,310728	1,504891
38,313506	1,491082
38,316283	1,449656
38,319061	1,406914
38,321839	1,399681
38,324617	1,462807
38,327394	1,609115
38,330172	1,828413
38,332950	2,136811
38,335728	2,502089
38,338505	2,899259
38,341283	3,189903
38,344061	3,197136
38,346839	3,199437
38,349616	3,198451
38,352394	3,195492
38,355172	3,178067
38,357950	2,888409
38,360727	2,351177
38,363505	1,771205
38,366283	1,284936
38,369061	1,002512
38,371838	0,911439
38,374616	0,962400
38,377394	1,079775
38,380172	1,183999
38,382949	1,261263
38,385727	1,312882
38,388505	1,359240
38,391283	1,396393
38,394060	1,424997
38,396838	1,431244
38,399616	1,421051
38,402394	1,406914
38,405171	1,405270
38,407949	1,424339
38,410727	1,448340
38,413505	1,458861
38,416283	1,449984
38,419060	1,440450
38,421838	1,438477
38,424616	1,453601
38,427394	1,476287
38,430171	1,486808
38,432949	1,480561
38,435727	1,471684
38,438505	1,476616
38,441282	1,499959
38,444060	1,529878
38,446838	1,541715
38,449616	1,536783
38,452393	1,528235
38,455171	1,535797
38,457949	1,560455
38,460726	1,590046
38,463504	1,604841
38,466282	1,602868
38,469060	1,595964
38,471837	1,604183
38,474615	1,624897
38,477393	1,647911
38,480171	1,658432
38,482948	1,649227
38,485726	1,639363
38,488504	1,641336
38,491282	1,658761
38,494059	1,679803
38,496837	1,691311
38,499615	1,684077
38,502393	1,674872
38,505170	1,686050
38,507948	1,720572
38,510726	1,767917
38,513504	1,802110
38,516281	1,814275
38,519059	1,817563
38,521837	1,832687
38,524615	1,862935
38,527392	1,900088
38,530170	1,923102
38,532948	1,925733
38,535726	1,919815
38,538503	1,920143
38,541281	1,932637
38,544059	1,940528
38,546837	1,928363
38,549614	1,894827
38,552392	1,858332
38,555170	1,838934
38,557948	1,828742
38,560725	1,815262
38,563503	1,786329
38,566281	1,736354
38,569059	1,679475
38,571836	1,630815
38,574614	1,592347
38,577392	1,561442
38,580170	1,520015
38,582947	1,464780
38,585725	1,412832
38,588503	1,384228
38,591281	1,383899
38,594058	1,401325
38,596836	1,409544
38,599614	1,401982
38,602392	1,391132
38,605169	1,394420
38,607947	1,410202
38,610725	1,433216
38,613503	1,441765
38,616280	1,430586
38,619058	1,417106
38,621836	1,415462
38,624614	1,431573
38,627391	1,447683
38,630169	1,455245
38,632947	1,443080
38,635725	1,427956
38,638503	1,424339
38,641280	1,436833
38,644058	1,458204
38,646836	1,467410
38,649614	1,456889
38,652391	1,441107
38,655169	1,441107
38,657947	1,454259
38,660725	1,472670
38,663502	1,476287
38,666280	1,463793
38,669058	1,448012
38,671836	1,449656
38,674613	1,466752
38,677391	1,485164
38,680169	1,508179
38,682946	1,529878
38,685724	1,561442
38,688502	1,611088
38,691280	1,671584
38,694057	1,727806
38,696835	1,758054
38,699613	1,761341
38,702391	1,758711
38,705168	1,765944
38,707946	1,786000
38,710724	1,804412
38,713502	1,806713
38,716279	1,786000
38,719057	1,758382
38,721835	1,737340
38,724613	1,722216
38,727390	1,707092
38,730168	1,672570
38,732946	1,620951
38,735724	1,565387
38,738501	1,527906
38,741279	1,508508
38,744057	1,504891
38,746835	1,494370
38,749612	1,472670
38,752390	1,449327
38,755168	1,438477
38,757946	1,447683
38,760723	1,463793
38,763501	1,469711
38,766279	1,455574
38,769057	1,442751
38,771834	1,441107
38,774612	1,459848
38,777390	1,480232
38,780168	1,486808
38,782945	1,474314
38,785723	1,461163
38,788501	1,461163
38,791279	1,477931
38,794056	1,496671
38,796834	1,500288
38,799612	1,489109
38,802390	1,471355
38,805167	1,471355
38,807945	1,475629
38,810723	1,480890
38,813501	1,458204
38,816278	1,420723
38,819056	1,394749
38,821834	1,441107
38,824612	1,576566
38,827389	1,807042
38,830167	2,132866
38,832945	2,496500
38,835723	2,878545
38,838500	3,187601
38,841278	3,196478
38,844056	3,199766
38,846834	3,198451
38,849611	3,196807
38,852389	3,179711
38,855167	2,901231
38,857945	2,370576
38,860722	1,796521
38,863500	1,320115
38,866278	1,025855
38,869056	0,911110
38,871834	0,943988
38,874611	1,048212
38,877389	1,171506
38,880167	1,265866
38,882945	1,325376
38,885722	1,359569
38,888500	1,386201
38,891278	1,407243
38,894056	1,428285
38,896833	1,432230
38,899611	1,423353
38,902389	1,409544
38,905166	1,413489
38,907944	1,434203
38,910722	1,456231
38,913500	1,468067
38,916277	1,456231
38,919055	1,446368
38,921833	1,444724
38,924611	1,461492
38,927388	1,484835
38,930166	1,497000
38,932944	1,487137
38,935722	1,479904
38,938499	1,487137
38,941277	1,510152
38,944055	1,541386
38,946833	1,553551
38,949610	1,551578
38,952388	1,545660
38,955166	1,551578
38,957944	1,572620
38,960721	1,602211
38,963499	1,615691
38,966277	1,614047
38,969055	1,605827
38,971832	1,609773
38,974610	1,626212
38,977388	1,647911
38,980166	1,658432
38,982943	1,651199
38,985721	1,643308
38,988499	1,649884
38,991277	1,672241
38,994054	1,692955
38,996832	1,702818
38,999610	1,695914
39,002388	1,690653
39,005165	1,708407
39,007943	1,750492
39,010721	1,798165
39,013499	1,828413
39,016276	1,834331
39,019054	1,835975
39,021832	1,852743
39,024610	1,887594
39,027387	1,924418
39,030165	1,946117
39,032943	1,940857
39,035721	1,926719
39,038498	1,922774
39,041276	1,924089
39,044054	1,926719
39,046832	1,912581
39,049609	1,878717
39,052387	1,841893
39,055165	1,817892
39,057943	1,799151
39,060720	1,785014
39,063498	1,756738
39,066276	1,699530
39,069054	1,638377
39,071831	1,584128
39,074609	1,544674
39,077387	1,514754
39,080165	1,479575
39,082942	1,429929
39,085720	1,392776
39,088498	1,376995
39,091276	1,386858
39,094054	1,408887
39,096831	1,418092
39,099609	1,412503
39,102387	1,398037
39,105165	1,398694
39,107942	1,410202
39,110720	1,431573
39,113498	1,434532
39,116276	1,424011
39,119053	1,408887
39,121831	1,411188
39,124609	1,427627
39,127387	1,446697
39,130164	1,450642
39,132942	1,435518
39,135720	1,424668
39,138497	1,424997
39,141275	1,442751
39,144053	1,461163
39,146831	1,465766
39,149608	1,453272
39,152386	1,439463
39,155164	1,438148
39,157942	1,456231
39,160719	1,477273
39,163497	1,484507
39,166275	1,471026
39,169053	1,452943
39,171830	1,452615
39,174608	1,468067
39,177386	1,505220
39,180164	1,544345
39,182941	1,579853
39,185719	1,614047
39,188497	1,661063
39,191275	1,710380
39,194052	1,753451
39,196830	1,773506
39,199608	1,773178
39,202386	1,767259
39,205163	1,774493
39,207941	1,790932
39,210719	1,806713
39,213497	1,803754
39,216274	1,775808
39,219052	1,737998
39,221830	1,711038
39,224608	1,692297
39,227385	1,673228
39,230163	1,642980
39,232941	1,589717
39,235719	1,537112
39,238496	1,503576
39,241274	1,491082
39,244052	1,494370
39,246830	1,487466
39,249607	1,464122
39,252385	1,445381
39,255163	1,445710
39,257941	1,458861
39,260718	1,479904
39,263496	1,483191
39,266274	1,469383
39,269052	1,453601
39,271829	1,452286
39,274607	1,467739
39,277385	1,487794
39,280163	1,494699
39,282940	1,479246
39,285718	1,464780
39,288496	1,464451
39,291274	1,478260
39,294051	1,497658
39,296829	1,505549
39,299607	1,495356
39,302385	1,481547
39,305162	1,474643
39,307940	1,469054
39,310718	1,457875
39,313496	1,437162
39,316274	1,415462
39,319051	1,447354
39,321829	1,563414
39,324607	1,785014
39,327385	2,120372
39,330162	2,497157
39,332940	2,885450
39,335718	3,187601
39,338496	3,198122
39,341273	3,199109
39,344051	3,199437
39,346829	3,196478
39,349607	3,182341
39,352384	2,917670
39,355162	2,385700
39,357940	1,805069
39,360717	1,334582
39,363495	1,050514
39,366273	0,931495
39,369051	0,941029
39,371828	1,034403
39,374606	1,149477
39,377384	1,261263
39,380162	1,338198
39,382939	1,376666
39,385717	1,387187
39,388495	1,397379
39,391273	1,411846
39,394050	1,433216
39,396828	1,438477
39,399606	1,425654
39,402384	1,414147
39,405161	1,416449
39,407939	1,430915
39,410717	1,453272
39,413495	1,463136
39,416272	1,450971
39,419050	1,440121
39,421828	1,439463
39,424606	1,460177
39,427383	1,486808
39,430161	1,502918
39,432939	1,494699
39,435717	1,489438
39,438494	1,495028
39,441272	1,517714
39,444050	1,545660
39,446828	1,561442
39,449605	1,562757
39,452383	1,557496
39,455161	1,564401
39,457939	1,584128
39,460716	1,613060
39,463494	1,624239
39,466272	1,620951
39,469050	1,611417
39,471827	1,614376
39,474605	1,631801
39,477383	1,654816
39,480161	1,661720
39,482938	1,652186
39,485716	1,645610
39,488494	1,651857
39,491272	1,673885
39,494049	1,697229
39,496827	1,709394
39,499605	1,704133
39,502383	1,707421
39,505160	1,735039
39,507938	1,779753
39,510716	1,824139
39,513494	1,848140
39,516271	1,849455
39,519049	1,850770
39,521827	1,868853
39,524605	1,900416
39,527382	1,934610
39,530160	1,947104
39,532938	1,935267
39,535716	1,917842
39,538494	1,910280
39,541271	1,909951
39,544049	1,911595
39,546827	1,894827
39,549605	1,864579
39,552382	1,824796
39,555160	1,792247
39,557938	1,771205
39,560716	1,752464
39,563493	1,713668
39,566271	1,651857
39,569049	1,589717
39,571827	1,533495
39,574604	1,500288
39,577382	1,475958
39,580160	1,447354
39,582937	1,407243
39,585715	1,377323
39,588493	1,369104
39,591271	1,383899
39,594048	1,408558
39,596826	1,418092
39,599604	1,412174
39,602382	1,397379
39,605159	1,400996
39,607937	1,414805
39,610715	1,436504
39,613493	1,439463
39,616270	1,429929
39,619048	1,415133
39,621826	1,411846
39,624604	1,424339
39,627381	1,444395
39,630159	1,452943
39,632937	1,441436
39,635715	1,430257
39,638492	1,428613
39,641270	1,447354
39,644048	1,466752
39,646826	1,474314
39,649603	1,459519
39,652381	1,444066
39,655159	1,441436
39,657937	1,457218
39,660714	1,473985
39,663492	1,475958
39,666270	1,465108
39,669048	1,449327
39,671825	1,454587
39,674603	1,483191
39,677381	1,536783
39,680159	1,586100
39,682936	1,625554
39,685714	1,657117
39,688492	1,696900
39,691270	1,735039
39,694047	1,768903
39,696825	1,786000
39,699603	1,784356
39,702381	1,774493
39,705158	1,775808
39,707936	1,787315
39,710714	1,797836
39,713492	1,789617
39,716269	1,755752
39,719047	1,717613
39,721825	1,683749
39,724603	1,662049
39,727380	1,642980
39,730158	1,611088
39,732936	1,558154
39,735714	1,510480
39,738491	1,483191
39,741269	1,476287
39,744047	1,484507
39,746825	1,478260
39,749602	1,459190
39,752380	1,440778
39,755158	1,440778
39,757936	1,453601
39,760713	1,476945
39,763491	1,482863
39,766269	1,470698
39,769047	1,455902
39,771825	1,455245
39,774602	1,469711
39,777380	1,489109
39,780158	1,496343
39,782936	1,484178
39,785713	1,472013
39,788491	1,468067
39,791269	1,483849
39,794047	1,499630
39,796824	1,504891
39,799602	1,490753
39,802380	1,473985
39,805157	1,451628
39,807935	1,438806
39,810713	1,430586
39,813491	1,424997
39,816268	1,456231
39,819046	1,556181
39,821824	1,757725
39,824602	2,084206
39,827379	2,469868
39,830157	2,876901
39,832935	3,187273
39,835713	3,197136
39,838490	3,200095
39,841268	3,200095
39,844046	3,196150
39,846824	3,184642
39,849601	2,950220
39,852379	2,422523
39,855157	1,829728
39,857935	1,348062
39,860712	1,062021
39,863490	0,952537
39,866268	0,955825
39,869046	1,028157
39,871823	1,127778
39,874601	1,237920
39,877379	1,329321
39,880157	1,386201
39,882934	1,401653
39,885712	1,398694
39,888490	1,401325
39,891268	1,412174
39,894045	1,431573
39,896823	1,435518
39,899601	1,427298
39,902379	1,415462
39,905156	1,420723
39,907934	1,437819
39,910712	1,462807
39,913490	1,470698
39,916267	1,458861
39,919045	1,446368
39,921823	1,448998
39,924601	1,468725
39,927378	1,493712
39,930156	1,508508
39,932934	1,506535
39,935712	1,505877
39,938489	1,514097
39,941267	1,534810
39,944045	1,561113
39,946823	1,572620
39,949600	1,568017
39,952378	1,565387
39,955156	1,574264
39,957934	1,597279
39,960711	1,622595
39,963489	1,633116
39,966267	1,627527
39,969045	1,616348
39,971822	1,617006
39,974600	1,635746
39,977378	1,658432
39,980156	1,667638
39,982933	1,664679
39,985711	1,656789
39,988489	1,663035
39,991267	1,683091
39,994045	1,706763
39,996822	1,720901
39,999600	1,729778
40,002378	1,742601
40,005156	1,772849
40,007933	1,811316
40,010711	1,849455
40,013489	1,870168
40,016267	1,874114
40,019044	1,878717
40,021822	1,895485
40,024600	1,924746
40,027378	1,948747
40,030155	1,954008
40,032933	1,939542
40,035711	1,914225
40,038488	1,898444
40,041266	1,893841
40,044044	1,893512
40,046822	1,878717
40,049599	1,842879
40,052377	1,795535
40,055155	1,760684
40,057933	1,736354
40,060710	1,711038
40,063488	1,668625
40,066266	1,605170
40,069044	1,541057
40,071821	1,493712
40,074599	1,465766
40,077377	1,447683
40,080155	1,427627
40,082932	1,395078
40,085710	1,373049
40,088488	1,372063
40,091266	1,391132
40,094043	1,419736
40,096821	1,429271
40,099599	1,419079
40,102377	1,404284
40,105154	1,404612
40,107932	1,416449
40,110710	1,436504
40,113488	1,440778
40,116265	1,429600
40,119043	1,415462
40,121821	1,415462
40,124599	1,428613
40,127376	1,448340
40,130154	1,453272
40,132932	1,441107
40,135710	1,427956
40,138487	1,425983
40,141265	1,442422
40,144043	1,461492
40,146821	1,469054
40,149598	1,457875
40,152376	1,443409
40,155154	1,439792
40,157932	1,453601
40,160709	1,473985
40,163487	1,480232
40,166265	1,470040
40,169043	1,456231
40,171820	1,467739
40,174598	1,514426
40,177376	1,580840
40,180154	1,634431
40,182931	1,670269
40,185709	1,690653
40,188487	1,716298
40,191265	1,747861
40,194042	1,781068
40,196820	1,796192
40,199598	1,791918
40,202376	1,779424
40,205153	1,775808
40,207931	1,780082
40,210709	1,783370
40,213487	1,768246
40,216265	1,727477
40,219042	1,681118
40,221820	1,645281
40,224598	1,625225
40,227376	1,606156
40,230153	1,573935
40,232931	1,524618
40,235709	1,480890
40,238487	1,465108
40,241264	1,464451
40,244042	1,476945
40,246820	1,477273
40,249598	1,464780
40,252375	1,446368
40,255153	1,444066
40,257931	1,456560
40,260708	1,479246
40,263486	1,484835
40,266264	1,473657
40,269042	1,458861
40,271819	1,458861
40,274597	1,472999
40,277375	1,491740
40,280153	1,497000
40,282930	1,482863
40,285708	1,471684
40,288486	1,470369
40,291264	1,486479
40,294041	1,504891
40,296819	1,512782
40,299597	1,495028
40,302375	1,466423
40,305152	1,435518
40,307930	1,418750
40,310708	1,423024
40,313486	1,465437
40,316263	1,561442
40,319041	1,745560
40,321819	2,049684
40,324597	2,427126
40,327374	2,850599
40,330152	3,187601
40,332930	3,197794
40,335708	3,199109
40,338485	3,199109
40,341263	3,195821
40,344041	3,185957
40,346819	2,979810
40,349596	2,463621
40,352374	1,856360
40,355152	1,350692
40,357930	1,055117
40,360707	0,945961
40,363485	0,970291
40,366263	1,042952
40,369041	1,134682
40,371818	1,227070
40,374596	1,316170
40,377374	1,383242
40,380152	1,419736
40,382929	1,418750
40,385707	1,404612
40,388485	1,403955
40,391263	1,416120
40,394040	1,435847
40,396818	1,444066
40,399596	1,436833
40,402374	1,422695
40,405151	1,431573
40,407929	1,446368
40,410707	1,471684
40,413485	1,475958
40,416262	1,466423
40,419040	1,455574
40,421818	1,462807
40,424596	1,482863
40,427373	1,509165
40,430151	1,525276
40,432929	1,520015
40,435707	1,515412
40,438484	1,521001
40,441262	1,542043
40,444040	1,565387
40,446818	1,583141
40,449596	1,577881
40,452373	1,574593
40,455151	1,583799
40,457929	1,605170
40,460707	1,631801
40,463484	1,643308
40,466262	1,633774
40,469040	1,624897
40,471818	1,629500
40,474595	1,647254
40,477373	1,672570
40,480151	1,681118
40,482928	1,674214
40,485706	1,662707
40,488484	1,667638
40,491262	1,684406
40,494039	1,711366
40,496817	1,734710
40,499595	1,749834
40,502373	1,763972
40,505150	1,789288
40,507928	1,823152
40,510706	1,858661
40,513484	1,880361
40,516261	1,885621
40,519039	1,888909
40,521817	1,902060
40,524595	1,922445
40,527372	1,941843
40,530150	1,946446
40,532928	1,926061
40,535706	1,896800
40,538483	1,877402
40,541261	1,870826
40,544039	1,869511
40,546817	1,854716
40,549594	1,811974
40,552372	1,762656
40,555150	1,723203
40,557928	1,692955
40,560705	1,666652
40,563483	1,620951
40,566261	1,558154
40,569039	1,493384
40,571816	1,451299
40,574594	1,426312
40,577372	1,415791
40,580150	1,403955
40,582927	1,384885
40,585705	1,377652
40,588483	1,381598
40,591261	1,403955
40,594038	1,423682
40,596816	1,433874
40,599594	1,419736
40,602372	1,407243
40,605149	1,405270
40,607927	1,418092
40,610705	1,437491
40,613483	1,445381
40,616260	1,430915
40,619038	1,414147
40,621816	1,415791
40,624594	1,428613
40,627371	1,448340
40,630149	1,452943
40,632927	1,443737
40,635705	1,431573
40,638482	1,434203
40,641260	1,445710
40,644038	1,466095
40,646816	1,469711
40,649593	1,457875
40,652371	1,442422
40,655149	1,438477
40,657927	1,455902
40,660704	1,475301
40,663482	1,483849
40,666260	1,471684
40,669038	1,470040
40,671816	1,498644
40,674593	1,561442
40,677371	1,628513
40,680149	1,681776
40,682927	1,706106
40,685704	1,715312
40,688482	1,731093
40,691260	1,759040
40,694038	1,789617
40,696815	1,802768
40,699593	1,796521
40,702371	1,779424
40,705148	1,769890
40,707926	1,768903
40,710704	1,765944
40,713482	1,744245
40,716259	1,695585
40,719037	1,643966
40,721815	1,609115
40,724593	1,584456
40,727370	1,566045
40,730148	1,540728
40,732926	1,500617
40,735704	1,466752
40,738481	1,454259
40,741259	1,456560
40,744037	1,469383
40,746815	1,474314
40,749592	1,459519
40,752370	1,444724
40,755148	1,444724
40,757926	1,458204
40,760703	1,479575
40,763481	1,485164
40,766259	1,471684
40,769037	1,456231
40,771814	1,458861
40,774592	1,471026
40,777370	1,490425
40,780148	1,495356
40,782925	1,483191
40,785703	1,470698
40,788481	1,472342
40,791259	1,487137
40,794036	1,506864
40,796814	1,507850
40,799592	1,476616
40,802370	1,435189
40,805147	1,406585
40,807925	1,408558
40,810703	1,464780
40,813481	1,572620
40,816258	1,753451
40,819036	2,038505
40,821814	2,399509
40,824592	2,819036
40,827369	3,183656
40,830147	3,197794
40,832925	3,198122
40,835703	3,197794
40,838480	3,196150
40,841258	3,186944
40,844036	3,008415
40,846814	2,516226
40,849591	1,906006
40,852369	1,380611
40,855147	1,056761
40,857925	0,936098
40,860702	0,964373
40,863480	1,053802
40,866258	1,144546
40,869036	1,225755
40,871813	1,300717
40,874591	1,372063
40,877369	1,418421
40,880147	1,433216
40,882924	1,418750
40,885702	1,401653
40,888480	1,401982
40,891258	1,416777
40,894036	1,439463
40,896813	1,450971
40,899591	1,443080
40,902369	1,432230
40,905147	1,438148
40,907924	1,453272
40,910702	1,473985
40,913480	1,482863
40,916258	1,472342
40,919035	1,462807
40,921813	1,468067
40,924591	1,487466
40,927369	1,514097
40,930146	1,532180
40,932924	1,528563
40,935702	1,522316
40,938479	1,526262
40,941257	1,551249
40,944035	1,577223
40,946813	1,592347
40,949590	1,583799
40,952368	1,578867
40,955146	1,585114
40,957924	1,606156
40,960701	1,635746
40,963479	1,649555
40,966257	1,642980
40,969035	1,633445
40,971812	1,639034
40,974590	1,655802
40,977368	1,680461
40,980146	1,685721
40,982923	1,674872
40,985701	1,663364
40,988479	1,669940
40,991257	1,692626
40,994034	1,732409
40,996812	1,766931
40,999590	1,785014
41,002368	1,795864
41,005145	1,814933
41,007923	1,843537
41,010701	1,878059
41,013479	1,901403
41,016256	1,909294
41,019034	1,909294
41,021812	1,914554
41,024590	1,927377
41,027367	1,943816
41,030145	1,941843
41,032923	1,917842
41,035701	1,887265
41,038478	1,868196
41,041256	1,863264
41,044034	1,856688
41,046812	1,828413
41,049589	1,782712
41,052367	1,728463
41,055145	1,688352
41,057923	1,658104
41,060700	1,627527
41,063478	1,577881
41,066256	1,518700
41,069034	1,459519
41,071811	1,422367
41,074589	1,408887
41,077367	1,407900
41,080145	1,406585
41,082922	1,389817
41,085700	1,381926
41,088478	1,386858
41,091256	1,408887
41,094033	1,428285
41,096811	1,437162
41,099589	1,420723
41,102367	1,404284
41,105144	1,405270
41,107922	1,420065
41,110700	1,440450
41,113478	1,444395
41,116255	1,431573
41,119033	1,418750
41,121811	1,423024
41,124589	1,436504
41,127367	1,456889
41,130144	1,458204
41,132922	1,445710
41,135700	1,432888
41,138478	1,436504
41,141255	1,450313
41,144033	1,473657
41,146811	1,478588
41,149589	1,464780
41,152366	1,451957
41,155144	1,448340
41,157922	1,465108
41,160699	1,478917
41,163477	1,484507
41,166255	1,476945
41,169033	1,494699
41,171810	1,539413
41,174588	1,607142
41,177366	1,673556
41,180144	1,719586
41,182921	1,735368
41,185699	1,740299
41,188477	1,754437
41,191255	1,778109
41,194032	1,804083
41,196810	1,810659
41,199588	1,794220
41,202366	1,771205
41,205143	1,755752
41,207921	1,749834
41,210699	1,743587
41,213477	1,718271
41,216254	1,670926
41,219032	1,619965
41,221810	1,580511
41,224588	1,557825
41,227365	1,540728
41,230143	1,521988
41,232921	1,486479
41,235699	1,462478
41,238476	1,450313
41,241254	1,458861
41,244032	1,472013
41,246810	1,475958
41,249587	1,461821
41,252365	1,448340
41,255143	1,448669
41,257921	1,462149
41,260698	1,479904
41,263476	1,485493
41,266254	1,472999
41,269032	1,456560
41,271809	1,459848
41,274587	1,472342
41,277365	1,495028
41,280143	1,498644
41,282920	1,487466
41,285698	1,470040
41,288476	1,470698
41,291254	1,484507
41,294031	1,501274
41,296809	1,491082
41,299587	1,447025
41,302365	1,403955
41,305142	1,387187
41,307920	1,435189
41,310698	1,550263
41,313476	1,748190
41,316253	2,029957
41,319031	2,371233
41,321809	2,773663
41,324587	3,159984
41,327364	3,195821
41,330142	3,198780
41,332920	3,197465
41,335698	3,196150
41,338475	3,187601
41,341253	3,017620
41,344031	2,543187
41,346809	1,949734
41,349587	1,418421
41,352364	1,068926
41,355142	0,922618
41,357920	0,938728
41,360698	1,038020
41,363475	1,144217
41,366253	1,227727
41,369031	1,287895
41,371809	1,341157
41,374586	1,389817
41,377364	1,419736
41,380142	1,429929
41,382919	1,414147
41,385697	1,401325
41,388475	1,400667
41,391253	1,420394
41,394030	1,442751
41,396808	1,453601
41,399586	1,446697
41,402364	1,437162
41,405141	1,439792
41,407919	1,454587
41,410697	1,473985
41,413475	1,483191
41,416252	1,476616
41,419030	1,467739
41,421808	1,474314
41,424586	1,495685
41,427363	1,526591
41,430141	1,540071
41,432919	1,535797
41,435697	1,528235
41,438474	1,539413
41,441252	1,559140
41,444030	1,585443
41,446808	1,598594
41,449585	1,591032
41,452363	1,588073
41,455141	1,598923
41,457919	1,620951
41,460696	1,646596
41,463474	1,658432
41,466252	1,649227
41,469030	1,640349
41,471807	1,642651
41,474585	1,660405
41,477363	1,683749
41,480141	1,693283
41,482918	1,683749
41,485696	1,674872
41,488474	1,682105
41,491252	1,715641
41,494029	1,761013
41,496807	1,795535
41,499585	1,810659
41,502363	1,815262
41,505140	1,828742
41,507918	1,858003
41,510696	1,894827
41,513474	1,916856
41,516251	1,919157
41,519029	1,912581
41,521807	1,914883
41,524585	1,929020
41,527362	1,941514
41,530140	1,934939
41,532918	1,902060
41,535696	1,865894
41,538473	1,841236
41,541251	1,831701
41,544029	1,820851
41,546807	1,791589
41,549584	1,744902
41,552362	1,692297
41,555140	1,647911
41,557918	1,612074
41,560695	1,580511
41,563473	1,538098
41,566251	1,480890
41,569029	1,425326
41,571807	1,397379
41,574584	1,393105
41,577362	1,402968
41,580140	1,407900
41,582918	1,398037
41,585695	1,388502
41,588473	1,391790
41,591251	1,409544
41,594029	1,427627
41,596806	1,434532
41,599584	1,420394
41,602362	1,406914
41,605139	1,409215
41,607917	1,424997
41,610695	1,444724
41,613473	1,449327
41,616250	1,438806
41,619028	1,423024
41,621806	1,423353
41,624584	1,437491
41,627361	1,457875
41,630139	1,462149
41,632917	1,448012
41,635695	1,431573
41,638472	1,430915
41,641250	1,447354
41,644028	1,470040
41,646806	1,476616
41,649583	1,463464
41,652361	1,450971
41,655139	1,450642
41,657917	1,464122
41,660694	1,480890
41,663472	1,496014
41,666250	1,511795
41,669028	1,544016
41,671805	1,590703
41,674583	1,655473
41,677361	1,715641
41,680139	1,748848
41,682916	1,755423
41,685694	1,755752
41,688472	1,766273
41,691250	1,789288
41,694027	1,812303
41,696805	1,814604
41,699583	1,792576
41,702361	1,761013
41,705138	1,741614
41,707916	1,731751
41,710694	1,719586
41,713472	1,687694
41,716249	1,637719
41,719027	1,579853
41,721805	1,539742
41,724583	1,522316
41,727360	1,514754
41,730138	1,501932
41,732916	1,473657
41,735694	1,448340
41,738471	1,441436
41,741249	1,455574
41,744027	1,468725
41,746805	1,471684
41,749582	1,455902
41,752360	1,440450
41,755138	1,440121
41,757916	1,455574
41,760693	1,476616
41,763471	1,483849
41,766249	1,474972
41,769027	1,461492
41,771804	1,463464
41,774582	1,474314
41,777360	1,496671
41,780138	1,503247
41,782915	1,492726
41,785693	1,478588
41,788471	1,476287
41,791249	1,487137
41,794027	1,490096
41,796804	1,470369
41,799582	1,427627
41,802360	1,401982
41,805138	1,426970
41,807915	1,532180
41,810693	1,736354
41,813471	2,027655
41,816249	2,365973
41,819026	2,756238
41,821804	3,136640
41,824582	3,196478
41,827359	3,197465
41,830137	3,198122
41,832915	3,196807
41,835693	3,189245
41,838470	3,041293
41,841248	2,579682
41,844026	1,993133
41,846804	1,464122
41,849581	1,103119
41,852359	0,931495
41,855137	0,928536
41,857915	1,019937
41,860692	1,143888
41,863470	1,246468
41,866248	1,312553
41,869026	1,353651
41,871803	1,383899
41,874581	1,410859
41,877359	1,427956
41,880137	1,433216
41,882914	1,420394
41,885692	1,408887
41,888470	1,409873
41,891248	1,431244
41,894025	1,450971
41,896803	1,462149
41,899581	1,456231
41,902359	1,446039
41,905136	1,447354
41,907914	1,460177
41,910692	1,482205
41,913470	1,488452
41,916247	1,484835
41,919025	1,474972
41,921803	1,486479
41,924581	1,510152
41,927358	1,538427
41,930136	1,549277
41,932914	1,542372
41,935692	1,535139
41,938469	1,546975
41,941247	1,567360
41,944025	1,596621
41,946803	1,609444
41,949580	1,601224
41,952358	1,595964
41,955136	1,603526
41,957914	1,626869
41,960691	1,649884
41,963469	1,663035
41,966247	1,652843
41,969025	1,644952
41,971802	1,648898
41,974580	1,669940
41,977358	1,690982
41,980136	1,699530
41,982913	1,690653
41,985691	1,684406
41,988469	1,703804
41,991247	1,743587
41,994024	1,795535
41,996802	1,829399
41,999580	1,834989
42,002358	1,836633
42,005135	1,854058
42,007913	1,884635
42,010691	1,919486
42,013469	1,937898
42,016246	1,933952
42,019024	1,921130
42,021802	1,919815
42,024580	1,928363
42,027358	1,936254
42,030135	1,922116
42,032913	1,886279
42,035691	1,849455
42,038469	1,824796
42,041246	1,808357
42,044024	1,794220
42,046802	1,765944
42,049580	1,714983
42,052357	1,656131
42,055135	1,602211
42,057913	1,564401
42,060690	1,533495
42,063468	1,494370
42,066246	1,447354
42,069024	1,403626
42,071801	1,386858
42,074579	1,390475
42,077357	1,412832
42,080135	1,419736
42,082912	1,412832
42,085690	1,399352
42,088468	1,400009
42,091246	1,413161
42,094023	1,431244
42,096801	1,437162
42,099579	1,425654
42,102357	1,413818
42,105134	1,411188
42,107912	1,426641
42,110690	1,444395
42,113468	1,453930
42,116245	1,441765
42,119023	1,428613
42,121801	1,425326
42,124579	1,437819
42,127356	1,456560
42,130134	1,464122
42,132912	1,452615
42,135690	1,436504
42,138467	1,437491
42,141245	1,450313
42,144023	1,472013
42,146801	1,475301
42,149578	1,463793
42,152356	1,448998
42,155134	1,452615
42,157912	1,466095
42,160689	1,492397
42,163467	1,525933
42,166245	1,559140
42,169023	1,596293
42,171800	1,643966
42,174578	1,698544
42,177356	1,746546
42,180134	1,774493
42,182911	1,775479
42,185689	1,770218
42,188467	1,776794
42,191245	1,792247
42,194022	1,806713
42,196800	1,804412
42,199578	1,779753
42,202356	1,746217
42,205133	1,722545
42,207911	1,706106
42,210689	1,688352
42,213467	1,655145
42,216244	1,602539
42,219022	1,550263
42,221800	1,516070
42,224578	1,501603
42,227355	1,499959
42,230133	1,490096
42,232911	1,467410
42,235689	1,443409
42,238466	1,438806
42,241244	1,451957
42,244022	1,466423
42,246800	1,470698
42,249578	1,457546
42,252355	1,445710
42,255133	1,450313
42,257911	1,467081
42,260689	1,484178
42,263466	1,490096
42,266244	1,476945
42,269022	1,463464
42,271800	1,462807
42,274577	1,477602
42,277355	1,498315
42,280133	1,502261
42,282910	1,488781
42,285688	1,474643
42,288466	1,472999
42,291244	1,474972
42,294021	1,471026
42,296799	1,447354
42,299577	1,417764
42,302355	1,427627
42,305132	1,511138
42,307910	1,706435
42,310688	2,002668
42,313466	2,356438
42,316243	2,750649
42,319021	3,119872
42,321799	3,194506
42,324577	3,197136
42,327354	3,198780
42,330132	3,198451
42,332910	3,189903
42,335688	3,058061
42,338465	2,603025
42,341243	2,012531
42,344021	1,490753
42,346799	1,130408
42,349576	0,949249
42,352354	0,921631
42,355132	0,995936
42,357910	1,114298
42,360687	1,232330
42,363465	1,314855
42,366243	1,361542
42,369021	1,379954
42,371798	1,392447
42,374576	1,409544
42,377354	1,428613
42,380132	1,436833
42,382909	1,424668
42,385687	1,413161
42,388465	1,415133
42,391243	1,435518
42,394020	1,458533
42,396798	1,468396
42,399576	1,457546
42,402354	1,443737
42,405131	1,444395
42,407909	1,460505
42,410687	1,484507
42,413465	1,493712
42,416242	1,490096
42,419020	1,483849
42,421798	1,496343
42,424576	1,521330
42,427353	1,549605
42,430131	1,560126
42,432909	1,557167
42,435687	1,548619
42,438464	1,557496
42,441242	1,582155
42,444020	1,609773
42,446798	1,621938
42,449575	1,616677
42,452353	1,609115
42,455131	1,613389
42,457909	1,632787
42,460686	1,656789
42,463464	1,668296
42,466242	1,657775
42,469020	1,647583
42,471798	1,652514
42,474575	1,670926
42,477353	1,692955
42,480131	1,703476
42,482909	1,699201
42,485686	1,704462
42,488464	1,731093
42,491242	1,772849
42,494020	1,815919
42,496797	1,838276
42,499575	1,841893
42,502353	1,844852
42,505130	1,864908
42,507908	1,897786
42,510686	1,932966
42,513464	1,950391
42,516241	1,940528
42,519019	1,926390
42,521797	1,919486
42,524575	1,918171
42,527352	1,918171
42,530130	1,901732
42,532908	1,866552
42,535686	1,826112
42,538463	1,794877
42,541241	1,777780
42,544019	1,760684
42,546797	1,727806
42,549574	1,672570
42,552352	1,607471
42,555130	1,552236
42,557908	1,515083
42,560685	1,490096
42,563463	1,456231
42,566241	1,418421
42,569019	1,381926
42,571796	1,374364
42,574574	1,386201
42,577352	1,410859
42,580130	1,419736
42,582907	1,413489
42,585685	1,399681
42,588463	1,399681
42,591241	1,413161
42,594018	1,429600
42,596796	1,436504
42,599574	1,423024
42,602352	1,412174
42,605129	1,411846
42,607907	1,429929
42,610685	1,448012
42,613463	1,456889
42,616240	1,441436
42,619018	1,427627
42,621796	1,427298
42,624574	1,443737
42,627351	1,460177
42,630129	1,460505
42,632907	1,447354
42,635685	1,432230
42,638462	1,436833
42,641240	1,448998
42,644018	1,468067
42,646796	1,472013
42,649573	1,460834
42,652351	1,445710
42,655129	1,448998
42,657907	1,468396
42,660684	1,515412
42,663462	1,562428
42,666240	1,598265
42,669018	1,634760
42,671795	1,677173
42,674573	1,722216
42,677351	1,762656
42,680129	1,781068
42,682906	1,775150
42,685684	1,769232
42,688462	1,771862
42,691240	1,784356
42,694018	1,795535
42,696795	1,787644
42,699573	1,758382
42,702351	1,718600
42,705129	1,687365
42,707906	1,667310
42,710684	1,651528
42,713462	1,616019
42,716240	1,568346
42,719017	1,518371
42,721795	1,489767
42,724573	1,478588
42,727350	1,483849
42,730128	1,474643
42,732906	1,458861
42,735684	1,440778
42,738461	1,438477
42,741239	1,452615
42,744017	1,470040
42,746795	1,475629
42,749572	1,460834
42,752350	1,445710
42,755128	1,446368
42,757906	1,464780
42,760683	1,484507
42,763461	1,491082
42,766239	1,479575
42,769017	1,466423
42,771794	1,465108
42,774572	1,479246
42,777350	1,497658
42,780128	1,504562
42,782905	1,493384
42,785683	1,472670
42,788461	1,459519
42,791239	1,448669
42,794016	1,440778
42,796794	1,427627
42,799572	1,437491
42,802350	1,503576
42,805127	1,684406
42,807905	1,966173
42,810683	2,328491
42,813461	2,738155
42,816238	3,111652
42,819016	3,193848
42,821794	3,197794
42,824572	3,197794
42,827349	3,197794
42,830127	3,192204
42,832905	3,075157
42,835683	2,622095
42,838460	2,023710
42,841238	1,494699
42,844016	1,139943
42,846794	0,968976
42,849571	0,936098
42,852349	0,992648
42,855127	1,098516
42,857905	1,210960
42,860682	1,310909
42,863460	1,372063
42,866238	1,393763
42,869016	1,392776
42,871793	1,395735
42,874571	1,408229
42,877349	1,432559
42,880127	1,437819
42,882904	1,429271
42,885682	1,419408
42,888460	1,420723
42,891238	1,440450
42,894015	1,462478
42,896793	1,469383
42,899571	1,454587
42,902349	1,441436
42,905126	1,443737
42,907904	1,467739
42,910682	1,493384
42,913460	1,507521
42,916237	1,503247
42,919015	1,496671
42,921793	1,501932
42,924571	1,522974
42,927349	1,547962
42,930126	1,564401
42,932904	1,563086
42,935682	1,553880
42,938460	1,563086
42,941237	1,585443
42,944015	1,611088
42,946793	1,626212
42,949571	1,623253
42,952348	1,613060
42,955126	1,617006
42,957904	1,634760
42,960681	1,660734
42,963459	1,672899
42,966237	1,665666
42,969015	1,655145
42,971792	1,658761
42,974570	1,677502
42,977348	1,699530
42,980126	1,713010
42,982903	1,715312
42,985681	1,725504
42,988459	1,757067
42,991237	1,798823
42,994014	1,836633
42,996792	1,858332
42,999570	1,861620
43,002348	1,863922
43,005125	1,879703
43,007903	1,907978
43,010681	1,939542
43,013459	1,951378
43,016236	1,938226
43,019014	1,916527
43,021792	1,901403
43,024570	1,896800
43,027347	1,896142
43,030125	1,880361
43,032903	1,844523
43,035681	1,800795
43,038458	1,766602
43,041236	1,744245
43,044014	1,725504
43,046792	1,687694
43,049569	1,624239
43,052347	1,557167
43,055125	1,507192
43,057903	1,473985
43,060680	1,453601
43,063458	1,426641
43,066236	1,396393
43,069014	1,374693
43,071791	1,373707
43,074569	1,392776
43,077347	1,416120
43,080125	1,425654
43,082902	1,416777
43,085680	1,401982
43,088458	1,402968
43,091236	1,417764
43,094013	1,435518
43,096791	1,441436
43,099569	1,429271
43,102347	1,417435
43,105124	1,418750
43,107902	1,435847
43,110680	1,452615
43,113458	1,457546
43,116235	1,444066
43,119013	1,429929
43,121791	1,428613
43,124569	1,444066
43,127346	1,463793
43,130124	1,468396
43,132902	1,457218
43,135680	1,443080
43,138457	1,443409
43,141235	1,455245
43,144013	1,476287
43,146791	1,481876
43,149569	1,470698
43,152346	1,455902
43,155124	1,464451
43,157902	1,505220
43,160680	1,567688
43,163457	1,622924
43,166235	1,660076
43,169013	1,688352
43,171791	1,716298
43,174568	1,748848
43,177346	1,779096
43,180124	1,793562
43,182901	1,788302
43,185679	1,777123
43,188457	1,773835
43,191235	1,781068
43,194012	1,786986
43,196790	1,776465
43,199568	1,739971
43,202346	1,696242
43,205123	1,660076
43,207901	1,635418
43,210679	1,616019
43,213457	1,583141
43,216234	1,537769
43,219012	1,494041
43,221790	1,475629
43,224568	1,474643
43,227345	1,486479
43,230123	1,481547
43,232901	1,467081
43,235679	1,447354
43,238456	1,441107
43,241234	1,455245
43,244012	1,473328
43,246790	1,479575
43,249567	1,469383
43,252345	1,455574
43,255123	1,454259
43,257901	1,471355
43,260678	1,487794
43,263456	1,494370
43,266234	1,482863
43,269012	1,468725
43,271789	1,470040
43,274567	1,484835
43,277345	1,503247
43,280123	1,508836
43,282900	1,497987
43,285678	1,468396
43,288456	1,444724
43,291234	1,426312
43,294011	1,427298
43,296789	1,447683
43,299567	1,509823
43,302345	1,667638
43,305122	1,928363
43,307900	2,282462
43,310678	2,707578
43,313456	3,101789
43,316233	3,195492
43,319011	3,197794
43,321789	3,199437
43,324567	3,197794
43,327344	3,193191
43,330122	3,105077
43,332900	2,669768
43,335678	2,060205
43,338455	1,510480
43,341233	1,139614
43,344011	0,968647
43,346789	0,948591
43,349566	1,002840
43,352344	1,090296
43,355122	1,190575
43,357900	1,280333
43,360677	1,362199
43,363455	1,401982
43,366233	1,408558
43,369011	1,397379
43,371789	1,398694
43,374566	1,411188
43,377344	1,434203
43,380122	1,439135
43,382900	1,431573
43,385677	1,421051
43,388455	1,424997
43,391233	1,446368
43,394011	1,466095
43,396788	1,473657
43,399566	1,459848
43,402344	1,449327
43,405121	1,452286
43,407899	1,476287
43,410677	1,499959
43,413455	1,516070
43,416232	1,510809
43,419010	1,504891
43,421788	1,512782
43,424566	1,536454
43,427343	1,564072
43,430121	1,576566
43,432899	1,572291
43,435677	1,564401
43,438454	1,574922
43,441232	1,596621
43,444010	1,627527
43,446788	1,640349
43,449565	1,637062
43,452343	1,626869
43,455121	1,632130
43,457899	1,647911
43,460676	1,668625
43,463454	1,677173
43,466232	1,667967
43,469010	1,656460
43,471787	1,662378
43,474565	1,683420
43,477343	1,710380
43,480121	1,730765
43,482898	1,741286
43,485676	1,756738
43,488454	1,785014
43,491232	1,819865
43,494009	1,852743
43,496787	1,873127
43,499565	1,875100
43,502343	1,876415
43,505120	1,891539
43,507898	1,917513
43,510676	1,942172
43,513454	1,946775
43,516231	1,927377
43,519009	1,903047
43,521787	1,886608
43,524565	1,879046
43,527342	1,875758
43,530120	1,856031
43,532898	1,818878
43,535676	1,774493
43,538453	1,740299
43,541231	1,716956
43,544009	1,692626
43,546787	1,645281
43,549564	1,579525
43,552342	1,516070
43,555120	1,467081
43,557898	1,444395
43,560675	1,429929
43,563453	1,413161
43,566231	1,390146
43,569009	1,376337
43,571786	1,378310
43,574564	1,396064
43,577342	1,418750
43,580120	1,425654
43,582897	1,413161
43,585675	1,399023
43,588453	1,400996
43,591231	1,415133
43,594008	1,435189
43,596786	1,439135
43,599564	1,429600
43,602342	1,414805
43,605120	1,415462
43,607897	1,430586
43,610675	1,454259
43,613453	1,458204
43,616231	1,445053
43,619008	1,433874
43,621786	1,432230
43,624564	1,449656
43,627341	1,467410
43,630119	1,475629
43,632897	1,462478
43,635675	1,452286
43,638452	1,452615
43,641230	1,465108
43,644008	1,483191
43,646786	1,489109
43,649563	1,475958
43,652341	1,464451
43,655119	1,487794
43,657897	1,543359
43,660674	1,612074
43,663452	1,669282
43,666230	1,700188
43,669008	1,715969
43,671785	1,735039
43,674563	1,761013
43,677341	1,788959
43,680119	1,804412
43,682896	1,798165
43,685674	1,785014
43,688452	1,779424
43,691230	1,780740
43,694007	1,780082
43,696785	1,758711
43,699563	1,711038
43,702341	1,661391
43,705118	1,624897
43,707896	1,602539
43,710674	1,584785
43,713452	1,557167
43,716229	1,514426
43,719007	1,481219
43,721785	1,465437
43,724563	1,466423
43,727340	1,475301
43,730118	1,476287
43,732896	1,462149
43,735674	1,445053
43,738451	1,443737
43,741229	1,457546
43,744007	1,476616
43,746785	1,479904
43,749562	1,470369
43,752340	1,456560
43,755118	1,457875
43,757896	1,474643
43,760673	1,493712
43,763451	1,499630
43,766229	1,487466
43,769007	1,472013
43,771784	1,469711
43,774562	1,486479
43,777340	1,506864
43,780118	1,514426
43,782895	1,489438
43,785673	1,450642
43,788451	1,419736
43,791229	1,411188
43,794006	1,441436
43,796784	1,517056
43,799562	1,673556
43,802340	1,913239
43,805117	2,251885
43,807895	2,669111
43,810673	3,073842
43,813451	3,194506
43,816228	3,198122
43,819006	3,199109
43,821784	3,197794
43,824562	3,193519
43,827340	3,125790
43,830117	2,723031
43,832895	2,119057
43,835673	1,550921
43,838451	1,152436
43,841228	0,967661
43,844006	0,948920
43,846784	1,017964
43,849562	1,103119
43,852339	1,186301
43,855117	1,266853
43,857895	1,342801
43,860672	1,401653
43,863450	1,424668
43,866228	1,419079
43,869006	1,405928
43,871783	1,406256
43,874561	1,418750
43,877339	1,439792
43,880117	1,449327
43,882894	1,441436
43,885672	1,430257
43,888450	1,434203
43,891228	1,448669
43,894005	1,469054
43,896783	1,474314
43,899561	1,465766
43,902339	1,456889
43,905116	1,458861
43,907894	1,481876
43,910672	1,509823
43,913450	1,527906
43,916227	1,526591
43,919005	1,518042
43,921783	1,523960
43,924561	1,546646
43,927338	1,575908
43,930116	1,590703
43,932894	1,591032
43,935672	1,583799
43,938449	1,590374
43,941227	1,610759
43,944005	1,638048
43,946783	1,649227
43,949560	1,641007
43,952338	1,627856
43,955116	1,630486
43,957894	1,650213
43,960671	1,673885
43,963449	1,684735
43,966227	1,678159
43,969005	1,666981
43,971782	1,671913
43,974560	1,693612
43,977338	1,726819
43,980116	1,756410
43,982893	1,775150
43,985671	1,786986
43,988449	1,804741
43,991227	1,835646
43,994004	1,870497
43,996782	1,895485
43,999560	1,902718
44,002338	1,905348
44,005115	1,914225
44,007893	1,930336
44,010671	1,950720
44,013449	1,951378
44,016226	1,925404
44,019004	1,891868
44,021782	1,870826
44,024560	1,865565
44,027337	1,861620
44,030115	1,837948
44,032893	1,792904
44,035671	1,740299
44,038448	1,702161
44,041226	1,671913
44,044004	1,641336
44,046782	1,596950
44,049560	1,533166
44,052337	1,475958
44,055115	1,435518
44,057893	1,417764
44,060671	1,414476
44,063448	1,406585
44,066226	1,391461
44,069004	1,380282
44,071782	1,383899
44,074559	1,400996
44,077337	1,422367
44,080115	1,428613
44,082892	1,420065
44,085670	1,401982
44,088448	1,402968
44,091226	1,416777
44,094003	1,439792
44,096781	1,444066
44,099559	1,432559
44,102337	1,417106
44,105114	1,414476
44,107892	1,429929
44,110670	1,449327
44,113448	1,453272
44,116225	1,443409
44,119003	1,433216
44,121781	1,434532
44,124559	1,451628
44,127336	1,468396
44,130114	1,475629
44,132892	1,458204
44,135670	1,444395
44,138447	1,442422
44,141225	1,461492
44,144003	1,479904
44,146781	1,486808
44,149558	1,477602
44,152336	1,487794
44,155114	1,530536
44,157892	1,592347
44,160669	1,660734
44,163447	1,705777
44,166225	1,721887
44,169003	1,727148
44,171780	1,741943
44,174558	1,766273
44,177336	1,797179
44,180114	1,807371
44,182891	1,794548
44,185669	1,772520
44,188447	1,761013
44,191225	1,758382
44,194002	1,753451
44,196780	1,725504
44,199558	1,678817
44,202336	1,629171
44,205113	1,590046
44,207891	1,570319
44,210669	1,551249
44,213447	1,528563
44,216224	1,490425
44,219002	1,462807
44,221780	1,452286
44,224558	1,458204
44,227335	1,474643
44,230113	1,475958
44,232891	1,463464
44,235669	1,446697
44,238446	1,448340
44,241224	1,460834
44,244002	1,486479
44,246780	1,491740
44,249557	1,480232
44,252335	1,463464
44,255113	1,461492
44,257891	1,476616
44,260668	1,493712
44,263446	1,498315
44,266224	1,487794
44,269002	1,473985
44,271780	1,470040
44,274557	1,488452
44,277335	1,505549
44,280113	1,503247
44,282891	1,467410
44,285668	1,424011
44,288446	1,399352
44,291224	1,423682
44,294002	1,508836
44,296779	1,676844
44,299557	1,909622
44,302335	2,227555
44,305112	2,627684
44,307890	3,035375
44,310668	3,195492
44,313446	3,198780
44,316223	3,199437
44,319001	3,199109
44,321779	3,192862
44,324557	3,136640
44,327334	2,754923
44,330112	2,165086
44,332890	1,593662
44,335668	1,167232
44,338445	0,956482
44,341223	0,929522
44,344001	1,004484
44,346779	1,111010
44,349556	1,194520
44,352334	1,265537
44,355112	1,328006
44,357890	1,380611
44,360667	1,416449
44,363445	1,427627
44,366223	1,411517
44,369001	1,400667
44,371778	1,401982
44,374556	1,416449
44,377334	1,440450
44,380112	1,447683
44,382889	1,438806
44,385667	1,429600
44,388445	1,437819
44,391223	1,451957
44,394000	1,474643
44,396778	1,479575
44,399556	1,471684
44,402334	1,462478
44,405111	1,471026
44,407889	1,494370
44,410667	1,522645
44,413445	1,535139
44,416222	1,528235
44,419000	1,522645
44,421778	1,529221
44,424556	1,558811
44,427333	1,585771
44,430111	1,600238
44,432889	1,594977
44,435667	1,587087
44,438444	1,593333
44,441222	1,615691
44,444000	1,640021
44,446778	1,648898
44,449555	1,642651
44,452333	1,633116
44,455111	1,636733
44,457889	1,656789
44,460666	1,680132
44,463444	1,689667
44,466222	1,683091
44,469000	1,672241
44,471777	1,681118
44,474555	1,710709
44,477333	1,753122
44,480111	1,787315
44,482888	1,802439
44,485666	1,807700
44,488444	1,824468
44,491222	1,854058
44,493999	1,890882
44,496777	1,917184
44,499555	1,919157
44,502333	1,914554
44,505111	1,917184
44,507888	1,931322
44,510666	1,944473
44,513444	1,936582
44,516222	1,906663
44,518999	1,872470
44,521777	1,853729
44,524555	1,847154
44,527332	1,839920
44,530110	1,809672
44,532888	1,758054
44,535666	1,705120
44,538443	1,664679
44,541221	1,630157
44,543999	1,598594
44,546777	1,551249
44,549554	1,490425
44,552332	1,437819
44,555110	1,406585
44,557888	1,399023
44,560665	1,404284
44,563443	1,406256
44,566221	1,393434
44,568999	1,386529
44,571776	1,390146
44,574554	1,408558
44,577332	1,428942
44,580110	1,432888
44,582887	1,417764
44,585665	1,403626
44,588443	1,403297
44,591221	1,419736
44,593998	1,442422
44,596776	1,447683
44,599554	1,435189
44,602332	1,422695
44,605109	1,424668
44,607887	1,440121
44,610665	1,455574
44,613443	1,455245
44,616220	1,442094
44,618998	1,428285
44,621776	1,429271
44,624554	1,447025
44,627331	1,466752
44,630109	1,472999
44,632887	1,462478
44,635665	1,451957
44,638442	1,454259
44,641220	1,472013
44,643998	1,490753
44,646776	1,496343
44,649553	1,505220
44,652331	1,529550
44,655109	1,579853
44,657887	1,644295
44,660664	1,703147
44,663442	1,737011
44,666220	1,742272
44,668998	1,740628
44,671775	1,754108
44,674553	1,779753
44,677331	1,807042
44,680109	1,812960
44,682886	1,795864
44,685664	1,766273
44,688442	1,747204
44,691220	1,736354
44,693997	1,725175
44,696775	1,696242
44,699553	1,647911
44,702331	1,598594
44,705108	1,561113
44,707886	1,537440
44,710664	1,524618
44,713442	1,505877
44,716219	1,474643
44,718997	1,451957
44,721775	1,444395
44,724553	1,454587
44,727331	1,472670
44,730108	1,476945
44,732886	1,464451
44,735664	1,451299
44,738442	1,452615
44,741219	1,462478
44,743997	1,485822
44,746775	1,488123
44,749553	1,476287
44,752330	1,461163
44,755108	1,461821
44,757886	1,474972
44,760663	1,493055
44,763441	1,497329
44,766219	1,484835
44,768997	1,473985
44,771774	1,477273
44,774552	1,495685
44,777330	1,503247
44,780108	1,484835
44,782885	1,439792
44,785663	1,407243
44,788441	1,413489
44,791219	1,492726
44,793996	1,664351
44,796774	1,906992
44,799552	2,223939
44,802330	2,607628
44,805107	2,999866
44,807885	3,196478
44,810663	3,198451
44,813441	3,199766
44,816218	3,198780
44,818996	3,193848
44,821774	3,146503
44,824552	2,780897
44,827329	2,210787
44,830107	1,647583
44,832885	1,210302
44,835663	0,969962
44,838440	0,917028
44,841218	0,988374
44,843996	1,106736
44,846774	1,213919
44,849551	1,279018
44,852329	1,329979
44,855107	1,365816
44,857885	1,400996
44,860662	1,423353
44,863440	1,430257
44,866218	1,418421
44,868996	1,404612
44,871773	1,408558
44,874551	1,424997
44,877329	1,446697
44,880107	1,450971
44,882884	1,443080
44,885662	1,429271
44,888440	1,435518
44,891218	1,452286
44,893995	1,479904
44,896773	1,486150
44,899551	1,478260
44,902329	1,466752
44,905106	1,472999
44,907884	1,496671
44,910662	1,525276
44,913440	1,541715
44,916217	1,536454
44,918995	1,535468
44,921773	1,543687
44,924551	1,566373
44,927328	1,593005
44,930106	1,607142
44,932884	1,597936
44,935662	1,593005
44,938439	1,599252
44,941217	1,620622
44,943995	1,645281
44,946773	1,654487
44,949551	1,645281
44,952328	1,635746
44,955106	1,642651
44,957884	1,661063
44,960662	1,684406
44,963439	1,690653
44,966217	1,683749
44,968995	1,675529
44,971773	1,687037
44,974550	1,720901
44,977328	1,769890
44,980106	1,804083
44,982883	1,815919
44,985661	1,820851
44,988439	1,836304
44,991217	1,867538
44,993994	1,904362
44,996772	1,923760
44,999550	1,919815
45,002328	1,909622
45,005105	1,911595
45,007883	1,923431
45,010661	1,930007
45,013439	1,919157
45,016216	1,890882
45,018994	1,858661
45,021772	1,836304
45,024550	1,823810
45,027327	1,807371
45,030105	1,775150
45,032883	1,723203
45,035661	1,664022
45,038438	1,617335
45,041216	1,581497
45,043994	1,552564
45,046772	1,508836
45,049549	1,454916
45,052327	1,405270
45,055105	1,383899
45,057883	1,386529
45,060660	1,401325
45,063438	1,407571
45,066216	1,397379
45,068994	1,390804
45,071771	1,393105
45,074549	1,412174
45,077327	1,427298
45,080105	1,432230
45,082882	1,416449
45,085660	1,407571
45,088438	1,407571
45,091216	1,423682
45,093993	1,442094
45,096771	1,444724
45,099549	1,431573
45,102327	1,419079
45,105104	1,421709
45,107882	1,439463
45,110660	1,462149
45,113438	1,465766
45,116215	1,453272
45,118993	1,437819
45,121771	1,438806
45,124549	1,452943
45,127326	1,472670
45,130104	1,477273
45,132882	1,465108
45,135660	1,452286
45,138437	1,454587
45,141215	1,472999
45,143993	1,492397
45,146771	1,516727
45,149548	1,538756
45,152326	1,570976
45,155104	1,620294
45,157882	1,681776
45,160659	1,731422
45,163437	1,757396
45,166215	1,759697
45,168993	1,756738
45,171770	1,766931
45,174548	1,787973
45,177326	1,807700
45,180104	1,803097
45,182882	1,777780
45,185659	1,749834
45,188437	1,728463
45,191215	1,713339
45,193993	1,696900
45,196770	1,664022
45,199548	1,612403
45,202326	1,559140
45,205103	1,523960
45,207881	1,508508
45,210659	1,501932
45,213437	1,487466
45,216214	1,462478
45,218992	1,442751
45,221770	1,442094
45,224548	1,457875
45,227325	1,474643
45,230103	1,477931
45,232881	1,461821
45,235659	1,449984
45,238436	1,449984
45,241214	1,464122
45,243992	1,485164
45,246770	1,488452
45,249547	1,475301
45,252325	1,463464
45,255103	1,464122
45,257881	1,477273
45,260658	1,497658
45,263436	1,501603
45,266214	1,490425
45,268992	1,476287
45,271769	1,478260
45,274547	1,486150
45,277325	1,482863
45,280103	1,454916
45,282880	1,419079
45,285658	1,407243
45,288436	1,466423
45,291214	1,631472
45,293991	1,880689
45,296769	2,216705
45,299547	2,596778
45,302325	2,976851
45,305102	3,193848
45,307880	3,197794
45,310658	3,198451
45,313436	3,198122
45,316213	3,193519
45,318991	3,155052
45,321769	2,797993
45,324547	2,233144
45,327324	1,678159
45,330102	1,239235
45,332880	0,988045
45,335658	0,906836
45,338435	0,957797
45,341213	1,073529
45,343991	1,194849
45,346769	1,286908
45,349546	1,339185
45,352324	1,367789
45,355102	1,387187
45,357880	1,409544
45,360657	1,427627
45,363435	1,431244
45,366213	1,413489
45,368991	1,401325
45,371768	1,411846
45,374546	1,429271
45,377324	1,453601
45,380102	1,464122
45,382879	1,454587
45,385657	1,442094
45,388435	1,444724
45,391213	1,460177
45,393990	1,482205
45,396768	1,490753
45,399546	1,482205
45,402324	1,477273
45,405102	1,489767
45,407879	1,514097
45,410657	1,542043
45,413435	1,552564
45,416213	1,547962
45,418990	1,544674
45,421768	1,554208
45,424546	1,579196
45,427323	1,605827
45,430101	1,614704
45,432879	1,607142
45,435657	1,599580
45,438434	1,608786
45,441212	1,633445
45,443990	1,659090
45,446768	1,665008
45,449545	1,656131
45,452323	1,646596
45,455101	1,652843
45,457879	1,673228
45,460656	1,696571
45,463434	1,702818
45,466212	1,694599
45,468990	1,692626
45,471767	1,713997
45,474545	1,760355
45,477323	1,809672
45,480101	1,835975
45,482878	1,842879
45,485656	1,845181
45,488434	1,863593
45,491212	1,897457
45,493989	1,931322
45,496767	1,946117
45,499545	1,937569
45,502323	1,923102
45,505100	1,919815
45,507878	1,922116
45,510656	1,924089
45,513434	1,909951
45,516211	1,876415
45,518989	1,842222
45,521767	1,817563
45,524545	1,800466
45,527322	1,780082
45,530100	1,746217
45,532878	1,690324
45,535656	1,625554
45,538433	1,575908
45,541211	1,539413
45,543989	1,512453
45,546767	1,476945
45,549544	1,429600
45,552322	1,389817
45,555100	1,376337
45,557878	1,387516
45,560655	1,410530
45,563433	1,421051
45,566211	1,409873
45,568989	1,401325
45,571766	1,401325
45,574544	1,420394
45,577322	1,438477
45,580100	1,442094
45,582877	1,426641
45,585655	1,412174
45,588433	1,410530
45,591211	1,424339
45,593988	1,443737
45,596766	1,447683
45,599544	1,437819
45,602322	1,426312
45,605099	1,431573
45,607877	1,448012
45,610655	1,469383
45,613433	1,469383
45,616210	1,457546
45,618988	1,443080
45,621766	1,444724
45,624544	1,461492
45,627322	1,481547
45,630099	1,482863
45,632877	1,472342
45,635655	1,461163
45,638433	1,460505
45,641210	1,477273
45,643988	1,510809
45,646766	1,552236
45,649544	1,584128
45,652321	1,622595
45,655099	1,667967
45,657877	1,718271
45,660654	1,758711
45,663432	1,778109
45,666210	1,777452
45,668988	1,773178
45,671765	1,778109
45,674543	1,793233
45,677321	1,805727
45,680099	1,799151
45,682876	1,769232
45,685654	1,731093
45,688432	1,705448
45,691210	1,689667
45,693987	1,674543
45,696765	1,637390
45,699543	1,583799
45,702321	1,529221
45,705098	1,498973
45,707876	1,492726
45,710654	1,494370
45,713432	1,491740
45,716209	1,467410
45,718987	1,451628
45,721765	1,448012
45,724543	1,462807
45,727320	1,474314
45,730098	1,480890
45,732876	1,466423
45,735654	1,455902
45,738431	1,459519
45,741209	1,475629
45,743987	1,493712
45,746765	1,496014
45,749542	1,482205
45,752320	1,468067
45,755098	1,472670
45,757876	1,487137
45,760653	1,510480
45,763431	1,511795
45,766209	1,499302
45,768987	1,482863
45,771764	1,475958
45,774542	1,468725
45,777320	1,453930
45,780098	1,430586
45,782875	1,420065
45,785653	1,467410
45,788431	1,610101
45,791209	1,852743
45,793986	2,197307
45,796764	2,588887
45,799542	2,967974
45,802320	3,191547
45,805097	3,197465
45,807875	3,198122
45,810653	3,197794
45,813431	3,194177
45,816208	3,165573
45,818986	2,824954
45,821764	2,260105
45,824542	1,698873
45,827319	1,265537
45,830097	1,018622
45,832875	0,934454
45,835653	0,962071
45,838430	1,062350
45,841208	1,175451
45,843986	1,280661
45,846764	1,345103
45,849542	1,375022
45,852319	1,385214
45,855097	1,394420
45,857875	1,409873
45,860653	1,425654
45,863430	1,429600
45,866208	1,416777
45,868986	1,409873
45,871764	1,416120
45,874541	1,437819
45,877319	1,460834
45,880097	1,468396
45,882874	1,453601
45,885652	1,439792
45,888430	1,443409
45,891208	1,461492
45,893985	1,487794
45,896763	1,499302
45,899541	1,494041
45,902319	1,489438
45,905096	1,501932
45,907874	1,524618
45,910652	1,550921
45,913430	1,560784
45,916207	1,556181
45,918985	1,551249
45,921763	1,562757
45,924541	1,584456
45,927318	1,612074
45,930096	1,620951
45,932874	1,616019
45,935652	1,613060
45,938429	1,622595
45,941207	1,643966
45,943985	1,666323
45,946763	1,674543
45,949540	1,661720
45,952318	1,652186
45,955096	1,655473
45,957874	1,674543
45,960651	1,696571
45,963429	1,704791
45,966207	1,703476
45,968985	1,710380
45,971762	1,741943
45,974540	1,787973
45,977318	1,830714
45,980096	1,851099
45,982873	1,852085
45,985651	1,853072
45,988429	1,871812
45,991207	1,903375
45,993984	1,934610
45,996762	1,942829
45,999540	1,932637
46,002318	1,915540
46,005095	1,905677
46,007873	1,902718
46,010651	1,901074
46,013429	1,885292
46,016206	1,848140
46,018984	1,809672
46,021762	1,778109
46,024540	1,759697
46,027317	1,742601
46,030095	1,705448
46,032873	1,644624
46,035651	1,580511
46,038428	1,527906
46,041206	1,495356
46,043984	1,472013
46,046762	1,442094
46,049539	1,401982
46,052317	1,374693
46,055095	1,373378
46,057873	1,390475
46,060650	1,414805
46,063428	1,422367
46,066206	1,412174
46,068984	1,401653
46,071761	1,406256
46,074539	1,420394
46,077317	1,438477
46,080095	1,438806
46,082873	1,423024
46,085650	1,410202
46,088428	1,414147
46,091206	1,432230
46,093984	1,449656
46,096761	1,453272
46,099539	1,439463
46,102317	1,424668
46,105094	1,426970
46,107872	1,445053
46,110650	1,466423
46,113428	1,469383
46,116205	1,457875
46,118983	1,447354
46,121761	1,448669
46,124539	1,466752
46,127316	1,483191
46,130094	1,482863
46,132872	1,465437
46,135650	1,449984
46,138427	1,451299
46,141205	1,486808
46,143983	1,542372
46,146761	1,592347
46,149538	1,629500
46,152316	1,662049
46,155094	1,696900
46,157872	1,738327
46,160649	1,772849
46,163427	1,787315
46,166205	1,781726
46,168983	1,772191
46,171760	1,776794
46,174538	1,788302
46,177316	1,794877
46,180094	1,782383
46,182871	1,744902
46,185649	1,705777
46,188427	1,675858
46,191205	1,655802
46,193982	1,637062
46,196760	1,600895
46,199538	1,548290
46,202316	1,499959
46,205093	1,479904
46,207871	1,479575
46,210649	1,484507
46,213427	1,480561
46,216204	1,460505
46,218982	1,446368
46,221760	1,445710
46,224538	1,460505
46,227315	1,474314
46,230093	1,478260
46,232871	1,463136
46,235649	1,452943
46,238426	1,455902
46,241204	1,475629
46,243982	1,498315
46,246760	1,500946
46,249537	1,488123
46,252315	1,473328
46,255093	1,473985
46,257871	1,485164
46,260648	1,506864
46,263426	1,509823
46,266204	1,497329
46,268982	1,475958
46,271759	1,458861
46,274537	1,441107
46,277315	1,433216
46,280093	1,430257
46,282870	1,470698
46,285648	1,598265
46,288426	1,820193
46,291204	2,160812
46,293981	2,562256
46,296759	2,960083
46,299537	3,191875
46,302315	3,195821
46,305093	3,198122
46,307870	3,198122
46,310648	3,195492
46,313426	3,173464
46,316204	2,852571
46,318981	2,286079
46,321759	1,709394
46,324537	1,261921
46,327314	1,021252
46,330092	0,941029
46,332870	0,971606
46,335648	1,053144
46,338425	1,157697
46,341203	1,261263
46,343981	1,349706
46,346759	1,395078
46,349536	1,405599
46,352314	1,398037
46,355092	1,398694
46,357870	1,417106
46,360647	1,434860
46,363425	1,440121
46,366203	1,430586
46,368981	1,422695
46,371758	1,426641
46,374536	1,449327
46,377314	1,465766
46,380092	1,469711
46,382869	1,453601
46,385647	1,441765
46,388425	1,448012
46,391203	1,468725
46,393980	1,495685
46,396758	1,505877
46,399536	1,503905
46,402314	1,499302
46,405091	1,511795
46,407869	1,532509
46,410647	1,559140
46,413425	1,567688
46,416202	1,563414
46,418980	1,560455
46,421758	1,571963
46,424536	1,593005
46,427313	1,618650
46,430091	1,630157
46,432869	1,622266
46,435647	1,617663
46,438424	1,624897
46,441202	1,647911
46,443980	1,669282
46,446758	1,677173
46,449535	1,662049
46,452313	1,651199
46,455091	1,655473
46,457869	1,676844
46,460646	1,701832
46,463424	1,718271
46,466202	1,725833
46,468980	1,741943
46,471757	1,772849
46,474535	1,811974
46,477313	1,849455
46,480091	1,868196
46,482868	1,871155
46,485646	1,873785
46,488424	1,889567
46,491202	1,918499
46,493979	1,942501
46,496757	1,944802
46,499535	1,931322
46,502313	1,910280
46,505090	1,897129
46,507868	1,893841
46,510646	1,888580
46,513424	1,868524
46,516201	1,829728
46,518979	1,784685
46,521757	1,748519
46,524535	1,731093
46,527313	1,707092
46,530090	1,662707
46,532868	1,597936
46,535646	1,532509
46,538424	1,488452
46,541201	1,462478
46,543979	1,444724
46,546757	1,417435
46,549534	1,390146
46,552312	1,370748
46,555090	1,377323
46,557868	1,397050
46,560645	1,422367
46,563423	1,427627
46,566201	1,414805
46,568979	1,400338
46,571756	1,404612
46,574534	1,420394
46,577312	1,440121
46,580090	1,442422
46,582867	1,428285
46,585645	1,415791
46,588423	1,416449
46,591201	1,432888
46,593978	1,453272
46,596756	1,458204
46,599534	1,443409
46,602312	1,432230
46,605089	1,431573
46,607867	1,450971
46,610645	1,471684
46,613423	1,473985
46,616200	1,461821
46,618978	1,449656
46,621756	1,455902
46,624534	1,470040
46,627311	1,490096
46,630089	1,490096
46,632867	1,474643
46,635645	1,459519
46,638422	1,478260
46,641200	1,525604
46,643978	1,593005
46,646756	1,644952
46,649533	1,678159
46,652311	1,700517
46,655089	1,726162
46,657867	1,760026
46,660644	1,793562
46,663422	1,804412
46,666200	1,795535
46,668978	1,780740
46,671755	1,777452
46,674533	1,782712
46,677311	1,784356
46,680089	1,763643
46,682866	1,722545
46,685644	1,675529
46,688422	1,639034
46,691200	1,616019
46,693977	1,593991
46,696755	1,555195
46,699533	1,507850
46,702311	1,467739
46,705088	1,455245
46,707866	1,461163
46,710644	1,470369
46,713422	1,467081
46,716199	1,452943
46,718977	1,435847
46,721755	1,440450
46,724533	1,455245
46,727310	1,473328
46,730088	1,476287
46,732866	1,460834
46,735644	1,450971
46,738421	1,456231
46,741199	1,474643
46,743977	1,491411
46,746755	1,496014
46,749533	1,481876
46,752310	1,468725
46,755088	1,469054
46,757866	1,481547
46,760644	1,499630
46,763421	1,502590
46,766199	1,483849
46,768977	1,454587
46,771755	1,429929
46,774532	1,417106
46,777310	1,428613
46,780088	1,480561
46,782865	1,595635
46,785643	1,798165
46,788421	2,123002
46,791199	2,519186
46,793976	2,934438
46,796754	3,191547
46,799532	3,196150
46,802310	3,198780
46,805087	3,198451
46,807865	3,194835
46,810643	3,180368
46,813421	2,899916
46,816198	2,340328
46,818976	1,742930
46,821754	1,269812
46,824532	1,010402
46,827309	0,935769
46,830087	0,972592
46,832865	1,056761
46,835643	1,149148
46,838420	1,243838
46,841198	1,327677
46,843976	1,389817
46,846754	1,413818
46,849531	1,406914
46,852309	1,392447
46,855087	1,395735
46,857865	1,413818
46,860642	1,432888
46,863420	1,440121
46,866198	1,433874
46,868976	1,423353
46,871753	1,428613
46,874531	1,448340
46,877309	1,466423
46,880087	1,468067
46,882864	1,456889
46,885642	1,448998
46,888420	1,460177
46,891198	1,484507
46,893975	1,509165
46,896753	1,519686
46,899531	1,516070
46,902309	1,509494
46,905086	1,520344
46,907864	1,544016
46,910642	1,571963
46,913420	1,582484
46,916197	1,578538
46,918975	1,572291
46,921753	1,583141
46,924531	1,607142
46,927308	1,632787
46,930086	1,639692
46,932864	1,630815
46,935642	1,625225
46,938419	1,633774
46,941197	1,654487
46,943975	1,675858
46,946753	1,682434
46,949530	1,671255
46,952308	1,662049
46,955086	1,667967
46,957864	1,690982
46,960641	1,719586
46,963419	1,743587
46,966197	1,755094
46,968975	1,772849
46,971752	1,800466
46,974530	1,836304
46,977308	1,869182
46,980086	1,886608
46,982864	1,889238
46,985641	1,894170
46,988419	1,909622
46,991197	1,931980
46,993975	1,949734
46,996752	1,947432
46,999530	1,922774
47,002308	1,893841
47,005085	1,877402
47,007863	1,875100
47,010641	1,873785
47,013419	1,849455
47,016196	1,802110
47,018974	1,753451
47,021752	1,719257
47,024530	1,694599
47,027307	1,665666
47,030085	1,615691
47,032863	1,545989
47,035641	1,484835
47,038418	1,447354
47,041196	1,427956
47,043974	1,422038
47,046752	1,408558
47,049529	1,393434
47,052307	1,378967
47,055085	1,387187
47,057863	1,404612
47,060640	1,426970
47,063418	1,428613
47,066196	1,414805
47,068974	1,400996
47,071751	1,405928
47,074529	1,422367
47,077307	1,438806
47,080085	1,441107
47,082862	1,424339
47,085640	1,413489
47,088418	1,417435
47,091196	1,436175
47,093973	1,451957
47,096751	1,459190
47,099529	1,443737
47,102307	1,432888
47,105084	1,435189
47,107862	1,451628
47,110640	1,469054
47,113418	1,471355
47,116195	1,457546
47,118973	1,442422
47,121751	1,446697
47,124529	1,459848
47,127306	1,480232
47,130084	1,478588
47,132862	1,466423
47,135640	1,469383
47,138417	1,508179
47,141195	1,571305
47,143973	1,642322
47,146751	1,688680
47,149528	1,713010
47,152306	1,724847
47,155084	1,743587
47,157862	1,772520
47,160639	1,800138
47,163417	1,805727
47,166195	1,790932
47,168973	1,772849
47,171750	1,765944
47,174528	1,769890
47,177306	1,765616
47,180084	1,738327
47,182861	1,687365
47,185639	1,639034
47,188417	1,605170
47,191195	1,582155
47,193972	1,561442
47,196750	1,531194
47,199528	1,494699
47,202306	1,463464
47,205084	1,458861
47,207861	1,465108
47,210639	1,479904
47,213417	1,477273
47,216195	1,461163
47,218972	1,443409
47,221750	1,444395
47,224528	1,460177
47,227305	1,477931
47,230083	1,481876
47,232861	1,467739
47,235639	1,456560
47,238416	1,461492
47,241194	1,480561
47,243972	1,495028
47,246750	1,497987
47,249527	1,481219
47,252305	1,470698
47,255083	1,476287
47,257861	1,493712
47,260638	1,508836
47,263416	1,500946
47,266194	1,465437
47,268972	1,422038
47,271749	1,402311
47,274527	1,408887
47,277305	1,480232
47,280083	1,602211
47,282860	1,795864
47,285638	2,099987
47,288416	2,478416
47,291194	2,892683
47,293971	3,189574
47,296749	3,197136
47,299527	3,198451
47,302305	3,198122
47,305082	3,196150
47,307860	3,181354
47,310638	2,926876
47,313416	2,389316
47,316193	1,787973
47,318971	1,296114
47,321749	1,016978
47,324527	0,934125
47,327304	0,981470
47,330082	1,073857
47,332860	1,159670
47,335638	1,237262
47,338415	1,307950
47,341193	1,370748
47,343971	1,416120
47,346749	1,426641
47,349526	1,414476
47,352304	1,399352
47,355082	1,405270
47,357860	1,424339
47,360637	1,447354
47,363415	1,450971
47,366193	1,440450
47,368971	1,429271
47,371748	1,436175
47,374526	1,454916
47,377304	1,471684
47,380082	1,475301
47,382859	1,466752
47,385637	1,462478
47,388415	1,471684
47,391193	1,497658
47,393970	1,521988
47,396748	1,532838
47,399526	1,522645
47,402304	1,514754
47,405081	1,525604
47,407859	1,551249
47,410637	1,576566
47,413415	1,588402
47,416192	1,583141
47,418970	1,578210
47,421748	1,594320
47,424526	1,619965
47,427304	1,644295
47,430081	1,649227
47,432859	1,639034
47,435637	1,630815
47,438415	1,639692
47,441192	1,657117
47,443970	1,678817
47,446748	1,681776
47,449525	1,672241
47,452303	1,666652
47,455081	1,677173
47,457859	1,703476
47,460636	1,741614
47,463414	1,770218
47,466192	1,784027
47,468970	1,796521
47,471747	1,818878
47,474525	1,850113
47,477303	1,881676
47,480081	1,897457
47,482858	1,901403
47,485636	1,904691
47,488414	1,915212
47,491192	1,932308
47,493969	1,946117
47,496747	1,935925
47,499525	1,903704
47,502303	1,872141
47,505080	1,857675
47,507858	1,853400
47,510636	1,847482
47,513414	1,816577
47,516191	1,769890
47,518969	1,722874
47,521747	1,684077
47,524525	1,652843
47,527302	1,617006
47,530080	1,563086
47,532858	1,500288
47,535636	1,447683
47,538413	1,415462
47,541191	1,408229
47,543969	1,407900
47,546747	1,403626
47,549524	1,388831
47,552302	1,380611
47,555080	1,389160
47,557858	1,408229
47,560635	1,426641
47,563413	1,426641
47,566191	1,414805
47,568969	1,403626
47,571746	1,407900
47,574524	1,424339
47,577302	1,443080
47,580080	1,446039
47,582857	1,431901
47,585635	1,419408
47,588413	1,425326
47,591191	1,442751
47,593968	1,458204
47,596746	1,459519
47,599524	1,443080
47,602302	1,430586
47,605079	1,435518
47,607857	1,456231
47,610635	1,474314
47,613413	1,472342
47,616190	1,454916
47,618968	1,441436
47,621746	1,445053
47,624524	1,462807
47,627301	1,480561
47,630079	1,481547
47,632857	1,480890
47,635635	1,502918
47,638412	1,554866
47,641190	1,621938
47,643968	1,688023
47,646746	1,723203
47,649524	1,733724
47,652301	1,736025
47,655079	1,751807
47,657857	1,778109
47,660635	1,804412
47,663412	1,808686
47,666190	1,788959
47,668968	1,769232
47,671746	1,758711
47,674523	1,754766
47,677301	1,740957
47,680079	1,705777
47,682856	1,651528
47,685634	1,603855
47,688412	1,568017
47,691190	1,547304
47,693967	1,533166
47,696745	1,504891
47,699523	1,474972
47,702301	1,448998
47,705078	1,444395
47,707856	1,456231
47,710634	1,474314
47,713412	1,471355
47,716189	1,454587
47,718967	1,439463
47,721745	1,443080
47,724523	1,461163
47,727300	1,476945
47,730078	1,479575
47,732856	1,464451
47,735634	1,454259
47,738411	1,458204
47,741189	1,479246
47,743967	1,496014
47,746745	1,497000
47,749522	1,481219
47,752300	1,470040
47,755078	1,476287
47,757856	1,495356
47,760633	1,507521
47,763411	1,488781
47,766189	1,444395
47,768967	1,400667
47,771744	1,397708
47,774522	1,459848
47,777300	1,596621
47,780078	1,801782
47,782855	2,099659
47,785633	2,456059
47,788411	2,859147
47,791189	3,186944
47,793966	3,196807
47,796744	3,198451
47,799522	3,199437
47,802300	3,195821
47,805077	3,184313
47,807855	2,952521
47,810633	2,437976
47,813411	1,840249
47,816188	1,328664
47,818966	1,023882
47,821744	0,916371
47,824522	0,963715
47,827299	1,070570
47,830077	1,170848
47,832855	1,245810
47,835633	1,306306
47,838410	1,360556
47,841188	1,404612
47,843966	1,434860
47,846744	1,433545
47,849521	1,421709
47,852299	1,409544
47,855077	1,417435
47,857855	1,436175
47,860632	1,458533
47,863410	1,454916
47,866188	1,443080
47,868966	1,435189
47,871743	1,444066
47,874521	1,464780
47,877299	1,485822
47,880077	1,488452
47,882855	1,476945
47,885632	1,474314
47,888410	1,481876
47,891188	1,513111
47,893966	1,536783
47,896743	1,546975
47,899521	1,534481
47,902299	1,528892
47,905076	1,541057
47,907854	1,569990
47,910632	1,594649
47,913410	1,602539
47,916187	1,594320
47,918965	1,588731
47,921743	1,603855
47,924521	1,628513
47,927298	1,654487
47,930076	1,657775
47,932854	1,646596
47,935632	1,635089
47,938409	1,644624
47,941187	1,665994
47,943965	1,689667
47,946743	1,693612
47,949520	1,685393
47,952298	1,681118
47,955076	1,695585
47,957854	1,733395
47,960631	1,778438
47,963409	1,806056
47,966187	1,811645
47,968965	1,817563
47,971742	1,835317
47,974520	1,868524
47,977298	1,903047
47,980076	1,922116
47,982853	1,921130
47,985631	1,918499
47,988409	1,923760
47,991187	1,939870
47,993964	1,946446
47,996742	1,929349
47,999520	1,892197
48,002298	1,858990
48,005075	1,842879
48,007853	1,837948
48,010631	1,825454
48,013409	1,789617
48,016186	1,738655
48,018964	1,684406
48,021742	1,642322
48,024520	1,606485
48,027297	1,569990
48,030075	1,520344
48,032853	1,461492
48,035631	1,416120
48,038408	1,392776
48,041186	1,399023
48,043964	1,408887
48,046742	1,410202
48,049519	1,396064
48,052297	1,388173
48,055075	1,394420
48,057853	1,412832
48,060630	1,429600
48,063408	1,428942
48,066186	1,415791
48,068964	1,401982
48,071741	1,408558
48,074519	1,423682
48,077297	1,445053
48,080075	1,442751
48,082852	1,431573
48,085630	1,418750
48,088408	1,425654
48,091186	1,442751
48,093963	1,458861
48,096741	1,460505
48,099519	1,444395
48,102297	1,433216
48,105075	1,437162
48,107852	1,458204
48,110630	1,475958
48,113408	1,478588
48,116186	1,461163
48,118963	1,450313
48,121741	1,453601
48,124519	1,471355
48,127296	1,487466
48,130074	1,501274
48,132852	1,517714
48,135630	1,553880
48,138407	1,611088
48,141185	1,678488
48,143963	1,733395
48,146741	1,755752
48,149518	1,753122
48,152296	1,750820
48,155074	1,763972
48,157852	1,786658
48,160629	1,808028
48,163407	1,802768
48,166185	1,779753
48,168963	1,755752
48,171740	1,740628
48,174518	1,731751
48,177296	1,716627
48,180074	1,678159
48,182851	1,623581
48,185629	1,573935
48,188407	1,539413
48,191185	1,526591
48,193962	1,516070
48,196740	1,495028
48,199518	1,466095
48,202296	1,446368
48,205073	1,447025
48,207851	1,465437
48,210629	1,481219
48,213407	1,474314
48,216184	1,457546
48,218962	1,444066
48,221740	1,450313
48,224518	1,470369
48,227295	1,490753
48,230073	1,488123
48,232851	1,474643
48,235629	1,460834
48,238406	1,464780
48,241184	1,484178
48,243962	1,500617
48,246740	1,498644
48,249517	1,485493
48,252295	1,475301
48,255073	1,480232
48,257851	1,495028
48,260628	1,493712
48,263406	1,464451
48,266184	1,418750
48,268962	1,394420
48,271739	1,440778
48,274517	1,568017
48,277295	1,784685
48,280073	2,089466
48,282850	2,437319
48,285628	2,828241
48,288406	3,181683
48,291184	3,197136
48,293961	3,198780
48,296739	3,199109
48,299517	3,196807
48,302295	3,185300
48,305072	2,957453
48,307850	2,452114
48,310628	1,871155
48,313406	1,369761
48,316183	1,049199
48,318961	0,916371
48,321739	0,937742
48,324517	1,043609
48,327294	1,164601
48,330072	1,259619
48,332850	1,315841
48,335628	1,353651
48,338406	1,383899
48,341183	1,411188
48,343961	1,427627
48,346739	1,424011
48,349516	1,408887
48,352294	1,398366
48,355072	1,408558
48,357850	1,430915
48,360627	1,453272
48,363405	1,454916
48,366183	1,442422
48,368961	1,431244
48,371738	1,437491
48,374516	1,460177
48,377294	1,479575
48,380072	1,482863
48,382849	1,475958
48,385627	1,474643
48,388405	1,489109
48,391183	1,518700
48,393960	1,543687
48,396738	1,548619
48,399516	1,541057
48,402294	1,535797
48,405071	1,548619
48,407849	1,574922
48,410627	1,599909
48,413405	1,605170
48,416182	1,599252
48,418960	1,595964
48,421738	1,610759
48,424516	1,636075
48,427293	1,658104
48,430071	1,658761
48,432849	1,647583
48,435627	1,637062
48,438404	1,646267
48,441182	1,666981
48,443960	1,689996
48,446738	1,692955
48,449515	1,683091
48,452293	1,681447
48,455071	1,706435
48,457849	1,753451
48,460626	1,798823
48,463404	1,820522
48,466182	1,823152
48,468960	1,827755
48,471737	1,852414
48,474515	1,889567
48,477293	1,926390
48,480071	1,940528
48,482848	1,931651
48,485626	1,920472
48,488404	1,924418
48,491182	1,934610
48,493959	1,936254
48,496737	1,915212
48,499515	1,877073
48,502293	1,842879
48,505070	1,822166
48,507848	1,809015
48,510626	1,792904
48,513404	1,753451
48,516181	1,695585
48,518959	1,639034
48,521737	1,595964
48,524515	1,563414
48,527292	1,532838
48,530070	1,486479
48,532848	1,433216
48,535626	1,396393
48,538403	1,381269
48,541181	1,394749
48,543959	1,412503
48,546737	1,412832
48,549515	1,400338
48,552292	1,393434
48,555070	1,400009
48,557848	1,419079
48,560626	1,434860
48,563403	1,430586
48,566181	1,418421
48,568959	1,404284
48,571737	1,412174
48,574514	1,428942
48,577292	1,446039
48,580070	1,442094
48,582847	1,430586
48,585625	1,419408
48,588403	1,429271
48,591181	1,448998
48,593958	1,465437
48,596736	1,463793
48,599514	1,445710
48,602292	1,436833
48,605069	1,440778
48,607847	1,462478
48,610625	1,475958
48,613403	1,475958
48,616180	1,457875
48,618958	1,449984
48,621736	1,457218
48,624514	1,477273
48,627291	1,504233
48,630069	1,530536
48,632847	1,559140
48,635625	1,598594
48,638402	1,654816
48,641180	1,711366
48,643958	1,753779
48,646736	1,768575
48,649513	1,765287
48,652291	1,763972
48,655069	1,775808
48,657847	1,796850
48,660624	1,811316
48,663402	1,798823
48,666180	1,767588
48,668958	1,735696
48,671735	1,714983
48,674513	1,699859
48,677291	1,682105
48,680069	1,645281
48,682846	1,588402
48,685624	1,541715
48,688402	1,509165
48,691180	1,501932
48,693957	1,496671
48,696735	1,482534
48,699513	1,455902
48,702291	1,441107
48,705068	1,441436
48,707846	1,459190
48,710624	1,474643
48,713402	1,471026
48,716179	1,458533
48,718957	1,445381
48,721735	1,453272
48,724513	1,469383
48,727290	1,489109
48,730068	1,487466
48,732846	1,474972
48,735624	1,460505
48,738401	1,466423
48,741179	1,484835
48,743957	1,501603
48,746735	1,500617
48,749512	1,485493
48,752290	1,471684
48,755068	1,473328
48,757846	1,479575
48,760623	1,463464
48,763401	1,433545
48,766179	1,402640
48,768957	1,432888
48,771734	1,542043
48,774512	1,758054
48,777290	2,076644
48,780068	2,436003
48,782846	2,821008
48,785623	3,173135
48,788401	3,195821
48,791179	3,199437
48,793957	3,198122
48,796734	3,196807
48,799512	3,185629
48,802290	2,973235
48,805067	2,476773
48,807845	1,895156
48,810623	1,401653
48,813401	1,076159
48,816178	0,929193
48,818956	0,932152
48,821734	1,025198
48,824512	1,145532
48,827289	1,256003
48,830067	1,327677
48,832845	1,361542
48,835623	1,381269
48,838400	1,395078
48,841178	1,416449
48,843956	1,430915
48,846734	1,432230
48,849511	1,416777
48,852289	1,409544
48,855067	1,417106
48,857845	1,438477
48,860622	1,459190
48,863400	1,459848
48,866178	1,450971
48,868956	1,441765
48,871733	1,451628
48,874511	1,472013
48,877289	1,494699
48,880067	1,493384
48,882844	1,484507
48,885622	1,481876
48,888400	1,500617
48,891178	1,527248
48,893955	1,549605
48,896733	1,553551
48,899511	1,544674
48,902289	1,542372
48,905066	1,557825
48,907844	1,587744
48,910622	1,612403
48,913400	1,620622
48,916177	1,612403
48,918955	1,608129
48,921733	1,621609
48,924511	1,643637
48,927288	1,662378
48,930066	1,663035
48,932844	1,654158
48,935622	1,649227
48,938399	1,660405
48,941177	1,681118
48,943955	1,699859
48,946733	1,702489
48,949510	1,696571
48,952288	1,702818
48,955066	1,735696
48,957844	1,781726
48,960621	1,823152
48,963399	1,840249
48,966177	1,840578
48,968955	1,845510
48,971732	1,869182
48,974510	1,906334
48,977288	1,936254
48,980066	1,941843
48,982843	1,927705
48,985621	1,914554
48,988399	1,912581
48,991177	1,916527
48,993954	1,915869
48,996732	1,893183
48,999510	1,856688
49,002288	1,822495
49,005066	1,798165
49,007843	1,782712
49,010621	1,760355
49,013399	1,714325
49,016177	1,651199
49,018954	1,589388
49,021732	1,543359
49,024510	1,516070
49,027287	1,491082
49,030065	1,450642
49,032843	1,406914
49,035621	1,378639
49,038398	1,377652
49,041176	1,396064
49,043954	1,415133
49,046732	1,414476
49,049509	1,403297
49,052287	1,395078
49,055065	1,399352
49,057843	1,421380
49,060620	1,436833
49,063398	1,433216
49,066176	1,415462
49,068954	1,404284
49,071731	1,411188
49,074509	1,432559
49,077287	1,448340
49,080065	1,445381
49,082842	1,431244
49,085620	1,422038
49,088398	1,432559
49,091176	1,453601
49,093953	1,466752
49,096731	1,461492
49,099509	1,444724
49,102287	1,434860
49,105064	1,440778
49,107842	1,460177
49,110620	1,474972
49,113398	1,472999
49,116175	1,458861
49,118953	1,449984
49,121731	1,457546
49,124509	1,486150
49,127286	1,531522
49,130064	1,575250
49,132842	1,609773
49,135620	1,648898
49,138397	1,696242
49,141175	1,739642
49,143953	1,770547
49,146731	1,779096
49,149508	1,774493
49,152286	1,772520
49,155064	1,785014
49,157842	1,800795
49,160619	1,806713
49,163397	1,788302
49,166175	1,751149
49,168953	1,714654
49,171730	1,688023
49,174508	1,667967
49,177286	1,647911
49,180064	1,605170
49,182841	1,549934
49,185619	1,506535
49,188397	1,483191
49,191175	1,484507
49,193952	1,490753
49,196730	1,478260
49,199508	1,454587
49,202286	1,442422
49,205063	1,445053
49,207841	1,460505
49,210619	1,474972
49,213397	1,468067
49,216174	1,456231
49,218952	1,447683
49,221730	1,457218
49,224508	1,475958
49,227285	1,495028
49,230063	1,488123
49,232841	1,471684
49,235619	1,461821
49,238397	1,470698
49,241174	1,490425
49,243952	1,504891
49,246730	1,502590
49,249507	1,488123
49,252285	1,477273
49,255063	1,466095
49,257841	1,459190
49,260618	1,443409
49,263396	1,424011
49,266174	1,441765
49,268952	1,527248
49,271729	1,722874
49,274507	2,037190
49,277285	2,411016
49,280063	2,814104
49,282840	3,166559
49,285618	3,197136
49,288396	3,198780
49,291174	3,199437
49,293951	3,197136
49,296729	3,188588
49,299507	3,005127
49,302285	2,510966
49,305062	1,917184
49,307840	1,416449
49,310618	1,101475
49,313396	0,954509
49,316173	0,941358
49,318951	1,012046
49,321729	1,119229
49,324507	1,233974
49,327284	1,324718
49,330062	1,376995
49,332840	1,388831
49,335618	1,393763
49,338395	1,402640
49,341173	1,421051
49,343951	1,435847
49,346729	1,432559
49,349506	1,415791
49,352284	1,411846
49,355062	1,422038
49,357840	1,444066
49,360617	1,467410
49,363395	1,466423
49,366173	1,454587
49,368951	1,446368
49,371728	1,457546
49,374506	1,480890
49,377284	1,504233
49,380062	1,504233
49,382839	1,498315
49,385617	1,497000
49,388395	1,515412
49,391173	1,541715
49,393950	1,564401
49,396728	1,568017
49,399506	1,560784
49,402284	1,561113
49,405061	1,573607
49,407839	1,603526
49,410617	1,625554
49,413395	1,631143
49,416172	1,619965
49,418950	1,617006
49,421728	1,628842
49,424506	1,655802
49,427283	1,675529
49,430061	1,674543
49,432839	1,661391
49,435617	1,657117
49,438394	1,667967
49,441172	1,688352
49,443950	1,706106
49,446728	1,708736
49,449505	1,714325
49,452283	1,731422
49,455061	1,771534
49,457839	1,816906
49,460617	1,850441
49,463394	1,859976
49,466172	1,860634
49,468950	1,869511
49,471728	1,894170
49,474505	1,928363
49,477283	1,951706
49,480061	1,948419
49,482838	1,929678
49,485616	1,912581
49,488394	1,905677
49,491172	1,908307
49,493949	1,904691
49,496727	1,879703
49,499505	1,836961
49,502283	1,795535
49,505060	1,767259
49,507838	1,748190
49,510616	1,722545
49,513394	1,673885
49,516171	1,607471
49,518949	1,544345
49,521727	1,503247
49,524505	1,476945
49,527282	1,456889
49,530060	1,419736
49,532838	1,385543
49,535616	1,368118
49,538393	1,376995
49,541171	1,399681
49,543949	1,422038
49,546727	1,418750
49,549504	1,401653
49,552282	1,394749
49,555060	1,400996
49,557838	1,423024
49,560615	1,437491
49,563393	1,437162
49,566171	1,420723
49,568949	1,413818
49,571726	1,419408
49,574504	1,441436
49,577282	1,458204
49,580060	1,452615
49,582837	1,436504
49,585615	1,425654
49,588393	1,433216
49,591171	1,451299
49,593948	1,468396
49,596726	1,464451
49,599504	1,451299
49,602282	1,440450
49,605059	1,447683
49,607837	1,465437
49,610615	1,482534
49,613393	1,477931
49,616170	1,462149
49,618948	1,453601
49,621726	1,471026
49,624504	1,520015
49,627281	1,580182
49,630059	1,626869
49,632837	1,658104
49,635615	1,685721
49,638392	1,719586
49,641170	1,757067
49,643948	1,785671
49,646726	1,792904
49,649503	1,785014
49,652281	1,777780
49,655059	1,783370
49,657837	1,792576
49,660614	1,792247
49,663392	1,768246
49,666170	1,726490
49,668948	1,684735
49,671725	1,656789
49,674503	1,638048
49,677281	1,617006
49,680059	1,574264
49,682837	1,526919
49,685614	1,490096
49,688392	1,479575
49,691170	1,483849
49,693948	1,486150
49,696725	1,474643
49,699503	1,453601
49,702281	1,443737
49,705058	1,446697
49,707836	1,465437
49,710614	1,479246
49,713392	1,475629
49,716169	1,461163
49,718947	1,457546
49,721725	1,466423
49,724503	1,488123
49,727280	1,502590
49,730058	1,494370
49,732836	1,475629
49,735614	1,463464
49,738391	1,468725
49,741169	1,489767
49,743947	1,508179
49,746725	1,503576
49,749502	1,485493
49,752280	1,460834
49,755058	1,442094
49,757836	1,430586
49,760613	1,428942
49,763391	1,452943
49,766169	1,527906
49,768947	1,706106
49,771724	2,001353
49,774502	2,374192
49,777280	2,794377
49,780058	3,165902
49,782835	3,196478
49,785613	3,198122
49,788391	3,197794
49,791169	3,197794
49,793946	3,188588
49,796724	3,033073
49,799502	2,547132
49,802280	1,943158
49,805057	1,425326
49,807835	1,097530
49,810613	0,956811
49,813391	0,950235
49,816168	1,011718
49,818946	1,106407
49,821724	1,213261
49,824502	1,309923
49,827279	1,381926
49,830057	1,411846
49,832835	1,406914
49,835613	1,399681
49,838390	1,407571
49,841168	1,425654
49,843946	1,438477
49,846724	1,436175
49,849501	1,424339
49,852279	1,421380
49,855057	1,433545
49,857835	1,454916
49,860612	1,473657
49,863390	1,470698
49,866168	1,456889
49,868946	1,451299
49,871723	1,466752
49,874501	1,490753
49,877279	1,511467
49,880057	1,513439
49,882834	1,505549
49,885612	1,505220
49,888390	1,521988
49,891168	1,550263
49,893945	1,572949
49,896723	1,577552
49,899501	1,567360
49,902279	1,568675
49,905057	1,583799
49,907834	1,613060
49,910612	1,636075
49,913390	1,636733
49,916168	1,623581
49,918945	1,619965
49,921723	1,630815
49,924501	1,654158
49,927278	1,670926
49,930056	1,670269
49,932834	1,659090
49,935612	1,652843
49,938389	1,667967
49,941167	1,695585
49,943945	1,720244
49,946723	1,734381
49,949500	1,742601
49,952278	1,763314
49,955056	1,799151
49,957834	1,836304
49,960611	1,865237
49,963389	1,875758
49,966167	1,877730
49,968945	1,884964
49,971722	1,906334
49,974500	1,932637
49,977278	1,950391
49,980056	1,944802
49,982833	1,922774
49,985611	1,902389
49,988389	1,892526
49,991167	1,892197
49,993944	1,886279
49,996722	1,855702
49,999500	1,805398
50,002278	1,762985
50,005055	1,734052
50,007833	1,712024
50,010611	1,681118
50,013389	1,624239
50,016166	1,556181
50,018944	1,496343
50,021722	1,463136
50,024500	1,444066
50,027277	1,431901
50,030055	1,404941
50,032833	1,377981
50,035611	1,368446
50,038388	1,378310
50,041166	1,403626
50,043944	1,422367
50,046722	1,419408
50,049499	1,403297
50,052277	1,399023
50,055055	1,406256
50,057833	1,427298
50,060610	1,440450
50,063388	1,432559
50,066166	1,414476
50,068944	1,406585
50,071721	1,414805
50,074499	1,437491
50,077277	1,454587
50,080055	1,448998
50,082832	1,432230
50,085610	1,420394
50,088388	1,431244
50,091166	1,449327
50,093943	1,466095
50,096721	1,459190
50,099499	1,446697
50,102277	1,437491
50,105054	1,449984
50,107832	1,469054
50,110610	1,482863
50,113388	1,475629
50,116165	1,461492
50,118943	1,460177
50,121721	1,496014
50,124499	1,561770
50,127276	1,623253
50,130054	1,669282
50,132832	1,693941
50,135610	1,712353
50,138388	1,739642
50,141165	1,773178
50,143943	1,798823
50,146721	1,800795
50,149498	1,786329
50,152276	1,775479
50,155054	1,774821
50,157832	1,779753
50,160609	1,774821
50,163387	1,743258
50,166165	1,694270
50,168943	1,652514
50,171720	1,631143
50,174498	1,610430
50,177276	1,589059
50,180054	1,545331
50,182831	1,498973
50,185609	1,468067
50,188387	1,461492
50,191165	1,470040
50,193942	1,477931
50,196720	1,471355
50,199498	1,449327
50,202276	1,442422
50,205053	1,449327
50,207831	1,470698
50,210609	1,483191
50,213387	1,481547
50,216164	1,462807
50,218942	1,456560
50,221720	1,461821
50,224498	1,481547
50,227275	1,497987
50,230053	1,492726
50,232831	1,479904
50,235609	1,471355
50,238386	1,479246
50,241164	1,493384
50,243942	1,510152
50,246720	1,499630
50,249497	1,473657
50,252275	1,442422
50,255053	1,423024
50,257831	1,423353
50,260608	1,461821
50,263386	1,540071
50,266164	1,706435
50,268942	1,977680
50,271719	2,337040
50,274497	2,762156
50,277275	3,157024
50,280053	3,196478
50,282830	3,198451
50,285608	3,197465
50,288386	3,196478
50,291164	3,189245
50,293941	3,066938
50,296719	2,605655
50,299497	1,991818
50,302275	1,447683
50,305052	1,096872
50,307830	0,950235
50,310608	0,954838
50,313386	1,024540
50,316163	1,113969
50,318941	1,200110
50,321719	1,287895
50,324497	1,361213
50,327274	1,408229
50,330052	1,416449
50,332830	1,404612
50,335608	1,396064
50,338385	1,408229
50,341163	1,429929
50,343941	1,447683
50,346719	1,445381
50,349496	1,427627
50,352274	1,425654
50,355052	1,434532
50,357830	1,458533
50,360608	1,473985
50,363385	1,472013
50,366163	1,456231
50,368941	1,453930
50,371719	1,466423
50,374496	1,493712
50,377274	1,516727
50,380052	1,519686
50,382829	1,512124
50,385607	1,510809
50,388385	1,527906
50,391163	1,552893
50,393940	1,578867
50,396718	1,580840
50,399496	1,576894
50,402274	1,577552
50,405051	1,594649
50,407829	1,621938
50,410607	1,643966
50,413385	1,643966
50,416162	1,633116
50,418940	1,627527
50,421718	1,638377
50,424496	1,663035
50,427273	1,680461
50,430051	1,678159
50,432829	1,663693
50,435607	1,658761
50,438384	1,670597
50,441162	1,697886
50,443940	1,729449
50,446718	1,751478
50,449495	1,765287
50,452273	1,787315
50,455051	1,816906
50,457829	1,851428
50,460606	1,880032
50,463384	1,890224
50,466162	1,889238
50,468940	1,894170
50,471717	1,912253
50,474495	1,937569
50,477273	1,952693
50,480051	1,941843
50,482828	1,910609
50,485606	1,880689
50,488384	1,868196
50,491162	1,866881
50,493939	1,856360
50,496717	1,822495
50,499495	1,774164
50,502273	1,730765
50,505050	1,701174
50,507828	1,676844
50,510606	1,640021
50,513384	1,583141
50,516161	1,511467
50,518939	1,456231
50,521717	1,427298
50,524495	1,418092
50,527272	1,413818
50,530050	1,399681
50,532828	1,383570
50,535606	1,379296
50,538383	1,392776
50,541161	1,415791
50,543939	1,434860
50,546717	1,429929
50,549494	1,411517
50,552272	1,402640
50,555050	1,410530
50,557828	1,430257
50,560605	1,445053
50,563383	1,440450
50,566161	1,420394
50,568939	1,411517
50,571716	1,418421
50,574494	1,438477
50,577272	1,454587
50,580050	1,448012
50,582828	1,433216
50,585605	1,426641
50,588383	1,436833
50,591161	1,454587
50,593939	1,468396
50,596716	1,462149
50,599494	1,448012
50,602272	1,441107
50,605049	1,450313
50,607827	1,468725
50,610605	1,479904
50,613383	1,471355
50,616160	1,462478
50,618938	1,483191
50,621716	1,539084
50,624494	1,608786
50,627271	1,668625
50,630049	1,702489
50,632827	1,714983
50,635605	1,729778
50,638382	1,754766
50,641160	1,788630
50,643938	1,810988
50,646716	1,808686
50,649493	1,786329
50,652271	1,768903
50,655049	1,764629
50,657827	1,765287
50,660604	1,752135
50,663382	1,712353
50,666160	1,662049
50,668938	1,616019
50,671715	1,584785
50,674493	1,566373
50,677271	1,547962
50,680049	1,514426
50,682826	1,475958
50,685604	1,454259
50,688382	1,453601
50,691160	1,466095
50,693937	1,474643
50,696715	1,465437
50,699493	1,442422
50,702271	1,438806
50,705048	1,450971
50,707826	1,473985
50,710604	1,487137
50,713382	1,478260
50,716159	1,458533
50,718937	1,448669
50,721715	1,459190
50,724493	1,480890
50,727270	1,496014
50,730048	1,488452
50,732826	1,471684
50,735604	1,466423
50,738381	1,476945
50,741159	1,494370
50,743937	1,507521
50,746715	1,484178
50,749492	1,443737
50,752270	1,407243
50,755048	1,400338
50,757826	1,442094
50,760603	1,536454
50,763381	1,707421
50,766159	1,961899
50,768937	2,301531
50,771714	2,718099
50,774492	3,121187
50,777270	3,195821
50,780048	3,197136
50,782825	3,198451
50,785603	3,197136
50,788381	3,190889
50,791159	3,083377
50,793936	2,648397
50,796714	2,037848
50,799492	1,479575
50,802270	1,100160
50,805048	0,940043
50,807825	0,944317
50,810603	1,030458
50,813381	1,126791
50,816159	1,208658
50,818936	1,277045
50,821714	1,347404
50,824492	1,397379
50,827269	1,424339
50,830047	1,418750
50,832825	1,402968
50,835603	1,394420
50,838380	1,405928
50,841158	1,430257
50,843936	1,446368
50,846714	1,446697
50,849491	1,433216
50,852269	1,434860
50,855047	1,446368
50,857825	1,469711
50,860602	1,482534
50,863380	1,481876
50,866158	1,468725
50,868936	1,468396
50,871713	1,483191
50,874491	1,512782
50,877269	1,534153
50,880047	1,533824
50,882824	1,527906
50,885602	1,527906
50,888380	1,546646
50,891158	1,572620
50,893935	1,594649
50,896713	1,591361
50,899491	1,582484
50,902269	1,585443
50,905046	1,607142
50,907824	1,633774
50,910602	1,652514
50,913380	1,646596
50,916157	1,633774
50,918935	1,632130
50,921713	1,642651
50,924491	1,668953
50,927268	1,687365
50,930046	1,689009
50,932824	1,674214
50,935602	1,671584
50,938379	1,685721
50,941157	1,723203
50,943935	1,761013
50,946713	1,785014
50,949490	1,795535
50,952268	1,807700
50,955046	1,831701
50,957824	1,867538
50,960601	1,896142
50,963379	1,908965
50,966157	1,908965
50,968935	1,912910
50,971712	1,924418
50,974490	1,946446
50,977268	1,955652
50,980046	1,933952
50,982823	1,900416
50,985601	1,874114
50,988379	1,862606
50,991157	1,856360
50,993934	1,838934
50,996712	1,797179
50,999490	1,742272
51,002268	1,698215
51,005045	1,664351
51,007823	1,633445
51,010601	1,592347
51,013379	1,537440
51,016156	1,472670
51,018934	1,428285
51,021712	1,410202
51,024490	1,407571
51,027267	1,408229
51,030045	1,396722
51,032823	1,383570
51,035601	1,381269
51,038379	1,397379
51,041156	1,417764
51,043934	1,435189
51,046712	1,427298
51,049489	1,411846
51,052267	1,405599
51,055045	1,418421
51,057823	1,436833
51,060600	1,448012
51,063378	1,441107
51,066156	1,421380
51,068934	1,416777
51,071711	1,426970
51,074489	1,450313
51,077267	1,463793
51,080045	1,456889
51,082822	1,439463
51,085600	1,436833
51,088378	1,447025
51,091156	1,471684
51,093933	1,481876
51,096711	1,474643
51,099489	1,455245
51,102267	1,449656
51,105044	1,461492
51,107822	1,478917
51,110600	1,491740
51,113378	1,483191
51,116155	1,495356
51,118933	1,531522
51,121711	1,594977
51,124489	1,665994
51,127266	1,719915
51,130044	1,740299
51,132822	1,745560
51,135600	1,752464
51,138377	1,771534
51,141155	1,800138
51,143933	1,816577
51,146711	1,805398
51,149488	1,781068
51,152266	1,761013
51,155044	1,754437
51,157822	1,750163
51,160599	1,729449
51,163377	1,688023
51,166155	1,635418
51,168933	1,590374
51,171710	1,562757
51,174488	1,545660
51,177266	1,526591
51,180044	1,497658
51,182821	1,468725
51,185599	1,451957
51,188377	1,457218
51,191155	1,474972
51,193932	1,484835
51,196710	1,472342
51,199488	1,454587
51,202266	1,447025
51,205043	1,460177
51,207821	1,478588
51,210599	1,491082
51,213377	1,482863
51,216154	1,462807
51,218932	1,458204
51,221710	1,471684
51,224488	1,494699
51,227265	1,506864
51,230043	1,498644
51,232821	1,481219
51,235599	1,475301
51,238376	1,483191
51,241154	1,501603
51,243932	1,500946
51,246710	1,469054
51,249487	1,421380
51,252265	1,396393
51,255043	1,424339
51,257821	1,520344
51,260599	1,707750
51,263376	1,964200
51,266154	2,292983
51,268932	2,694098
51,271710	3,093569
51,274487	3,195163
51,277265	3,197794
51,280043	3,199109
51,282820	3,197794
51,285598	3,190889
51,288376	3,099487
51,291154	2,680618
51,293931	2,088809
51,296709	1,528235
51,299487	1,126134
51,302265	0,936098
51,305042	0,922618
51,307820	1,013361
51,310598	1,127778
51,313376	1,218193
51,316153	1,281977
51,318931	1,334582
51,321709	1,383242
51,324487	1,418092
51,327264	1,435189
51,330042	1,425326
51,332820	1,412503
51,335598	1,404284
51,338375	1,417435
51,341153	1,441765
51,343931	1,454587
51,346709	1,450642
51,349486	1,438148
51,352264	1,435847
51,355042	1,448340
51,357820	1,470040
51,360597	1,486808
51,363375	1,484507
51,366153	1,471355
51,368931	1,470698
51,371708	1,490096
51,374486	1,518700
51,377264	1,541057
51,380042	1,544345
51,382819	1,533166
51,385597	1,534153
