LabVIEW Measurement	
Writer_Version	2
Reader_Version	2
Separator	Tab
Decimal_Separator	,
Multi_Headings	No
X_Columns	Multi
Time_Pref	Absolute
Operator	Alunos
Description	Cont Acq&Graph Voltage Int Clk - LVM71 - Data File
Date	2023/06/01
Time	12:15:33,4055936999425246614
***End_of_Header***	
	
Channels	1	
Samples	500	
Date	2023/06/01	
Time	12:15:33,4055936999425246614	
Y_Unit_Label	Volts	
X_Dimension	Time	
X0	0,0000000000000000E+0	
Delta_X	0,002778	
***End_of_Header***		
X_Value	Dev1/ai1	Comment
0,000000	1,374693
0,002778	1,395078
0,005555	1,414476
0,008333	1,418092
0,011111	1,403297
0,013889	1,394091
0,016667	1,400667
0,019444	1,418421
0,022222	1,442094
0,025000	1,445381
0,027777	1,433874
0,030555	1,422367
0,033333	1,429600
0,036111	1,450642
0,038888	1,474972
0,041666	1,483191
0,044444	1,477273
0,047222	1,475958
0,049999	1,486479
0,052777	1,509823
0,055555	1,534481
0,058333	1,543687
0,061110	1,538756
0,063888	1,535797
0,066666	1,547962
0,069444	1,575579
0,072221	1,602868
0,074999	1,610759
0,077777	1,603197
0,080555	1,595964
0,083332	1,604183
0,086110	1,625554
0,088888	1,649555
0,091666	1,656460
0,094443	1,647254
0,097221	1,636733
0,099999	1,644952
0,102777	1,665994
0,105554	1,689338
0,108332	1,696900
0,111110	1,695585
0,113888	1,700845
0,116665	1,656789
0,119443	1,566045
0,122221	1,510152
0,124999	1,502590
0,127776	1,526591
0,130554	1,574264
0,133332	1,636733
0,136110	1,694927
0,138887	1,735368
0,141665	1,750163
0,144443	1,745889
0,147221	1,739971
0,149998	1,743916
0,152776	1,757067
0,155554	1,767588
0,158332	1,754108
0,161109	1,722874
0,163887	1,687694
0,166665	1,662049
0,169443	1,639692
0,172220	1,621609
0,174998	1,582484
0,177776	1,530207
0,180554	1,483191
0,183331	1,456889
0,186109	1,454916
0,188887	1,458533
0,191665	1,452943
0,194442	1,429600
0,197220	1,415791
0,199998	1,414805
0,202776	1,426641
0,205553	1,442422
0,208331	1,444395
0,211109	1,430915
0,213887	1,421709
0,216664	1,426641
0,219442	1,444395
0,222220	1,465437
0,224998	1,463793
0,227775	1,448012
0,230553	1,433216
0,233331	1,434532
0,236109	1,448012
0,238886	1,469383
0,241664	1,470698
0,244442	1,459190
0,247220	1,445381
0,249997	1,434860
0,252775	1,428942
0,255553	1,418092
0,258331	1,400009
0,261108	1,404284
0,263886	1,471355
0,266664	1,650542
0,269442	1,935925
0,272220	2,294627
0,274997	2,701331
0,277775	3,074500
0,280553	3,193191
0,283330	3,197465
0,286108	3,198451
0,288886	3,197465
0,291664	3,190889
0,294441	3,052800
0,297219	2,590860
0,299997	1,996092
0,302775	1,477602
0,305553	1,127778
0,308330	0,953194
0,311108	0,917357
0,313886	0,972264
0,316663	1,077803
0,319441	1,191561
0,322219	1,288223
0,324997	1,349377
0,327774	1,370090
0,330552	1,375022
0,333330	1,382255
0,336108	1,400338
0,338886	1,415133
0,341663	1,416120
0,344441	1,401325
0,347219	1,397708
0,349996	1,404284
0,352774	1,424997
0,355552	1,446697
0,358330	1,450313
0,361107	1,434532
0,363885	1,424668
0,366663	1,431901
0,369441	1,452943
0,372218	1,479246
0,374996	1,487794
0,377774	1,484507
0,380552	1,479246
0,383329	1,491740
0,386107	1,511467
0,388885	1,540071
0,391663	1,548619
0,394440	1,545331
0,397218	1,540728
0,399996	1,551907
0,402774	1,579196
0,405551	1,604183
0,408329	1,614047
0,411107	1,607471
0,413885	1,601224
0,416662	1,605827
0,419440	1,626212
0,422218	1,645939
0,424996	1,650870
0,427773	1,640678
0,430551	1,634431
0,433329	1,641993
0,436107	1,663693
0,438884	1,685393
0,441662	1,694927
0,444440	1,699201
0,447218	1,678817
0,449995	1,587087
0,452773	1,514426
0,455551	1,499630
0,458329	1,521001
0,461106	1,566045
0,463884	1,611417
0,466662	1,664022
0,469440	1,710380
0,472217	1,743916
0,474995	1,754437
0,477773	1,747861
0,480551	1,737669
0,483328	1,741943
0,486106	1,752793
0,488884	1,758711
0,491662	1,747204
0,494439	1,711695
0,497217	1,673885
0,499995	1,643966
0,502773	1,624239
0,505551	1,602539
0,508328	1,566045
0,511106	1,510809
0,513884	1,467081
0,516661	1,451299
0,519439	1,450642
0,522217	1,458533
0,524995	1,449327
0,527772	1,432230
0,530550	1,415133
0,533328	1,415462
0,536106	1,428285
0,538883	1,449656
0,541661	1,453272
0,544439	1,440778
0,547217	1,428285
0,549994	1,430586
0,552772	1,446697
0,555550	1,464780
0,558328	1,469383
0,561105	1,455574
0,563883	1,448012
0,566661	1,448340
0,569439	1,465437
0,572217	1,481219
0,574994	1,481547
0,577772	1,465766
0,580550	1,448340
0,583327	1,430915
0,586105	1,419079
0,588883	1,412174
0,591661	1,410859
0,594438	1,454259
0,597216	1,580511
0,599994	1,808357
0,602772	2,151606
0,605549	2,557982
0,608327	2,953837
0,611105	3,190560
0,613883	3,195492
0,616660	3,196807
0,619438	3,196478
0,622216	3,193848
0,624994	3,161956
0,627771	2,807528
0,630549	2,230185
0,633327	1,661720
0,636105	1,232659
0,638882	1,002183
0,641660	0,929522
0,644438	0,957797
0,647216	1,043609
0,649994	1,146189
0,652771	1,250413
0,655549	1,333267
0,658327	1,379625
0,661104	1,386529
0,663882	1,382255
0,666660	1,387844
0,669438	1,403297
0,672215	1,422367
0,674993	1,425326
0,677771	1,415462
0,680549	1,408229
0,683326	1,420065
0,686104	1,439463
0,688882	1,461492
0,691660	1,461821
0,694437	1,443409
0,697215	1,431573
0,699993	1,439792
0,702771	1,463136
0,705548	1,488123
0,708326	1,496671
0,711104	1,493384
0,713882	1,495356
0,716660	1,504562
0,719437	1,526262
0,722215	1,550263
0,724993	1,559798
0,727770	1,550592
0,730548	1,549277
0,733326	1,560784
0,736104	1,584785
0,738881	1,612074
0,741659	1,620951
0,744437	1,615362
0,747215	1,610101
0,749992	1,620294
0,752770	1,640021
0,755548	1,660734
0,758326	1,662707
0,761103	1,652843
0,763881	1,645281
0,766659	1,652186
0,769437	1,673885
0,772214	1,699201
0,774992	1,714325
0,777770	1,712353
0,780548	1,625883
0,783326	1,528235
0,786103	1,490753
0,788881	1,513768
0,791659	1,561770
0,794436	1,605827
0,797214	1,648569
0,799992	1,688352
0,802770	1,726162
0,805547	1,755752
0,808325	1,766602
0,811103	1,758711
0,813881	1,748519
0,816658	1,748519
0,819436	1,754108
0,822214	1,755094
0,824992	1,734052
0,827769	1,692955
0,830547	1,647583
0,833325	1,616677
0,836103	1,596950
0,838880	1,577552
0,841658	1,543359
0,844436	1,495028
0,847214	1,457218
0,849991	1,441765
0,852769	1,446039
0,855547	1,452286
0,858325	1,447025
0,861102	1,430257
0,863880	1,415462
0,866658	1,417764
0,869436	1,433874
0,872213	1,451299
0,874991	1,452286
0,877769	1,436833
0,880547	1,423024
0,883324	1,429271
0,886102	1,448669
0,888880	1,468396
0,891658	1,469054
0,894435	1,455574
0,897213	1,443409
0,899991	1,447683
0,902769	1,461163
0,905546	1,478260
0,908324	1,480561
0,911102	1,462807
0,913880	1,436175
0,916657	1,408887
0,919435	1,397050
0,922213	1,401325
0,924991	1,438148
0,927768	1,524947
0,930546	1,706435
0,933324	2,007928
0,936102	2,384056
0,938879	2,805227
0,941657	3,172477
0,944435	3,194506
0,947213	3,197465
0,949990	3,196807
0,952768	3,194177
0,955546	3,184313
0,958324	2,964686
0,961101	2,448826
0,963879	1,847811
0,966657	1,351678
0,969435	1,051829
0,972212	0,935769
0,974990	0,945303
0,977768	1,012046
0,980546	1,100160
0,983323	1,199781
0,986101	1,292826
0,988879	1,363186
0,991657	1,396722
0,994434	1,393105
0,997212	1,383570
0,999990	1,386201
1,002768	1,401325
1,005545	1,417435
1,008323	1,423024
1,011101	1,415133
1,013879	1,406914
1,016656	1,416449
1,019434	1,436833
1,022212	1,457875
1,024990	1,457875
1,027767	1,446039
1,030545	1,434860
1,033323	1,446368
1,036101	1,465108
1,038879	1,490425
1,041656	1,500288
1,044434	1,496014
1,047212	1,493384
1,049989	1,503905
1,052767	1,526591
1,055545	1,552893
1,058323	1,563414
1,061101	1,556839
1,063878	1,557496
1,066656	1,566702
1,069434	1,592018
1,072211	1,617335
1,074989	1,625883
1,077767	1,614376
1,080545	1,608457
1,083322	1,614704
1,086100	1,636404
1,088878	1,657775
1,091656	1,661391
1,094433	1,648898
1,097211	1,641993
1,099989	1,651528
1,102767	1,673556
1,105544	1,700845
1,108322	1,720572
1,111100	1,673885
1,113878	1,556839
1,116656	1,485493
1,119433	1,484835
1,122211	1,536125
1,124989	1,596293
1,127766	1,639363
1,130544	1,667967
1,133322	1,697886
1,136100	1,730107
1,138877	1,758054
1,141655	1,767588
1,144433	1,756738
1,147211	1,744902
1,149988	1,740299
1,152766	1,742601
1,155544	1,740628
1,158322	1,717285
1,161099	1,672899
1,163877	1,627198
1,166655	1,595635
1,169433	1,575579
1,172210	1,557825
1,174988	1,522974
1,177766	1,479904
1,180544	1,443409
1,183321	1,432888
1,186099	1,433216
1,188877	1,444724
1,191655	1,441765
1,194433	1,427956
1,197210	1,416120
1,199988	1,420065
1,202766	1,435189
1,205543	1,451299
1,208321	1,453601
1,211099	1,437162
1,213877	1,429271
1,216654	1,430586
1,219432	1,448998
1,222210	1,463793
1,224988	1,467739
1,227765	1,454259
1,230543	1,445710
1,233321	1,448998
1,236099	1,465766
1,238876	1,483191
1,241654	1,482863
1,244432	1,457546
1,247210	1,421380
1,249988	1,393105
1,252765	1,383899
1,255543	1,415133
1,258321	1,485164
1,261098	1,642980
1,263876	1,882662
1,266654	2,223939
1,269432	2,643465
1,272209	3,051814
1,274987	3,194177
1,277765	3,197794
1,280543	3,198451
1,283320	3,198122
1,286098	3,190889
1,288876	3,106392
1,291654	2,681933
1,294431	2,076644
1,297209	1,521659
1,299987	1,133696
1,302765	0,955825
1,305542	0,936755
1,308320	0,999224
1,311098	1,083392
1,313876	1,166245
1,316653	1,250413
1,319431	1,328992
1,322209	1,385543
1,324987	1,405599
1,327765	1,401653
1,330542	1,388173
1,333320	1,393105
1,336098	1,405928
1,338875	1,426641
1,341653	1,431901
1,344431	1,420723
1,347209	1,412832
1,349986	1,421380
1,352764	1,441107
1,355542	1,457546
1,358320	1,460834
1,361097	1,448012
1,363875	1,443080
1,366653	1,450642
1,369431	1,474643
1,372208	1,501603
1,374986	1,516398
1,377764	1,509165
1,380542	1,505220
1,383319	1,514097
1,386097	1,539084
1,388875	1,565058
1,391653	1,573935
1,394430	1,569004
1,397208	1,564729
1,399986	1,574922
1,402764	1,596293
1,405541	1,622924
1,408319	1,628184
1,411097	1,619636
1,413875	1,614704
1,416652	1,623910
1,419430	1,641665
1,422208	1,663035
1,424986	1,664351
1,427763	1,656131
1,430541	1,651199
1,433319	1,661391
1,436097	1,686708
1,438874	1,720572
1,441652	1,720244
1,444430	1,614047
1,447208	1,509494
1,449985	1,472342
1,452763	1,508836
1,455541	1,577552
1,458319	1,637719
1,461097	1,673885
1,463874	1,695256
1,466652	1,714325
1,469430	1,736683
1,472207	1,760026
1,474985	1,765944
1,477763	1,754437
1,480541	1,740299
1,483318	1,735368
1,486096	1,737011
1,488874	1,733724
1,491652	1,706435
1,494429	1,657117
1,497207	1,605827
1,499985	1,569332
1,502763	1,548290
1,505540	1,529550
1,508318	1,500617
1,511096	1,464122
1,513874	1,436504
1,516652	1,424339
1,519429	1,431901
1,522207	1,444395
1,524985	1,444724
1,527762	1,426312
1,530540	1,411517
1,533318	1,415462
1,536096	1,432230
1,538873	1,454916
1,541651	1,456560
1,544429	1,443080
1,547207	1,431573
1,549984	1,435847
1,552762	1,450971
1,555540	1,471026
1,558318	1,471026
1,561095	1,456231
1,563873	1,443409
1,566651	1,447354
1,569429	1,464780
1,572207	1,483849
1,574984	1,481219
1,577762	1,449984
1,580540	1,406585
1,583317	1,380282
1,586095	1,389488
1,588873	1,458204
1,591651	1,587087
1,594428	1,785342
1,597206	2,093412
1,599984	2,474142
1,602762	2,887094
1,605539	3,188916
1,608317	3,196150
1,611095	3,198122
1,613873	3,198451
1,616650	3,194506
1,619428	3,172477
1,622206	2,867367
1,624984	2,313367
1,627761	1,721559
1,630539	1,248441
1,633317	0,987388
1,636095	0,915384
1,638872	0,968647
1,641650	1,064651
1,644428	1,148820
1,647206	1,224768
1,649983	1,294141
1,652761	1,357268
1,655539	1,398694
1,658317	1,408887
1,661094	1,397050
1,663872	1,382584
1,666650	1,388831
1,669428	1,406914
1,672206	1,429271
1,674983	1,436504
1,677761	1,427627
1,680539	1,417764
1,683316	1,424339
1,686094	1,439463
1,688872	1,455902
1,691650	1,458204
1,694427	1,447683
1,697205	1,442751
1,699983	1,456231
1,702761	1,480561
1,705538	1,507192
1,708316	1,521330
1,711094	1,511467
1,713872	1,505549
1,716649	1,512782
1,719427	1,538427
1,722205	1,564729
1,724983	1,578538
1,727761	1,573607
1,730538	1,569004
1,733316	1,577881
1,736094	1,600895
1,738871	1,625883
1,741649	1,631801
1,744427	1,621609
1,747205	1,612403
1,749982	1,622595
1,752760	1,642651
1,755538	1,665994
1,758316	1,670597
1,761093	1,663035
1,763871	1,653501
1,766649	1,664351
1,769427	1,693612
1,772204	1,730436
1,774982	1,669940
1,777760	1,550263
1,780538	1,475629
1,783316	1,472999
1,786093	1,532509
1,788871	1,608786
1,791649	1,668625
1,794426	1,694599
1,797204	1,706763
1,799982	1,720572
1,802760	1,745231
1,805537	1,770218
1,808315	1,775808
1,811093	1,760026
1,813871	1,739642
1,816648	1,729121
1,819426	1,725833
1,822204	1,718600
1,824982	1,687694
1,827759	1,639692
1,830537	1,588073
1,833315	1,554537
1,836093	1,530207
1,838871	1,514426
1,841648	1,487137
1,844426	1,454916
1,847204	1,429271
1,849981	1,422367
1,852759	1,432888
1,855537	1,447025
1,858315	1,446697
1,861092	1,426970
1,863870	1,414805
1,866648	1,419079
1,869426	1,437491
1,872203	1,453930
1,874981	1,455902
1,877759	1,442751
1,880537	1,433216
1,883315	1,434532
1,886092	1,447683
1,888870	1,464780
1,891648	1,466752
1,894426	1,452615
1,897203	1,441765
1,899981	1,449984
1,902759	1,465108
1,905536	1,484507
1,908314	1,470040
1,911092	1,431901
1,913870	1,388173
1,916647	1,372720
1,919425	1,414476
1,922203	1,524289
1,924981	1,712024
1,927758	1,981626
1,930536	2,322573
1,933314	2,730264
1,936092	3,124804
1,938870	3,195492
1,941647	3,196478
1,944425	3,196807
1,947203	3,195163
1,949980	3,186615
1,952758	3,006771
1,955536	2,533323
1,958314	1,936254
1,961091	1,405928
1,963869	1,057089
1,966647	0,911110
1,969425	0,923604
1,972202	1,019937
1,974980	1,117914
1,977758	1,199781
1,980536	1,261921
1,983313	1,323403
1,986091	1,372720
1,988869	1,404941
1,991647	1,408887
1,994425	1,393763
1,997202	1,378967
1,999980	1,384885
2,002758	1,406914
2,005535	1,427956
2,008313	1,435847
2,011091	1,423682
2,013869	1,418750
2,016646	1,424997
2,019424	1,443409
2,022202	1,456231
2,024980	1,461821
2,027757	1,452286
2,030535	1,449656
2,033313	1,461821
2,036091	1,487137
2,038868	1,512782
2,041646	1,523960
2,044424	1,519357
2,047202	1,511795
2,049980	1,523632
2,052757	1,541715
2,055535	1,567688
2,058313	1,576894
2,061090	1,576894
2,063868	1,571963
2,066646	1,587415
2,069424	1,612074
2,072201	1,636404
2,074979	1,642651
2,077757	1,633445
2,080535	1,626212
2,083312	1,631143
2,086090	1,651199
2,088868	1,670597
2,091646	1,676844
2,094423	1,666652
2,097201	1,662378
2,099979	1,671913
2,102757	1,708407
2,105535	1,703804
2,108312	1,601224
2,111090	1,502918
2,113868	1,464780
2,116645	1,496343
2,119423	1,570319
2,122201	1,649555
2,124979	1,694270
2,127756	1,710709
2,130534	1,716627
2,133312	1,731751
2,136090	1,755423
2,138867	1,777123
2,141645	1,776465
2,144423	1,756738
2,147201	1,732080
2,149979	1,716298
2,152756	1,706763
2,155534	1,695256
2,158312	1,665337
2,161089	1,614376
2,163867	1,564729
2,166645	1,527577
2,169423	1,510152
2,172200	1,496671
2,174978	1,477602
2,177756	1,446697
2,180534	1,422038
2,183311	1,416449
2,186089	1,430257
2,188867	1,446039
2,191645	1,444724
2,194422	1,431244
2,197200	1,416777
2,199978	1,422367
2,202756	1,435518
2,205534	1,454259
2,208311	1,454916
2,211089	1,442751
2,213867	1,432888
2,216644	1,438148
2,219422	1,453272
2,222200	1,470040
2,224978	1,471684
2,227755	1,457218
2,230533	1,446697
2,233311	1,450642
2,236089	1,467410
2,238866	1,475301
2,241644	1,456560
2,244422	1,409544
2,247200	1,376337
2,249977	1,383570
2,252755	1,463464
2,255533	1,640021
2,258311	1,880032
2,261089	2,197636
2,263866	2,585600
2,266644	2,981126
2,269422	3,192862
2,272199	3,196478
2,274977	3,197136
2,277755	3,196150
2,280533	3,190889
2,283310	3,125461
2,286088	2,733223
2,288866	2,159168
2,291644	1,602868
2,294421	1,175780
2,297199	0,947276
2,299977	0,899603
2,302755	0,970291
2,305532	1,085036
2,308310	1,184986
2,311088	1,253701
2,313866	1,303676
2,316644	1,347733
2,319421	1,386529
2,322199	1,409215
2,324977	1,410859
2,327754	1,397050
2,330532	1,385872
2,333310	1,393763
2,336088	1,413489
2,338865	1,435189
2,341643	1,442422
2,344421	1,434203
2,347199	1,420394
2,349976	1,424339
2,352754	1,439135
2,355532	1,456231
2,358310	1,464122
2,361088	1,456231
2,363865	1,453272
2,366643	1,466095
2,369421	1,493712
2,372198	1,518700
2,374976	1,531851
2,377754	1,524289
2,380532	1,519686
2,383309	1,531522
2,386087	1,557167
2,388865	1,584128
2,391643	1,595635
2,394420	1,588073
2,397198	1,583141
2,399976	1,593005
2,402754	1,616348
2,405531	1,640678
2,408309	1,644624
2,411087	1,635089
2,413865	1,627198
2,416643	1,635746
2,419420	1,653501
2,422198	1,676844
2,424976	1,684406
2,427754	1,673885
2,430531	1,667310
2,433309	1,682762
2,436087	1,704791
2,438864	1,641007
2,441642	1,546646
2,444420	1,483849
2,447198	1,483520
2,449975	1,534153
2,452753	1,611088
2,455531	1,679146
2,458309	1,713339
2,461086	1,721559
2,463864	1,722874
2,466642	1,733395
2,469420	1,754437
2,472198	1,774164
2,474975	1,771862
2,477753	1,750820
2,480531	1,723203
2,483308	1,702489
2,486086	1,689338
2,488864	1,674214
2,491642	1,641007
2,494419	1,595964
2,497197	1,544345
2,499975	1,508836
2,502753	1,496014
2,505530	1,485822
2,508308	1,469383
2,511086	1,439135
2,513864	1,417106
2,516641	1,414147
2,519419	1,431901
2,522197	1,445381
2,524975	1,448340
2,527753	1,435518
2,530530	1,423682
2,533308	1,426641
2,536086	1,439135
2,538863	1,455245
2,541641	1,456889
2,544419	1,446039
2,547197	1,434532
2,549974	1,444724
2,552752	1,460177
2,555530	1,477273
2,558308	1,474314
2,561085	1,460177
2,563863	1,447025
2,566641	1,453601
2,569419	1,466423
2,572196	1,464451
2,574974	1,437491
2,577752	1,393763
2,580530	1,373378
2,583308	1,418750
2,586085	1,549934
2,588863	1,771534
2,591641	2,088151
2,594418	2,444552
2,597196	2,830872
2,599974	3,180039
2,602752	3,196807
2,605529	3,197794
2,608307	3,197465
2,611085	3,193848
2,613863	3,177080
2,616640	2,900574
2,619418	2,378795
2,622196	1,806713
2,624974	1,325705
2,627752	1,024211
2,630529	0,898945
2,633307	0,927878
2,636085	1,031444
2,638863	1,153094
2,641640	1,244824
2,644418	1,301375
2,647196	1,336554
2,649973	1,364830
2,652751	1,395735
2,655529	1,412174
2,658307	1,412832
2,661084	1,394749
2,663862	1,384557
2,666640	1,388831
2,669418	1,413489
2,672195	1,434860
2,674973	1,443409
2,677751	1,434532
2,680529	1,424011
2,683307	1,429271
2,686084	1,447354
2,688862	1,467739
2,691640	1,472013
2,694417	1,463793
2,697195	1,456231
2,699973	1,474643
2,702751	1,500288
2,705528	1,529221
2,708306	1,534153
2,711084	1,528235
2,713862	1,523303
2,716639	1,537440
2,719417	1,562099
2,722195	1,589059
2,724973	1,599252
2,727750	1,590703
2,730528	1,586429
2,733306	1,594320
2,736084	1,618321
2,738862	1,640678
2,741639	1,648569
2,744417	1,638377
2,747195	1,631801
2,749972	1,639692
2,752750	1,659419
2,755528	1,679803
2,758306	1,684735
2,761083	1,676187
2,763861	1,675200
2,766639	1,697886
2,769417	1,663035
2,772194	1,577881
2,774972	1,508179
2,777750	1,488123
2,780528	1,511467
2,783305	1,577223
2,786083	1,648569
2,788861	1,707421
2,791639	1,734381
2,794416	1,736354
2,797194	1,732080
2,799972	1,740299
2,802750	1,759697
2,805527	1,775150
2,808305	1,771205
2,811083	1,743916
2,813861	1,712353
2,816638	1,687694
2,819416	1,671584
2,822194	1,654158
2,824972	1,621938
2,827749	1,568675
2,830527	1,520015
2,833305	1,486150
2,836083	1,474314
2,838861	1,472342
2,841638	1,459519
2,844416	1,436833
2,847194	1,414476
2,849971	1,417106
2,852749	1,429271
2,855527	1,446039
2,858305	1,447025
2,861082	1,435189
2,863860	1,423024
2,866638	1,428942
2,869416	1,446368
2,872193	1,462807
2,874971	1,465108
2,877749	1,451299
2,880527	1,440121
2,883304	1,439463
2,886082	1,456889
2,888860	1,473985
2,891638	1,479246
2,894416	1,463136
2,897193	1,450971
2,899971	1,452943
2,902749	1,455902
2,905526	1,447025
2,908304	1,418750
2,911082	1,388173
2,913860	1,394420
2,916637	1,478588
2,919415	1,668625
2,922193	1,955981
2,924971	2,303175
2,927748	2,694756
2,930526	3,066938
2,933304	3,194177
2,936082	3,197465
2,938859	3,198122
2,941637	3,197465
2,944415	3,189574
2,947193	3,044909
2,949971	2,588559
2,952748	2,004312
2,955526	1,488123
2,958304	1,123832
2,961081	0,935440
2,963859	0,906836
2,966637	0,975880
2,969415	1,094242
2,972192	1,208658
2,974970	1,288552
2,977748	1,333267
2,980526	1,356281
2,983303	1,374364
2,986081	1,391461
2,988859	1,407900
2,991637	1,409873
2,994414	1,400338
2,997192	1,389488
2,999970	1,398037
3,002748	1,416449
3,005525	1,438806
3,008303	1,444395
3,011081	1,436504
3,013859	1,425983
3,016636	1,427627
3,019414	1,448340
3,022192	1,469711
3,024970	1,479904
3,027747	1,473985
3,030525	1,469711
3,033303	1,482863
3,036081	1,507192
3,038858	1,527248
3,041636	1,533166
3,044414	1,526591
3,047192	1,523303
3,049969	1,536783
3,052747	1,563414
3,055525	1,588731
3,058303	1,598594
3,061080	1,594649
3,063858	1,590374
3,066636	1,601553
3,069414	1,620622
3,072191	1,642980
3,074969	1,645939
3,077747	1,634760
3,080525	1,628184
3,083302	1,638048
3,086080	1,659748
3,088858	1,683420
3,091636	1,690982
3,094413	1,683749
3,097191	1,689667
3,099969	1,680461
3,102747	1,597279
3,105524	1,527577
3,108302	1,498315
3,111080	1,508836
3,113858	1,553551
3,116635	1,615033
3,119413	1,679475
3,122191	1,728463
3,124969	1,748519
3,127746	1,746217
3,130524	1,739971
3,133302	1,746875
3,136080	1,761999
3,138857	1,772191
3,141635	1,763314
3,144413	1,734381
3,147191	1,699530
3,149968	1,671913
3,152746	1,652514
3,155524	1,631472
3,158302	1,595635
3,161079	1,545989
3,163857	1,499302
3,166635	1,471684
3,169413	1,465766
3,172190	1,468396
3,174968	1,460834
3,177746	1,438148
3,180524	1,422038
3,183301	1,421051
3,186079	1,434532
3,188857	1,448340
3,191635	1,448340
3,194412	1,438806
3,197190	1,428285
3,199968	1,435189
3,202746	1,450971
3,205523	1,466423
3,208301	1,462478
3,211079	1,449327
3,213857	1,433874
3,216634	1,439792
3,219412	1,456889
3,222190	1,473328
3,224968	1,476616
3,227745	1,462807
3,230523	1,451299
3,233301	1,445381
3,236079	1,443409
3,238856	1,429271
3,241634	1,406256
3,244412	1,388173
3,247190	1,435847
3,249967	1,583141
3,252745	1,823152
3,255523	2,165744
3,258301	2,557324
3,261078	2,940685
3,263856	3,189574
3,266634	3,195492
3,269412	3,197794
3,272189	3,197136
3,274967	3,193848
3,277745	3,151106
3,280523	2,779253
3,283300	2,209472
3,286078	1,655145
3,288856	1,234632
3,291634	0,994950
3,294411	0,910453
3,297189	0,944317
3,299967	1,041308
3,302745	1,160656
3,305522	1,267839
3,308300	1,338527
3,311078	1,366145
3,313856	1,376995
3,316634	1,382913
3,319411	1,398694
3,322189	1,413161
3,324967	1,414476
3,327744	1,404284
3,330522	1,398037
3,333300	1,403955
3,336078	1,424997
3,338855	1,448340
3,341633	1,451957
3,344411	1,444395
3,347189	1,429600
3,349966	1,432888
3,352744	1,448669
3,355522	1,472999
3,358300	1,482205
3,361077	1,482205
3,363855	1,479246
3,366633	1,494370
3,369411	1,517056
3,372189	1,539742
3,374966	1,548948
3,377744	1,539084
3,380522	1,534481
3,383299	1,545331
3,386077	1,571963
3,388855	1,595306
3,391633	1,608457
3,394410	1,603197
3,397188	1,597936
3,399966	1,608786
3,402744	1,632459
3,405521	1,652514
3,408299	1,659419
3,411077	1,648240
3,413855	1,640021
3,416632	1,647254
3,419410	1,666981
3,422188	1,689338
3,424966	1,698544
3,427744	1,701503
3,430521	1,702489
3,433299	1,631472
3,436077	1,541386
3,438854	1,502261
3,441632	1,509823
3,444410	1,542372
3,447188	1,592347
3,449965	1,648569
3,452743	1,699859
3,455521	1,737011
3,458299	1,751149
3,461076	1,745889
3,463854	1,741943
3,466632	1,748519
3,469410	1,760026
3,472187	1,765616
3,474965	1,751149
3,477743	1,716627
3,480521	1,678159
3,483298	1,649227
3,486076	1,630157
3,488854	1,614704
3,491632	1,576566
3,494409	1,526591
3,497187	1,479246
3,499965	1,456231
3,502743	1,450971
3,505520	1,456889
3,508298	1,442094
3,511076	1,423682
3,513854	1,408229
3,516631	1,411188
3,519409	1,427627
3,522187	1,447025
3,524965	1,452943
3,527742	1,440121
3,530520	1,430586
3,533298	1,431573
3,536076	1,452286
3,538853	1,468396
3,541631	1,471026
3,544409	1,455245
3,547187	1,443737
3,549964	1,446697
3,552742	1,463793
3,555520	1,482534
3,558298	1,485164
3,561075	1,471684
3,563853	1,454259
3,566631	1,441436
3,569409	1,426641
3,572186	1,416120
3,574964	1,401653
3,577742	1,426312
3,580520	1,515412
3,583297	1,716956
3,586075	2,032258
3,588853	2,413317
3,591631	2,817720
3,594408	3,170505
3,597186	3,194177
3,599964	3,196150
3,602742	3,196807
3,605519	3,194506
3,608297	3,183985
3,611075	2,954494
3,613853	2,437319
3,616630	1,849126
3,619408	1,362199
3,622186	1,065309
3,624964	0,937413
3,627741	0,933467
3,630519	1,003498
3,633297	1,107064
3,636075	1,214247
3,638852	1,307950
3,641630	1,361871
3,644408	1,380282
3,647186	1,378639
3,649963	1,383242
3,652741	1,397050
3,655519	1,416777
3,658297	1,419408
3,661074	1,409544
3,663852	1,403626
3,666630	1,411846
3,669408	1,433874
3,672185	1,455902
3,674963	1,459848
3,677741	1,444066
3,680519	1,435847
3,683296	1,440121
3,686074	1,464122
3,688852	1,484178
3,691630	1,493384
3,694407	1,488781
3,697185	1,486150
3,699963	1,496343
3,702741	1,520015
3,705518	1,544016
3,708296	1,553222
3,711074	1,549934
3,713852	1,545660
3,716629	1,557825
3,719407	1,582812
3,722185	1,605498
3,724963	1,616019
3,727740	1,611088
3,730518	1,603855
3,733296	1,612074
3,736074	1,629828
3,738851	1,650542
3,741629	1,656789
3,744407	1,645610
3,747185	1,636404
3,749962	1,643637
3,752740	1,667638
3,755518	1,693612
3,758296	1,705448
3,761073	1,708407
3,763851	1,658761
3,766629	1,558483
3,769407	1,499630
3,772184	1,502261
3,774962	1,538098
3,777740	1,582155
3,780518	1,630157
3,783295	1,677502
3,786073	1,716298
3,788851	1,749176
3,791629	1,759697
3,794406	1,753779
3,797184	1,745889
3,799962	1,747532
3,802740	1,755752
3,805517	1,759040
3,808295	1,741614
3,811073	1,702818
3,813851	1,660734
3,816628	1,628513
3,819406	1,611745
3,822184	1,592018
3,824962	1,557496
3,827739	1,507850
3,830517	1,466752
3,833295	1,448012
3,836073	1,449984
3,838850	1,454916
3,841628	1,448669
3,844406	1,433874
3,847184	1,421051
3,849961	1,421380
3,852739	1,435518
3,855517	1,451628
3,858295	1,452615
3,861072	1,441107
3,863850	1,429929
3,866628	1,435847
3,869406	1,452286
3,872183	1,470040
3,874961	1,470040
3,877739	1,455245
3,880517	1,441765
3,883294	1,441107
3,886072	1,457875
3,888850	1,476287
3,891628	1,479246
3,894405	1,465437
3,897183	1,439463
3,899961	1,416777
3,902739	1,400338
3,905516	1,398366
3,908294	1,416120
3,911072	1,475301
3,913850	1,632459
3,916627	1,890882
3,919405	2,247611
3,922183	2,671741
3,924961	3,062993
3,927738	3,194506
3,930516	3,197794
3,933294	3,198780
3,936072	3,196478
3,938849	3,189245
3,941627	3,090282
3,944405	2,652014
3,947183	2,048040
3,949960	1,508508
3,952738	1,137312
3,955516	0,962400
3,958294	0,932152
3,961071	0,981470
3,963849	1,070241
3,966627	1,169533
3,969405	1,266195
3,972182	1,345432
3,974960	1,385214
3,977738	1,388831
3,980516	1,382255
3,983293	1,386201
3,986071	1,398694
3,988849	1,416777
3,991627	1,417764
3,994404	1,410530
3,997182	1,402968
3,999960	1,414147
4,002738	1,434532
4,005515	1,456889
4,008293	1,455574
4,011071	1,444724
4,013849	1,435189
4,016627	1,442422
4,019404	1,462478
4,022182	1,485822
4,024960	1,498644
4,027737	1,495356
4,030515	1,497000
4,033293	1,503247
4,036071	1,525276
4,038848	1,545989
4,041626	1,556839
4,044404	1,551907
4,047182	1,553222
4,049959	1,565058
4,052737	1,587744
4,055515	1,611088
4,058293	1,617335
4,061070	1,611088
4,063848	1,603855
4,066626	1,615033
4,069404	1,634103
4,072182	1,656460
4,074959	1,663035
4,077737	1,656131
4,080515	1,646596
4,083292	1,656460
4,086070	1,677173
4,088848	1,703476
4,091626	1,721230
4,094403	1,704462
4,097181	1,599909
4,099959	1,510480
4,102737	1,487137
4,105514	1,519029
4,108292	1,576237
4,111070	1,618979
4,113848	1,659419
4,116625	1,696900
4,119403	1,731093
4,122181	1,759040
4,124959	1,767917
4,127737	1,758382
4,130514	1,750163
4,133292	1,746217
4,136070	1,752135
4,138847	1,753451
4,141625	1,732409
4,144403	1,691639
4,147181	1,644624
4,149958	1,613389
4,152736	1,591032
4,155514	1,570976
4,158292	1,530865
4,161069	1,483849
4,163847	1,447025
4,166625	1,432230
4,169403	1,437162
4,172180	1,446039
4,174958	1,444724
4,177736	1,426641
4,180514	1,413489
4,183292	1,412174
4,186069	1,431901
4,188847	1,448669
4,191625	1,453930
4,194402	1,440450
4,197180	1,430586
4,199958	1,432888
4,202736	1,448012
4,205513	1,464122
4,208291	1,464451
4,211069	1,454587
4,213847	1,442422
4,216624	1,449656
4,219402	1,468725
4,222180	1,488123
4,224958	1,485822
4,227735	1,469054
4,230513	1,434203
4,233291	1,404284
4,236069	1,390146
4,238846	1,401653
4,241624	1,456231
4,244402	1,571963
4,247180	1,773835
4,249957	2,099987
4,252735	2,497157
4,255513	2,912410
4,258291	3,190232
4,261068	3,196478
4,263846	3,198451
4,266624	3,198122
4,269402	3,193519
4,272180	3,170176
4,274957	2,844681
4,277735	2,278188
4,280513	1,693283
4,283290	1,240879
4,286068	0,995278
4,288846	0,929522
4,291624	0,967003
4,294401	1,046568
4,297179	1,133696
4,299957	1,227727
4,302735	1,309594
4,305512	1,374036
4,308290	1,398037
4,311068	1,393763
4,313846	1,383570
4,316623	1,385872
4,319401	1,402640
4,322179	1,421709
4,324957	1,429271
4,327735	1,418750
4,330512	1,411517
4,333290	1,415133
4,336068	1,436504
4,338845	1,455245
4,341623	1,459190
4,344401	1,449327
4,347179	1,443080
4,349956	1,450313
4,352734	1,472670
4,355512	1,495685
4,358290	1,505220
4,361067	1,502918
4,363845	1,498973
4,366623	1,511138
4,369401	1,532180
4,372178	1,558483
4,374956	1,564072
4,377734	1,560784
4,380512	1,556839
4,383290	1,568675
4,386067	1,593005
4,388845	1,618650
4,391623	1,627856
4,394400	1,621280
4,397178	1,611417
4,399956	1,617992
4,402734	1,638377
4,405511	1,658432
4,408289	1,667310
4,411067	1,656460
4,413845	1,649555
4,416622	1,657775
4,419400	1,680132
4,422178	1,707092
4,424956	1,725833
4,427733	1,646596
4,430511	1,526919
4,433289	1,469711
4,436067	1,483849
4,438845	1,542701
4,441622	1,604512
4,444400	1,648569
4,447178	1,677502
4,449955	1,706106
4,452733	1,734381
4,455511	1,760026
4,458289	1,765944
4,461066	1,752464
4,463844	1,737669
4,466622	1,736354
4,469400	1,739971
4,472177	1,739642
4,474955	1,716298
4,477733	1,669282
4,480511	1,620622
4,483288	1,584785
4,486066	1,561442
4,488844	1,542043
4,491622	1,509823
4,494400	1,468725
4,497177	1,439792
4,499955	1,428285
4,502733	1,435189
4,505510	1,448340
4,508288	1,448669
4,511066	1,435189
4,513844	1,421051
4,516621	1,425326
4,519399	1,439135
4,522177	1,456889
4,524955	1,457218
4,527732	1,445710
4,530510	1,433874
4,533288	1,437819
4,536066	1,452943
4,538843	1,468725
4,541621	1,469054
4,544399	1,455245
4,547177	1,443080
4,549955	1,444066
4,552732	1,462149
4,555510	1,479575
4,558288	1,480232
4,561065	1,454587
4,563843	1,415791
4,566621	1,390804
4,569399	1,388173
4,572176	1,433216
4,574954	1,524289
4,577732	1,696571
4,580510	1,970118
4,583287	2,326519
4,586065	2,747032
4,588843	3,143216
4,591621	3,193191
4,594398	3,198122
4,597176	3,197465
4,599954	3,196150
4,602732	3,186944
4,605510	3,007099
4,608287	2,519843
4,611065	1,911924
4,613843	1,386529
4,616620	1,058733
4,619398	0,926892
4,622176	0,941358
4,624954	1,021252
4,627731	1,107722
4,630509	1,191233
4,633287	1,267510
4,636065	1,338198
4,638842	1,388173
4,641620	1,404612
4,644398	1,394091
4,647176	1,381926
4,649953	1,385543
4,652731	1,405270
4,655509	1,427298
4,658287	1,432559
4,661065	1,422695
4,663842	1,413818
4,666620	1,418421
4,669398	1,433874
4,672175	1,453601
4,674953	1,455574
4,677731	1,446697
4,680509	1,445053
4,683286	1,453601
4,686064	1,476616
4,688842	1,499630
4,691620	1,511138
4,694397	1,506206
4,697175	1,499630
4,699953	1,506535
4,702731	1,531194
4,705508	1,558483
4,708286	1,568346
4,711064	1,568346
4,713842	1,566045
4,716620	1,578210
4,719397	1,603526
4,722175	1,629171
4,724953	1,635089
4,727730	1,624568
4,730508	1,612074
4,733286	1,620294
4,736064	1,637719
4,738841	1,657775
4,741619	1,665337
4,744397	1,658432
4,747175	1,652514
4,749953	1,660076
4,752730	1,685064
4,755508	1,722216
4,758286	1,700845
4,761063	1,581826
4,763841	1,488123
4,766619	1,468725
4,769397	1,513768
4,772175	1,589059
4,774952	1,651199
4,777730	1,683420
4,780508	1,699530
4,783285	1,719257
4,786063	1,741286
4,788841	1,765944
4,791619	1,769890
4,794396	1,757396
4,797174	1,740299
4,799952	1,734052
4,802730	1,731093
4,805508	1,721887
4,808285	1,692955
4,811063	1,645939
4,813841	1,598265
4,816618	1,565058
4,819396	1,542043
4,822174	1,522645
4,824952	1,496343
4,827730	1,458204
4,830507	1,428942
4,833285	1,418421
4,836063	1,426312
4,838840	1,440450
4,841618	1,442751
4,844396	1,426312
4,847174	1,415133
4,849951	1,418421
4,852729	1,435847
4,855507	1,453272
4,858285	1,451299
4,861063	1,441765
4,863840	1,428285
4,866618	1,434203
4,869396	1,448669
4,872173	1,469711
4,874951	1,466752
4,877729	1,456889
4,880507	1,443080
4,883285	1,445053
4,886062	1,459848
4,888840	1,477602
4,891618	1,468067
4,894395	1,435847
4,897173	1,397050
4,899951	1,375680
4,902729	1,397050
4,905506	1,474972
4,908284	1,639034
4,911062	1,866223
4,913840	2,189088
4,916618	2,589216
4,919395	2,993291
4,922173	3,192862
4,924951	3,196150
4,927728	3,197136
4,930506	3,197465
4,933284	3,191218
4,936062	3,122831
4,938839	2,729278
4,941617	2,142072
4,944395	1,574593
4,947173	1,152436
4,949950	0,946619
4,952728	0,914069
4,955506	0,989032
4,958284	1,089310
4,961061	1,172821
4,963839	1,241536
4,966617	1,305649
4,969395	1,360227
4,972173	1,398366
4,974950	1,409544
4,977728	1,394749
4,980506	1,386529
4,983283	1,388831
4,986061	1,406256
4,988839	1,424011
4,991617	1,431573
4,994394	1,420394
4,997172	1,415462
4,999950	1,420065
5,002728	1,435847
5,005505	1,454587
5,008283	1,456231
5,011061	1,451628
5,013839	1,446368
5,016616	1,458204
5,019394	1,483849
5,022172	1,515083
5,024950	1,522645
5,027728	1,517385
5,030505	1,509823
5,033283	1,520344
5,036061	1,543030
5,038838	1,572620
5,041616	1,582155
5,044394	1,578867
5,047172	1,576237
5,049949	1,585771
5,052727	1,611088
5,055505	1,633116
5,058283	1,642980
5,061060	1,631143
5,063838	1,625554
5,066616	1,630486
5,069394	1,651528
5,072171	1,670269
5,074949	1,674543
5,077727	1,665994
5,080505	1,658761
5,083282	1,671584
5,086060	1,701832
5,088838	1,725833
5,091616	1,644624
5,094393	1,532180
5,097171	1,468396
5,099949	1,485164
5,102727	1,549934
5,105504	1,631801
5,108282	1,686708
5,111060	1,708736
5,113838	1,716627
5,116615	1,734052
5,119393	1,757396
5,122171	1,780082
5,124949	1,780740
5,127726	1,762656
5,130504	1,740299
5,133282	1,726490
5,136060	1,717942
5,138837	1,707092
5,141615	1,676844
5,144393	1,626541
5,147171	1,577881
5,149948	1,540400
5,152726	1,517056
5,155504	1,504233
5,158282	1,482863
5,161059	1,453272
5,163837	1,427298
5,166615	1,419408
5,169393	1,428285
5,172170	1,448012
5,174948	1,447025
5,177726	1,432230
5,180504	1,419408
5,183281	1,423024
5,186059	1,436833
5,188837	1,454259
5,191615	1,459190
5,194392	1,446697
5,197170	1,440450
5,199948	1,443737
5,202726	1,464122
5,205503	1,480232
5,208281	1,480561
5,211059	1,464122
5,213837	1,449656
5,216614	1,449984
5,219392	1,466752
5,222170	1,481547
5,224948	1,468067
5,227726	1,428285
5,230503	1,388173
5,233281	1,378639
5,236059	1,437162
5,238836	1,569332
5,241614	1,777123
5,244392	2,080589
5,247170	2,439949
5,249947	2,841393
5,252725	3,184971
5,255503	3,196478
5,258281	3,197465
5,261058	3,197136
5,263836	3,193848
5,266614	3,177738
5,269392	2,904848
5,272169	2,383069
5,274947	1,798494
5,277725	1,300717
5,280503	1,002512
5,283281	0,898945
5,286058	0,939714
5,288836	1,045911
5,291614	1,152436
5,294391	1,232002
5,297169	1,289539
5,299947	1,341157
5,302725	1,381926
5,305502	1,408887
5,308280	1,407900
5,311058	1,392119
5,313836	1,380282
5,316613	1,386529
5,319391	1,406914
5,322169	1,427956
5,324947	1,433216
5,327724	1,424339
5,330502	1,419079
5,333280	1,425326
5,336058	1,440778
5,338835	1,456889
5,341613	1,461163
5,344391	1,451628
5,347169	1,448340
5,349946	1,457875
5,352724	1,483849
5,355502	1,515412
5,358280	1,528563
5,361057	1,522316
5,363835	1,516398
5,366613	1,525276
5,369391	1,548619
5,372168	1,575250
5,374946	1,585771
5,377724	1,579853
5,380502	1,575908
5,383279	1,585771
5,386057	1,609773
5,388835	1,634431
5,391613	1,641993
5,394390	1,634103
5,397168	1,627856
5,399946	1,633774
5,402724	1,651199
5,405501	1,669611
5,408279	1,674214
5,411057	1,663693
5,413835	1,658104
5,416612	1,671255
5,419390	1,706106
5,422168	1,670597
5,424946	1,568017
5,427723	1,490096
5,430501	1,471355
5,433279	1,513768
5,436057	1,588731
5,438834	1,663693
5,441612	1,707092
5,444390	1,720901
5,447168	1,722545
5,449945	1,736025
5,452723	1,756410
5,455501	1,775150
5,458279	1,773835
5,461056	1,750492
5,463834	1,723531
5,466612	1,709065
5,469390	1,698873
5,472167	1,684735
5,474945	1,653172
5,477723	1,604183
5,480501	1,555195
5,483278	1,519357
5,486056	1,499630
5,488834	1,487137
5,491612	1,471355
5,494389	1,444066
5,497167	1,424011
5,499945	1,416777
5,502723	1,429271
5,505501	1,444724
5,508278	1,444724
5,511056	1,431573
5,513834	1,419736
5,516611	1,423353
5,519389	1,435518
5,522167	1,453930
5,524945	1,451628
5,527722	1,440450
5,530500	1,429929
5,533278	1,431573
5,536056	1,448998
5,538833	1,467081
5,541611	1,469383
5,544389	1,456889
5,547167	1,446368
5,549944	1,446697
5,552722	1,462807
5,555500	1,465437
5,558278	1,443737
5,561056	1,396064
5,563833	1,370090
5,566611	1,394420
5,569389	1,495356
5,572166	1,693283
5,574944	1,965515
5,577722	2,297257
5,580500	2,692125
5,583277	3,080747
5,586055	3,196807
5,588833	3,198451
5,591611	3,197794
5,594388	3,196807
5,597166	3,187601
5,599944	3,040306
5,602722	2,585928
5,605499	2,002010
5,608277	1,472999
5,611055	1,099502
5,613833	0,917028
5,616611	0,904535
5,619388	0,992319
5,622166	1,108051
5,624944	1,208987
5,627721	1,271127
5,630499	1,319129
5,633277	1,352665
5,636055	1,384557
5,638832	1,401653
5,641610	1,406585
5,644388	1,393434
5,647166	1,384228
5,649944	1,391132
5,652721	1,412174
5,655499	1,436175
5,658277	1,440450
5,661054	1,431901
5,663832	1,421051
5,666610	1,427627
5,669388	1,439463
5,672165	1,461492
5,674943	1,465766
5,677721	1,463136
5,680499	1,459519
5,683276	1,475958
5,686054	1,500617
5,688832	1,527577
5,691610	1,536783
5,694387	1,529221
5,697165	1,528892
5,699943	1,536125
5,702721	1,560784
5,705499	1,586429
5,708276	1,597608
5,711054	1,586758
5,713832	1,585114
5,716609	1,595964
5,719387	1,618650
5,722165	1,643308
5,724943	1,649555
5,727720	1,641993
5,730498	1,633774
5,733276	1,638377
5,736054	1,655145
5,738831	1,676844
5,741609	1,681447
5,744387	1,673885
5,747165	1,668625
5,749942	1,689667
5,752720	1,693612
5,755498	1,613389
5,758276	1,528892
5,761054	1,487466
5,763831	1,497987
5,766609	1,558483
5,769387	1,635418
5,772164	1,701503
5,774942	1,735039
5,777720	1,736354
5,780498	1,731093
5,783275	1,737011
5,786053	1,757067
5,788831	1,775150
5,791609	1,773506
5,794386	1,751478
5,797164	1,725833
5,799942	1,704462
5,802720	1,688680
5,805497	1,671913
5,808275	1,636075
5,811053	1,586100
5,813831	1,533495
5,816608	1,502590
5,819386	1,484507
5,822164	1,480890
5,824942	1,466095
5,827719	1,441107
5,830497	1,417435
5,833275	1,415133
5,836053	1,425654
5,838830	1,441436
5,841608	1,442094
5,844386	1,428285
5,847164	1,421380
5,849941	1,424668
5,852719	1,444395
5,855497	1,462478
5,858275	1,466752
5,861052	1,450313
5,863830	1,442751
5,866608	1,444724
5,869386	1,460505
5,872163	1,475629
5,874941	1,473985
5,877719	1,460177
5,880497	1,448669
5,883274	1,452286
5,886052	1,461163
5,888830	1,462149
5,891608	1,431573
5,894385	1,397050
5,897163	1,381269
5,899941	1,441436
5,902719	1,601553
5,905496	1,846825
5,908274	2,178895
5,911052	2,558968
5,913830	2,940685
5,916607	3,191218
5,919385	3,197465
5,922163	3,199109
5,924941	3,198122
5,927718	3,192533
5,930496	3,146832
5,933274	2,777280
5,936052	2,214075
5,938829	1,662049
5,941607	1,230358
5,944385	0,980812
5,947163	0,901904
5,949940	0,950235
5,952718	1,060377
5,955496	1,174794
5,958274	1,264551
5,961051	1,319458
5,963829	1,349048
5,966607	1,374364
5,969385	1,396722
5,972162	1,415462
5,974940	1,416777
5,977718	1,401982
5,980496	1,389160
5,983273	1,397050
5,986051	1,415791
5,988829	1,435847
5,991607	1,441765
5,994384	1,430586
5,997162	1,423353
5,999940	1,428613
6,002718	1,448340
6,005495	1,468067
6,008273	1,476287
6,011051	1,469711
6,013829	1,468396
6,016606	1,482205
6,019384	1,506535
6,022162	1,530865
6,024940	1,537440
6,027717	1,533495
6,030495	1,530865
6,033273	1,541715
6,036051	1,565716
6,038828	1,591690
6,041606	1,599580
6,044384	1,595635
6,047162	1,592347
6,049939	1,601553
6,052717	1,623581
6,055495	1,648569
6,058273	1,653172
6,061050	1,645281
6,063828	1,636733
6,066606	1,642651
6,069384	1,663035
6,072161	1,683749
6,074939	1,689338
6,077717	1,683749
6,080495	1,684406
6,083272	1,697229
6,086050	1,636733
6,088828	1,551907
6,091606	1,498315
6,094383	1,494370
6,097161	1,528563
6,099939	1,593005
6,102717	1,662049
6,105494	1,715312
6,108272	1,740299
6,111050	1,740299
6,113828	1,734710
6,116605	1,741943
6,119383	1,758711
6,122161	1,773178
6,124939	1,766273
6,127717	1,738655
6,130494	1,707750
6,133272	1,684077
6,136050	1,665666
6,138827	1,646596
6,141605	1,611745
6,144383	1,560126
6,147161	1,512124
6,149938	1,481876
6,152716	1,470369
6,155494	1,469711
6,158272	1,457875
6,161049	1,436833
6,163827	1,420723
6,166605	1,423682
6,169383	1,433545
6,172160	1,449327
6,174938	1,448998
6,177716	1,434860
6,180494	1,423024
6,183272	1,426312
6,186049	1,441765
6,188827	1,460834
6,191605	1,463136
6,194382	1,448012
6,197160	1,437819
6,199938	1,439135
6,202716	1,454587
6,205493	1,471026
6,208271	1,472999
6,211049	1,459519
6,213827	1,452615
6,216604	1,451957
6,219382	1,452286
6,222160	1,441765
6,224938	1,413818
6,227715	1,387516
6,230493	1,413161
6,233271	1,522645
6,236049	1,732080
6,238827	2,052314
6,241604	2,417263
6,244382	2,809501
6,247160	3,166559
6,249937	3,194177
6,252715	3,196807
6,255493	3,199437
6,258271	3,196478
6,261048	3,184313
6,263826	2,943973
6,266604	2,432387
6,269382	1,850441
6,272159	1,359240
6,274937	1,049527
6,277715	0,910781
6,280493	0,916042
6,283270	1,003827
6,286048	1,125476
6,288826	1,234303
6,291604	1,305978
6,294382	1,342144
6,297159	1,360884
6,299937	1,378639
6,302715	1,396064
6,305492	1,412832
6,308270	1,411517
6,311048	1,397708
6,313826	1,385214
6,316603	1,396064
6,319381	1,413161
6,322159	1,437819
6,324937	1,445053
6,327714	1,437491
6,330492	1,427956
6,333270	1,432559
6,336048	1,450642
6,338825	1,473657
6,341603	1,482534
6,344381	1,474643
6,347159	1,475301
6,349937	1,485822
6,352714	1,509165
6,355492	1,533166
6,358270	1,543030
6,361047	1,536125
6,363825	1,534810
6,366603	1,545989
6,369381	1,570976
6,372158	1,595964
6,374936	1,606485
6,377714	1,600567
6,380492	1,595635
6,383269	1,604183
6,386047	1,621280
6,388825	1,644624
6,391603	1,651199
6,394380	1,645281
6,397158	1,637062
6,399936	1,642651
6,402714	1,659090
6,405491	1,682105
6,408269	1,691311
6,411047	1,687037
6,413825	1,693612
6,416602	1,655145
6,419380	1,567031
6,422158	1,508179
6,424936	1,497000
6,427713	1,516070
6,430491	1,563414
6,433269	1,622595
6,436047	1,683091
6,438824	1,726819
6,441602	1,747204
6,444380	1,746546
6,447158	1,743916
6,449935	1,748848
6,452713	1,761013
6,455491	1,769561
6,458269	1,758382
6,461046	1,727477
6,463824	1,690653
6,466602	1,664351
6,469380	1,645610
6,472157	1,629828
6,474935	1,591361
6,477713	1,539084
6,480491	1,487794
6,483268	1,460834
6,486046	1,453272
6,488824	1,456231
6,491602	1,449656
6,494379	1,426641
6,497157	1,416777
6,499935	1,416449
6,502713	1,430257
6,505490	1,445381
6,508268	1,450642
6,511046	1,434532
6,513824	1,425983
6,516601	1,429271
6,519379	1,447025
6,522157	1,465766
6,524935	1,466423
6,527712	1,455245
6,530490	1,442094
6,533268	1,445710
6,536046	1,457875
6,538823	1,479575
6,541601	1,478260
6,544379	1,466752
6,547157	1,453601
6,549934	1,445053
6,552712	1,433545
6,555490	1,421380
6,558268	1,402640
6,561045	1,402311
6,563823	1,464451
6,566601	1,636404
6,569379	1,909622
6,572156	2,267338
6,574934	2,670754
6,577712	3,046882
6,580490	3,192204
6,583267	3,196478
6,586045	3,197136
6,588823	3,197136
6,591601	3,191547
6,594378	3,084363
6,597156	2,643465
6,599934	2,050013
6,602712	1,517056
6,605489	1,148491
6,608267	0,959112
6,611045	0,918343
6,613823	0,967989
6,616600	1,073200
6,619378	1,185315
6,622156	1,284278
6,624934	1,348391
6,627711	1,375680
6,630489	1,375680
6,633267	1,380611
6,636045	1,391132
6,638822	1,409215
6,641600	1,414147
6,644378	1,402968
6,647156	1,396722
6,649933	1,402968
6,652711	1,423682
6,655489	1,443080
6,658267	1,451299
6,661044	1,436833
6,663822	1,426641
6,666600	1,430586
6,669378	1,450971
6,672155	1,474643
6,674933	1,487137
6,677711	1,484835
6,680489	1,482863
6,683266	1,495685
6,686044	1,513439
6,688822	1,536454
6,691600	1,544345
6,694377	1,539084
6,697155	1,536454
6,699933	1,551578
6,702711	1,577223
6,705488	1,605170
6,708266	1,614376
6,711044	1,608457
6,713822	1,603197
6,716599	1,608457
6,719377	1,627527
6,722155	1,648240
6,724933	1,655473
6,727710	1,646267
6,730488	1,638048
6,733266	1,641993
6,736044	1,665008
6,738821	1,686379
6,741599	1,695914
6,744377	1,699201
6,747155	1,681776
6,749932	1,587744
6,752710	1,513111
6,755488	1,492726
6,758266	1,516070
6,761043	1,562099
6,763821	1,610759
6,766599	1,663364
6,769377	1,711695
6,772154	1,747532
6,774932	1,759040
6,777710	1,752135
6,780488	1,742930
6,783265	1,745889
6,786043	1,755094
6,788821	1,761670
6,791599	1,748190
6,794376	1,710709
6,797154	1,671913
6,799932	1,643637
6,802710	1,622595
6,805487	1,601882
6,808265	1,567688
6,811043	1,516398
6,813821	1,470698
6,816598	1,448998
6,819376	1,448012
6,822154	1,452286
6,824932	1,445710
6,827709	1,429600
6,830487	1,413489
6,833265	1,415462
6,836043	1,428613
6,838820	1,446368
6,841598	1,450642
6,844376	1,437491
6,847154	1,424997
6,849931	1,425983
6,852709	1,441765
6,855487	1,460834
6,858265	1,464780
6,861042	1,451957
6,863820	1,443080
6,866598	1,445381
6,869376	1,461492
6,872153	1,480232
6,874931	1,485493
6,877709	1,471026
6,880487	1,453272
6,883264	1,435189
6,886042	1,419079
6,888820	1,411846
6,891598	1,407900
6,894375	1,450313
6,897153	1,572620
6,899931	1,789945
6,902709	2,128263
6,905486	2,525761
6,908264	2,920301
6,911042	3,189903
6,913820	3,195492
6,916597	3,196478
6,919375	3,195492
6,922153	3,194835
6,924931	3,165573
6,927708	2,825940
6,930486	2,260433
6,933264	1,689996
6,936042	1,250413
6,938819	1,011718
6,941597	0,931823
6,944375	0,955167
6,947153	1,032431
6,949930	1,134025
6,952708	1,238248
6,955486	1,323403
6,958264	1,369104
6,961041	1,381598
6,963819	1,375351
6,966597	1,379625
6,969375	1,393105
6,972152	1,410859
6,974930	1,413489
6,977708	1,405928
6,980486	1,397708
6,983263	1,406256
6,986041	1,426641
6,988819	1,447683
6,991597	1,454587
6,994374	1,439135
6,997152	1,428613
6,999930	1,431573
7,002708	1,453601
7,005485	1,476287
7,008263	1,492068
7,011041	1,488452
7,013819	1,490753
7,016596	1,503247
7,019374	1,525933
7,022152	1,550921
7,024930	1,561113
7,027707	1,555195
7,030485	1,549934
7,033263	1,561442
7,036041	1,581826
7,038818	1,609115
7,041596	1,619307
7,044374	1,613718
7,047152	1,604841
7,049929	1,613718
7,052707	1,630157
7,055485	1,653829
7,058263	1,661391
7,061040	1,654487
7,063818	1,646267
7,066596	1,652514
7,069374	1,671913
7,072151	1,695256
7,074929	1,708736
7,077707	1,710051
7,080485	1,634760
7,083263	1,532180
7,086040	1,486808
7,088818	1,503247
7,091596	1,549277
7,094373	1,598265
7,097151	1,643308
7,099929	1,683420
7,102707	1,720244
7,105484	1,752464
7,108262	1,763972
7,111040	1,759697
7,113818	1,748190
7,116595	1,747861
7,119373	1,754437
7,122151	1,759697
7,124929	1,740628
7,127706	1,700517
7,130484	1,656131
7,133262	1,625225
7,136040	1,607800
7,138818	1,585443
7,141595	1,549605
7,144373	1,498315
7,147151	1,460834
7,149928	1,441765
7,152706	1,442422
7,155484	1,446039
7,158262	1,446697
7,161039	1,429600
7,163817	1,417106
7,166595	1,416449
7,169373	1,430257
7,172150	1,447354
7,174928	1,451299
7,177706	1,439792
7,180484	1,426312
7,183261	1,431244
7,186039	1,444066
7,188817	1,465766
7,191595	1,469711
7,194372	1,458861
7,197150	1,445710
7,199928	1,449984
7,202706	1,463464
7,205483	1,483520
7,208261	1,484507
7,211039	1,466095
7,213817	1,439792
7,216594	1,413818
7,219372	1,401982
7,222150	1,404941
7,224928	1,442094
7,227705	1,519357
7,230483	1,697229
7,233261	1,986557
7,236039	2,356438
7,238816	2,780568
7,241594	3,159326
7,244372	3,196150
7,247150	3,198451
7,249927	3,197136
7,252705	3,195821
7,255483	3,185629
7,258261	3,003483
7,261038	2,504062
7,263816	1,900088
7,266594	1,390804
7,269372	1,074844
7,272149	0,948920
7,274927	0,949578
7,277705	1,015005
7,280483	1,102133
7,283260	1,199123
7,286038	1,289210
7,288816	1,361213
7,291594	1,394749
7,294371	1,392447
7,297149	1,384557
7,299927	1,387844
7,302705	1,406585
7,305482	1,423353
7,308260	1,430915
7,311038	1,419079
7,313816	1,411188
7,316593	1,416120
7,319371	1,433874
7,322149	1,452943
7,324927	1,456231
7,327704	1,447025
7,330482	1,436833
7,333260	1,447025
7,336038	1,464122
7,338815	1,490425
7,341593	1,498973
7,344371	1,497329
7,347149	1,491740
7,349926	1,504891
7,352704	1,526919
7,355482	1,552893
7,358260	1,564401
7,361037	1,560126
7,363815	1,559469
7,366593	1,571305
7,369371	1,593662
7,372148	1,616677
7,374926	1,626869
7,377704	1,616019
7,380482	1,609444
7,383259	1,615362
7,386037	1,636733
7,388815	1,659090
7,391593	1,669611
7,394370	1,661720
7,397148	1,652186
7,399926	1,656131
7,402704	1,672570
7,405481	1,699530
7,408259	1,719915
7,411037	1,681447
7,413815	1,567031
7,416592	1,490096
7,419370	1,482863
7,422148	1,530536
7,424926	1,586100
7,427703	1,630157
7,430481	1,663035
7,433259	1,695914
7,436037	1,727806
7,438814	1,753779
7,441592	1,763314
7,444370	1,754437
7,447148	1,743258
7,449925	1,741286
7,452703	1,747204
7,455481	1,749505
7,458259	1,725175
7,461036	1,678817
7,463814	1,630815
7,466592	1,594320
7,469370	1,573278
7,472147	1,553880
7,474925	1,522645
7,477703	1,485822
7,480481	1,450971
7,483258	1,439463
7,486036	1,440450
7,488814	1,447683
7,491592	1,444066
7,494369	1,428613
7,497147	1,411846
7,499925	1,414476
7,502703	1,429600
7,505480	1,448012
7,508258	1,451299
7,511036	1,438477
7,513814	1,428613
7,516591	1,433216
7,519369	1,448669
7,522147	1,465108
7,524925	1,468396
7,527702	1,452615
7,530480	1,441765
7,533258	1,446368
7,536036	1,461492
7,538813	1,479246
7,541591	1,479246
7,544369	1,454259
7,547147	1,421709
7,549924	1,394091
7,552702	1,386201
7,555480	1,412174
7,558258	1,481219
7,561035	1,631472
7,563813	1,862935
7,566591	2,201581
7,569369	2,616176
7,572146	3,024525
7,574924	3,195492
7,577702	3,197794
7,580480	3,197465
7,583257	3,197465
7,586035	3,191218
7,588813	3,120201
7,591591	2,712839
7,594368	2,113139
7,597146	1,553551
7,599924	1,150464
7,602702	0,959770
7,605479	0,930837
7,608257	0,989689
7,611035	1,076159
7,613813	1,158354
7,616590	1,240550
7,619368	1,318143
7,622146	1,377652
7,624924	1,399352
7,627701	1,395735
7,630479	1,385543
7,633257	1,388173
7,636035	1,400996
7,638812	1,419079
7,641590	1,424339
7,644368	1,416449
7,647146	1,407243
7,649923	1,413489
7,652701	1,436833
7,655479	1,455902
7,658257	1,460177
7,661034	1,449327
7,663812	1,441765
7,666590	1,450971
7,669368	1,474314
7,672145	1,502590
7,674923	1,515083
7,677701	1,509823
7,680479	1,503576
7,683256	1,514426
7,686034	1,538098
7,688812	1,564401
7,691590	1,572949
7,694367	1,567360
7,697145	1,560455
7,699923	1,570976
7,702701	1,594320
7,705478	1,620294
7,708256	1,629828
7,711034	1,621938
7,713812	1,615362
7,716589	1,623910
7,719367	1,643308
7,722145	1,664679
7,724923	1,671584
7,727700	1,662049
7,730478	1,657117
7,733256	1,663364
7,736034	1,687037
7,738811	1,716627
7,741589	1,722874
7,744367	1,621609
7,747145	1,512453
7,749922	1,469711
7,752700	1,497329
7,755478	1,565387
7,758256	1,628184
7,761033	1,668625
7,763811	1,691311
7,766589	1,714654
7,769367	1,741614
7,772144	1,767588
7,774922	1,773178
7,777700	1,760684
7,780478	1,743258
7,783255	1,736683
7,786033	1,737669
7,788811	1,732409
7,791589	1,707750
7,794366	1,660734
7,797144	1,613389
7,799922	1,576566
7,802700	1,558154
7,805477	1,536783
7,808255	1,505549
7,811033	1,466423
7,813811	1,436175
7,816588	1,426312
7,819366	1,432888
7,822144	1,442751
7,824922	1,441107
7,827699	1,425983
7,830477	1,411188
7,833255	1,414147
7,836033	1,429600
7,838810	1,452286
7,841588	1,454587
7,844366	1,447683
7,847144	1,434532
7,849921	1,439792
7,852699	1,450971
7,855477	1,465108
7,858255	1,468067
7,861032	1,454587
7,863810	1,446368
7,866588	1,450313
7,869366	1,467081
7,872143	1,483520
7,874921	1,484835
7,877699	1,451628
7,880477	1,411517
7,883254	1,384557
7,886032	1,390475
7,888810	1,452943
7,891588	1,575908
7,894365	1,769890
7,897143	2,072041
7,899921	2,446853
7,902699	2,861120
7,905476	3,187601
7,908254	3,196807
7,911032	3,197465
7,913810	3,198122
7,916587	3,195163
7,919365	3,177738
7,922143	2,895971
7,924921	2,354794
7,927698	1,758054
7,930476	1,271456
7,933254	0,994621
7,936032	0,911768
7,938809	0,956482
7,941587	1,051171
7,944365	1,135340
7,947143	1,215563
7,949920	1,284936
7,952698	1,349706
7,955476	1,389817
7,958254	1,405270
7,961031	1,393434
7,963809	1,383242
7,966587	1,386201
7,969365	1,401982
7,972142	1,420723
7,974920	1,426970
7,977698	1,418750
7,980476	1,407900
7,983253	1,416120
7,986031	1,432888
7,988809	1,454587
7,991587	1,457218
7,994364	1,450642
7,997142	1,442751
7,999920	1,452943
8,002698	1,473985
8,005475	1,499630
8,008253	1,512453
8,011031	1,506535
8,013809	1,501932
8,016586	1,509494
8,019364	1,535468
8,022142	1,558811
8,024920	1,572949
8,027698	1,568675
8,030475	1,568675
8,033253	1,580182
8,036031	1,605170
8,038809	1,628842
8,041586	1,636733
8,044364	1,623581
8,047142	1,613389
8,049919	1,620294
8,052697	1,639692
8,055475	1,664022
8,058253	1,671584
8,061030	1,664679
8,063808	1,655473
8,066586	1,662707
8,069364	1,686379
8,072141	1,724189
8,074919	1,671584
8,077697	1,553222
8,080475	1,476616
8,083253	1,475958
8,086030	1,531194
8,088808	1,608129
8,091586	1,665337
8,094364	1,692626
8,097141	1,706763
8,099919	1,724189
8,102697	1,748848
8,105474	1,771205
8,108252	1,775479
8,111030	1,755752
8,113808	1,732409
8,116585	1,720901
8,119363	1,719257
8,122141	1,712682
8,124919	1,683749
8,127696	1,637390
8,130474	1,590046
8,133252	1,556839
8,136030	1,534153
8,138808	1,516398
8,141585	1,488452
8,144363	1,457218
8,147141	1,433216
8,149919	1,430915
8,152696	1,443080
8,155474	1,456889
8,158252	1,454587
8,161029	1,436504
8,163807	1,418421
8,166585	1,417764
8,169363	1,434203
8,172140	1,451957
8,174918	1,459848
8,177696	1,448340
8,180474	1,437491
8,183251	1,441107
8,186029	1,457875
8,188807	1,472670
8,191585	1,473985
8,194363	1,460177
8,197140	1,448340
8,199918	1,451957
8,202696	1,467739
8,205474	1,482863
8,208251	1,472342
8,211029	1,435847
8,213807	1,392776
8,216584	1,377323
8,219362	1,416777
8,222140	1,520015
8,224918	1,705120
8,227695	1,968803
8,230473	2,305148
8,233251	2,714483
8,236029	3,113625
8,238806	3,194506
8,241584	3,196807
8,244362	3,196807
8,247140	3,195821
8,249917	3,188588
8,252695	3,047540
8,255473	2,592504
8,258251	1,992804
8,261029	1,446368
8,263806	1,077145
8,266584	0,915056
8,269362	0,919987
8,272139	1,013690
8,274917	1,115941
8,277695	1,199781
8,280473	1,264880
8,283250	1,324718
8,286028	1,372720
8,288806	1,405599
8,291584	1,409544
8,294361	1,396393
8,297139	1,382913
8,299917	1,385214
8,302695	1,404941
8,305472	1,427956
8,308250	1,433545
8,311028	1,425326
8,313806	1,417764
8,316584	1,423353
8,319361	1,441107
8,322139	1,456889
8,324917	1,458861
8,327694	1,451299
8,330472	1,445053
8,333250	1,455574
8,336028	1,480232
8,338805	1,509494
8,341583	1,521988
8,344361	1,517056
8,347139	1,510809
8,349916	1,522316
8,352694	1,546975
8,355472	1,572620
8,358250	1,584785
8,361027	1,580182
8,363805	1,574922
8,366583	1,584785
8,369361	1,607800
8,372139	1,630815
8,374916	1,641993
8,377694	1,631801
8,380472	1,622924
8,383249	1,627856
8,386027	1,644952
8,388805	1,663035
8,391583	1,668625
8,394360	1,659419
8,397138	1,652514
8,399916	1,665337
8,402694	1,700845
8,405471	1,705120
8,408249	1,607471
8,411027	1,507192
8,413805	1,465108
8,416582	1,491082
8,419360	1,564072
8,422138	1,642980
8,424916	1,690653
8,427694	1,709394
8,430471	1,714654
8,433249	1,726162
8,436027	1,747861
8,438804	1,770547
8,441582	1,773835
8,444360	1,753451
8,447138	1,730107
8,449915	1,713997
8,452693	1,707750
8,455471	1,694927
8,458249	1,662378
8,461026	1,613060
8,463804	1,564729
8,466582	1,528892
8,469360	1,508179
8,472137	1,496014
8,474915	1,475301
8,477693	1,448669
8,480471	1,424997
8,483249	1,417106
8,486026	1,427627
8,488804	1,444395
8,491582	1,442094
8,494359	1,431244
8,497137	1,418092
8,499915	1,420723
8,502693	1,433874
8,505470	1,448998
8,508248	1,451628
8,511026	1,441436
8,513804	1,429929
8,516581	1,432888
8,519359	1,452943
8,522137	1,468396
8,524915	1,477602
8,527692	1,462478
8,530470	1,448998
8,533248	1,448998
8,536026	1,462807
8,538804	1,470369
8,541581	1,452943
8,544359	1,411517
8,547137	1,376995
8,549914	1,386201
8,552692	1,460177
8,555470	1,626869
8,558248	1,861291
8,561025	2,175279
8,563803	2,554365
8,566581	2,948247
8,569359	3,192533
8,572136	3,196150
8,574914	3,197136
8,577692	3,195492
8,580470	3,190560
8,583247	3,141572
8,586025	2,771691
8,588803	2,208157
8,591581	1,645939
8,594359	1,199123
8,597136	0,960099
8,599914	0,895657
8,602692	0,962071
8,605469	1,079118
8,608247	1,183671
8,611025	1,256003
8,613803	1,309265
8,616580	1,350692
8,619358	1,385214
8,622136	1,410202
8,624914	1,410859
8,627691	1,400009
8,630469	1,385214
8,633247	1,391790
8,636025	1,411188
8,638802	1,436833
8,641580	1,439135
8,644358	1,431244
8,647136	1,418092
8,649914	1,423682
8,652691	1,441436
8,655469	1,461821
8,658247	1,469711
8,661024	1,463464
8,663802	1,458861
8,666580	1,466752
8,669358	1,493712
8,672135	1,516070
8,674913	1,529221
8,677691	1,522316
8,680469	1,521659
8,683246	1,531522
8,686024	1,557167
8,688802	1,583141
8,691580	1,595306
8,694357	1,589388
8,697135	1,583141
8,699913	1,595635
8,702691	1,613718
8,705469	1,637719
8,708246	1,643637
8,711024	1,639363
8,713802	1,631143
8,716579	1,640349
8,719357	1,656460
8,722135	1,677173
8,724913	1,682105
8,727690	1,673556
8,730468	1,668625
8,733246	1,683749
8,736024	1,710051
8,738801	1,649884
8,741579	1,552236
8,744357	1,481219
8,747135	1,478260
8,749912	1,525604
8,752690	1,601882
8,755468	1,672899
8,758246	1,713339
8,761024	1,722874
8,763801	1,728134
8,766579	1,739313
8,769357	1,761013
8,772134	1,778109
8,774912	1,774821
8,777690	1,749505
8,780468	1,721887
8,783245	1,704791
8,786023	1,689996
8,788801	1,675858
8,791579	1,641336
8,794356	1,595306
8,797134	1,543687
8,799912	1,510480
8,802690	1,491411
8,805467	1,485822
8,808245	1,471026
8,811023	1,445053
8,813801	1,426312
8,816579	1,420394
8,819356	1,436504
8,822134	1,449984
8,824912	1,452286
8,827689	1,438148
8,830467	1,427627
8,833245	1,425983
8,836023	1,442422
8,838800	1,456889
8,841578	1,457218
8,844356	1,444724
8,847134	1,433216
8,849911	1,439792
8,852689	1,455574
8,855467	1,473985
8,858245	1,472670
8,861022	1,461492
8,863800	1,446039
8,866578	1,449327
8,869356	1,457875
8,872134	1,459519
8,874911	1,434532
8,877689	1,395078
8,880467	1,368446
8,883244	1,410202
8,886022	1,533166
8,888800	1,750163
8,891578	2,059876
8,894355	2,413975
8,897133	2,803912
8,899911	3,170833
8,902689	3,196478
8,905466	3,198122
8,908244	3,196807
8,911022	3,193191
8,913800	3,180368
8,916577	2,926876
8,919355	2,416276
8,922133	1,838605
8,924911	1,347075
8,927688	1,035061
8,930466	0,902891
8,933244	0,923275
8,936022	1,022239
8,938800	1,142244
8,941577	1,232659
8,944355	1,293484
8,947133	1,332938
8,949910	1,366145
8,952688	1,393434
8,955466	1,414147
8,958244	1,414805
8,961021	1,403297
8,963799	1,393434
8,966577	1,396393
8,969355	1,418750
8,972132	1,439792
8,974910	1,448012
8,977688	1,439792
8,980466	1,429600
8,983244	1,432230
8,986021	1,450971
8,988799	1,470369
8,991577	1,473985
8,994355	1,462478
8,997132	1,455574
8,999910	1,470698
9,002688	1,502261
9,005465	1,530865
9,008243	1,538756
9,011021	1,533495
9,013799	1,527577
9,016576	1,539084
9,019354	1,563743
9,022132	1,590046
9,024910	1,601224
9,027687	1,595964
9,030465	1,589717
9,033243	1,598923
9,036021	1,617663
9,038798	1,637719
9,041576	1,644624
9,044354	1,634431
9,047132	1,626541
9,049910	1,635746
9,052687	1,655802
9,055465	1,676844
9,058243	1,682762
9,061020	1,674872
9,063798	1,671584
9,066576	1,694599
9,069354	1,668296
9,072131	1,583141
9,074909	1,510480
9,077687	1,481876
9,080465	1,505877
9,083242	1,573607
9,086020	1,648898
9,088798	1,710709
9,091576	1,738655
9,094353	1,740299
9,097131	1,738327
9,099909	1,745560
9,102687	1,762656
9,105465	1,776465
9,108242	1,769561
9,111020	1,741614
9,113798	1,713997
9,116575	1,695256
9,119353	1,681118
9,122131	1,664351
9,124909	1,627527
9,127686	1,572620
9,130464	1,521988
9,133242	1,491082
9,136020	1,479575
9,138797	1,479575
9,141575	1,464122
9,144353	1,437819
9,147131	1,416777
9,149908	1,415791
9,152686	1,430257
9,155464	1,445710
9,158242	1,446368
9,161020	1,433216
9,163797	1,422695
9,166575	1,424011
9,169353	1,440450
9,172130	1,457546
9,174908	1,463136
9,177686	1,452286
9,180464	1,439792
9,183241	1,441107
9,186019	1,460505
9,188797	1,476945
9,191575	1,480232
9,194352	1,467410
9,197130	1,454587
9,199908	1,458533
9,202686	1,459519
9,205463	1,453272
9,208241	1,424011
9,211019	1,393434
9,213797	1,394420
9,216575	1,472670
9,219352	1,660734
9,222130	1,940857
9,224908	2,284763
9,227685	2,674700
9,230463	3,050170
9,233241	3,194506
9,236019	3,197794
9,238796	3,199109
9,241574	3,196150
9,244352	3,190560
9,247130	3,071870
9,249907	2,631958
9,252685	2,045081
9,255463	1,520344
9,258241	1,140929
9,261018	0,941358
9,263796	0,904535
9,266574	0,974236
9,269352	1,091612
9,272130	1,208001
9,274907	1,287895
9,277685	1,333924
9,280463	1,356281
9,283240	1,376995
9,286018	1,397050
9,288796	1,418421
9,291574	1,417435
9,294351	1,404941
9,297129	1,394420
9,299907	1,401982
9,302685	1,418092
9,305462	1,438477
9,308240	1,445053
9,311018	1,432888
9,313796	1,424668
9,316573	1,426641
9,319351	1,448340
9,322129	1,472670
9,324907	1,483191
9,327685	1,474643
9,330462	1,470040
9,333240	1,479246
9,336018	1,504562
9,338795	1,530536
9,341573	1,538427
9,344351	1,534481
9,347129	1,531522
9,349906	1,544674
9,352684	1,569661
9,355462	1,594320
9,358240	1,600238
9,361017	1,596293
9,363795	1,592018
9,366573	1,606814
9,369351	1,628184
9,372128	1,649884
9,374906	1,653172
9,377684	1,643308
9,380462	1,634760
9,383240	1,641665
9,386017	1,661063
9,388795	1,681447
9,391573	1,688352
9,394350	1,682762
9,397128	1,689667
9,399906	1,685064
9,402684	1,607471
9,405461	1,533166
9,408239	1,499959
9,411017	1,504233
9,413795	1,545989
9,416572	1,609773
9,419350	1,675200
9,422128	1,726162
9,424906	1,744245
9,427683	1,737998
9,430461	1,732409
9,433239	1,740299
9,436017	1,754766
9,438795	1,766931
9,441572	1,757725
9,444350	1,729121
9,447128	1,693612
9,449905	1,668296
9,452683	1,651857
9,455461	1,634431
9,458239	1,600238
9,461016	1,545331
9,463794	1,499302
9,466572	1,469054
9,469350	1,464122
9,472127	1,462807
9,474905	1,454916
9,477683	1,429929
9,480461	1,413161
9,483238	1,410530
9,486016	1,428613
9,488794	1,444724
9,491572	1,445053
9,494350	1,431901
9,497127	1,419408
9,499905	1,425326
9,502683	1,440450
9,505460	1,458533
9,508238	1,458861
9,511016	1,449656
9,513794	1,434532
9,516571	1,437491
9,519349	1,452615
9,522127	1,472670
9,524905	1,474972
9,527682	1,464122
9,530460	1,452286
9,533238	1,446697
9,536016	1,443080
9,538793	1,425326
9,541571	1,404612
9,544349	1,385872
9,547127	1,429600
9,549905	1,567031
9,552682	1,802110
9,555460	2,143058
9,558238	2,527734
9,561015	2,911095
9,563793	3,188259
9,566571	3,195492
9,569349	3,198451
9,572126	3,197465
9,574904	3,194835
9,577682	3,158997
9,580460	2,802925
9,583237	2,241035
9,586015	1,685064
9,588793	1,254688
9,591571	1,004484
9,594348	0,913740
9,597126	0,941358
9,599904	1,040650
9,602682	1,155724
9,605460	1,261592
9,608237	1,331623
9,611015	1,359569
9,613793	1,371077
9,616570	1,378639
9,619348	1,397050
9,622126	1,412174
9,624904	1,416777
9,627681	1,402968
9,630459	1,398366
9,633237	1,403955
9,636015	1,424997
9,638792	1,446697
9,641570	1,451957
9,644348	1,440450
9,647126	1,428613
9,649903	1,433874
9,652681	1,453601
9,655459	1,479575
9,658237	1,486150
9,661015	1,483849
9,663792	1,479575
9,666570	1,493055
9,669348	1,514426
9,672125	1,537112
9,674903	1,544345
9,677681	1,537112
9,680459	1,534153
9,683236	1,544674
9,686014	1,573607
9,688792	1,600895
9,691570	1,611417
9,694347	1,603197
9,697125	1,597279
9,699903	1,603526
9,702681	1,622924
9,705458	1,642980
9,708236	1,651528
9,711014	1,644295
9,713792	1,638048
9,716569	1,644295
9,719347	1,663364
9,722125	1,684406
9,724903	1,694270
9,727680	1,694270
9,730458	1,696242
9,733236	1,631472
9,736014	1,541715
9,738791	1,501932
9,741569	1,507521
9,744347	1,538427
9,747125	1,587744
9,749902	1,646925
9,752680	1,701174
9,755458	1,739971
9,758236	1,756081
9,761013	1,750820
9,763791	1,745560
9,766569	1,748519
9,769347	1,758711
9,772125	1,766602
9,774902	1,754108
9,777680	1,719257
9,780458	1,681118
9,783235	1,652843
9,786013	1,635089
9,788791	1,617335
9,791569	1,581169
9,794346	1,527248
9,797124	1,482863
9,799902	1,457546
9,802680	1,454259
9,805457	1,460177
9,808235	1,450313
9,811013	1,432230
9,813791	1,417435
9,816568	1,417106
9,819346	1,433216
9,822124	1,451957
9,824902	1,453601
9,827679	1,441107
9,830457	1,430257
9,833235	1,431901
9,836013	1,449656
9,838790	1,468067
9,841568	1,468396
9,844346	1,453930
9,847124	1,439463
9,849901	1,441107
9,852679	1,458204
9,855457	1,476616
9,858235	1,478917
9,861012	1,466095
9,863790	1,451628
9,866568	1,440121
9,869346	1,428942
9,872123	1,418092
9,874901	1,403955
9,877679	1,423024
9,880457	1,506206
9,883234	1,699201
9,886012	2,005956
9,888790	2,378138
9,891568	2,784513
9,894346	3,150449
9,897123	3,193191
9,899901	3,196807
9,902679	3,197465
9,905456	3,195163
9,908234	3,186286
9,911012	2,982769
9,913790	2,480389
9,916567	1,890224
9,919345	1,392119
9,922123	1,082734
9,924901	0,944646
9,927678	0,933467
9,930456	0,998895
9,933234	1,104434
9,936012	1,214905
9,938789	1,307293
9,941567	1,363843
9,944345	1,381598
9,947123	1,379625
9,949901	1,384557
9,952678	1,398694
9,955456	1,419408
9,958234	1,423682
9,961011	1,409873
9,963789	1,402968
9,966567	1,405928
9,969345	1,426970
9,972122	1,447683
9,974900	1,452286
9,977678	1,435847
9,980456	1,424997
9,983233	1,430586
9,986011	1,457218
9,988789	1,486479
9,991567	1,495685
9,994344	1,491082
9,997122	1,486150
9,999900	1,496671
10,002678	1,520015
10,005456	1,544016
10,008233	1,553222
10,011011	1,548619
10,013789	1,543359
10,016566	1,558811
10,019344	1,583141
10,022122	1,609444
10,024900	1,617663
10,027677	1,613060
10,030455	1,606156
10,033233	1,610759
10,036011	1,629171
10,038788	1,648898
10,041566	1,656131
10,044344	1,644295
10,047122	1,638377
10,049899	1,645610
10,052677	1,666981
10,055455	1,689009
10,058233	1,702489
10,061011	1,709065
10,063788	1,667638
10,066566	1,569332
10,069344	1,504233
10,072121	1,498644
10,074899	1,528563
10,077677	1,573935
10,080455	1,618650
10,083232	1,666981
10,086010	1,710051
10,088788	1,745560
10,091566	1,756410
10,094343	1,749834
10,097121	1,738655
10,099899	1,742930
10,102677	1,750820
10,105454	1,754766
10,108232	1,738327
10,111010	1,700845
10,113788	1,660734
10,116566	1,630157
10,119343	1,610759
10,122121	1,592676
10,124899	1,559140
10,127676	1,504562
10,130454	1,462149
10,133232	1,440778
10,136010	1,439792
10,138787	1,447683
10,141565	1,443080
10,144343	1,424668
10,147121	1,412503
10,149898	1,413489
10,152676	1,426312
10,155454	1,445053
10,158232	1,443080
10,161009	1,432888
10,163787	1,419408
10,166565	1,425654
10,169343	1,441765
10,172121	1,462149
10,174898	1,463136
10,177676	1,451299
10,180454	1,438148
10,183231	1,440121
10,186009	1,458533
10,188787	1,472013
10,191565	1,473985
10,194342	1,459190
10,197120	1,439463
10,199898	1,419079
10,202676	1,406585
10,205453	1,400009
10,208231	1,410859
10,211009	1,464451
10,213787	1,615362
10,216564	1,863922
10,219342	2,218349
10,222120	2,638534
10,224898	3,033402
10,227676	3,192862
10,230453	3,196150
10,233231	3,196478
10,236009	3,196807
10,238786	3,190232
10,241564	3,112968
10,244342	2,692454
10,247120	2,094727
10,249897	1,548948
10,252675	1,162629
10,255453	0,972592
10,258231	0,931823
10,261008	0,970949
10,263786	1,058405
10,266564	1,157039
10,269342	1,256332
10,272119	1,335897
10,274897	1,381926
10,277675	1,386201
10,280453	1,381926
10,283231	1,381926
10,286008	1,396064
10,288786	1,412503
10,291564	1,413489
10,294341	1,403626
10,297119	1,397050
10,299897	1,409215
10,302675	1,429271
10,305452	1,451628
10,308230	1,453272
10,311008	1,440450
10,313786	1,429600
10,316563	1,438148
10,319341	1,457218
10,322119	1,485822
10,324897	1,497329
10,327674	1,494041
10,330452	1,494699
10,333230	1,503576
10,336008	1,525276
10,338786	1,549277
10,341563	1,558154
10,344341	1,549277
10,347119	1,547962
10,349896	1,559469
10,352674	1,585771
10,355452	1,609773
10,358230	1,617006
10,361007	1,611088
10,363785	1,607142
10,366563	1,616677
10,369341	1,637719
10,372118	1,659090
10,374896	1,664022
10,377674	1,653501
10,380452	1,641665
10,383229	1,649227
10,386007	1,668953
10,388785	1,697558
10,391563	1,715969
10,394341	1,707421
10,397118	1,608129
10,399896	1,516727
10,402674	1,486808
10,405451	1,515741
10,408229	1,569661
10,411007	1,613389
10,413785	1,653501
10,416562	1,691968
10,419340	1,725833
10,422118	1,757396
10,424896	1,769232
10,427673	1,762985
10,430451	1,750820
10,433229	1,747532
10,436007	1,752793
10,438784	1,757067
10,441562	1,736025
10,444340	1,691968
10,447118	1,645281
10,449896	1,611088
10,452673	1,589717
10,455451	1,569990
10,458229	1,534153
10,461006	1,490096
10,463784	1,454259
10,466562	1,440778
10,469340	1,442422
10,472117	1,452943
10,474895	1,448340
10,477673	1,431244
10,480451	1,419408
10,483228	1,422695
10,486006	1,441436
10,488784	1,458533
10,491562	1,458533
10,494339	1,441765
10,497117	1,430586
10,499895	1,432230
10,502673	1,448340
10,505451	1,465766
10,508228	1,466095
10,511006	1,453930
10,513784	1,444724
10,516561	1,450313
10,519339	1,465766
10,522117	1,482205
10,524895	1,482205
10,527672	1,463793
10,530450	1,431573
10,533228	1,404284
10,536006	1,393763
10,538783	1,401982
10,541561	1,450642
10,544339	1,559140
10,547117	1,754766
10,549894	2,074671
10,552672	2,464279
10,555450	2,880847
10,558228	3,188916
10,561006	3,197136
10,563783	3,197794
10,566561	3,196478
10,569339	3,192533
10,572116	3,176751
10,574894	2,886436
10,577672	2,336053
10,580450	1,745231
10,583227	1,275730
10,586005	1,011718
10,588783	0,925905
10,591561	0,955825
10,594338	1,033417
10,597116	1,123503
10,599894	1,220165
10,602672	1,308279
10,605449	1,375351
10,608227	1,402311
10,611005	1,395078
10,613783	1,381269
10,616560	1,381926
10,619338	1,395735
10,622116	1,413161
10,624894	1,418750
10,627671	1,410530
10,630449	1,405270
10,633227	1,412503
10,636005	1,433874
10,638782	1,454587
10,641560	1,457546
10,644338	1,446697
10,647116	1,440450
10,649893	1,450313
10,652671	1,472013
10,655449	1,497000
10,658227	1,505877
10,661004	1,499630
10,663782	1,495685
10,666560	1,509494
10,669338	1,535797
10,672116	1,562757
10,674893	1,570648
10,677671	1,564729
10,680449	1,561113
10,683226	1,570319
10,686004	1,594649
10,688782	1,620294
10,691560	1,629500
10,694337	1,620951
10,697115	1,612732
10,699893	1,619307
10,702671	1,639692
10,705448	1,660734
10,708226	1,668953
10,711004	1,661063
10,713782	1,651528
10,716559	1,655473
10,719337	1,676844
10,722115	1,703804
10,724893	1,723203
10,727670	1,654816
10,730448	1,537769
10,733226	1,477273
10,736004	1,486808
10,738781	1,541715
10,741559	1,602539
10,744337	1,646596
10,747115	1,675529
10,749892	1,706106
10,752670	1,735039
10,755448	1,760355
10,758226	1,768903
10,761003	1,757396
10,763781	1,743916
10,766559	1,739971
10,769337	1,743587
10,772114	1,741614
10,774892	1,717285
10,777670	1,668625
10,780448	1,620951
10,783226	1,586758
10,786003	1,564401
10,788781	1,545002
10,791559	1,510809
10,794336	1,469054
10,797114	1,435518
10,799892	1,428613
10,802670	1,431244
10,805447	1,444724
10,808225	1,441436
10,811003	1,429600
10,813781	1,416120
10,816558	1,419408
10,819336	1,432559
10,822114	1,448012
10,824892	1,450313
10,827669	1,436833
10,830447	1,429929
10,833225	1,433216
10,836003	1,450971
10,838780	1,467739
10,841558	1,469383
10,844336	1,452943
10,847114	1,444066
10,849892	1,446039
10,852669	1,462807
10,855447	1,479904
10,858225	1,480232
10,861002	1,452286
10,863780	1,415133
10,866558	1,386858
10,869336	1,383570
10,872113	1,429600
10,874891	1,513768
10,877669	1,685393
10,880447	1,950063
10,883224	2,300874
10,886002	2,722045
10,888780	3,124804
10,891558	3,196150
10,894335	3,197794
10,897113	3,199109
10,899891	3,195821
10,902669	3,187930
10,905447	3,039978
10,908224	2,570476
10,911002	1,963543
10,913780	1,431244
10,916557	1,080433
10,919335	0,936426
10,922113	0,941029
10,924891	1,017636
10,927668	1,104434
10,930446	1,189917
10,933224	1,266853
10,936002	1,338198
10,938779	1,390804
10,941557	1,408229
10,944335	1,399681
10,947113	1,386529
10,949890	1,394091
10,952668	1,408229
10,955446	1,431244
10,958224	1,434532
10,961002	1,424339
10,963779	1,414147
10,966557	1,427298
10,969335	1,444395
10,972112	1,464780
10,974890	1,467081
10,977668	1,456231
10,980446	1,449656
10,983223	1,456560
10,986001	1,478917
10,988779	1,504891
10,991557	1,520015
10,994334	1,511138
10,997112	1,513111
10,999890	1,520673
11,002668	1,546975
11,005445	1,572620
11,008223	1,580511
11,011001	1,575908
11,013779	1,571305
11,016557	1,580511
11,019334	1,603526
11,022112	1,628184
11,024890	1,633774
11,027667	1,630157
11,030445	1,621609
11,033223	1,630486
11,036001	1,649555
11,038778	1,673556
11,041556	1,678817
11,044334	1,667638
11,047112	1,658761
11,049889	1,665008
11,052667	1,689338
11,055445	1,724189
11,058223	1,708079
11,061000	1,594977
11,063778	1,497329
11,066556	1,471684
11,069334	1,516070
11,072112	1,588731
11,074889	1,653501
11,077667	1,684735
11,080445	1,700517
11,083222	1,717285
11,086000	1,739971
11,088778	1,763314
11,091556	1,769232
11,094333	1,755094
11,097111	1,737669
11,099889	1,731422
11,102667	1,732737
11,105444	1,727477
11,108222	1,696900
11,111000	1,650213
11,113778	1,601553
11,116555	1,569661
11,119333	1,547962
11,122111	1,530207
11,124889	1,500288
11,127667	1,463464
11,130444	1,437491
11,133222	1,430257
11,136000	1,439135
11,138777	1,450313
11,141555	1,452286
11,144333	1,431573
11,147111	1,418092
11,149888	1,419408
11,152666	1,437491
11,155444	1,456231
11,158222	1,459519
11,160999	1,445053
11,163777	1,434203
11,166555	1,439463
11,169333	1,454916
11,172110	1,472999
11,174888	1,470698
11,177666	1,455245
11,180444	1,441765
11,183222	1,443409
11,185999	1,460177
11,188777	1,481876
11,191555	1,472670
11,194332	1,441107
11,197110	1,398694
11,199888	1,376995
11,202666	1,395735
11,205443	1,471684
11,208221	1,621280
11,210999	1,839592
11,213777	2,158840
11,216554	2,557324
11,219332	2,967645
11,222110	3,193191
11,224888	3,197136
11,227665	3,198122
11,230443	3,198451
11,233221	3,191547
11,235999	3,148476
11,238777	2,782541
11,241554	2,203883
11,244332	1,626869
11,247110	1,184657
11,249887	0,961414
11,252665	0,919001
11,255443	0,987059
11,258221	1,084050
11,260998	1,167889
11,263776	1,237920
11,266554	1,307293
11,269332	1,364501
11,272109	1,402311
11,274887	1,411188
11,277665	1,398366
11,280443	1,385872
11,283220	1,388173
11,285998	1,407243
11,288776	1,427627
11,291554	1,432559
11,294331	1,418750
11,297109	1,409544
11,299887	1,415133
11,302665	1,432888
11,305442	1,452286
11,308220	1,455574
11,310998	1,447354
11,313776	1,442422
11,316553	1,454916
11,319331	1,478588
11,322109	1,505877
11,324887	1,516398
11,327664	1,509494
11,330442	1,504562
11,333220	1,515083
11,335998	1,539084
11,338775	1,568017
11,341553	1,579853
11,344331	1,574264
11,347109	1,570976
11,349887	1,579196
11,352664	1,602868
11,355442	1,627198
11,358220	1,634431
11,360997	1,625883
11,363775	1,620294
11,366553	1,628842
11,369331	1,647911
11,372108	1,669940
11,374886	1,675529
11,377664	1,665666
11,380442	1,656460
11,383219	1,665008
11,385997	1,693283
11,388775	1,722545
11,391553	1,645610
11,394330	1,533824
11,397108	1,467410
11,399886	1,479904
11,402664	1,546646
11,405441	1,624897
11,408219	1,677831
11,410997	1,700517
11,413775	1,710051
11,416552	1,725175
11,419330	1,749176
11,422108	1,771205
11,424886	1,772849
11,427663	1,754437
11,430441	1,732080
11,433219	1,720572
11,435997	1,717613
11,438774	1,709065
11,441552	1,676844
11,444330	1,626869
11,447108	1,576566
11,449885	1,541715
11,452663	1,520344
11,455441	1,506535
11,458219	1,482205
11,460997	1,451299
11,463774	1,426312
11,466552	1,421380
11,469330	1,428942
11,472107	1,445053
11,474885	1,445053
11,477663	1,427298
11,480441	1,415462
11,483218	1,418421
11,485996	1,434532
11,488774	1,455245
11,491552	1,460177
11,494329	1,445710
11,497107	1,435518
11,499885	1,437819
11,502663	1,453272
11,505440	1,471684
11,508218	1,472999
11,510996	1,457218
11,513774	1,445710
11,516551	1,452943
11,519329	1,469054
11,522107	1,484507
11,524885	1,464122
11,527662	1,424339
11,530440	1,383242
11,533218	1,376337
11,535996	1,432559
11,538773	1,562099
11,541551	1,761999
11,544329	2,055273
11,547107	2,406084
11,549884	2,810158
11,552662	3,177080
11,555440	3,195163
11,558218	3,196807
11,560995	3,197465
11,563773	3,195163
11,566551	3,183327
11,569329	2,948905
11,572106	2,443237
11,574884	1,852085
11,577662	1,340500
11,580440	1,024869
11,583217	0,905850
11,585995	0,940701
11,588773	1,043281
11,591551	1,145203
11,594328	1,225755
11,597106	1,282305
11,599884	1,340171
11,602662	1,381926
11,605439	1,411517
11,608217	1,410859
11,610995	1,395078
11,613773	1,379954
11,616550	1,389160
11,619328	1,411517
11,622106	1,434532
11,624884	1,441765
11,627661	1,432888
11,630439	1,424339
11,633217	1,430915
11,635995	1,448340
11,638772	1,464122
11,641550	1,470040
11,644328	1,458533
11,647106	1,454916
11,649883	1,465766
11,652661	1,495685
11,655439	1,521659
11,658217	1,531522
11,660994	1,522316
11,663772	1,517714
11,666550	1,529550
11,669328	1,551907
11,672105	1,580840
11,674883	1,590374
11,677661	1,586100
11,680439	1,581169
11,683216	1,595964
11,685994	1,617006
11,688772	1,641007
11,691550	1,645610
11,694327	1,635089
11,697105	1,626212
11,699883	1,631472
11,702661	1,651199
11,705438	1,671255
11,708216	1,677831
11,710994	1,667638
11,713772	1,662707
11,716549	1,674872
11,719327	1,712682
11,722105	1,687037
11,724883	1,583141
11,727660	1,492068
11,730438	1,466752
11,733216	1,503576
11,735994	1,582812
11,738771	1,659419
11,741549	1,704133
11,744327	1,720572
11,747105	1,725175
11,749882	1,739313
11,752660	1,761341
11,755438	1,779753
11,758216	1,776465
11,760993	1,755094
11,763771	1,730107
11,766549	1,715969
11,769327	1,707750
11,772104	1,692626
11,774882	1,658104
11,777660	1,607471
11,780438	1,557825
11,783215	1,521988
11,785993	1,503905
11,788771	1,488123
11,791549	1,470040
11,794326	1,438477
11,797104	1,416120
11,799882	1,411188
11,802660	1,426312
11,805438	1,440778
11,808215	1,441436
11,810993	1,426312
11,813771	1,412832
11,816548	1,422695
11,819326	1,437819
11,822104	1,456560
11,824882	1,457218
11,827659	1,445710
11,830437	1,434860
11,833215	1,444395
11,835993	1,457875
11,838770	1,476287
11,841548	1,475301
11,844326	1,460177
11,847104	1,448669
11,849881	1,449984
11,852659	1,462478
11,855437	1,465108
11,858215	1,441436
11,860993	1,397050
11,863770	1,369433
11,866548	1,388502
11,869326	1,485822
11,872103	1,677173
11,874881	1,938884
11,877659	2,263721
11,880437	2,655302
11,883214	3,044909
11,885992	3,194177
11,888770	3,196150
11,891548	3,196478
11,894325	3,195821
11,897103	3,188916
11,899881	3,069568
11,902659	2,633602
11,905436	2,050670
11,908214	1,510809
11,910992	1,119229
11,913770	0,922618
11,916548	0,899274
11,919325	0,982127
11,922103	1,099174
11,924881	1,197808
11,927658	1,265866
11,930436	1,315512
11,933214	1,357596
11,935992	1,392447
11,938769	1,411517
11,941547	1,413161
11,944325	1,395406
11,947103	1,384557
11,949880	1,391790
11,952658	1,415462
11,955436	1,436504
11,958214	1,442422
11,960991	1,432888
11,963769	1,422695
11,966547	1,430915
11,969325	1,446368
11,972103	1,464122
11,974880	1,467410
11,977658	1,460505
11,980436	1,455574
11,983213	1,470369
11,985991	1,496343
11,988769	1,524618
11,991547	1,533824
11,994324	1,526919
11,997102	1,523303
11,999880	1,534481
12,002658	1,557825
12,005435	1,582155
12,008213	1,592676
12,010991	1,583141
12,013769	1,578538
12,016546	1,589388
12,019324	1,613389
12,022102	1,637719
12,024880	1,644624
12,027658	1,634760
12,030435	1,628184
12,033213	1,635089
12,035991	1,653172
12,038768	1,676515
12,041546	1,678488
12,044324	1,666652
12,047102	1,661391
12,049879	1,681776
12,052657	1,691639
12,055435	1,617992
12,058213	1,528892
12,060990	1,479246
12,063768	1,485822
12,066546	1,543687
12,069324	1,622266
12,072101	1,688023
12,074879	1,722545
12,077657	1,725833
12,080435	1,725175
12,083213	1,737998
12,085990	1,762985
12,088768	1,780740
12,091546	1,772520
12,094323	1,745889
12,097101	1,716298
12,099879	1,698544
12,102657	1,689667
12,105434	1,672241
12,108212	1,635418
12,110990	1,585443
12,113768	1,534153
12,116545	1,504233
12,119323	1,487794
12,122101	1,479575
12,124879	1,460177
12,127656	1,433216
12,130434	1,413489
12,133212	1,413818
12,135990	1,430586
12,138768	1,444395
12,141545	1,445053
12,144323	1,431244
12,147101	1,420065
12,149878	1,422695
12,152656	1,438148
12,155434	1,455574
12,158212	1,456889
12,160989	1,442751
12,163767	1,433216
12,166545	1,439463
12,169323	1,457546
12,172100	1,479575
12,174878	1,480232
12,177656	1,464451
12,180434	1,451628
12,183211	1,456231
12,185989	1,461492
12,188767	1,460177
12,191545	1,431573
12,194323	1,393763
12,197100	1,379296
12,199878	1,440121
12,202656	1,594977
12,205433	1,831701
12,208211	2,154894
12,210989	2,523460
12,213767	2,905505
12,216544	3,190560
12,219322	3,196807
12,222100	3,198122
12,224878	3,196150
12,227655	3,193191
12,230433	3,160970
12,233211	2,820022
12,235989	2,269311
12,238766	1,710380
12,241544	1,255345
12,244322	0,988045
12,247100	0,893027
12,249878	0,937084
12,252655	1,046240
12,255433	1,165259
12,258211	1,255345
12,260988	1,310909
12,263766	1,342801
12,266544	1,372720
12,269322	1,397050
12,272099	1,412503
12,274877	1,410530
12,277655	1,395078
12,280433	1,387844
12,283210	1,397379
12,285988	1,420065
12,288766	1,438477
12,291544	1,445381
12,294321	1,435518
12,297099	1,428285
12,299877	1,429929
12,302655	1,447683
12,305432	1,464780
12,308210	1,471355
12,310988	1,462807
12,313766	1,459848
12,316543	1,477602
12,319321	1,501603
12,322099	1,530207
12,324877	1,537769
12,327654	1,533495
12,330432	1,529878
12,333210	1,544016
12,335988	1,564401
12,338765	1,590046
12,341543	1,596621
12,344321	1,588731
12,347099	1,587744
12,349876	1,598594
12,352654	1,621280
12,355432	1,642322
12,358210	1,647254
12,360988	1,637390
12,363765	1,630486
12,366543	1,636733
12,369321	1,660076
12,372098	1,681118
12,374876	1,683091
12,377654	1,673228
12,380432	1,675200
12,383209	1,694927
12,385987	1,644952
12,388765	1,559140
12,391543	1,497000
12,394320	1,484178
12,397098	1,514097
12,399876	1,582155
12,402654	1,655802
12,405431	1,714654
12,408209	1,734710
12,410987	1,732409
12,413765	1,728463
12,416542	1,739971
12,419320	1,760684
12,422098	1,775479
12,424876	1,768903
12,427653	1,741614
12,430431	1,707750
12,433209	1,682434
12,435987	1,665666
12,438764	1,645610
12,441542	1,613389
12,444320	1,563414
12,447098	1,519357
12,449875	1,486479
12,452653	1,476287
12,455431	1,472342
12,458209	1,462478
12,460986	1,437819
12,463764	1,418750
12,466542	1,423024
12,469320	1,433216
12,472097	1,447025
12,474875	1,444066
12,477653	1,432559
12,480431	1,420723
12,483208	1,430915
12,485986	1,446368
12,488764	1,464122
12,491542	1,461492
12,494319	1,444724
12,497097	1,432230
12,499875	1,436833
12,502653	1,454916
12,505430	1,470698
12,508208	1,475301
12,510986	1,460834
12,513764	1,453272
12,516541	1,453601
12,519319	1,455245
12,522097	1,444395
12,524875	1,414476
12,527652	1,381269
12,530430	1,401982
12,533208	1,500288
12,535986	1,707421
12,538763	2,017792
12,541541	2,375836
12,544319	2,767745
12,547097	3,138613
12,549874	3,195821
12,552652	3,199437
12,555430	3,197794
12,558208	3,196478
12,560985	3,184313
12,563763	2,971262
12,566541	2,474800
12,569319	1,892854
12,572096	1,399352
12,574874	1,072213
12,577652	0,916699
12,580430	0,908480
12,583207	0,990347
12,585985	1,111339
12,588763	1,222796
12,591541	1,300388
12,594318	1,342144
12,597096	1,364501
12,599874	1,379625
12,602652	1,400338
12,605429	1,416777
12,608207	1,418750
12,610985	1,405599
12,613763	1,395406
12,616540	1,406914
12,619318	1,425983
12,622096	1,446368
12,624874	1,446368
12,627651	1,435189
12,630429	1,423024
12,633207	1,434860
12,635985	1,454916
12,638762	1,477273
12,641540	1,483520
12,644318	1,474314
12,647096	1,471355
12,649873	1,484507
12,652651	1,508508
12,655429	1,530865
12,658207	1,540400
12,660984	1,532838
12,663762	1,532509
12,666540	1,544674
12,669318	1,572291
12,672095	1,597279
12,674873	1,605827
12,677651	1,594977
12,680429	1,591361
12,683206	1,602211
12,685984	1,622595
12,688762	1,645939
12,691540	1,651857
12,694317	1,644952
12,697095	1,637719
12,699873	1,648569
12,702651	1,667638
12,705429	1,690982
12,708206	1,694927
12,710984	1,688352
12,713762	1,694599
12,716539	1,667310
12,719317	1,577223
12,722095	1,515083
12,724873	1,494370
12,727650	1,509823
12,730428	1,561442
12,733206	1,624239
12,735984	1,687365
12,738761	1,732409
12,741539	1,748848
12,744317	1,743258
12,747095	1,738655
12,749872	1,742601
12,752650	1,756081
12,755428	1,765616
12,758206	1,754108
12,760984	1,724518
12,763761	1,691311
12,766539	1,663364
12,769317	1,646267
12,772094	1,626212
12,774872	1,587087
12,777650	1,537112
12,780428	1,490096
12,783205	1,465766
12,785983	1,464780
12,788761	1,467081
12,791539	1,455245
12,794316	1,431901
12,797094	1,416449
12,799872	1,418421
12,802650	1,431573
12,805427	1,444724
12,808205	1,447025
12,810983	1,430915
12,813761	1,420723
12,816539	1,427627
12,819316	1,447025
12,822094	1,464780
12,824872	1,466752
12,827649	1,450971
12,830427	1,439135
12,833205	1,444724
12,835983	1,457875
12,838760	1,475301
12,841538	1,475301
12,844316	1,458861
12,847094	1,447683
12,849871	1,441765
12,852649	1,435189
12,855427	1,421051
12,858205	1,400009
12,860982	1,393105
12,863760	1,450971
12,866538	1,618979
12,869316	1,882662
12,872093	2,237419
12,874871	2,640506
12,877649	3,018278
12,880427	3,192862
12,883204	3,197136
12,885982	3,198122
12,888760	3,197794
12,891538	3,192862
12,894315	3,104090
12,897093	2,683577
12,899871	2,097028
12,902649	1,560126
12,905426	1,175122
12,908204	0,967332
12,910982	0,911768
12,913760	0,957468
12,916537	1,061692
12,919315	1,177095
12,922093	1,276716
12,924871	1,339842
12,927649	1,363186
12,930426	1,368775
12,933204	1,377323
12,935982	1,395735
12,938759	1,413489
12,941537	1,416777
12,944315	1,404612
12,947093	1,398366
12,949870	1,402640
12,952648	1,421709
12,955426	1,439135
12,958204	1,441107
12,960981	1,431244
12,963759	1,422038
12,966537	1,432559
12,969315	1,454916
12,972092	1,476616
12,974870	1,483849
12,977648	1,479904
12,980426	1,476945
12,983203	1,492397
12,985981	1,515083
12,988759	1,538427
12,991537	1,546646
12,994314	1,540071
12,997092	1,535468
12,999870	1,548948
13,002648	1,574264
13,005425	1,598923
13,008203	1,610430
13,010981	1,602211
13,013759	1,599252
13,016536	1,607142
13,019314	1,627856
13,022092	1,648240
13,024870	1,655145
13,027647	1,642980
13,030425	1,635418
13,033203	1,642980
13,035981	1,664022
13,038758	1,687365
13,041536	1,694270
13,044314	1,695914
13,047092	1,686708
13,049869	1,602539
13,052647	1,521330
13,055425	1,496343
13,058203	1,510809
13,060980	1,550921
13,063758	1,599580
13,066536	1,656131
13,069314	1,706106
13,072091	1,742930
13,074869	1,753451
13,077647	1,747204
13,080425	1,742930
13,083202	1,748848
13,085980	1,761999
13,088758	1,766602
13,091536	1,750492
13,094313	1,713997
13,097091	1,678159
13,099869	1,647583
13,102647	1,627527
13,105424	1,606814
13,108202	1,567360
13,110980	1,516070
13,113758	1,472342
13,116535	1,451299
13,119313	1,451957
13,122091	1,461163
13,124869	1,448998
13,127646	1,433874
13,130424	1,418421
13,133202	1,423024
13,135980	1,434860
13,138757	1,450642
13,141535	1,448998
13,144313	1,437491
13,147091	1,427298
13,149868	1,432230
13,152646	1,451299
13,155424	1,466095
13,158202	1,468396
13,160979	1,452286
13,163757	1,442094
13,166535	1,443737
13,169313	1,464122
13,172090	1,480890
13,174868	1,484178
13,177646	1,466752
13,180424	1,449656
13,183201	1,434532
13,185979	1,420394
13,188757	1,412503
13,191535	1,405599
13,194312	1,441436
13,197090	1,552236
13,199868	1,768246
13,202646	2,101960
13,205423	2,492554
13,208201	2,891039
13,210979	3,186615
13,213757	3,195821
13,216534	3,198122
13,219312	3,197465
13,222090	3,195492
13,224868	3,175108
13,227645	2,870654
13,230423	2,321258
13,233201	1,747204
13,235979	1,293813
13,238756	1,031773
13,241534	0,935111
13,244312	0,947934
13,247090	1,029472
13,249867	1,130408
13,252645	1,239235
13,255423	1,324389
13,258201	1,370090
13,260978	1,379954
13,263756	1,377323
13,266534	1,384228
13,269312	1,401982
13,272089	1,422695
13,274867	1,419408
13,277645	1,412503
13,280423	1,405599
13,283200	1,416449
13,285978	1,436833
13,288756	1,458204
13,291534	1,456560
13,294311	1,442094
13,297089	1,430915
13,299867	1,438148
13,302645	1,462807
13,305422	1,484178
13,308200	1,491082
13,310978	1,486479
13,313756	1,485493
13,316533	1,497329
13,319311	1,524947
13,322089	1,546318
13,324867	1,557825
13,327644	1,549605
13,330422	1,546975
13,333200	1,560455
13,335978	1,585771
13,338755	1,610101
13,341533	1,618321
13,344311	1,611417
13,347089	1,603855
13,349866	1,615033
13,352644	1,634760
13,355422	1,657446
13,358200	1,659419
13,360977	1,650870
13,363755	1,645281
13,366533	1,655802
13,369311	1,674543
13,372088	1,697886
13,374866	1,708407
13,377644	1,710709
13,380422	1,643637
13,383199	1,541057
13,385977	1,492397
13,388755	1,505549
13,391533	1,547304
13,394310	1,593662
13,397088	1,639363
13,399866	1,683420
13,402644	1,725504
13,405421	1,757725
13,408199	1,765616
13,410977	1,758382
13,413755	1,751149
13,416532	1,749834
13,419310	1,756410
13,422088	1,758382
13,424866	1,740957
13,427643	1,703804
13,430421	1,660076
13,433199	1,631472
13,435977	1,611417
13,438754	1,589717
13,441532	1,551907
13,444310	1,501932
13,447088	1,460505
13,449865	1,441765
13,452643	1,446697
13,455421	1,454587
13,458199	1,449656
13,460976	1,432559
13,463754	1,421709
13,466532	1,424339
13,469310	1,442094
13,472087	1,456560
13,474865	1,457546
13,477643	1,442094
13,480421	1,429929
13,483198	1,433874
13,485976	1,451957
13,488754	1,470698
13,491532	1,471684
13,494309	1,458861
13,497087	1,447025
13,499865	1,452615
13,502643	1,464780
13,505420	1,479246
13,508198	1,479904
13,510976	1,464451
13,513754	1,437162
13,516531	1,416777
13,519309	1,403626
13,522087	1,402968
13,524865	1,431244
13,527642	1,504233
13,530420	1,677173
13,533198	1,959597
13,535976	2,325532
13,538753	2,745717
13,541531	3,127105
13,544309	3,194506
13,547087	3,196807
13,549864	3,196150
13,552642	3,195163
13,555420	3,187930
13,558198	3,033402
13,560975	2,554037
13,563753	1,951378
13,566531	1,430915
13,569309	1,095228
13,572086	0,949906
13,574864	0,936426
13,577642	0,995607
13,580420	1,083721
13,583197	1,183342
13,585975	1,277045
13,588753	1,351350
13,591531	1,387187
13,594308	1,388502
13,597086	1,380611
13,599864	1,383242
13,602642	1,401325
13,605419	1,420723
13,608197	1,423682
13,610975	1,414476
13,613753	1,408229
13,616530	1,417106
13,619308	1,437162
13,622086	1,454259
13,624864	1,452615
13,627641	1,437491
13,630419	1,426641
13,633197	1,437491
13,635975	1,463793
13,638752	1,490753
13,641530	1,499630
13,644308	1,496671
13,647086	1,491082
13,649863	1,501932
13,652641	1,526591
13,655419	1,550263
13,658197	1,558811
13,660975	1,549605
13,663752	1,549605
13,666530	1,560126
13,669308	1,583141
13,672085	1,607800
13,674863	1,618979
13,677641	1,610759
13,680419	1,603855
13,683196	1,612403
13,685974	1,633445
13,688752	1,656131
13,691530	1,662707
13,694307	1,652186
13,697085	1,644295
13,699863	1,653501
13,702641	1,671913
13,705418	1,698215
13,708196	1,716627
13,710974	1,687037
13,713752	1,575908
13,716530	1,495356
13,719307	1,481876
13,722085	1,525933
13,724863	1,587087
13,727640	1,632130
13,730418	1,665337
13,733196	1,696900
13,735974	1,730107
13,738751	1,756738
13,741529	1,766602
13,744307	1,759369
13,747085	1,749176
13,749862	1,746217
13,752640	1,750492
13,755418	1,750492
13,758196	1,725175
13,760973	1,681118
13,763751	1,638048
13,766529	1,607142
13,769307	1,583470
13,772085	1,565387
13,774862	1,526919
13,777640	1,482863
13,780418	1,447025
13,783195	1,437162
13,785973	1,442094
13,788751	1,451628
13,791529	1,445710
13,794306	1,428613
13,797084	1,416777
13,799862	1,417106
13,802640	1,437162
13,805417	1,454916
13,808195	1,455902
13,810973	1,441436
13,813751	1,431901
13,816528	1,432888
13,819306	1,453272
13,822084	1,468396
13,824862	1,471684
13,827640	1,456231
13,830417	1,446368
13,833195	1,452615
13,835973	1,469054
13,838750	1,486150
13,841528	1,484507
13,844306	1,461163
13,847084	1,426641
13,849861	1,402968
13,852639	1,392119
13,855417	1,412832
13,858195	1,475958
13,860972	1,614704
13,863750	1,834660
13,866528	2,168374
13,869306	2,577051
13,872083	2,985729
13,874861	3,192862
13,877639	3,196807
13,880417	3,196478
13,883194	3,196478
13,885972	3,191547
13,888750	3,139599
13,891528	2,753608
13,894305	2,162785
13,897083	1,595306
13,899861	1,175122
13,902639	0,965359
13,905416	0,925248
13,908194	0,974565
13,910972	1,057089
13,913750	1,143230
13,916527	1,234632
13,919305	1,318143
13,922083	1,382913
13,924861	1,400667
13,927638	1,394749
13,930416	1,379625
13,933194	1,384557
13,935972	1,399681
13,938750	1,420394
13,941527	1,422038
13,944305	1,411517
13,947083	1,404941
13,949860	1,413161
13,952638	1,436504
13,955416	1,451628
13,958194	1,454916
13,960971	1,440121
13,963749	1,435847
13,966527	1,442094
13,969305	1,468725
13,972082	1,492068
13,974860	1,502918
13,977638	1,500617
13,980416	1,498644
13,983193	1,510809
13,985971	1,536125
13,988749	1,560126
13,991527	1,565716
13,994304	1,561442
13,997082	1,556181
13,999860	1,567031
14,002638	1,588073
14,005415	1,613718
14,008193	1,621609
14,010971	1,617663
14,013749	1,611088
14,016526	1,621609
14,019304	1,641665
14,022082	1,663364
14,024860	1,667967
14,027637	1,655145
14,030415	1,648240
14,033193	1,656460
14,035971	1,683420
14,038748	1,713997
14,041526	1,723860
14,044304	1,629500
14,047082	1,518371
14,049859	1,470369
14,052637	1,494041
14,055415	1,557167
14,058193	1,618979
14,060970	1,659419
14,063748	1,685393
14,066526	1,709394
14,069304	1,739642
14,072081	1,766602
14,074859	1,771205
14,077637	1,756410
14,080415	1,741286
14,083192	1,737669
14,085970	1,741614
14,088748	1,740628
14,091526	1,712682
14,094303	1,663035
14,097081	1,614376
14,099859	1,579525
14,102637	1,560455
14,105414	1,540071
14,108192	1,508179
14,110970	1,467410
14,113748	1,442094
14,116525	1,432559
14,119303	1,439463
14,122081	1,448998
14,124859	1,444395
14,127636	1,425983
14,130414	1,413161
14,133192	1,420065
14,135970	1,439792
14,138747	1,458533
14,141525	1,455902
14,144303	1,446368
14,147081	1,433545
14,149858	1,440450
14,152636	1,457218
14,155414	1,471684
14,158192	1,468396
14,160969	1,455245
14,163747	1,443737
14,166525	1,449656
14,169303	1,468396
14,172080	1,482863
14,174858	1,477602
14,177636	1,446039
14,180414	1,407243
14,183191	1,380940
14,185969	1,387516
14,188747	1,444724
14,191525	1,557496
14,194302	1,741286
14,197080	2,037848
14,199858	2,408386
14,202636	2,828570
14,205413	3,184642
14,208191	3,196807
14,210969	3,198451
14,213747	3,198122
14,216524	3,194506
14,219302	3,181354
14,222080	2,934767
14,224858	2,411674
14,227635	1,811316
14,230413	1,312553
14,233191	1,020266
14,235969	0,918015
14,238746	0,953194
14,241524	1,038349
14,244302	1,123832
14,247080	1,205370
14,249857	1,282634
14,252635	1,350363
14,255413	1,394749
14,258191	1,406256
14,260968	1,393763
14,263746	1,382255
14,266524	1,385214
14,269302	1,402640
14,272079	1,424668
14,274857	1,428285
14,277635	1,418421
14,280413	1,411188
14,283190	1,419736
14,285968	1,440778
14,288746	1,460177
14,291524	1,459190
14,294301	1,449984
14,297079	1,442751
14,299857	1,453930
14,302635	1,474972
14,305412	1,498973
14,308190	1,506864
14,310968	1,504891
14,313746	1,503576
14,316523	1,518371
14,319301	1,546318
14,322079	1,571634
14,324857	1,578867
14,327634	1,571634
14,330412	1,567031
14,333190	1,577552
14,335968	1,602868
14,338745	1,624568
14,341523	1,631143
14,344301	1,623253
14,347079	1,614704
14,349856	1,626541
14,352634	1,647254
14,355412	1,670926
14,358190	1,676515
14,360967	1,665666
14,363745	1,658104
14,366523	1,669611
14,369301	1,695256
14,372078	1,727477
14,374856	1,678817
14,377634	1,556510
14,380412	1,472342
14,383189	1,468725
14,385967	1,522645
14,388745	1,601224
14,391523	1,659419
14,394300	1,685393
14,397078	1,700188
14,399856	1,717613
14,402634	1,742601
14,405411	1,763972
14,408189	1,767259
14,410967	1,750820
14,413745	1,735039
14,416522	1,728792
14,419300	1,727477
14,422078	1,719915
14,424856	1,686708
14,427633	1,637719
14,430411	1,590374
14,433189	1,556510
14,435967	1,534481
14,438744	1,515741
14,441522	1,484507
14,444300	1,452615
14,447078	1,430257
14,449855	1,422038
14,452633	1,431573
14,455411	1,443737
14,458189	1,440778
14,460966	1,423024
14,463744	1,412174
14,466522	1,412174
14,469300	1,432230
14,472077	1,448998
14,474855	1,450642
14,477633	1,440121
14,480411	1,429929
14,483188	1,434532
14,485966	1,450642
14,488744	1,469383
14,491522	1,468396
14,494299	1,456231
14,497077	1,444066
14,499855	1,453272
14,502633	1,470369
14,505410	1,484507
14,508188	1,466423
14,510966	1,429271
14,513744	1,386858
14,516521	1,373378
14,519299	1,407900
14,522077	1,498973
14,524855	1,678159
14,527632	1,926719
14,530410	2,257803
14,533188	2,670426
14,535966	3,075157
14,538743	3,194506
14,541521	3,197136
14,544299	3,198780
14,547077	3,197794
14,549854	3,189245
14,552632	3,067924
14,555410	2,627026
14,558188	2,028313
14,560965	1,478260
14,563743	1,095228
14,566521	0,923604
14,569299	0,914069
14,572076	1,004156
14,574854	1,102461
14,577632	1,186301
14,580410	1,256003
14,583187	1,321430
14,585965	1,371077
14,588743	1,407243
14,591521	1,409544
14,594298	1,395078
14,597076	1,387844
14,599854	1,391132
14,602632	1,413489
14,605409	1,434532
14,608187	1,437491
14,610965	1,424011
14,613743	1,419408
14,616521	1,423682
14,619298	1,445053
14,622076	1,461821
14,624854	1,464780
14,627631	1,456560
14,630409	1,451299
14,633187	1,464122
14,635965	1,489767
14,638742	1,519686
14,641520	1,525276
14,644298	1,519029
14,647076	1,511467
14,649853	1,527577
14,652631	1,552236
14,655409	1,577881
14,658187	1,584456
14,660964	1,577881
14,663742	1,572620
14,666520	1,584785
14,669298	1,610101
14,672075	1,632130
14,674853	1,637719
14,677631	1,625554
14,680409	1,619636
14,683186	1,629828
14,685964	1,654816
14,688742	1,673885
14,691520	1,679146
14,694297	1,666323
14,697075	1,660734
14,699853	1,673228
14,702631	1,707750
14,705408	1,716298
14,708186	1,619636
14,710964	1,516070
14,713742	1,470040
14,716519	1,497000
14,719297	1,564401
14,722075	1,642980
14,724853	1,691311
14,727630	1,708407
14,730408	1,715969
14,733186	1,733724
14,735964	1,757396
14,738741	1,776137
14,741519	1,773506
14,744297	1,752135
14,747075	1,730436
14,749852	1,721887
14,752630	1,716956
14,755408	1,706763
14,758186	1,670269
14,760963	1,614704
14,763741	1,567688
14,766519	1,532180
14,769297	1,514097
14,772074	1,501603
14,774852	1,478588
14,777630	1,446039
14,780408	1,423682
14,783185	1,420723
14,785963	1,431573
14,788741	1,451299
14,791519	1,444395
14,794296	1,428285
14,797074	1,412174
14,799852	1,418421
14,802630	1,436504
14,805407	1,458204
14,808185	1,458861
14,810963	1,447025
14,813741	1,434203
14,816518	1,436833
14,819296	1,456560
14,822074	1,472670
14,824852	1,472999
14,827629	1,455574
14,830407	1,445053
14,833185	1,447683
14,835963	1,470369
14,838740	1,477931
14,841518	1,459190
14,844296	1,413161
14,847074	1,377981
14,849851	1,378639
14,852629	1,451628
14,855407	1,606156
14,858185	1,827098
14,860962	2,136811
14,863740	2,510966
14,866518	2,909451
14,869296	3,190232
14,872073	3,195821
14,874851	3,197794
14,877629	3,197794
14,880407	3,193848
14,883184	3,158340
14,885962	2,813775
14,888740	2,260433
14,891518	1,689996
14,894295	1,230029
14,897073	0,973579
14,899851	0,901904
14,902629	0,960099
14,905406	1,069583
14,908184	1,169533
14,910962	1,240221
14,913740	1,299731
14,916517	1,347733
14,919295	1,387516
14,922073	1,410530
14,924851	1,409215
14,927628	1,393105
14,930406	1,385872
14,933184	1,393763
14,935962	1,415462
14,938739	1,438806
14,941517	1,442094
14,944295	1,430257
14,947073	1,421051
14,949850	1,427298
14,952628	1,443080
14,955406	1,464122
14,958184	1,467081
14,960961	1,460177
14,963739	1,454259
14,966517	1,465766
14,969295	1,492726
14,972072	1,519357
14,974850	1,526591
14,977628	1,517385
14,980406	1,515412
14,983183	1,527248
14,985961	1,555524
14,988739	1,579196
14,991517	1,587744
14,994294	1,580840
14,997072	1,576237
14,999850	1,587087
15,002628	1,610101
15,005405	1,631801
15,008183	1,634431
15,010961	1,626541
15,013739	1,618650
15,016516	1,631472
15,019294	1,653829
15,022072	1,674543
15,024850	1,679475
15,027627	1,669940
15,030405	1,664351
15,033183	1,681776
15,035961	1,712353
15,038738	1,658432
15,041516	1,554208
15,044294	1,481547
15,047072	1,475958
15,049849	1,529550
15,052627	1,608129
15,055405	1,680461
15,058183	1,715969
15,060960	1,723203
15,063738	1,726162
15,066516	1,738984
15,069294	1,761341
15,072071	1,781397
15,074849	1,773835
15,077627	1,748519
15,080405	1,723860
15,083182	1,709394
15,085960	1,702161
15,088738	1,685064
15,091516	1,648569
15,094293	1,596293
15,097071	1,546975
15,099849	1,513439
15,102627	1,495356
15,105404	1,483191
15,108182	1,462478
15,110960	1,433216
15,113738	1,414147
15,116515	1,413818
15,119293	1,432230
15,122071	1,448998
15,124849	1,448669
15,127626	1,435189
15,130404	1,423682
15,133182	1,426970
15,135960	1,442094
15,138737	1,456889
15,141515	1,454587
15,144293	1,442094
15,147071	1,434203
15,149848	1,441436
15,152626	1,459848
15,155404	1,478260
15,158182	1,475629
15,160959	1,461492
15,163737	1,448012
15,166515	1,452943
15,169293	1,469054
15,172070	1,469711
15,174848	1,442422
15,177626	1,397708
15,180404	1,371734
15,183181	1,410202
15,185959	1,528563
15,188737	1,737669
15,191515	2,034889
15,194292	2,380110
15,197070	2,772677
15,199848	3,152422
15,202626	3,195821
15,205403	3,197136
15,208181	3,196807
15,210959	3,194835
15,213737	3,184642
15,216514	2,972248
15,219292	2,482362
15,222070	1,899759
15,224848	1,388502
15,227625	1,052487
15,230403	0,906507
15,233181	0,921631
15,235959	1,019608
15,238736	1,138956
15,241514	1,233974
15,244292	1,293813
15,247070	1,337541
15,249847	1,370419
15,252625	1,399023
15,255403	1,414805
15,258181	1,415462
15,260958	1,397708
15,263736	1,392119
15,266514	1,399023
15,269292	1,421709
15,272069	1,442751
15,274847	1,446368
15,277625	1,436175
15,280403	1,427298
15,283180	1,433874
15,285958	1,449984
15,288736	1,469711
15,291514	1,471355
15,294291	1,463793
15,297069	1,459190
15,299847	1,471026
15,302625	1,497329
15,305402	1,526262
15,308180	1,533166
15,310958	1,525276
15,313736	1,522645
15,316513	1,534481
15,319291	1,560126
15,322069	1,585114
15,324847	1,594320
15,327624	1,585771
15,330402	1,584128
15,333180	1,593991
15,335958	1,622595
15,338735	1,642980
15,341513	1,648898
15,344291	1,638377
15,347069	1,631472
15,349846	1,638377
15,352624	1,658104
15,355402	1,677831
15,358180	1,680132
15,360957	1,668625
15,363735	1,665994
15,366513	1,692297
15,369291	1,677831
15,372068	1,594649
15,374846	1,516727
15,377624	1,484178
15,380402	1,501274
15,383179	1,568675
15,385957	1,642980
15,388735	1,705120
15,391513	1,733066
15,394290	1,734052
15,397068	1,733724
15,399846	1,745560
15,402624	1,765287
15,405401	1,778767
15,408179	1,771205
15,410957	1,741286
15,413735	1,713997
15,416512	1,695585
15,419290	1,679475
15,422068	1,659748
15,424846	1,623581
15,427623	1,568675
15,430401	1,518042
15,433179	1,489109
15,435957	1,473985
15,438734	1,471355
15,441512	1,454259
15,444290	1,431573
15,447068	1,411517
15,449845	1,416120
15,452623	1,429271
15,455401	1,447683
15,458179	1,442422
15,460956	1,428285
15,463734	1,419079
15,466512	1,424011
15,469290	1,442422
15,472067	1,456889
15,474845	1,458204
15,477623	1,442094
15,480401	1,436175
15,483178	1,438477
15,485956	1,456560
15,488734	1,470040
15,491512	1,469054
15,494289	1,455245
15,497067	1,447354
15,499845	1,454916
15,502623	1,462149
15,505400	1,454587
15,508178	1,419736
15,510956	1,386201
15,513734	1,384885
15,516511	1,462149
15,519289	1,643637
15,522067	1,909622
15,524845	2,246625
15,527622	2,632616
15,530400	3,010058
15,533178	3,193848
15,535956	3,197465
15,538733	3,198122
15,541511	3,196807
15,544289	3,189903
15,547067	3,089295
15,549844	2,666480
15,552622	2,089138
15,555400	1,559469
15,558178	1,167232
15,560955	0,951879
15,563733	0,903219
15,566511	0,964373
15,569289	1,079447
15,572066	1,194520
15,574844	1,280004
15,577622	1,329650
15,580400	1,359898
15,583177	1,385543
15,585955	1,405599
15,588733	1,423353
15,591511	1,420723
15,594288	1,403297
15,597066	1,390804
15,599844	1,402968
15,602622	1,420723
15,605399	1,443409
15,608177	1,447354
15,610955	1,436833
15,613733	1,428285
15,616510	1,433874
15,619288	1,456889
15,622066	1,477602
15,624844	1,480561
15,627621	1,468067
15,630399	1,468396
15,633177	1,481876
15,635955	1,510809
15,638732	1,535797
15,641510	1,540728
15,644288	1,533495
15,647066	1,530207
15,649843	1,541057
15,652621	1,569661
15,655399	1,595635
15,658177	1,599909
15,660954	1,594320
15,663732	1,591690
15,666510	1,604841
15,669288	1,627527
15,672065	1,646925
15,674843	1,648240
15,677621	1,638705
15,680399	1,629171
15,683176	1,637390
15,685954	1,657117
15,688732	1,679803
15,691510	1,683749
15,694287	1,679475
15,697065	1,685721
15,699843	1,692955
15,702621	1,621938
15,705398	1,539413
15,708176	1,494699
15,710954	1,493712
15,713732	1,537112
15,716509	1,600567
15,719287	1,670597
15,722065	1,718600
15,724843	1,737669
15,727620	1,734710
15,730398	1,731093
15,733176	1,740628
15,735954	1,759369
15,738731	1,773178
15,741509	1,761670
15,744287	1,732737
15,747065	1,701174
15,749842	1,679803
15,752620	1,661720
15,755398	1,641665
15,758176	1,603526
15,760953	1,549934
15,763731	1,502918
15,766509	1,477273
15,769287	1,467739
15,772064	1,468067
15,774842	1,456231
15,777620	1,430915
15,780398	1,414147
15,783175	1,416120
15,785953	1,429600
15,788731	1,446368
15,791509	1,447354
15,794286	1,434203
15,797064	1,425654
15,799842	1,428285
15,802620	1,442751
15,805397	1,462149
15,808175	1,460834
15,810953	1,449327
15,813731	1,438806
15,816508	1,445053
15,819286	1,463136
15,822064	1,480232
15,824842	1,476945
15,827619	1,462807
15,830397	1,451299
15,833175	1,450642
15,835953	1,448998
15,838730	1,433874
15,841508	1,405270
15,844286	1,381926
15,847064	1,423353
15,849841	1,556510
15,852619	1,788302
15,855397	2,124317
15,858175	2,500774
15,860952	2,884463
15,863730	3,187930
15,866508	3,196807
15,869286	3,198780
15,872063	3,198451
15,874841	3,194506
15,877619	3,169518
15,880397	2,848297
15,883174	2,304162
15,885952	1,743258
15,888730	1,293484
15,891508	1,024211
15,894285	0,913740
15,897063	0,933139
15,899841	1,029472
15,902619	1,143559
15,905396	1,250413
15,908174	1,318800
15,910952	1,352665
15,913730	1,366802
15,916507	1,381598
15,919285	1,398366
15,922063	1,412832
15,924841	1,411846
15,927618	1,396393
15,930396	1,389160
15,933174	1,402640
15,935952	1,424997
15,938729	1,450642
15,941507	1,454587
15,944285	1,444395
15,947063	1,432888
15,949840	1,439792
15,952618	1,455574
15,955396	1,474972
15,958174	1,478588
15,960951	1,468396
15,963729	1,469711
15,966507	1,486479
15,969285	1,515741
15,972062	1,543030
15,974840	1,552236
15,977618	1,544345
15,980396	1,541386
15,983173	1,550921
15,985951	1,578867
15,988729	1,600895
15,991507	1,606156
15,994284	1,595964
15,997062	1,592347
15,999840	1,603526
16,002618	1,624897
16,005395	1,646267
16,008173	1,648569
16,010951	1,641665
16,013729	1,637719
16,016506	1,647911
16,019284	1,667638
16,022062	1,688680
16,024840	1,693941
16,027617	1,693612
16,030395	1,699530
16,033173	1,646267
16,035951	1,556510
16,038728	1,506535
16,041506	1,503905
16,044284	1,532180
16,047062	1,585443
16,049839	1,645281
16,052617	1,701832
16,055395	1,741614
16,058173	1,754766
16,060951	1,749505
16,063728	1,742601
16,066506	1,746875
16,069284	1,759697
16,072062	1,768575
16,074839	1,757725
16,077617	1,724518
16,080395	1,689009
16,083172	1,663035
16,085950	1,639692
16,088728	1,618650
16,091506	1,576894
16,094283	1,527906
16,097061	1,481876
16,099839	1,461492
16,102617	1,456231
16,105394	1,460505
16,108172	1,451957
16,110950	1,429600
16,113728	1,417106
16,116505	1,420065
16,119283	1,434860
16,122061	1,448669
16,124839	1,448012
16,127616	1,430257
16,130394	1,423353
16,133172	1,429271
16,135950	1,451299
16,138727	1,470040
16,141505	1,468725
16,144283	1,448340
16,147061	1,436504
16,149838	1,440450
16,152616	1,458533
16,155394	1,477602
16,158172	1,473985
16,160949	1,463136
16,163727	1,448998
16,166505	1,443409
16,169283	1,434203
16,172061	1,422038
16,174838	1,400667
16,177616	1,415133
16,180394	1,490753
16,183172	1,681118
16,185949	1,979324
16,188727	2,348547
16,191505	2,752950
16,194282	3,120530
16,197060	3,194506
16,199838	3,198122
16,202616	3,198122
16,205393	3,197794
16,208171	3,187273
16,210949	3,006771
16,213727	2,518199
16,216504	1,926061
16,219282	1,424997
16,222060	1,098187
16,224838	0,943331
16,227615	0,925577
16,230393	0,990675
16,233171	1,101146
16,235949	1,211617
16,238726	1,303676
16,241504	1,354966
16,244282	1,370090
16,247060	1,369761
16,249837	1,379296
16,252615	1,397379
16,255393	1,418750
16,258171	1,420723
16,260948	1,407571
16,263726	1,398694
16,266504	1,406914
16,269282	1,428942
16,272059	1,449327
16,274837	1,454587
16,277615	1,436504
16,280393	1,429271
16,283171	1,434203
16,285948	1,457875
16,288726	1,480232
16,291504	1,489438
16,294282	1,480890
16,297059	1,480890
16,299837	1,495685
16,302615	1,517385
16,305392	1,542043
16,308170	1,548290
16,310948	1,543030
16,313726	1,538756
16,316503	1,556181
16,319281	1,580182
16,322059	1,609773
16,324837	1,616677
16,327614	1,611745
16,330392	1,604183
16,333170	1,612732
16,335948	1,634760
16,338725	1,654816
16,341503	1,659419
16,344281	1,650870
16,347059	1,644295
16,349836	1,649555
16,352614	1,671584
16,355392	1,692297
16,358170	1,701174
16,360947	1,702489
16,363725	1,669940
16,366503	1,571963
16,369281	1,508836
16,372058	1,497987
16,374836	1,523960
16,377614	1,570648
16,380392	1,618979
16,383169	1,670269
16,385947	1,716298
16,388725	1,746217
16,391503	1,755094
16,394281	1,748519
16,397058	1,739313
16,399836	1,744902
16,402614	1,757067
16,405392	1,763314
16,408169	1,748190
16,410947	1,710709
16,413725	1,668953
16,416502	1,638705
16,419280	1,617335
16,422058	1,593333
16,424836	1,556839
16,427613	1,504562
16,430391	1,465437
16,433169	1,449656
16,435947	1,453272
16,438724	1,460177
16,441502	1,450971
16,444280	1,426970
16,447058	1,413489
16,449835	1,413818
16,452613	1,430915
16,455391	1,450313
16,458169	1,449984
16,460946	1,435189
16,463724	1,423024
16,466502	1,431573
16,469280	1,448340
16,472057	1,470040
16,474835	1,466752
16,477613	1,452943
16,480391	1,442422
16,483168	1,447683
16,485946	1,464122
16,488724	1,481876
16,491502	1,479904
16,494279	1,465437
16,497057	1,445381
16,499835	1,428613
16,502613	1,417764
16,505390	1,412174
16,508168	1,414147
16,510946	1,460177
16,513724	1,605170
16,516502	1,846496
16,519279	2,195334
16,522057	2,608943
16,524835	3,000853
16,527613	3,192204
16,530390	3,196150
16,533168	3,197794
16,535946	3,196807
16,538723	3,192862
16,541501	3,136311
16,544279	2,737826
16,547057	2,148647
16,549834	1,596621
16,552612	1,193534
16,555390	0,986072
16,558168	0,927549
16,560945	0,965688
16,563723	1,051171
16,566501	1,154409
16,569279	1,257647
16,572056	1,337212
16,574834	1,377323
16,577612	1,381598
16,580390	1,377323
16,583167	1,383899
16,585945	1,400009
16,588723	1,418092
16,591501	1,421051
16,594278	1,412503
16,597056	1,403626
16,599834	1,412174
16,602612	1,431573
16,605389	1,451299
16,608167	1,452286
16,610945	1,438477
16,613723	1,428942
16,616501	1,441436
16,619278	1,464780
16,622056	1,488452
16,624834	1,494041
16,627612	1,486479
16,630389	1,488452
16,633167	1,501274
16,635945	1,523632
16,638723	1,548290
16,641500	1,556839
16,644278	1,547633
16,647056	1,547304
16,649833	1,563743
16,652611	1,589717
16,655389	1,615033
16,658167	1,620294
16,660944	1,611745
16,663722	1,606814
16,666500	1,616348
16,669278	1,637062
16,672055	1,659419
16,674833	1,662378
16,677611	1,652514
16,680389	1,645281
16,683166	1,654158
16,685944	1,678159
16,688722	1,704133
16,691500	1,717942
16,694277	1,707750
16,697055	1,613060
16,699833	1,515412
16,702611	1,484507
16,705388	1,510152
16,708166	1,558811
16,710944	1,604841
16,713722	1,649227
16,716499	1,691639
16,719277	1,730436
16,722055	1,759369
16,724833	1,766602
16,727610	1,757067
16,730388	1,745560
16,733166	1,745889
16,735944	1,751807
16,738722	1,754108
16,741499	1,732409
16,744277	1,692626
16,747055	1,647583
16,749833	1,616019
16,752610	1,594649
16,755388	1,572620
16,758166	1,535139
16,760943	1,488452
16,763721	1,452286
16,766499	1,439135
16,769277	1,444724
16,772054	1,449656
16,774832	1,445381
16,777610	1,424997
16,780388	1,412174
16,783165	1,414805
16,785943	1,433874
16,788721	1,451628
16,791499	1,450971
16,794276	1,432888
16,797054	1,422038
16,799832	1,430586
16,802610	1,449327
16,805387	1,469711
16,808165	1,469383
16,810943	1,455902
16,813721	1,441765
16,816498	1,446697
16,819276	1,458861
16,822054	1,477602
16,824832	1,474314
16,827609	1,456231
16,830387	1,429929
16,833165	1,406914
16,835943	1,397379
16,838720	1,403955
16,841498	1,446039
16,844276	1,540400
16,847054	1,733066
16,849832	2,045081
16,852609	2,427784
16,855387	2,844352
16,858165	3,183656
16,860943	3,195492
16,863720	3,196150
16,866498	3,197136
16,869276	3,194506
16,872053	3,180039
16,874831	2,910108
16,877609	2,371562
16,880387	1,780411
16,883164	1,301703
16,885942	1,027499
16,888720	0,932481
16,891498	0,950564
16,894275	1,025855
16,897053	1,110681
16,899831	1,210960
16,902609	1,299402
16,905386	1,367460
16,908164	1,395406
16,910942	1,389160
16,913720	1,376337
16,916497	1,377981
16,919275	1,397050
16,922053	1,414476
16,924831	1,420723
16,927608	1,408887
16,930386	1,403955
16,933164	1,410859
16,935942	1,436504
16,938719	1,452615
16,941497	1,454916
16,944275	1,441107
16,947053	1,434532
16,949830	1,445053
16,952608	1,468067
16,955386	1,492397
16,958164	1,503905
16,960942	1,501274
16,963719	1,497658
16,966497	1,514754
16,969275	1,535468
16,972053	1,561113
16,974830	1,564729
16,977608	1,557496
16,980386	1,555195
16,983163	1,569004
16,985941	1,593005
16,988719	1,621280
16,991497	1,630157
16,994274	1,623253
16,997052	1,619307
16,999830	1,624897
17,002608	1,645610
17,005385	1,664679
17,008163	1,668953
17,010941	1,658761
17,013719	1,652514
17,016496	1,660076
17,019274	1,683749
17,022052	1,710380
17,024830	1,726819
17,027607	1,665666
17,030385	1,547633
17,033163	1,479246
17,035941	1,485493
17,038718	1,543030
17,041496	1,599252
17,044274	1,644624
17,047052	1,673885
17,049829	1,705777
17,052607	1,737998
17,055385	1,764300
17,058163	1,770876
17,060940	1,761341
17,063718	1,747532
17,066496	1,744245
17,069274	1,746546
17,072052	1,743587
17,074829	1,717942
17,077607	1,668296
17,080385	1,622595
17,083163	1,592018
17,085940	1,576566
17,088718	1,556839
17,091496	1,521659
17,094273	1,475629
17,097051	1,441765
17,099829	1,431244
17,102607	1,435847
17,105384	1,446368
17,108162	1,443737
17,110940	1,428942
17,113718	1,414805
17,116495	1,422367
17,119273	1,436175
17,122051	1,455574
17,124829	1,453601
17,127606	1,440121
17,130384	1,430257
17,133162	1,435189
17,135940	1,451299
17,138717	1,466423
17,141495	1,468067
17,144273	1,451628
17,147051	1,443080
17,149828	1,446697
17,152606	1,464122
17,155384	1,480561
17,158162	1,481876
17,160939	1,454259
17,163717	1,419736
17,166495	1,392776
17,169273	1,390804
17,172050	1,427298
17,174828	1,506864
17,177606	1,668953
17,180384	1,924089
17,183162	2,269968
17,185939	2,690810
17,188717	3,092912
17,191495	3,194835
17,194273	3,196807
17,197050	3,197136
17,199828	3,195492
17,202606	3,189245
17,205383	3,066280
17,208161	2,611574
17,210939	2,001681
17,213717	1,460834
17,216494	1,099502
17,219272	0,943988
17,222050	0,934125
17,224828	1,001525
17,227605	1,087666
17,230383	1,172821
17,233161	1,255016
17,235939	1,334253
17,238716	1,387516
17,241494	1,405928
17,244272	1,397708
17,247050	1,383899
17,249827	1,387187
17,252605	1,402311
17,255383	1,420065
17,258161	1,424339
17,260938	1,415462
17,263716	1,408558
17,266494	1,420723
17,269272	1,441107
17,272049	1,460505
17,274827	1,459519
17,277605	1,447025
17,280383	1,440450
17,283160	1,450971
17,285938	1,474972
17,288716	1,500617
17,291494	1,510809
17,294272	1,502918
17,297049	1,500288
17,299827	1,512782
17,302605	1,537112
17,305383	1,562757
17,308160	1,572620
17,310938	1,566702
17,313716	1,567031
17,316493	1,580182
17,319271	1,604183
17,322049	1,627198
17,324827	1,630815
17,327604	1,622595
17,330382	1,617992
17,333160	1,627198
17,335938	1,646596
17,338715	1,666981
17,341493	1,668296
17,344271	1,656131
17,347049	1,651199
17,349826	1,662378
17,352604	1,688680
17,355382	1,724518
17,358160	1,713668
17,360937	1,604183
17,363715	1,505549
17,366493	1,472342
17,369271	1,510480
17,372048	1,580840
17,374826	1,640678
17,377604	1,674872
17,380382	1,695914
17,383159	1,718600
17,385937	1,745889
17,388715	1,769890
17,391493	1,773506
17,394270	1,759369
17,397048	1,741614
17,399826	1,735368
17,402604	1,739642
17,405382	1,733724
17,408159	1,703476
17,410937	1,654158
17,413715	1,605498
17,416493	1,574593
17,419270	1,557496
17,422048	1,536125
17,424826	1,503905
17,427604	1,462478
17,430381	1,434532
17,433159	1,426641
17,435937	1,436175
17,438714	1,449656
17,441492	1,448998
17,444270	1,431244
17,447048	1,418092
17,449825	1,424668
17,452603	1,441765
17,455381	1,458204
17,458159	1,458204
17,460936	1,445053
17,463714	1,433874
17,466492	1,441765
17,469270	1,453601
17,472047	1,469383
17,474825	1,467739
17,477603	1,452943
17,480381	1,442094
17,483158	1,448340
17,485936	1,467410
17,488714	1,484507
17,491492	1,477273
17,494269	1,441107
17,497047	1,401653
17,499825	1,378967
17,502603	1,394420
17,505380	1,463464
17,508158	1,604183
17,510936	1,811645
17,513714	2,129578
17,516491	2,524117
17,519269	2,937397
17,522047	3,192862
17,524825	3,198780
17,527603	3,198780
17,530380	3,197136
17,533158	3,192204
17,535936	3,158668
17,538714	2,814761
17,541491	2,244981
17,544269	1,664351
17,547047	1,209316
17,549824	0,969633
17,552602	0,913083
17,555380	0,972592
17,558158	1,068597
17,560935	1,152765
17,563713	1,225755
17,566491	1,296443
17,569269	1,359569
17,572046	1,397050
17,574824	1,406914
17,577602	1,395078
17,580380	1,385543
17,583157	1,389488
17,585935	1,407571
17,588713	1,425983
17,591491	1,429929
17,594268	1,419736
17,597046	1,413161
17,599824	1,425326
17,602602	1,444395
17,605379	1,462149
17,608157	1,462478
17,610935	1,454587
17,613713	1,446368
17,616490	1,462478
17,619268	1,483849
17,622046	1,511795
17,624824	1,518700
17,627601	1,514426
17,630379	1,508836
17,633157	1,525276
17,635935	1,550921
17,638713	1,573607
17,641490	1,584785
17,644268	1,575908
17,647046	1,572949
17,649824	1,582155
17,652601	1,608786
17,655379	1,630486
17,658157	1,635418
17,660934	1,621609
17,663712	1,616677
17,666490	1,625883
17,669268	1,648240
17,672045	1,669611
17,674823	1,672899
17,677601	1,663035
17,680379	1,654158
17,683156	1,664022
17,685934	1,691639
17,688712	1,723531
17,691490	1,651199
17,694267	1,535797
17,697045	1,466423
17,699823	1,476945
17,702601	1,539742
17,705378	1,619307
17,708156	1,673228
17,710934	1,694927
17,713712	1,703476
17,716489	1,719586
17,719267	1,747204
17,722045	1,773835
17,724823	1,776465
17,727600	1,757396
17,730378	1,737011
17,733156	1,725833
17,735934	1,724518
17,738711	1,714983
17,741489	1,683091
17,744267	1,632787
17,747045	1,584128
17,749823	1,550263
17,752600	1,527577
17,755378	1,511467
17,758156	1,481547
17,760934	1,450971
17,763711	1,423682
17,766489	1,420065
17,769267	1,428942
17,772044	1,444724
17,774822	1,440450
17,777600	1,426312
17,780378	1,415133
17,783155	1,422367
17,785933	1,438148
17,788711	1,456231
17,791489	1,458861
17,794266	1,441436
17,797044	1,432888
17,799822	1,435189
17,802600	1,454259
17,805377	1,468067
17,808155	1,469711
17,810933	1,451957
17,813711	1,446697
17,816488	1,453272
17,819266	1,470369
17,822044	1,482205
17,824822	1,463793
17,827599	1,421051
17,830377	1,380611
17,833155	1,372063
17,835933	1,422038
17,838710	1,543687
17,841488	1,734381
17,844266	2,015819
17,847044	2,362027
17,849821	2,770047
17,852599	3,158997
17,855377	3,196478
17,858155	3,197136
17,860933	3,198451
17,863710	3,195821
17,866488	3,184971
17,869266	2,966988
17,872044	2,471841
17,874821	1,875429
17,877599	1,360227
17,880377	1,037034
17,883154	0,906507
17,885932	0,935440
17,888710	1,032760
17,891488	1,131394
17,894265	1,210631
17,897043	1,270798
17,899821	1,328006
17,902599	1,376666
17,905376	1,407571
17,908154	1,409215
17,910932	1,397050
17,913710	1,383570
17,916487	1,391461
17,919265	1,411846
17,922043	1,433216
17,924821	1,432888
17,927598	1,422038
17,930376	1,413161
17,933154	1,421051
17,935932	1,440778
17,938709	1,458861
17,941487	1,464451
17,944265	1,452943
17,947043	1,449984
17,949820	1,462149
17,952598	1,491082
17,955376	1,515412
17,958154	1,523303
17,960931	1,513111
17,963709	1,509823
17,966487	1,522974
17,969265	1,549605
17,972043	1,576237
17,974820	1,586100
17,977598	1,577552
17,980376	1,571963
17,983154	1,585443
17,985931	1,606814
17,988709	1,628184
17,991487	1,630486
17,994264	1,621609
17,997042	1,615362
17,999820	1,627198
18,002598	1,650213
18,005375	1,673885
18,008153	1,679475
18,010931	1,668625
18,013709	1,663693
18,016486	1,677173
18,019264	1,711695
18,022042	1,693612
18,024820	1,587087
18,027597	1,497000
18,030375	1,473657
18,033153	1,510480
18,035931	1,587087
18,038708	1,662707
18,041486	1,704133
18,044264	1,716298
18,047042	1,717942
18,049819	1,730436
18,052597	1,755094
18,055375	1,778109
18,058153	1,773178
18,060930	1,748848
18,063708	1,724518
18,066486	1,713010
18,069264	1,708079
18,072041	1,694270
18,074819	1,658761
18,077597	1,606814
18,080375	1,554866
18,083153	1,523960
18,085930	1,504562
18,088708	1,489109
18,091486	1,467410
18,094264	1,442751
18,097041	1,422367
18,099819	1,418421
18,102597	1,435189
18,105374	1,447025
18,108152	1,441107
18,110930	1,425654
18,113708	1,415133
18,116485	1,423353
18,119263	1,440778
18,122041	1,458533
18,124819	1,457218
18,127596	1,443080
18,130374	1,432888
18,133152	1,438148
18,135930	1,453272
18,138707	1,468725
18,141485	1,468067
18,144263	1,452943
18,147041	1,445381
18,149818	1,453601
18,152596	1,470698
18,155374	1,474314
18,158152	1,450971
18,160929	1,404284
18,163707	1,373707
18,166485	1,390146
18,169263	1,474643
18,172040	1,658761
18,174818	1,906663
18,177596	2,227884
18,180374	2,618478
18,183151	3,012689
18,185929	3,193519
18,188707	3,196478
18,191485	3,197794
18,194263	3,197465
18,197040	3,191218
18,199818	3,100803
18,202596	2,685550
18,205374	2,102947
18,208151	1,550263
18,210929	1,139285
18,213707	0,931166
18,216484	0,899274
18,219262	0,981798
18,222040	1,098516
18,224818	1,195178
18,227595	1,261263
18,230373	1,312553
18,233151	1,351678
18,235929	1,385872
18,238706	1,408558
18,241484	1,408887
18,244262	1,395078
18,247040	1,384228
18,249817	1,393763
18,252595	1,417764
18,255373	1,437162
18,258151	1,435847
18,260928	1,428285
18,263706	1,419079
18,266484	1,427627
18,269262	1,442751
18,272039	1,460834
18,274817	1,463793
18,277595	1,459190
18,280373	1,457546
18,283150	1,473985
18,285928	1,501274
18,288706	1,523303
18,291484	1,531522
18,294261	1,519357
18,297039	1,517056
18,299817	1,531522
18,302595	1,560126
18,305372	1,584456
18,308150	1,594320
18,310928	1,583799
18,313706	1,582155
18,316484	1,594649
18,319261	1,617006
18,322039	1,639692
18,324817	1,644624
18,327594	1,633445
18,330372	1,623581
18,333150	1,635089
18,335928	1,653172
18,338705	1,676515
18,341483	1,679803
18,344261	1,670269
18,347039	1,665337
18,349816	1,686050
18,352594	1,700188
18,355372	1,625225
18,358150	1,528563
18,360927	1,472013
18,363705	1,481219
18,366483	1,537769
18,369261	1,618979
18,372038	1,686708
18,374816	1,721887
18,377594	1,727148
18,380372	1,729778
18,383149	1,739971
18,385927	1,761999
18,388705	1,777452
18,391483	1,771534
18,394260	1,744902
18,397038	1,719257
18,399816	1,700845
18,402594	1,689667
18,405371	1,673556
18,408149	1,634760
18,410927	1,584456
18,413705	1,533166
18,416482	1,503576
18,419260	1,487137
18,422038	1,481219
18,424816	1,461821
18,427594	1,437491
18,430371	1,416777
18,433149	1,416777
18,435927	1,432230
18,438705	1,443737
18,441482	1,446368
18,444260	1,429600
18,447038	1,420065
18,449815	1,425326
18,452593	1,444395
18,455371	1,458861
18,458149	1,457875
18,460926	1,440778
18,463704	1,432888
18,466482	1,440450
18,469260	1,460505
18,472037	1,477273
18,474815	1,476616
18,477593	1,462807
18,480371	1,450313
18,483148	1,457875
18,485926	1,464451
18,488704	1,464451
18,491482	1,432559
18,494259	1,393434
18,497037	1,374693
18,499815	1,431901
18,502593	1,572291
18,505370	1,800795
18,508148	2,118399
18,510926	2,479403
18,513704	2,864736
18,516481	3,186286
18,519259	3,195492
18,522037	3,197465
18,524815	3,196478
18,527592	3,193519
18,530370	3,168861
18,533148	2,848955
18,535926	2,312710
18,538704	1,745231
18,541481	1,276387
18,544259	0,991991
18,547037	0,891054
18,549815	0,931823
18,552592	1,039993
18,555370	1,158683
18,558148	1,245153
18,560925	1,302361
18,563703	1,337212
18,566481	1,372392
18,569259	1,397708
18,572036	1,418750
18,574814	1,414476
18,577592	1,400996
18,580370	1,390804
18,583147	1,401653
18,585925	1,425983
18,588703	1,442751
18,591481	1,448998
18,594258	1,437819
18,597036	1,428285
18,599814	1,428942
18,602592	1,450971
18,605369	1,470040
18,608147	1,476945
18,610925	1,470369
18,613703	1,469711
18,616480	1,485822
18,619258	1,513768
18,622036	1,538427
18,624814	1,542372
18,627591	1,534810
18,630369	1,529221
18,633147	1,542701
18,635925	1,563414
18,638702	1,590703
18,641480	1,597608
18,644258	1,591032
18,647036	1,585771
18,649814	1,601224
18,652591	1,622924
18,655369	1,642980
18,658147	1,646596
18,660925	1,633116
18,663702	1,625554
18,666480	1,635089
18,669258	1,657117
18,672035	1,679803
18,674813	1,683091
18,677591	1,674543
18,680369	1,676187
18,683146	1,698873
18,685924	1,658761
18,688702	1,569004
18,691480	1,501274
18,694257	1,481547
18,697035	1,510152
18,699813	1,575908
18,702591	1,649884
18,705368	1,709394
18,708146	1,732737
18,710924	1,734381
18,713702	1,734381
18,716479	1,747204
18,719257	1,767588
18,722035	1,780740
18,724813	1,769890
18,727590	1,740957
18,730368	1,715312
18,733146	1,695256
18,735924	1,679803
18,738701	1,658432
18,741479	1,619307
18,744257	1,565058
18,747035	1,518371
18,749812	1,486808
18,752590	1,479246
18,755368	1,473328
18,758146	1,460505
18,760924	1,432888
18,763701	1,416120
18,766479	1,420394
18,769257	1,438806
18,772035	1,453601
18,774812	1,450971
18,777590	1,436833
18,780368	1,425654
18,783145	1,431573
18,785923	1,445710
18,788701	1,459190
18,791479	1,458204
18,794256	1,447683
18,797034	1,438477
18,799812	1,447025
18,802590	1,465437
18,805367	1,483191
18,808145	1,483849
18,810923	1,468396
18,813701	1,457875
18,816478	1,459519
18,819256	1,457218
18,822034	1,446039
18,824812	1,416449
18,827589	1,381926
18,830367	1,399681
18,833145	1,494370
18,835923	1,694599
18,838700	1,993791
18,841478	2,346575
18,844256	2,738812
18,847034	3,112968
18,849811	3,195163
18,852589	3,197465
18,855367	3,197794
18,858145	3,195163
18,860922	3,186615
18,863700	3,008743
18,866478	2,533981
18,869256	1,951049
18,872034	1,443080
18,874811	1,097530
18,877589	0,925905
18,880367	0,907822
18,883145	0,988374
18,885922	1,106736
18,888700	1,222796
18,891478	1,299402
18,894255	1,340500
18,897033	1,362199
18,899811	1,378967
18,902589	1,399681
18,905366	1,417435
18,908144	1,416449
18,910922	1,401982
18,913700	1,394091
18,916477	1,404941
18,919255	1,428613
18,922033	1,447683
18,924811	1,450313
18,927588	1,437162
18,930366	1,427627
18,933144	1,433545
18,935922	1,452943
18,938699	1,472670
18,941477	1,478588
18,944255	1,471026
18,947033	1,471684
18,949810	1,486479
18,952588	1,513439
18,955366	1,535468
18,958144	1,543030
18,960921	1,535139
18,963699	1,535797
18,966477	1,549605
18,969255	1,574593
18,972032	1,596950
18,974810	1,600895
18,977588	1,595306
18,980366	1,591032
18,983144	1,606814
18,985921	1,630157
18,988699	1,652514
18,991477	1,655145
18,994255	1,643637
18,997032	1,636733
18,999810	1,645281
19,002588	1,663693
19,005365	1,683420
19,008143	1,687037
19,010921	1,680461
19,013699	1,689667
19,016476	1,674872
19,019254	1,591690
19,022032	1,523960
19,024810	1,498644
19,027587	1,508508
19,030365	1,558483
19,033143	1,619965
19,035921	1,684077
19,038698	1,728134
19,041476	1,741286
19,044254	1,736025
19,047032	1,736025
19,049809	1,747204
19,052587	1,764629
19,055365	1,776137
19,058143	1,761999
19,060920	1,728792
19,063698	1,692955
19,066476	1,666652
19,069254	1,648898
19,072031	1,633116
19,074809	1,596293
19,077587	1,546975
19,080365	1,497987
19,083142	1,470698
19,085920	1,465437
19,088698	1,464122
19,091476	1,452615
19,094254	1,426970
19,097031	1,413489
19,099809	1,414147
19,102587	1,431573
19,105365	1,447025
19,108142	1,446368
19,110920	1,432559
19,113698	1,424997
19,116475	1,431901
19,119253	1,448998
19,122031	1,463793
19,124809	1,459519
19,127586	1,446697
19,130364	1,435518
19,133142	1,444395
19,135920	1,461492
19,138697	1,481219
19,141475	1,480232
19,144253	1,468725
19,147031	1,453601
19,149808	1,448012
19,152586	1,440121
19,155364	1,424339
19,158142	1,403626
19,160919	1,391790
19,163697	1,445710
19,166475	1,606814
19,169253	1,863922
19,172030	2,213418
19,174808	2,608614
19,177586	2,986715
19,180364	3,192862
19,183141	3,197794
19,185919	3,198780
19,188697	3,197465
19,191475	3,192862
19,194252	3,136640
19,197030	2,744073
19,199808	2,166402
19,202586	1,620622
19,205363	1,216878
19,208141	0,989689
19,210919	0,919330
19,213697	0,955496
19,216475	1,057747
19,219252	1,167560
19,222030	1,272771
19,224808	1,334911
19,227585	1,362857
19,230363	1,376995
19,233141	1,390146
19,235919	1,406914
19,238696	1,422038
19,241474	1,420065
19,244252	1,402968
19,247030	1,399681
19,249807	1,404941
19,252585	1,429929
19,255363	1,448998
19,258141	1,451957
19,260918	1,439135
19,263696	1,430257
19,266474	1,436504
19,269252	1,457218
19,272029	1,478917
19,274807	1,483520
19,277585	1,478260
19,280363	1,477273
19,283140	1,496014
19,285918	1,522974
19,288696	1,546646
19,291474	1,552236
19,294251	1,545660
19,297029	1,542372
19,299807	1,556181
19,302585	1,580182
19,305362	1,601553
19,308140	1,608786
19,310918	1,598265
19,313696	1,593005
19,316473	1,604183
19,319251	1,628842
19,322029	1,649227
19,324807	1,655802
19,327585	1,646267
19,330362	1,640021
19,333140	1,649227
19,335918	1,667638
19,338696	1,684735
19,341473	1,692955
19,344251	1,693283
19,347029	1,692626
19,349806	1,618979
19,352584	1,532838
19,355362	1,499630
19,358140	1,508179
19,360917	1,543030
19,363695	1,593662
19,366473	1,655473
19,369251	1,707750
19,372028	1,744573
19,374806	1,755423
19,377584	1,746546
19,380362	1,740628
19,383139	1,746875
19,385917	1,760355
19,388695	1,768903
19,391473	1,753451
19,394250	1,715641
19,397028	1,677831
19,399806	1,648569
19,402584	1,630486
19,405361	1,611088
19,408139	1,576894
19,410917	1,522316
19,413695	1,476945
19,416472	1,452615
19,419250	1,451628
19,422028	1,456560
19,424806	1,444066
19,427583	1,423682
19,430361	1,412174
19,433139	1,414147
19,435917	1,429271
19,438695	1,447025
19,441472	1,445710
19,444250	1,436833
19,447028	1,424668
19,449806	1,428942
19,452583	1,447354
19,455361	1,466423
19,458139	1,464780
19,460916	1,446368
19,463694	1,434532
19,466472	1,437819
19,469250	1,456889
19,472027	1,472670
19,474805	1,475629
19,477583	1,459848
19,480361	1,445710
19,483138	1,433216
19,485916	1,421051
19,488694	1,409215
19,491472	1,397050
19,494249	1,426312
19,497027	1,527906
19,499805	1,737998
19,502583	2,064808
19,505360	2,448168
19,508138	2,846982
19,510916	3,179711
19,513694	3,195821
19,516471	3,198122
19,519249	3,198780
19,522027	3,196150
19,524805	3,180697
19,527582	2,911752
19,530360	2,379124
19,533138	1,795864
19,535916	1,323732
19,538693	1,045582
19,541471	0,930180
19,544249	0,933467
19,547027	1,011718
19,549805	1,116928
19,552582	1,226084
19,555360	1,315184
19,558138	1,364501
19,560916	1,375680
19,563693	1,375680
19,566471	1,381926
19,569249	1,398366
19,572026	1,416777
19,574804	1,415133
19,577582	1,402640
19,580360	1,395735
19,583137	1,403626
19,585915	1,425983
19,588693	1,448998
19,591471	1,451299
19,594248	1,439792
19,597026	1,433545
19,599804	1,440450
19,602582	1,464122
19,605359	1,484507
19,608137	1,488123
19,610915	1,482205
19,613693	1,481219
19,616470	1,495685
19,619248	1,520015
19,622026	1,544345
19,624804	1,552236
19,627581	1,548290
19,630359	1,544345
19,633137	1,559798
19,635915	1,582155
19,638692	1,607800
19,641470	1,614376
19,644248	1,608129
19,647026	1,600567
19,649803	1,609444
19,652581	1,632459
19,655359	1,655145
19,658137	1,660405
19,660915	1,649884
19,663692	1,644295
19,666470	1,652186
19,669248	1,671584
19,672026	1,692297
19,674803	1,701503
19,677581	1,705120
19,680359	1,647583
19,683136	1,546646
19,685914	1,491082
19,688692	1,496343
19,691470	1,531522
19,694247	1,576894
19,697025	1,622595
19,699803	1,670926
19,702581	1,714654
19,705358	1,748848
19,708136	1,759040
19,710914	1,751807
19,713692	1,742272
19,716469	1,744902
19,719247	1,753122
19,722025	1,756738
19,724803	1,736683
19,727580	1,698544
19,730358	1,657775
19,733136	1,630157
19,735914	1,611745
19,738691	1,589717
19,741469	1,551578
19,744247	1,499630
19,747025	1,462478
19,749802	1,444395
19,752580	1,448012
19,755358	1,454587
19,758136	1,444066
19,760913	1,424339
19,763691	1,408887
19,766469	1,412174
19,769247	1,431244
19,772025	1,450642
19,774802	1,450642
19,777580	1,438806
19,780358	1,428285
19,783136	1,431901
19,785913	1,448340
19,788691	1,466095
19,791469	1,464122
19,794246	1,452286
19,797024	1,439135
19,799802	1,444395
19,802580	1,459519
19,805357	1,476287
19,808135	1,474972
19,810913	1,460177
19,813691	1,439135
19,816468	1,421380
19,819246	1,411846
19,822024	1,404284
19,824802	1,421051
19,827579	1,483191
19,830357	1,649555
19,833135	1,919486
19,835913	2,278845
19,838690	2,698701
19,841468	3,086336
19,844246	3,192862
19,847024	3,197794
19,849801	3,198451
19,852579	3,197465
19,855357	3,191218
19,858135	3,068253
19,860912	2,609601
19,863690	2,002997
19,866468	1,472013
19,869246	1,116270
19,872023	0,957468
19,874801	0,934782
19,877579	0,988703
19,880357	1,078789
19,883134	1,178410
19,885912	1,274086
19,888690	1,346747
19,891468	1,384228
19,894246	1,380611
19,897023	1,377652
19,899801	1,381926
19,902579	1,403297
19,905356	1,419736
19,908134	1,421051
19,910912	1,408558
19,913690	1,402311
19,916467	1,411846
19,919245	1,433874
19,922023	1,454587
19,924801	1,452615
19,927578	1,441765
19,930356	1,434860
19,933134	1,445710
19,935912	1,467410
19,938689	1,492397
19,941467	1,497658
19,944245	1,494699
19,947023	1,491082
19,949800	1,502918
19,952578	1,524289
19,955356	1,548948
19,958134	1,557825
19,960911	1,553880
19,963689	1,552893
19,966467	1,566702
19,969245	1,594320
19,972022	1,615033
19,974800	1,621609
19,977578	1,611417
19,980356	1,606485
19,983133	1,616348
19,985911	1,639692
19,988689	1,660076
19,991467	1,665994
19,994244	1,656789
19,997022	1,650213
19,999800	1,661063
20,002578	1,681776
20,005356	1,704462
20,008133	1,719586
20,010911	1,694927
20,013689	1,583799
20,016466	1,502261
20,019244	1,484178
20,022022	1,525276
20,024800	1,582155
20,027577	1,627856
20,030355	1,664351
20,033133	1,698873
20,035911	1,732409
20,038688	1,760026
20,041466	1,767259
20,044244	1,756738
20,047022	1,744902
20,049799	1,742930
20,052577	1,749176
20,055355	1,749834
20,058133	1,726490
20,060910	1,683420
20,063688	1,639034
20,066466	1,607471
20,069244	1,587744
20,072021	1,569004
20,074799	1,530207
20,077577	1,483849
20,080355	1,448340
20,083132	1,438477
20,085910	1,440121
20,088688	1,448998
20,091466	1,440778
20,094243	1,426970
20,097021	1,412503
20,099799	1,416777
20,102577	1,431901
20,105354	1,450971
20,108132	1,452615
20,110910	1,437162
20,113688	1,427298
20,116466	1,431573
20,119243	1,453601
20,122021	1,469383
20,124799	1,470040
20,127576	1,453601
20,130354	1,442094
20,133132	1,444395
20,135910	1,463136
20,138687	1,479246
20,141465	1,477931
20,144243	1,455902
20,147021	1,421709
20,149798	1,398037
20,152576	1,393434
20,155354	1,407571
20,158132	1,459848
20,160909	1,585114
20,163687	1,793891
20,166465	2,124317
20,169243	2,527734
20,172020	2,942329
20,174798	3,191547
20,177576	3,195492
20,180354	3,196807
20,183131	3,197136
20,185909	3,192533
20,188687	3,162285
20,191465	2,810816
20,194242	2,232158
20,197020	1,652514
20,199798	1,210302
20,202576	0,982127
20,205353	0,925577
20,208131	0,968647
20,210909	1,048212
20,213687	1,138956
20,216464	1,232659
20,219242	1,314855
20,222020	1,376995
20,224798	1,399023
20,227576	1,392119
20,230353	1,381269
20,233131	1,387844
20,235909	1,402311
20,238687	1,421380
20,241464	1,422695
20,244242	1,414805
20,247020	1,409544
20,249797	1,418092
20,252575	1,436175
20,255353	1,454916
20,258131	1,454259
20,260908	1,441765
20,263686	1,436504
20,266464	1,443737
20,269242	1,470369
20,272019	1,496014
20,274797	1,508179
20,277575	1,502918
20,280353	1,497987
20,283130	1,506535
20,285908	1,530207
20,288686	1,557167
20,291464	1,565387
20,294241	1,562099
20,297019	1,560455
20,299797	1,572291
20,302575	1,595306
20,305352	1,620622
20,308130	1,626212
20,310908	1,617006
20,313686	1,609444
20,316463	1,617006
20,319241	1,638048
20,322019	1,659090
20,324797	1,664351
20,327574	1,654158
20,330352	1,648240
20,333130	1,659419
20,335908	1,682105
20,338686	1,709394
20,341463	1,721887
20,344241	1,636404
20,347019	1,521330
20,349797	1,467739
20,352574	1,488781
20,355352	1,549605
20,358130	1,613060
20,360907	1,652843
20,363685	1,680461
20,366463	1,711038
20,369241	1,743587
20,372018	1,770218
20,374796	1,773835
20,377574	1,762985
20,380352	1,745231
20,383129	1,740299
20,385907	1,741286
20,388685	1,736025
20,391463	1,712353
20,394240	1,664351
20,397018	1,620951
20,399796	1,590703
20,402574	1,570976
20,405351	1,549605
20,408129	1,514426
20,410907	1,469054
20,413685	1,437819
20,416462	1,429929
20,419240	1,436175
20,422018	1,448669
20,424796	1,445381
20,427573	1,429929
20,430351	1,418421
20,433129	1,424668
20,435907	1,441107
20,438684	1,459190
20,441462	1,456560
20,444240	1,444066
20,447018	1,431573
20,449796	1,437162
20,452573	1,454916
20,455351	1,473328
20,458129	1,470369
20,460907	1,454259
20,463684	1,445053
20,466462	1,449656
20,469240	1,471355
20,472017	1,486150
20,474795	1,482863
20,477573	1,451628
20,480351	1,414147
20,483128	1,387844
20,485906	1,389160
20,488684	1,442422
20,491462	1,542043
20,494239	1,721230
20,497017	2,005956
20,499795	2,367617
20,502573	2,788788
20,505350	3,171162
20,508128	3,195821
20,510906	3,197794
20,513684	3,196150
20,516461	3,194506
20,519239	3,184642
20,522017	2,985729
20,524795	2,485978
20,527572	1,879046
20,530350	1,359569
20,533128	1,044267
20,535906	0,923604
20,538683	0,946290
20,541461	1,031444
20,544239	1,116599
20,547017	1,203069
20,549794	1,280990
20,552572	1,352336
20,555350	1,395406
20,558128	1,408558
20,560906	1,392447
20,563683	1,378639
20,566461	1,383242
20,569239	1,400009
20,572017	1,424339
20,574794	1,427956
20,577572	1,420065
20,580350	1,412503
20,583127	1,424668
20,585905	1,443080
20,588683	1,462807
20,591461	1,459190
20,594238	1,443737
20,597016	1,436833
20,599794	1,448669
20,602572	1,473657
20,605349	1,503576
20,608127	1,514754
20,610905	1,509823
20,613683	1,510480
20,616460	1,520344
20,619238	1,548619
20,622016	1,571305
20,624794	1,578210
20,627571	1,569004
20,630349	1,567360
20,633127	1,572949
20,635905	1,596950
20,638682	1,620951
20,641460	1,626869
20,644238	1,619965
20,647016	1,613389
20,649793	1,623253
20,652571	1,643637
20,655349	1,668296
20,658127	1,671584
20,660904	1,665666
20,663682	1,653501
20,666460	1,663693
20,669238	1,688680
20,672015	1,726819
20,674793	1,694927
20,677571	1,577223
20,680349	1,487794
20,683127	1,472013
20,685904	1,520015
20,688682	1,593333
20,691460	1,655145
20,694237	1,682762
20,697015	1,698544
20,699793	1,718600
20,702571	1,746217
20,705348	1,769232
20,708126	1,775150
20,710904	1,757396
20,713682	1,741614
20,716459	1,733066
20,719237	1,731093
20,722015	1,723531
20,724793	1,690324
20,727570	1,641993
20,730348	1,591032
20,733126	1,560455
20,735904	1,536783
20,738681	1,522316
20,741459	1,490425
20,744237	1,454916
20,747015	1,429929
20,749792	1,424668
20,752570	1,431901
20,755348	1,444395
20,758126	1,441107
20,760903	1,423024
20,763681	1,416449
20,766459	1,418421
20,769237	1,437819
20,772014	1,454916
20,774792	1,456231
20,777570	1,439463
20,780348	1,431573
20,783125	1,434532
20,785903	1,451628
20,788681	1,467739
20,791459	1,466095
20,794237	1,453601
20,797014	1,442094
20,799792	1,448340
20,802570	1,462149
20,805347	1,477931
20,808125	1,463464
20,810903	1,430586
20,813681	1,387187
20,816458	1,373707
20,819236	1,403626
20,822014	1,490096
20,824792	1,653501
20,827569	1,887923
20,830347	2,213089
20,833125	2,619464
20,835903	3,027155
20,838680	3,195821
20,841458	3,197136
20,844236	3,198780
20,847014	3,196478
20,849791	3,190560
20,852569	3,107707
20,855347	2,697386
20,858125	2,102947
20,860902	1,538756
20,863680	1,130737
20,866458	0,938070
20,869236	0,914398
20,872013	0,994292
20,874791	1,093584
20,877569	1,177753
20,880347	1,247783
20,883124	1,315841
20,885902	1,371734
20,888680	1,410530
20,891458	1,413161
20,894235	1,397379
20,897013	1,384885
20,899791	1,390146
20,902569	1,408229
20,905347	1,430915
20,908124	1,436833
20,910902	1,423353
20,913680	1,417764
20,916457	1,423353
20,919235	1,443080
20,922013	1,457218
20,924791	1,459190
20,927568	1,447354
20,930346	1,444395
20,933124	1,455245
20,935902	1,482205
20,938679	1,510480
20,941457	1,520673
20,944235	1,516070
20,947013	1,510809
20,949790	1,524289
20,952568	1,547304
20,955346	1,574922
20,958124	1,584785
20,960901	1,581169
20,963679	1,576566
20,966457	1,589388
20,969235	1,614047
20,972012	1,637062
20,974790	1,638048
20,977568	1,627198
20,980346	1,620622
20,983123	1,630815
20,985901	1,653172
20,988679	1,672899
20,991457	1,676187
20,994234	1,663364
20,997012	1,656131
20,999790	1,666981
21,002568	1,701174
21,005345	1,719257
21,008123	1,630486
21,010901	1,522645
21,013679	1,466423
21,016457	1,487466
21,019234	1,559140
21,022012	1,636733
21,024790	1,686050
21,027567	1,706106
21,030345	1,711695
21,033123	1,727148
21,035901	1,748848
21,038678	1,771862
21,041456	1,768575
21,044234	1,747532
21,047012	1,726819
21,049789	1,719257
21,052567	1,715641
21,055345	1,707421
21,058123	1,675858
21,060900	1,626212
21,063678	1,579525
21,066456	1,547304
21,069234	1,527248
21,072011	1,512782
21,074789	1,487137
21,077567	1,451957
21,080345	1,426641
21,083122	1,420394
21,085900	1,428942
21,088678	1,446697
21,091456	1,443737
21,094233	1,426641
21,097011	1,415133
21,099789	1,422038
21,102567	1,439792
21,105344	1,458861
21,108122	1,459190
21,110900	1,445053
21,113678	1,434203
21,116455	1,434532
21,119233	1,450642
21,122011	1,470369
21,124789	1,473328
21,127567	1,460505
21,130344	1,451957
21,133122	1,454916
21,135900	1,472999
21,138677	1,483191
21,141455	1,462478
21,144233	1,416777
21,147011	1,378639
21,149788	1,377323
21,152566	1,441107
21,155344	1,582812
21,158122	1,793562
21,160899	2,100645
21,163677	2,464936
21,166455	2,869997
21,169233	3,188588
21,172010	3,197794
21,174788	3,198122
21,177566	3,198451
21,180344	3,194177
21,183121	3,173135
21,185899	2,875257
21,188677	2,337040
21,191455	1,751807
21,194232	1,267510
21,197010	0,990347
21,199788	0,900918
21,202566	0,951879
21,205343	1,057089
21,208121	1,159341
21,210899	1,236605
21,213677	1,293813
21,216454	1,349377
21,219232	1,391461
21,222010	1,419408
21,224788	1,417435
21,227565	1,401653
21,230343	1,387516
21,233121	1,395406
21,235899	1,415133
21,238677	1,437819
21,241454	1,437162
21,244232	1,427627
21,247010	1,420394
21,249788	1,427627
21,252565	1,446697
21,255343	1,465766
21,258121	1,469711
21,260898	1,458861
21,263676	1,458533
21,266454	1,467739
21,269232	1,495685
21,272009	1,521659
21,274787	1,531851
21,277565	1,523303
21,280343	1,519686
21,283120	1,534153
21,285898	1,559140
21,288676	1,587744
21,291454	1,594977
21,294231	1,587744
21,297009	1,580511
21,299787	1,593005
21,302565	1,613389
21,305342	1,637062
21,308120	1,640021
21,310898	1,633774
21,313676	1,627856
21,316453	1,633774
21,319231	1,652843
21,322009	1,675529
21,324787	1,681118
21,327564	1,672570
21,330342	1,668296
21,333120	1,682762
21,335898	1,714325
21,338675	1,668953
21,341453	1,565058
21,344231	1,485493
21,347009	1,473328
21,349787	1,519357
21,352564	1,598594
21,355342	1,670269
21,358120	1,710709
21,360898	1,715969
21,363675	1,716956
21,366453	1,730765
21,369231	1,755423
21,372008	1,775479
21,374786	1,772520
21,377564	1,748848
21,380342	1,725504
21,383119	1,713010
21,385897	1,703476
21,388675	1,688680
21,391453	1,652186
21,394230	1,601224
21,397008	1,550592
21,399786	1,519029
21,402564	1,498973
21,405341	1,485822
21,408119	1,468067
21,410897	1,437819
21,413675	1,417435
21,416452	1,413489
21,419230	1,431573
21,422008	1,446368
21,424786	1,449327
21,427563	1,430586
21,430341	1,421380
21,433119	1,424011
21,435897	1,438806
21,438674	1,456889
21,441452	1,455245
21,444230	1,442751
21,447008	1,433216
21,449785	1,440121
21,452563	1,456231
21,455341	1,478260
21,458119	1,476616
21,460896	1,462478
21,463674	1,449327
21,466452	1,455902
21,469230	1,473328
21,472008	1,476287
21,474785	1,448998
21,477563	1,404284
21,480341	1,376666
21,483118	1,405270
21,485896	1,509494
21,488674	1,710051
21,491452	1,991160
21,494229	2,326190
21,497007	2,720401
21,499785	3,109680
21,502563	3,195163
21,505340	3,197136
21,508118	3,198122
21,510896	3,196807
21,513674	3,189245
21,516451	3,021566
21,519229	2,555680
21,522007	1,971433
21,524785	1,447025
21,527562	1,089310
21,530340	0,916699
21,533118	0,916371
21,535896	1,007443
21,538673	1,127120
21,541451	1,222138
21,544229	1,282634
21,547007	1,323732
21,549784	1,359898
21,552562	1,390146
21,555340	1,410202
21,558118	1,412174
21,560895	1,392776
21,563673	1,384228
21,566451	1,392447
21,569229	1,417435
21,572007	1,435189
21,574784	1,441436
21,577562	1,428942
21,580340	1,423353
21,583118	1,426970
21,585895	1,442422
21,588673	1,464780
21,591451	1,471684
21,594228	1,464451
21,597006	1,458861
21,599784	1,475629
21,602562	1,498644
21,605339	1,524618
21,608117	1,531194
21,610895	1,524618
21,613673	1,522316
21,616450	1,535797
21,619228	1,557825
21,622006	1,584785
21,624784	1,591032
21,627561	1,585771
21,630339	1,585443
21,633117	1,595964
21,635895	1,620951
21,638672	1,642651
21,641450	1,645610
21,644228	1,631801
21,647006	1,624897
21,649783	1,633116
21,652561	1,655802
21,655339	1,677173
21,658117	1,679146
21,660894	1,668296
21,663672	1,666981
21,666450	1,692626
21,669228	1,693283
21,672005	1,609444
21,674783	1,520344
21,677561	1,479246
21,680339	1,491082
21,683116	1,557167
21,685894	1,635418
21,688672	1,701503
21,691450	1,731093
21,694228	1,732080
21,697005	1,730436
21,699783	1,742272
21,702561	1,760026
21,705338	1,774821
21,708116	1,768246
21,710894	1,741614
21,713672	1,714325
21,716449	1,696571
21,719227	1,687365
21,722005	1,671584
21,724783	1,633774
21,727560	1,579196
21,730338	1,528563
21,733116	1,496343
21,735894	1,481219
21,738671	1,474314
21,741449	1,460505
21,744227	1,438806
21,747005	1,419079
21,749782	1,424339
21,752560	1,436175
21,755338	1,450313
21,758116	1,445710
21,760893	1,429271
21,763671	1,418750
21,766449	1,426312
21,769227	1,442422
21,772004	1,462807
21,774782	1,461492
21,777560	1,446697
21,780338	1,440121
21,783115	1,445381
21,785893	1,463793
21,788671	1,480232
21,791449	1,478917
21,794226	1,463136
21,797004	1,452943
21,799782	1,457875
21,802560	1,463793
21,805338	1,458533
21,808115	1,425326
21,810893	1,389160
21,813671	1,381926
21,816448	1,448998
21,819226	1,618979
21,822004	1,873127
21,824782	2,206184
21,827559	2,586915
21,830337	2,968303
21,833115	3,192204
21,835893	3,195492
21,838670	3,197794
21,841448	3,196478
21,844226	3,192204
21,847004	3,132037
21,849781	2,743087
21,852559	2,173306
21,855337	1,625225
21,858115	1,201425
21,860892	0,960756
21,863670	0,894013
21,866448	0,952208
21,869226	1,069583
21,872003	1,185972
21,874781	1,270140
21,877559	1,319787
21,880337	1,347404
21,883114	1,373707
21,885892	1,396064
21,888670	1,414147
21,891448	1,411188
21,894225	1,397050
21,897003	1,384228
21,899781	1,392776
21,902559	1,412832
21,905336	1,436504
21,908114	1,443080
21,910892	1,430257
21,913670	1,421051
21,916448	1,424011
21,919225	1,441436
21,922003	1,459848
21,924781	1,466423
21,927558	1,458533
21,930336	1,457875
21,933114	1,473657
21,935892	1,503576
21,938669	1,530536
21,941447	1,537769
21,944225	1,531194
21,947003	1,527906
21,949780	1,542043
21,952558	1,567688
21,955336	1,595635
21,958114	1,602868
21,960891	1,596293
21,963669	1,593662
21,966447	1,604183
21,969225	1,624897
21,972002	1,647583
21,974780	1,650542
21,977558	1,640021
21,980336	1,630157
21,983113	1,638705
21,985891	1,661720
21,988669	1,681447
21,991447	1,686050
21,994224	1,678159
21,997002	1,681776
21,999780	1,692626
22,002558	1,630486
22,005335	1,546318
22,008113	1,495685
22,010891	1,492397
22,013669	1,531522
22,016446	1,595964
22,019224	1,666652
22,022002	1,716956
22,024780	1,737011
22,027558	1,737669
22,030335	1,736025
22,033113	1,748519
22,035891	1,766273
22,038668	1,778438
22,041446	1,766273
22,044224	1,735368
22,047002	1,700517
22,049779	1,677831
22,052557	1,661063
22,055335	1,640678
22,058113	1,605498
22,060890	1,551578
22,063668	1,505549
22,066446	1,478260
22,069224	1,469054
22,072001	1,465437
22,074779	1,455245
22,077557	1,430257
22,080335	1,415133
22,083112	1,419408
22,085890	1,434532
22,088668	1,449327
22,091446	1,447025
22,094223	1,432559
22,097001	1,421380
22,099779	1,429600
22,102557	1,443080
22,105334	1,464451
22,108112	1,464451
22,110890	1,453272
22,113668	1,438477
22,116445	1,445053
22,119223	1,459848
22,122001	1,476945
22,124779	1,475629
22,127556	1,455902
22,130334	1,445710
22,133112	1,444066
22,135890	1,445053
22,138667	1,433545
22,141445	1,408558
22,144223	1,380611
22,147001	1,416777
22,149779	1,529878
22,152556	1,746217
22,155334	2,071055
22,158112	2,438305
22,160889	2,825940
22,163667	3,175436
22,166445	3,195492
22,169223	3,197794
22,172000	3,196807
22,174778	3,194835
22,177556	3,178724
22,180334	2,909122
22,183111	2,386028
22,185889	1,811974
22,188667	1,338527
22,191445	1,039993
22,194222	0,913083
22,197000	0,923275
22,199778	1,013690
22,202556	1,131394
22,205333	1,237591
22,208111	1,308608
22,210889	1,341486
22,213667	1,357596
22,216444	1,370748
22,219222	1,392119
22,222000	1,406256
22,224778	1,411188
22,227555	1,397379
22,230333	1,391132
22,233111	1,399352
22,235889	1,418421
22,238666	1,440121
22,241444	1,442422
22,244222	1,431573
22,247000	1,420065
22,249778	1,429271
22,252555	1,446039
22,255333	1,470369
22,258111	1,473985
22,260889	1,467739
22,263666	1,464451
22,266444	1,479904
22,269222	1,504891
22,271999	1,532180
22,274777	1,544016
22,277555	1,538756
22,280333	1,539742
22,283110	1,552236
22,285888	1,577552
22,288666	1,596293
22,291444	1,604841
22,294221	1,593991
22,296999	1,594320
22,299777	1,602868
22,302555	1,624568
22,305332	1,645281
22,308110	1,648898
22,310888	1,638377
22,313666	1,633116
22,316443	1,641665
22,319221	1,661391
22,321999	1,682105
22,324777	1,684406
22,327554	1,681447
22,330332	1,691968
22,333110	1,654158
22,335888	1,565387
22,338665	1,512124
22,341443	1,497329
22,344221	1,520015
22,346999	1,569661
22,349776	1,636404
22,352554	1,697886
22,355332	1,742930
22,358110	1,757725
22,360887	1,750163
22,363665	1,744573
22,366443	1,749834
22,369221	1,763643
22,371999	1,771534
22,374776	1,758054
22,377554	1,724518
22,380332	1,688680
22,383109	1,659748
22,385887	1,644624
22,388665	1,625554
22,391443	1,586758
22,394220	1,537440
22,396998	1,488452
22,399776	1,465108
22,402554	1,459848
22,405331	1,464780
22,408109	1,452286
22,410887	1,429600
22,413665	1,413489
22,416442	1,418092
22,419220	1,433545
22,421998	1,450642
22,424776	1,452943
22,427553	1,439135
22,430331	1,430586
22,433109	1,435518
22,435887	1,451299
22,438664	1,464780
22,441442	1,462478
22,444220	1,443409
22,446998	1,434203
22,449775	1,439463
22,452553	1,458861
22,455331	1,476945
22,458109	1,475958
22,460886	1,459848
22,463664	1,448998
22,466442	1,438806
22,469220	1,429929
22,471997	1,419736
22,474775	1,398037
22,477553	1,403297
22,480331	1,468725
22,483109	1,650542
22,485886	1,931980
22,488664	2,292325
22,491442	2,695742
22,494219	3,064965
22,496997	3,195163
22,499775	3,198122
22,502553	3,197794
22,505330	3,195821
22,508108	3,187930
22,510886	3,050828
22,513664	2,590203
22,516441	2,000038
22,519219	1,483849
22,521997	1,127120
22,524775	0,948591
22,527552	0,910453
22,530330	0,965359
22,533108	1,069583
22,535886	1,185643
22,538663	1,285593
22,541441	1,346747
22,544219	1,371734
22,546997	1,374693
22,549774	1,382255
22,552552	1,399681
22,555330	1,417435
22,558108	1,417435
22,560885	1,408229
22,563663	1,398037
22,566441	1,403955
22,569219	1,422695
22,571996	1,445053
22,574774	1,450971
22,577552	1,438477
22,580330	1,428285
22,583107	1,434203
22,585885	1,455902
22,588663	1,479246
22,591441	1,486479
22,594219	1,480232
22,596996	1,478260
22,599774	1,494370
22,602552	1,519357
22,605329	1,543359
22,608107	1,552236
22,610885	1,546318
22,613663	1,542043
22,616440	1,555524
22,619218	1,580840
22,621996	1,606485
22,624774	1,615362
22,627551	1,608786
22,630329	1,604841
22,633107	1,613389
22,635885	1,634431
22,638662	1,655802
22,641440	1,661720
22,644218	1,653501
22,646996	1,648240
22,649773	1,654816
22,652551	1,674543
22,655329	1,693612
22,658107	1,699530
22,660884	1,701503
22,663662	1,683091
22,666440	1,592018
22,669218	1,518042
22,671995	1,500946
22,674773	1,521001
22,677551	1,564401
22,680329	1,614704
22,683106	1,666981
22,685884	1,713339
22,688662	1,747532
22,691440	1,756738
22,694217	1,751149
22,696995	1,743916
22,699773	1,748519
22,702551	1,758054
22,705329	1,765287
22,708106	1,750163
22,710884	1,713997
22,713662	1,671913
22,716439	1,639363
22,719217	1,618979
22,721995	1,596293
22,724773	1,561442
22,727550	1,512453
22,730328	1,471026
22,733106	1,451957
22,735884	1,450971
22,738661	1,455574
22,741439	1,444395
22,744217	1,425326
22,746995	1,412503
22,749772	1,420394
22,752550	1,434203
22,755328	1,450971
22,758106	1,450313
22,760883	1,438477
22,763661	1,426641
22,766439	1,433874
22,769217	1,448998
22,771994	1,463136
22,774772	1,465108
22,777550	1,451299
22,780328	1,442751
22,783105	1,447025
22,785883	1,464122
22,788661	1,476616
22,791439	1,479575
22,794216	1,463136
22,796994	1,448998
22,799772	1,432559
22,802550	1,419408
22,805327	1,410530
22,808105	1,409873
22,810883	1,449984
22,813661	1,574264
22,816439	1,797836
22,819216	2,140099
22,821994	2,542858
22,824772	2,938384
22,827549	3,190232
22,830327	3,197136
22,833105	3,198122
22,835883	3,198122
22,838660	3,193519
22,841438	3,159326
22,844216	2,803583
22,846994	2,229528
22,849771	1,666981
22,852549	1,242523
22,855327	1,009087
22,858105	0,931823
22,860882	0,956482
22,863660	1,037691
22,866438	1,133367
22,869216	1,237920
22,871993	1,320444
22,874771	1,368775
22,877549	1,379625
22,880327	1,377652
22,883104	1,383242
22,885882	1,402968
22,888660	1,419736
22,891438	1,418750
22,894215	1,407571
22,896993	1,396393
22,899771	1,408558
22,902549	1,429600
22,905326	1,452943
22,908104	1,452943
22,910882	1,441436
22,913660	1,430257
22,916437	1,439135
22,919215	1,461492
22,921993	1,486150
22,924771	1,497658
22,927549	1,490425
22,930326	1,491740
22,933104	1,500288
22,935882	1,524289
22,938659	1,547633
22,941437	1,558483
22,944215	1,551578
22,946993	1,553880
22,949770	1,567031
22,952548	1,590046
22,955326	1,612403
22,958104	1,619307
22,960881	1,610430
22,963659	1,605170
22,966437	1,615691
22,969215	1,634431
22,971992	1,657446
22,974770	1,660076
22,977548	1,652514
22,980326	1,645939
22,983103	1,658761
22,985881	1,677502
22,988659	1,699530
22,991437	1,708407
22,994214	1,706763
22,996992	1,626541
22,999770	1,528563
23,002548	1,489767
23,005325	1,510480
23,008103	1,555852
23,010881	1,603526
23,013659	1,651857
23,016436	1,691968
23,019214	1,731422
23,021992	1,759040
23,024770	1,765287
23,027547	1,755752
23,030325	1,746875
23,033103	1,745231
23,035881	1,754108
23,038659	1,758054
23,041436	1,737669
23,044214	1,696900
23,046992	1,650213
23,049770	1,618650
23,052547	1,600238
23,055325	1,581497
23,058103	1,544016
23,060880	1,499302
23,063658	1,460177
23,066436	1,447354
23,069214	1,449656
23,071991	1,452615
23,074769	1,445710
23,077547	1,429271
23,080325	1,416449
23,083102	1,416449
23,085880	1,433545
23,088658	1,448340
23,091436	1,454259
23,094213	1,439463
23,096991	1,431244
23,099769	1,434860
23,102547	1,449984
23,105324	1,465108
23,108102	1,469054
23,110880	1,457218
23,113658	1,445381
23,116435	1,450313
23,119213	1,461492
23,121991	1,479904
23,124769	1,480561
23,127546	1,466095
23,130324	1,436175
23,133102	1,417106
23,135880	1,400996
23,138657	1,403626
23,141435	1,434860
23,144213	1,516070
23,146991	1,697886
23,149769	1,998394
23,152546	2,372548
23,155324	2,794048
23,158102	3,165902
23,160880	3,194835
23,163657	3,197794
23,166435	3,197794
23,169213	3,197465
23,171990	3,186944
23,174768	2,982441
23,177546	2,473485
23,180324	1,871484
23,183101	1,366145
23,185879	1,060706
23,188657	0,941358
23,191435	0,945632
23,194212	1,012375
23,196990	1,097858
23,199768	1,195836
23,202546	1,285264
23,205323	1,360227
23,208101	1,390804
23,210879	1,391132
23,213657	1,380611
23,216434	1,383242
23,219212	1,397708
23,221990	1,414805
23,224768	1,417435
23,227545	1,408558
23,230323	1,400667
23,233101	1,408887
23,235879	1,430257
23,238656	1,448340
23,241434	1,450971
23,244212	1,440121
23,246990	1,434203
23,249767	1,446368
23,252545	1,468067
23,255323	1,490753
23,258101	1,498644
23,260879	1,495685
23,263656	1,494370
23,266434	1,506864
23,269212	1,529221
23,271990	1,554208
23,274767	1,562099
23,277545	1,558154
23,280323	1,555852
23,283100	1,569990
23,285878	1,593991
23,288656	1,619307
23,291434	1,627527
23,294211	1,616019
23,296989	1,609773
23,299767	1,619307
23,302545	1,641993
23,305322	1,663693
23,308100	1,668296
23,310878	1,653501
23,313656	1,643308
23,316433	1,648898
23,319211	1,672570
23,321989	1,701832
23,324767	1,725175
23,327544	1,678817
23,330322	1,562757
23,333100	1,487466
23,335878	1,482534
23,338655	1,532180
23,341433	1,590703
23,344211	1,636733
23,346989	1,670269
23,349766	1,701832
23,352544	1,734052
23,355322	1,762985
23,358100	1,771862
23,360877	1,761013
23,363655	1,746875
23,366433	1,742272
23,369211	1,743258
23,371988	1,742930
23,374766	1,721887
23,377544	1,679803
23,380322	1,635418
23,383100	1,602211
23,385877	1,580511
23,388655	1,557825
23,391433	1,518700
23,394210	1,475958
23,396988	1,441436
23,399766	1,430915
23,402544	1,437162
23,405321	1,447025
23,408099	1,443409
23,410877	1,428613
23,413655	1,415462
23,416432	1,420065
23,419210	1,436833
23,421988	1,454587
23,424766	1,452615
23,427543	1,437819
23,430321	1,428285
23,433099	1,433545
23,435877	1,449656
23,438654	1,465108
23,441432	1,467410
23,444210	1,451957
23,446988	1,443080
23,449765	1,448998
23,452543	1,464780
23,455321	1,480890
23,458099	1,483191
23,460876	1,456560
23,463654	1,422367
23,466432	1,399023
23,469210	1,394420
23,471987	1,420723
23,474765	1,489438
23,477543	1,638377
23,480321	1,873127
23,483098	2,212102
23,485876	2,628999
23,488654	3,038005
23,491432	3,193191
23,494210	3,195163
23,496987	3,197465
23,499765	3,197794
23,502543	3,191218
23,505320	3,120201
23,508098	2,710537
23,510876	2,110509
23,513654	1,549277
23,516431	1,148820
23,519209	0,962400
23,521987	0,936098
23,524765	0,994950
23,527542	1,081091
23,530320	1,168218
23,533098	1,252386
23,535876	1,329650
23,538653	1,385872
23,541431	1,400667
23,544209	1,395406
23,546987	1,382584
23,549764	1,389817
23,552542	1,406256
23,555320	1,425983
23,558098	1,427627
23,560875	1,417106
23,563653	1,408229
23,566431	1,418750
23,569209	1,441436
23,571986	1,457546
23,574764	1,458533
23,577542	1,444066
23,580320	1,436833
23,583097	1,444395
23,585875	1,470040
23,588653	1,492397
23,591431	1,507192
23,594208	1,501603
23,596986	1,498644
23,599764	1,510152
23,602542	1,537112
23,605320	1,562428
23,608097	1,569990
23,610875	1,567031
23,613653	1,562099
23,616430	1,578210
23,619208	1,603197
23,621986	1,629171
23,624764	1,634760
23,627541	1,624568
23,630319	1,615362
23,633097	1,626212
23,635875	1,642980
23,638652	1,662707
23,641430	1,667967
23,644208	1,656789
23,646986	1,651199
23,649763	1,661063
23,652541	1,686379
23,655319	1,718271
23,658097	1,720572
23,660874	1,616019
23,663652	1,510809
23,666430	1,468067
23,669208	1,501932
23,671985	1,569661
23,674763	1,633445
23,677541	1,670597
23,680319	1,694270
23,683096	1,716298
23,685874	1,746217
23,688652	1,772191
23,691430	1,777780
23,694207	1,764300
23,696985	1,747204
23,699763	1,738984
23,702541	1,739313
23,705318	1,734052
23,708096	1,706435
23,710874	1,657117
23,713652	1,607471
23,716430	1,576566
23,719207	1,556839
23,721985	1,536454
23,724763	1,504233
23,727540	1,462807
23,730318	1,435518
23,733096	1,424668
23,735874	1,433545
23,738651	1,441436
23,741429	1,444395
23,744207	1,426970
23,746985	1,415462
23,749762	1,415791
23,752540	1,433874
23,755318	1,449984
23,758096	1,452286
23,760873	1,440450
23,763651	1,426641
23,766429	1,433216
23,769207	1,448340
23,771984	1,465766
23,774762	1,463464
23,777540	1,452615
23,780318	1,439792
23,783095	1,449327
23,785873	1,464780
23,788651	1,483849
23,791429	1,476945
23,794206	1,443737
23,796984	1,402640
23,799762	1,378310
23,802540	1,388831
23,805317	1,450313
23,808095	1,575579
23,810873	1,771205
23,813651	2,079274
23,816428	2,456717
23,819206	2,869339
23,821984	3,189245
23,824762	3,196478
23,827540	3,197136
23,830317	3,195821
23,833095	3,192862
23,835873	3,174779
23,838650	2,882162
23,841428	2,338026
23,844206	1,742272
23,846984	1,262578
23,849761	0,994292
23,852539	0,911439
23,855317	0,961743
23,858095	1,050514
23,860872	1,140271
23,863650	1,220165
23,866428	1,293155
23,869206	1,359240
23,871983	1,400009
23,874761	1,407900
23,877539	1,391461
23,880317	1,382255
23,883094	1,383899
23,885872	1,403955
23,888650	1,424011
23,891428	1,428613
23,894205	1,416777
23,896983	1,412174
23,899761	1,420723
23,902539	1,441436
23,905316	1,457218
23,908094	1,457218
23,910872	1,448012
23,913650	1,442751
23,916427	1,456560
23,919205	1,478588
23,921983	1,503905
23,924761	1,514426
23,927538	1,513768
23,930316	1,509165
23,933094	1,523303
23,935872	1,545660
23,938649	1,570976
23,941427	1,581497
23,944205	1,576237
23,946983	1,570319
23,949760	1,584128
23,952538	1,608457
23,955316	1,629828
23,958094	1,636075
23,960871	1,627527
23,963649	1,623253
23,966427	1,631472
23,969205	1,653172
23,971982	1,673228
23,974760	1,676515
23,977538	1,663364
23,980316	1,656460
23,983093	1,669611
23,985871	1,696242
23,988649	1,733066
23,991427	1,675858
23,994204	1,554866
23,996982	1,475301
23,999760	1,475958
24,002538	1,528892
24,005315	1,609773
24,008093	1,665994
24,010871	1,691968
24,013649	1,704133
24,016426	1,721559
24,019204	1,747204
24,021982	1,772849
24,024760	1,777123
24,027537	1,758382
24,030315	1,741286
24,033093	1,729778
24,035871	1,729121
24,038648	1,722874
24,041426	1,688352
24,044204	1,637719
24,046982	1,590374
24,049759	1,554866
24,052537	1,536125
24,055315	1,518700
24,058093	1,489767
24,060871	1,453930
24,063648	1,424339
24,066426	1,416777
24,069204	1,425983
24,071981	1,441107
24,074759	1,441436
24,077537	1,430586
24,080315	1,419736
24,083092	1,423682
24,085870	1,438806
24,088648	1,454916
24,091426	1,455245
24,094203	1,441107
24,096981	1,431901
24,099759	1,437162
24,102537	1,455245
24,105314	1,472670
24,108092	1,473657
24,110870	1,459519
24,113648	1,450642
24,116425	1,454916
24,119203	1,467410
24,121981	1,480232
24,124759	1,464451
24,127536	1,423024
24,130314	1,381269
24,133092	1,369761
24,135870	1,412174
24,138647	1,516727
24,141425	1,699859
24,144203	1,964200
24,146981	2,301860
24,149758	2,713825
24,152536	3,116584
24,155314	3,196807
24,158092	3,197794
24,160869	3,198122
24,163647	3,194835
24,166425	3,186615
24,169203	3,029457
24,171981	2,562585
24,174758	1,961899
24,177536	1,426641
24,180314	1,070898
24,183091	0,918672
24,185869	0,924919
24,188647	1,016649
24,191425	1,117257
24,194202	1,200110
24,196980	1,265537
24,199758	1,328006
24,202536	1,379625
24,205313	1,412832
24,208091	1,414147
24,210869	1,397379
24,213647	1,382584
24,216424	1,387187
24,219202	1,406914
24,221980	1,428613
24,224758	1,431901
24,227535	1,420723
24,230313	1,413161
24,233091	1,418421
24,235869	1,443409
24,238646	1,460177
24,241424	1,463793
24,244202	1,453272
24,246980	1,447354
24,249757	1,455574
24,252535	1,482863
24,255313	1,509494
24,258091	1,519686
24,260868	1,513439
24,263646	1,506535
24,266424	1,521659
24,269202	1,546975
24,271979	1,574922
24,274757	1,582484
24,277535	1,577881
24,280313	1,569661
24,283091	1,583470
24,285868	1,604841
24,288646	1,628842
24,291424	1,634103
24,294201	1,624568
24,296979	1,619307
24,299757	1,628184
24,302535	1,650542
24,305312	1,672241
24,308090	1,676515
24,310868	1,663364
24,313646	1,653501
24,316423	1,664679
24,319201	1,702489
24,321979	1,700845
24,324757	1,603855
24,327534	1,504233
24,330312	1,468396
24,333090	1,500288
24,335868	1,573278
24,338645	1,651528
24,341423	1,694599
24,344201	1,709065
24,346979	1,712682
24,349756	1,726490
24,352534	1,750820
24,355312	1,773506
24,358090	1,772849
24,360867	1,750492
24,363645	1,729449
24,366423	1,719257
24,369201	1,712682
24,371978	1,702818
24,374756	1,667310
24,377534	1,614047
24,380312	1,567360
24,383089	1,528563
24,385867	1,509494
24,388645	1,493384
24,391423	1,472999
24,394201	1,444724
24,396978	1,427956
24,399756	1,424339
24,402534	1,437491
24,405311	1,451628
24,408089	1,448340
24,410867	1,431901
24,413645	1,417435
24,416422	1,421709
24,419200	1,437162
24,421978	1,458533
24,424756	1,458533
24,427533	1,448669
24,430311	1,433874
24,433089	1,439463
24,435867	1,452286
24,438644	1,469383
24,441422	1,468725
24,444200	1,453601
24,446978	1,442751
24,449755	1,448998
24,452533	1,470040
24,455311	1,473985
24,458089	1,456889
24,460866	1,408558
24,463644	1,376008
24,466422	1,382913
24,469200	1,460834
24,471977	1,625225
24,474755	1,860634
24,477533	2,174950
24,480311	2,558311
24,483088	2,955809
24,485866	3,192862
24,488644	3,196807
24,491422	3,198780
24,494199	3,198122
24,496977	3,191875
24,499755	3,133681
24,502533	2,751635
24,505311	2,181854
24,508088	1,620622
24,510866	1,185315
24,513644	0,949906
24,516421	0,900260
24,519199	0,967332
24,521977	1,082734
24,524755	1,183013
24,527532	1,250742
24,530310	1,307622
24,533088	1,350034
24,535866	1,386858
24,538643	1,409215
24,541421	1,412832
24,544199	1,397708
24,546977	1,390475
24,549754	1,393763
24,552532	1,416777
24,555310	1,437819
24,558088	1,441107
24,560865	1,430586
24,563643	1,419736
24,566421	1,422695
24,569199	1,438148
24,571976	1,459848
24,574754	1,464122
24,577532	1,457875
24,580310	1,452615
24,583087	1,467410
24,585865	1,493055
24,588643	1,520344
24,591421	1,524618
24,594198	1,516727
24,596976	1,515412
24,599754	1,528235
24,602532	1,556510
24,605309	1,582812
24,608087	1,594649
24,610865	1,586758
24,613643	1,581826
24,616421	1,589059
24,619198	1,615362
24,621976	1,637719
24,624754	1,645610
24,627531	1,632459
24,630309	1,623910
24,633087	1,631472
24,635865	1,651199
24,638642	1,672570
24,641420	1,676515
24,644198	1,667310
24,646976	1,662707
24,649753	1,682762
24,652531	1,707421
24,655309	1,644624
24,658087	1,545331
24,660864	1,480232
24,663642	1,478917
24,666420	1,533166
24,669198	1,611417
24,671975	1,681447
24,674753	1,720901
24,677531	1,725833
24,680309	1,729449
24,683086	1,742272
24,685864	1,765287
24,688642	1,782383
24,691420	1,776137
24,694197	1,749176
24,696975	1,723203
24,699753	1,707421
24,702531	1,696571
24,705308	1,680132
24,708086	1,641665
24,710864	1,591690
24,713642	1,543359
24,716419	1,512124
24,719197	1,494699
24,721975	1,486808
24,724753	1,466423
24,727531	1,442422
24,730308	1,420723
24,733086	1,420723
24,735864	1,436504
24,738641	1,452943
24,741419	1,450313
24,744197	1,433545
24,746975	1,421380
24,749752	1,425983
24,752530	1,445381
24,755308	1,459848
24,758086	1,460177
24,760863	1,445710
24,763641	1,435518
24,766419	1,440778
24,769197	1,460505
24,771974	1,477931
24,774752	1,475301
24,777530	1,457218
24,780308	1,446697
24,783085	1,453930
24,785863	1,467739
24,788641	1,468396
24,791419	1,440450
24,794196	1,399023
24,796974	1,374364
24,799752	1,421709
24,802530	1,548948
24,805307	1,767259
24,808085	2,073027
24,810863	2,425154
24,813641	2,811474
24,816418	3,173135
24,819196	3,194506
24,821974	3,197136
24,824752	3,197465
24,827529	3,195163
24,830307	3,180039
24,833085	2,920629
24,835863	2,406742
24,838640	1,831372
24,841418	1,342144
24,844196	1,027828
24,846974	0,900589
24,849751	0,920645
24,852529	1,024869
24,855307	1,144217
24,858085	1,236605
24,860862	1,292498
24,863640	1,333595
24,866418	1,365487
24,869196	1,391132
24,871973	1,410530
24,874751	1,408558
24,877529	1,395078
24,880307	1,386529
24,883084	1,394749
24,885862	1,419736
24,888640	1,441436
24,891418	1,444724
24,894195	1,434203
24,896973	1,423353
24,899751	1,425983
24,902529	1,446039
24,905306	1,465766
24,908084	1,471355
24,910862	1,464451
24,913640	1,459190
24,916417	1,472342
24,919195	1,500617
24,921973	1,525604
24,924751	1,531194
24,927528	1,524289
24,930306	1,520015
24,933084	1,534481
24,935862	1,559798
24,938639	1,586100
24,941417	1,591361
24,944195	1,587744
24,946973	1,586429
24,949750	1,599252
24,952528	1,623253
24,955306	1,642651
24,958084	1,645610
24,960862	1,632130
24,963639	1,625225
24,966417	1,631801
24,969195	1,655473
24,971972	1,677173
24,974750	1,684406
24,977528	1,676187
24,980306	1,673228
24,983083	1,695585
24,985861	1,667967
24,988639	1,580511
24,991417	1,508179
24,994194	1,485164
24,996972	1,509165
24,999750	1,576894
25,002528	1,647583
25,005305	1,706763
25,008083	1,731093
25,010861	1,732080
25,013639	1,730107
25,016416	1,746217
25,019194	1,767259
25,021972	1,783370
25,024750	1,773506
25,027527	1,742601
25,030305	1,713668
25,033083	1,694270
25,035861	1,679803
25,038638	1,662707
25,041416	1,626212
25,044194	1,568017
25,046972	1,517056
25,049749	1,484178
25,052527	1,470369
25,055305	1,467739
25,058083	1,451628
25,060860	1,429929
25,063638	1,412503
25,066416	1,419079
25,069194	1,434532
25,071972	1,452943
25,074749	1,448998
25,077527	1,437819
25,080305	1,425983
25,083082	1,429929
25,085860	1,444066
25,088638	1,460834
25,091416	1,459519
25,094193	1,446697
25,096971	1,435189
25,099749	1,438148
25,102527	1,457546
25,105304	1,470698
25,108082	1,471026
25,110860	1,456560
25,113638	1,447354
25,116415	1,452286
25,119193	1,458861
25,121971	1,449984
25,124749	1,422038
25,127526	1,388831
25,130304	1,393763
25,133082	1,474972
25,135860	1,665337
25,138637	1,945788
25,141415	2,290024
25,144193	2,679632
25,146971	3,056746
25,149748	3,192862
25,152526	3,196478
25,155304	3,197136
25,158082	3,196478
25,160859	3,189245
25,163637	3,062993
25,166415	2,620122
25,169193	2,036204
25,171970	1,511467
25,174748	1,137312
25,177526	0,938070
25,180304	0,904535
25,183082	0,975223
25,185859	1,093256
25,188637	1,207343
25,191415	1,289867
25,194192	1,333267
25,196970	1,360227
25,199748	1,379625
25,202526	1,399023
25,205303	1,415462
25,208081	1,411517
25,210859	1,399352
25,213637	1,389817
25,216414	1,399681
25,219192	1,420723
25,221970	1,447354
25,224748	1,447683
25,227525	1,439463
25,230303	1,427627
25,233081	1,431901
25,235859	1,448340
25,238636	1,472999
25,241414	1,479246
25,244192	1,472342
25,246970	1,471355
25,249747	1,484178
25,252525	1,514426
25,255303	1,536125
25,258081	1,541057
25,260858	1,531194
25,263636	1,528563
25,266414	1,539084
25,269192	1,567688
25,271969	1,592676
25,274747	1,599580
25,277525	1,593005
25,280303	1,589059
25,283080	1,602868
25,285858	1,625225
25,288636	1,646596
25,291414	1,648240
25,294192	1,637062
25,296969	1,627856
25,299747	1,640349
25,302525	1,662049
25,305302	1,684406
25,308080	1,688680
25,310858	1,680790
25,313636	1,684077
25,316413	1,681776
25,319191	1,603855
25,321969	1,530207
25,324747	1,498315
25,327524	1,502918
25,330302	1,549277
25,333080	1,613389
25,335858	1,679803
25,338635	1,726162
25,341413	1,743916
25,344191	1,739642
25,346969	1,740299
25,349746	1,751149
25,352524	1,766602
25,355302	1,775150
25,358080	1,764300
25,360857	1,732409
25,363635	1,696242
25,366413	1,673228
25,369191	1,655802
25,371968	1,638705
25,374746	1,600895
25,377524	1,548948
25,380302	1,500617
25,383079	1,476287
25,385857	1,467739
25,388635	1,469054
25,391413	1,455245
25,394190	1,427956
25,396968	1,411846
25,399746	1,413161
25,402524	1,433216
25,405302	1,451299
25,408079	1,454259
25,410857	1,437491
25,413635	1,426312
25,416412	1,426641
25,419190	1,444066
25,421968	1,459190
25,424746	1,458533
25,427523	1,448012
25,430301	1,438806
25,433079	1,444724
25,435857	1,461821
25,438634	1,480561
25,441412	1,480890
25,444190	1,466095
25,446968	1,452615
25,449745	1,450971
25,452523	1,448012
25,455301	1,435847
25,458079	1,410530
25,460856	1,396393
25,463634	1,438806
25,466412	1,579525
25,469190	1,814933
25,471967	2,155881
25,474745	2,541543
25,477523	2,922273
25,480301	3,190889
25,483078	3,196150
25,485856	3,198451
25,488634	3,197794
25,491412	3,192533
25,494189	3,157682
25,496967	2,803583
25,499745	2,244981
25,502523	1,689996
25,505300	1,257318
25,508078	1,006786
25,510856	0,911439
25,513634	0,939057
25,516412	1,036705
25,519189	1,150464
25,521967	1,260277
25,524745	1,330965
25,527522	1,361871
25,530300	1,373049
25,533078	1,385214
25,535856	1,401325
25,538633	1,419079
25,541411	1,420065
25,544189	1,403955
25,546967	1,392447
25,549744	1,397379
25,552522	1,417106
25,555300	1,439463
25,558078	1,445710
25,560855	1,437162
25,563633	1,429271
25,566411	1,434860
25,569189	1,454587
25,571966	1,475629
25,574744	1,478917
25,577522	1,471355
25,580300	1,470698
25,583077	1,485822
25,585855	1,513111
25,588633	1,537112
25,591411	1,542372
25,594188	1,537112
25,596966	1,532838
25,599744	1,546646
25,602522	1,573278
25,605299	1,597279
25,608077	1,605498
25,610855	1,597608
25,613633	1,594320
25,616410	1,603855
25,619188	1,628184
25,621966	1,650870
25,624744	1,656460
25,627522	1,646267
25,630299	1,637390
25,633077	1,643637
25,635855	1,663364
25,638632	1,684735
25,641410	1,691311
25,644188	1,689996
25,646966	1,691968
25,649743	1,629171
25,652521	1,544016
25,655299	1,503576
25,658077	1,505549
25,660854	1,534153
25,663632	1,583799
25,666410	1,642651
25,669188	1,695914
25,671965	1,736354
25,674743	1,752135
25,677521	1,750163
25,680299	1,743258
25,683076	1,746546
25,685854	1,757725
25,688632	1,765944
25,691410	1,754108
25,694187	1,719586
25,696965	1,685721
25,699743	1,657117
25,702521	1,639034
25,705298	1,619636
25,708076	1,581826
25,710854	1,528892
25,713632	1,482534
25,716409	1,458533
25,719187	1,452943
25,721965	1,457875
25,724743	1,446368
25,727520	1,425326
25,730298	1,414147
25,733076	1,421051
25,735854	1,436175
25,738631	1,452615
25,741409	1,451299
25,744187	1,437162
25,746965	1,429271
25,749742	1,431573
25,752520	1,449327
25,755298	1,465437
25,758076	1,466752
25,760853	1,450971
25,763631	1,443080
25,766409	1,448012
25,769187	1,468725
25,771964	1,484835
25,774742	1,484835
25,777520	1,471355
25,780298	1,453601
25,783075	1,438806
25,785853	1,424339
25,788631	1,413489
25,791409	1,397050
25,794186	1,419408
25,796964	1,503905
25,799742	1,701503
25,802520	2,011216
25,805297	2,384713
25,808075	2,788459
25,810853	3,154065
25,813631	3,195821
25,816408	3,198780
25,819186	3,198780
25,821964	3,196807
25,824742	3,184642
25,827519	2,969947
25,830297	2,464279
25,833075	1,877402
25,835853	1,388502
25,838630	1,077145
25,841408	0,940043
25,844186	0,927220
25,846964	0,997580
25,849741	1,100817
25,852519	1,210960
25,855297	1,301375
25,858075	1,355295
25,860852	1,372720
25,863630	1,376008
25,866408	1,389817
25,869186	1,403955
25,871963	1,424011
25,874741	1,422038
25,877519	1,409544
25,880297	1,400009
25,883074	1,407900
25,885852	1,428613
25,888630	1,451299
25,891408	1,450971
25,894185	1,436504
25,896963	1,428613
25,899741	1,434860
25,902519	1,459848
25,905296	1,481547
25,908074	1,490425
25,910852	1,481547
25,913630	1,481876
25,916407	1,490753
25,919185	1,516727
25,921963	1,540071
25,924741	1,551907
25,927518	1,545989
25,930296	1,543359
25,933074	1,556181
25,935852	1,578867
25,938629	1,605827
25,941407	1,614376
25,944185	1,609444
25,946963	1,601224
25,949740	1,611088
25,952518	1,633774
25,955296	1,657446
25,958074	1,660734
25,960851	1,652843
25,963629	1,644624
25,966407	1,653501
25,969185	1,672570
25,971963	1,693283
25,974740	1,700845
25,977518	1,703476
25,980296	1,664351
25,983073	1,566702
25,985851	1,508179
25,988629	1,501603
25,991407	1,535139
25,994184	1,578867
25,996962	1,626212
25,999740	1,676187
26,002518	1,719586
26,005295	1,750492
26,008073	1,759040
26,010851	1,750163
26,013629	1,741943
26,016406	1,746217
26,019184	1,754766
26,021962	1,760026
26,024740	1,746217
26,027517	1,709065
26,030295	1,665337
26,033073	1,635089
26,035851	1,609444
26,038628	1,588402
26,041406	1,552893
26,044184	1,502261
26,046962	1,461163
26,049739	1,443080
26,052517	1,445053
26,055295	1,448998
26,058073	1,442422
26,060850	1,421051
26,063628	1,410859
26,066406	1,410530
26,069184	1,428613
26,071961	1,447354
26,074739	1,451957
26,077517	1,440778
26,080295	1,432888
26,083073	1,436175
26,085850	1,448012
26,088628	1,468725
26,091406	1,464780
26,094183	1,453272
26,096961	1,443409
26,099739	1,451299
26,102517	1,467410
26,105294	1,487466
26,108072	1,487466
26,110850	1,474643
26,113628	1,449327
26,116405	1,428613
26,119183	1,415133
26,121961	1,406585
26,124739	1,416120
26,127516	1,469383
26,130294	1,623581
26,133072	1,874443
26,135850	2,228542
26,138627	2,646424
26,141405	3,039320
26,144183	3,193848
26,146961	3,197136
26,149738	3,198122
26,152516	3,198451
26,155294	3,192533
26,158072	3,114611
26,160849	2,695742
26,163627	2,098015
26,166405	1,550592
26,169183	1,159670
26,171960	0,970620
26,174738	0,926563
26,177516	0,972592
26,180294	1,060377
26,183071	1,164601
26,185849	1,264222
26,188627	1,344774
26,191405	1,386529
26,194183	1,390146
26,196960	1,383899
26,199738	1,386529
26,202516	1,402968
26,205293	1,420723
26,208071	1,426641
26,210849	1,415462
26,213627	1,408887
26,216404	1,416449
26,219182	1,435847
26,221960	1,455574
26,224738	1,457546
26,227515	1,444724
26,230293	1,438148
26,233071	1,448340
26,235849	1,470369
26,238626	1,494041
26,241404	1,498315
26,244182	1,494041
26,246960	1,493055
26,249737	1,504891
26,252515	1,525276
26,255293	1,552893
26,258071	1,564401
26,260848	1,557167
26,263626	1,553880
26,266404	1,563414
26,269182	1,587087
26,271959	1,611745
26,274737	1,621938
26,277515	1,616019
26,280293	1,609115
26,283070	1,614704
26,285848	1,636733
26,288626	1,657117
26,291404	1,662049
26,294181	1,653172
26,296959	1,645939
26,299737	1,655473
26,302515	1,677502
26,305292	1,701174
26,308070	1,716956
26,310848	1,703476
26,313626	1,602539
26,316403	1,510809
26,319181	1,484178
26,321959	1,516398
26,324737	1,568017
26,327514	1,618650
26,330292	1,657117
26,333070	1,694927
26,335848	1,729778
26,338625	1,757396
26,341403	1,767259
26,344181	1,760026
26,346959	1,749176
26,349736	1,747204
26,352514	1,753779
26,355292	1,755423
26,358070	1,733066
26,360847	1,689996
26,363625	1,644295
26,366403	1,614047
26,369181	1,593991
26,371958	1,574593
26,374736	1,536783
26,377514	1,488123
26,380292	1,450971
26,383069	1,440121
26,385847	1,443737
26,388625	1,449984
26,391403	1,444724
26,394180	1,429271
26,396958	1,416777
26,399736	1,420723
26,402514	1,435518
26,405291	1,453272
26,408069	1,452615
26,410847	1,437162
26,413625	1,429271
26,416402	1,432230
26,419180	1,448340
26,421958	1,464122
26,424736	1,464780
26,427513	1,451628
26,430291	1,443080
26,433069	1,449656
26,435847	1,465108
26,438624	1,483520
26,441402	1,481876
26,444180	1,462807
26,446958	1,433545
26,449735	1,409544
26,452513	1,398366
26,455291	1,405599
26,458069	1,452615
26,460846	1,562757
26,463624	1,763314
26,466402	2,086507
26,469180	2,474471
26,471957	2,885450
26,474735	3,186944
26,477513	3,196478
26,480291	3,197136
26,483068	3,197794
26,485846	3,194835
26,488624	3,177080
26,491402	2,879532
26,494179	2,323889
26,496957	1,733724
26,499735	1,265537
26,502513	1,010074
26,505290	0,931166
26,508068	0,962400
26,510846	1,039993
26,513624	1,127120
26,516401	1,223453
26,519179	1,304005
26,521957	1,369433
26,524735	1,394091
26,527513	1,391461
26,530290	1,379296
26,533068	1,385543
26,535846	1,401653
26,538623	1,418421
26,541401	1,423024
26,544179	1,412174
26,546957	1,407243
26,549734	1,416120
26,552512	1,437819
26,555290	1,453272
26,558068	1,453601
26,560845	1,437491
26,563623	1,434203
26,566401	1,442751
26,569179	1,466423
26,571956	1,490425
26,574734	1,502261
26,577512	1,497329
26,580290	1,496014
26,583067	1,509823
26,585845	1,533166
26,588623	1,561770
26,591401	1,566045
26,594178	1,561442
26,596956	1,555524
26,599734	1,569004
26,602512	1,593333
26,605289	1,622266
26,608067	1,629828
26,610845	1,622595
26,613623	1,615033
26,616400	1,622595
26,619178	1,641336
26,621956	1,659419
26,624734	1,658761
26,627511	1,645939
26,630289	1,639363
26,633067	1,647911
26,635845	1,675200
26,638622	1,703476
26,641400	1,722545
26,644178	1,651857
26,646956	1,533166
26,649733	1,471026
26,652511	1,485164
26,655289	1,545331
26,658067	1,607800
26,660844	1,652514
26,663622	1,681118
26,666400	1,709394
26,669178	1,739971
26,671955	1,767259
26,674733	1,775808
26,677511	1,765944
26,680289	1,750820
26,683066	1,744245
26,685844	1,744902
26,688622	1,738984
26,691400	1,713668
26,694177	1,666323
26,696955	1,622266
26,699733	1,590374
26,702511	1,570319
26,705288	1,550263
26,708066	1,519686
26,710844	1,472342
26,713622	1,442422
26,716399	1,430257
26,719177	1,436504
26,721955	1,447354
26,724733	1,445710
26,727510	1,427956
26,730288	1,412832
26,733066	1,418421
26,735844	1,431244
26,738621	1,451957
26,741399	1,450971
26,744177	1,439463
26,746955	1,425326
26,749732	1,430915
26,752510	1,444724
26,755288	1,466423
26,758066	1,463136
26,760843	1,451957
26,763621	1,440450
26,766399	1,444395
26,769177	1,462807
26,771954	1,477931
26,774732	1,475629
26,777510	1,444395
26,780288	1,411188
26,783065	1,383242
26,785843	1,383899
26,788621	1,424997
26,791399	1,513439
26,794176	1,682105
26,796954	1,950720
26,799732	2,303504
26,802510	2,723031
26,805287	3,124804
26,808065	3,195492
26,810843	3,196807
26,813621	3,196807
26,816398	3,195492
26,819176	3,187930
26,821954	3,033402
26,824732	2,560283
26,827509	1,950391
26,830287	1,416120
26,833065	1,074844
26,835843	0,929851
26,838620	0,935440
26,841398	1,011060
26,844176	1,096872
26,846954	1,181698
26,849731	1,262578
26,852509	1,340829
26,855287	1,389160
26,858065	1,408229
26,860842	1,393105
26,863620	1,379954
26,866398	1,383242
26,869176	1,400009
26,871954	1,420723
26,874731	1,425983
26,877509	1,416449
26,880287	1,409215
26,883064	1,420065
26,885842	1,438806
26,888620	1,461492
26,891398	1,463136
26,894175	1,452286
26,896953	1,442751
26,899731	1,451957
26,902509	1,471684
26,905286	1,496343
26,908064	1,504562
26,910842	1,498973
26,913620	1,497000
26,916397	1,507192
26,919175	1,533824
26,921953	1,559798
26,924731	1,568017
26,927508	1,561770
26,930286	1,562099
26,933064	1,572949
26,935842	1,597608
26,938619	1,620951
26,941397	1,630157
26,944175	1,622924
26,946953	1,616019
26,949730	1,622266
26,952508	1,639034
26,955286	1,656460
26,958064	1,657117
26,960841	1,644624
26,963619	1,639363
26,966397	1,653829
26,969175	1,680790
26,971952	1,719257
26,974730	1,701832
26,977508	1,589059
26,980286	1,492726
26,983064	1,468725
26,985841	1,513111
26,988619	1,586758
26,991397	1,647911
26,994174	1,679803
26,996952	1,695585
26,999730	1,713997
27,002508	1,742601
27,005285	1,768903
27,008063	1,773178
27,010841	1,758382
27,013619	1,741286
27,016396	1,732737
27,019174	1,731422
27,021952	1,723203
27,024730	1,696242
27,027507	1,650870
27,030285	1,602539
27,033063	1,571305
27,035841	1,549605
27,038618	1,526591
27,041396	1,495356
27,044174	1,459848
27,046952	1,433545
27,049729	1,428285
27,052507	1,433545
27,055285	1,447683
27,058063	1,446039
27,060840	1,427956
27,063618	1,415133
27,066396	1,418750
27,069174	1,436833
27,071951	1,455574
27,074729	1,457218
27,077507	1,441765
27,080285	1,432230
27,083062	1,436175
27,085840	1,452286
27,088618	1,471684
27,091396	1,471026
27,094174	1,459519
27,096951	1,449327
27,099729	1,455245
27,102507	1,472670
27,105284	1,491740
27,108062	1,481547
27,110840	1,447354
27,113618	1,404284
27,116395	1,384557
27,119173	1,405270
27,121951	1,480561
27,124729	1,630486
27,127506	1,846496
27,130284	2,165086
27,133062	2,563242
27,135840	2,971262
27,138617	3,193848
27,141395	3,197465
27,144173	3,198122
27,146951	3,196150
27,149728	3,191218
27,152506	3,141243
27,155284	2,773663
27,158062	2,196650
27,160839	1,625554
27,163617	1,186301
27,166395	0,963387
27,169173	0,918015
27,171950	0,984429
27,174728	1,078789
27,177506	1,163286
27,180284	1,234632
27,183061	1,306964
27,185839	1,369433
27,188617	1,407571
27,191395	1,414476
27,194172	1,400667
27,196950	1,387187
27,199728	1,390475
27,202506	1,410859
27,205284	1,430257
27,208061	1,437162
27,210839	1,423353
27,213617	1,416120
27,216394	1,423682
27,219172	1,443737
27,221950	1,458204
27,224728	1,461163
27,227505	1,451957
27,230283	1,447025
27,233061	1,458861
27,235839	1,481219
27,238616	1,511467
27,241394	1,518700
27,244172	1,511467
27,246950	1,505549
27,249727	1,519357
27,252505	1,543030
27,255283	1,567031
27,258061	1,576566
27,260838	1,569004
27,263616	1,566702
27,266394	1,579196
27,269172	1,606156
27,271949	1,629828
27,274727	1,635089
27,277505	1,621609
27,280283	1,618650
27,283060	1,622924
27,285838	1,647254
27,288616	1,668953
27,291394	1,673885
27,294171	1,661720
27,296949	1,655145
27,299727	1,666981
27,302505	1,699201
27,305282	1,725175
27,308060	1,645610
27,310838	1,534481
27,313616	1,470698
27,316393	1,485822
27,319171	1,550921
27,321949	1,631143
27,324727	1,683749
27,327504	1,704133
27,330282	1,713668
27,333060	1,728792
27,335838	1,751149
27,338615	1,773835
27,341393	1,773506
27,344171	1,755752
27,346949	1,736354
27,349726	1,724189
27,352504	1,720572
27,355282	1,709723
27,358060	1,677831
27,360837	1,624897
27,363615	1,578210
27,366393	1,541715
27,369171	1,521001
27,371948	1,503576
27,374726	1,477931
27,377504	1,445053
27,380282	1,420394
27,383059	1,419408
27,385837	1,431573
27,388615	1,448340
27,391393	1,441436
27,394170	1,426970
27,396948	1,412832
27,399726	1,423024
27,402504	1,439135
27,405281	1,456231
27,408059	1,454916
27,410837	1,439463
27,413615	1,427956
27,416392	1,433545
27,419170	1,451299
27,421948	1,467081
27,424726	1,467739
27,427504	1,447683
27,430281	1,441107
27,433059	1,444724
27,435837	1,463793
27,438614	1,474972
27,441392	1,458861
27,444170	1,416120
27,446948	1,381269
27,449725	1,372720
27,452503	1,430257
27,455281	1,557825
27,458059	1,756081
27,460836	2,049026
27,463614	2,402468
27,466392	2,806871
27,469170	3,176094
27,471947	3,196150
27,474725	3,199437
27,477503	3,197794
27,480281	3,194835
27,483058	3,181354
27,485836	2,922602
27,488614	2,409372
27,491392	1,823152
27,494169	1,325047
27,496947	1,020595
27,499725	0,906507
27,502503	0,946619
27,505280	1,043938
27,508058	1,144217
27,510836	1,219508
27,513614	1,280004
27,516391	1,332938
27,519169	1,384228
27,521947	1,410530
27,524725	1,411188
27,527502	1,398037
27,530280	1,385214
27,533058	1,393434
27,535836	1,412174
27,538613	1,435518
27,541391	1,437162
27,544169	1,430257
27,546947	1,419079
27,549724	1,425326
27,552502	1,438806
27,555280	1,456560
27,558058	1,460834
27,560835	1,454587
27,563613	1,449327
27,566391	1,461163
27,569169	1,489109
27,571946	1,515083
27,574724	1,526591
27,577502	1,514754
27,580280	1,511795
27,583057	1,524289
27,585835	1,550263
27,588613	1,575908
27,591391	1,587415
27,594168	1,578210
27,596946	1,575250
27,599724	1,585443
27,602502	1,608129
27,605279	1,632130
27,608057	1,634760
27,610835	1,626869
27,613613	1,621609
27,616390	1,633774
27,619168	1,653501
27,621946	1,676515
27,624724	1,678488
27,627501	1,670926
27,630279	1,665337
27,633057	1,679803
27,635835	1,713339
27,638612	1,685393
27,641390	1,578867
27,644168	1,493055
27,646946	1,474643
27,649723	1,514754
27,652501	1,595964
27,655279	1,667967
27,658057	1,709065
27,660834	1,717613
27,663612	1,719586
27,666390	1,732080
27,669168	1,756081
27,671945	1,776465
27,674723	1,775808
27,677501	1,755094
27,680279	1,733724
27,683056	1,722545
27,685834	1,713339
27,688612	1,694599
27,691390	1,658104
27,694167	1,608457
27,696945	1,558154
27,699723	1,527906
27,702501	1,506864
27,705278	1,492397
27,708056	1,471026
27,710834	1,441436
27,713612	1,420394
27,716389	1,418750
27,719167	1,432230
27,721945	1,445381
27,724723	1,443737
27,727500	1,426641
27,730278	1,416449
27,733056	1,418750
27,735834	1,440778
27,738611	1,455902
27,741389	1,456889
27,744167	1,443409
27,746945	1,434203
27,749722	1,439135
27,752500	1,452943
27,755278	1,471684
27,758056	1,471026
27,760833	1,453272
27,763611	1,442422
27,766389	1,449327
27,769167	1,464451
27,771944	1,471684
27,774722	1,447683
27,777500	1,405270
27,780278	1,374364
27,783055	1,397050
27,785833	1,489438
27,788611	1,681118
27,791389	1,941843
27,794166	2,269311
27,796944	2,662206
27,799722	3,051814
27,802500	3,193519
27,805277	3,197465
27,808055	3,197794
27,810833	3,197465
27,813611	3,190889
27,816388	3,066938
27,819166	2,631958
27,821944	2,050013
27,824722	1,510809
27,827499	1,123503
27,830277	0,928207
27,833055	0,908809
27,835833	0,993963
27,838610	1,111996
27,841388	1,207672
27,844166	1,272442
27,846944	1,321430
27,849721	1,360227
27,852499	1,393434
27,855277	1,414476
27,858055	1,414805
27,860832	1,399023
27,863610	1,387844
27,866388	1,396064
27,869166	1,418421
27,871943	1,439135
27,874721	1,443409
27,877499	1,430257
27,880277	1,421051
27,883055	1,427627
27,885832	1,444395
27,888610	1,464122
27,891388	1,469383
27,894165	1,462478
27,896943	1,455902
27,899721	1,469383
27,902499	1,494370
27,905276	1,519686
27,908054	1,524618
27,910832	1,515083
27,913610	1,513111
27,916387	1,527248
27,919165	1,552236
27,921943	1,577881
27,924721	1,589388
27,927498	1,579853
27,930276	1,580840
27,933054	1,592347
27,935832	1,614704
27,938609	1,636075
27,941387	1,640021
27,944165	1,627527
27,946943	1,622595
27,949720	1,629828
27,952498	1,649227
27,955276	1,671584
27,958054	1,676187
27,960831	1,668953
27,963609	1,665008
27,966387	1,685393
27,969165	1,695585
27,971942	1,621609
27,974720	1,528563
27,977498	1,477602
27,980276	1,486479
27,983053	1,546646
27,985831	1,626212
27,988609	1,693283
27,991387	1,722545
27,994164	1,726490
27,996942	1,728463
27,999720	1,741286
28,002498	1,761999
28,005275	1,776465
28,008053	1,773835
28,010831	1,750163
28,013609	1,722545
28,016386	1,704791
28,019164	1,694927
28,021942	1,676515
28,024720	1,637062
28,027497	1,585443
28,030275	1,536125
28,033053	1,503247
28,035831	1,485493
28,038608	1,478260
28,041386	1,459519
28,044164	1,437162
28,046942	1,413818
28,049719	1,415462
28,052497	1,432888
28,055275	1,449327
28,058053	1,448012
28,060830	1,433545
28,063608	1,424668
28,066386	1,429929
28,069164	1,446368
28,071941	1,462149
28,074719	1,463793
28,077497	1,449656
28,080275	1,443080
28,083052	1,448012
28,085830	1,465108
28,088608	1,482534
28,091386	1,483849
28,094163	1,467081
28,096941	1,455574
28,099719	1,459848
28,102497	1,466423
28,105274	1,463793
28,108052	1,432888
28,110830	1,394749
28,113608	1,377981
28,116385	1,438806
28,119163	1,588731
28,121941	1,827098
28,124719	2,152921
28,127496	2,527405
28,130274	2,911424
28,133052	3,189245
28,135830	3,196807
28,138607	3,197136
28,141385	3,197136
28,144163	3,193191
28,146941	3,163929
28,149718	2,827584
28,152496	2,275886
28,155274	1,713010
28,158052	1,257647
28,160829	0,988703
28,163607	0,902233
28,166385	0,944646
28,169163	1,058405
28,171940	1,174794
28,174718	1,260934
28,177496	1,315184
28,180274	1,345760
28,183051	1,376008
28,185829	1,398037
28,188607	1,417435
28,191385	1,412832
28,194162	1,398694
28,196940	1,386529
28,199718	1,396722
28,202496	1,416777
28,205273	1,436504
28,208051	1,440121
28,210829	1,431573
28,213607	1,423353
28,216384	1,427956
28,219162	1,447354
28,221940	1,468067
28,224718	1,476287
28,227495	1,466423
28,230273	1,467739
28,233051	1,482863
28,235829	1,510480
28,238606	1,530536
28,241384	1,536783
28,244162	1,528563
28,246940	1,527248
28,249717	1,541386
28,252495	1,564072
28,255273	1,590374
28,258051	1,597608
28,260828	1,595306
28,263606	1,587744
28,266384	1,603855
28,269162	1,622266
28,271939	1,644295
28,274717	1,645281
28,277495	1,636733
28,280273	1,630815
28,283050	1,641336
28,285828	1,661720
28,288606	1,681118
28,291384	1,685064
28,294161	1,675858
28,296939	1,679803
28,299717	1,697558
28,302495	1,646267
28,305272	1,557825
28,308050	1,498973
28,310828	1,484178
28,313606	1,519357
28,316383	1,583470
28,319161	1,657117
28,321939	1,711695
28,324717	1,736354
28,327494	1,737340
28,330272	1,736354
28,333050	1,747204
28,335828	1,765287
28,338605	1,778767
28,341383	1,765944
28,344161	1,737998
28,346939	1,705448
28,349716	1,685064
28,352494	1,670269
28,355272	1,652843
28,358050	1,616019
28,360827	1,562757
28,363605	1,514426
28,366383	1,482205
28,369161	1,472670
28,371938	1,468725
28,374716	1,457546
28,377494	1,431573
28,380272	1,417106
28,383049	1,417764
28,385827	1,433216
28,388605	1,444724
28,391383	1,445381
28,394160	1,428613
28,396938	1,416777
28,399716	1,425326
28,402494	1,443737
28,405271	1,462807
28,408049	1,461163
28,410827	1,450313
28,413605	1,435847
28,416382	1,442094
28,419160	1,456231
28,421938	1,475301
28,424716	1,475958
28,427493	1,460177
28,430271	1,449327
28,433049	1,452286
28,435827	1,452286
28,438604	1,444066
28,441382	1,416120
28,444160	1,384228
28,446938	1,410859
28,449715	1,510152
28,452493	1,715969
28,455271	2,027327
28,458049	2,384056
28,460826	2,773992
28,463604	3,139928
28,466382	3,195492
28,469160	3,197465
28,471937	3,197465
28,474715	3,195492
28,477493	3,184313
28,480271	2,966002
28,483048	2,470197
28,485826	1,891539
28,488604	1,400009
28,491382	1,069912
28,494159	0,916371
28,496937	0,909466
28,499715	0,994292
28,502493	1,109037
28,505270	1,222138
28,508048	1,295785
28,510826	1,337212
28,513604	1,359898
28,516381	1,376666
28,519159	1,397050
28,521937	1,411846
28,524715	1,412503
28,527492	1,398366
28,530270	1,392776
28,533048	1,400996
28,535826	1,422695
28,538603	1,442422
28,541381	1,443737
28,544159	1,433216
28,546937	1,422038
28,549714	1,430915
28,552492	1,450313
28,555270	1,472999
28,558048	1,480561
28,560825	1,473657
28,563603	1,471355
28,566381	1,485822
28,569159	1,509494
28,571936	1,534153
28,574714	1,543359
28,577492	1,535797
28,580270	1,532509
28,583047	1,544674
28,585825	1,567360
28,588603	1,590046
28,591381	1,600238
28,594158	1,594320
28,596936	1,593662
28,599714	1,608129
28,602492	1,630815
28,605269	1,651528
28,608047	1,654487
28,610825	1,642322
28,613603	1,635418
28,616380	1,645939
28,619158	1,665008
28,621936	1,687037
28,624714	1,689338
28,627491	1,684077
28,630269	1,691968
28,633047	1,668296
28,635825	1,580511
28,638602	1,519357
28,641380	1,498644
28,644158	1,513768
28,646936	1,563086
28,649713	1,625554
28,652491	1,688352
28,655269	1,734710
28,658047	1,749176
28,660824	1,743916
28,663602	1,741286
28,666380	1,750163
28,669158	1,766602
28,671935	1,775150
28,674713	1,762985
28,677491	1,728792
28,680269	1,693941
28,683046	1,666652
28,685824	1,647911
28,688602	1,628184
28,691380	1,586100
28,694157	1,537112
28,696935	1,491082
28,699713	1,470698
28,702491	1,466752
28,705268	1,467739
28,708046	1,454259
28,710824	1,430586
28,713602	1,414805
28,716379	1,416120
28,719157	1,432888
28,721935	1,445710
28,724713	1,446697
28,727490	1,433216
28,730268	1,425983
28,733046	1,433874
28,735824	1,454259
28,738601	1,468396
28,741379	1,467739
28,744157	1,449327
28,746935	1,438477
28,749712	1,444066
28,752490	1,460834
28,755268	1,477273
28,758046	1,476945
28,760823	1,461492
28,763601	1,445710
28,766379	1,441436
28,769157	1,432888
28,771934	1,420065
28,774712	1,397050
28,777490	1,389817
28,780268	1,447025
28,783046	1,614047
28,785823	1,874114
28,788601	2,225582
28,791379	2,626698
28,794156	3,004798
28,796934	3,193191
28,799712	3,197136
28,802490	3,198451
28,805267	3,197794
28,808045	3,190232
28,810823	3,093898
28,813601	2,664179
28,816378	2,079603
28,819156	1,552564
28,821934	1,173807
28,824712	0,967661
28,827489	0,910124
28,830267	0,956153
28,833045	1,058733
28,835823	1,169533
28,838600	1,272771
28,841378	1,333924
28,844156	1,363843
28,846934	1,371734
28,849711	1,384557
28,852489	1,401653
28,855267	1,417106
28,858045	1,413489
28,860822	1,399352
28,863600	1,395078
28,866378	1,403955
28,869156	1,428613
28,871933	1,451957
28,874711	1,456231
28,877489	1,444395
28,880267	1,433874
28,883044	1,437162
28,885822	1,460834
28,888600	1,481547
28,891378	1,489109
28,894156	1,481876
28,896933	1,479575
28,899711	1,496343
28,902489	1,519686
28,905266	1,545660
28,908044	1,552236
28,910822	1,549277
28,913600	1,544345
28,916377	1,558811
28,919155	1,579525
28,921933	1,603526
28,924711	1,608457
28,927488	1,602868
28,930266	1,598265
28,933044	1,611745
28,935822	1,633445
28,938599	1,655145
28,941377	1,661063
28,944155	1,649555
28,946933	1,642651
28,949710	1,650213
28,952488	1,669940
28,955266	1,689009
28,958044	1,697229
28,960821	1,697229
28,963599	1,689996
28,966377	1,606814
28,969155	1,530207
28,971932	1,501932
28,974710	1,515083
28,977488	1,549934
28,980266	1,597936
28,983043	1,653501
28,985821	1,703147
28,988599	1,741286
28,991377	1,753122
28,994154	1,747204
28,996932	1,742930
28,999710	1,748519
29,002488	1,760026
29,005265	1,766273
29,008043	1,748848
29,010821	1,713668
29,013599	1,676515
29,016376	1,646267
29,019154	1,630486
29,021932	1,610759
29,024710	1,573278
29,027487	1,520015
29,030265	1,479575
29,033043	1,456231
29,035821	1,462149
29,038598	1,464780
29,041376	1,455574
29,044154	1,433874
29,046932	1,419408
29,049709	1,421380
29,052487	1,431244
29,055265	1,447354
29,058043	1,445710
29,060820	1,440121
29,063598	1,430257
29,066376	1,439135
29,069154	1,455245
29,071931	1,473657
29,074709	1,470040
29,077487	1,454259
29,080265	1,441765
29,083042	1,448012
29,085820	1,464122
29,088598	1,482534
29,091376	1,485822
29,094153	1,470369
29,096931	1,455245
29,099709	1,440450
29,102487	1,427956
29,105264	1,415791
29,108042	1,406585
29,110820	1,436504
29,113598	1,553222
29,116375	1,769561
29,119153	2,101303
29,121931	2,490910
29,124709	2,886436
29,127486	3,186615
29,130264	3,195492
29,133042	3,197794
29,135820	3,198122
29,138597	3,195163
29,141375	3,176423
29,144153	2,877888
29,146931	2,329149
29,149708	1,753122
29,152486	1,296114
29,155264	1,035061
29,158042	0,931823
29,160819	0,944317
29,163597	1,025198
29,166375	1,129750
29,169153	1,237920
29,171930	1,322417
29,174708	1,370419
29,177486	1,375680
29,180264	1,374693
29,183041	1,380611
29,185819	1,400667
29,188597	1,417764
29,191375	1,420065
29,194152	1,409873
29,196930	1,400667
29,199708	1,409215
29,202486	1,429929
29,205263	1,451299
29,208041	1,452943
29,210819	1,443080
29,213597	1,432559
29,216374	1,443409
29,219152	1,466095
29,221930	1,489109
29,224708	1,495028
29,227485	1,488452
29,230263	1,484835
29,233041	1,497987
29,235819	1,523303
29,238596	1,546318
29,241374	1,554537
29,244152	1,547304
29,246930	1,545002
29,249707	1,559469
29,252485	1,586100
29,255263	1,610759
29,258041	1,618321
29,260818	1,608786
29,263596	1,602868
29,266374	1,612732
29,269152	1,631801
29,271929	1,652843
29,274707	1,654487
29,277485	1,643637
29,280263	1,638377
29,283040	1,649227
29,285818	1,669611
29,288596	1,691968
29,291374	1,702489
29,294151	1,706763
29,296929	1,641993
29,299707	1,541057
29,302485	1,488781
29,305262	1,498973
29,308040	1,539084
29,310818	1,584456
29,313596	1,633116
29,316373	1,678488
29,319151	1,716956
29,321929	1,748519
29,324707	1,756738
29,327484	1,747532
29,330262	1,739971
29,333040	1,744245
29,335818	1,753779
29,338595	1,758054
29,341373	1,737011
29,344151	1,699530
29,346929	1,656460
29,349706	1,625554
29,352484	1,603855
29,355262	1,581826
29,358040	1,541715
29,360817	1,491411
29,363595	1,451628
29,366373	1,437819
29,369151	1,445381
29,371928	1,452286
29,374706	1,443737
29,377484	1,425983
29,380262	1,412174
29,383039	1,413161
29,385817	1,430586
29,388595	1,447683
29,391373	1,451957
29,394150	1,438148
29,396928	1,427956
29,399706	1,431901
29,402484	1,450313
29,405261	1,469383
29,408039	1,470698
29,410817	1,454587
29,413595	1,441107
29,416372	1,446368
29,419150	1,459848
29,421928	1,478588
29,424706	1,480890
29,427483	1,465766
29,430261	1,439792
29,433039	1,418092
29,435817	1,405599
29,438594	1,405599
29,441372	1,430586
29,444150	1,497000
29,446928	1,668953
29,449705	1,950063
29,452483	2,313039
29,455261	2,735196
29,458039	3,118886
29,460816	3,194177
29,463594	3,196807
29,466372	3,196807
29,469150	3,196807
29,471927	3,189574
29,474705	3,034717
29,477483	2,554694
29,480261	1,951378
29,483038	1,434532
29,485816	1,099174
29,488594	0,955167
29,491372	0,940372
29,494149	0,999881
29,496927	1,086680
29,499705	1,188602
29,502483	1,281977
29,505260	1,357268
29,508038	1,391132
29,510816	1,391790
29,513594	1,384228
29,516371	1,384228
29,519149	1,403626
29,521927	1,418092
29,524705	1,420723
29,527482	1,410859
29,530260	1,409544
29,533038	1,418092
29,535816	1,440778
29,538593	1,458204
29,541371	1,457218
29,544149	1,442094
29,546927	1,435518
29,549704	1,445710
29,552482	1,466752
29,555260	1,492068
29,558038	1,498973
29,560815	1,495028
29,563593	1,490096
29,566371	1,506535
29,569149	1,529550
29,571926	1,556839
29,574704	1,563743
29,577482	1,557496
29,580260	1,553551
29,583037	1,566045
29,585815	1,592347
29,588593	1,615362
29,591371	1,624239
29,594148	1,612074
29,596926	1,607800
29,599704	1,616677
29,602482	1,640678
29,605259	1,659419
29,608037	1,664679
29,610815	1,652186
29,613593	1,645610
29,616370	1,655802
29,619148	1,679146
29,621926	1,704462
29,624704	1,721559
29,627481	1,691311
29,630259	1,578210
29,633037	1,500288
29,635815	1,483520
29,638592	1,528235
29,641370	1,582155
29,644148	1,631801
29,646926	1,667638
29,649703	1,703804
29,652481	1,737011
29,655259	1,763972
29,658037	1,769890
29,660814	1,756410
29,663592	1,743587
29,666370	1,741286
29,669148	1,748190
29,671925	1,749834
29,674703	1,726490
29,677481	1,680461
29,680259	1,636733
29,683037	1,603197
29,685814	1,584785
29,688592	1,564401
29,691370	1,527248
29,694147	1,480890
29,696925	1,443409
29,699703	1,431573
29,702481	1,437491
29,705258	1,447025
29,708036	1,441107
29,710814	1,429271
29,713592	1,414476
29,716369	1,419079
29,719147	1,435518
29,721925	1,453272
29,724703	1,451299
29,727480	1,438477
29,730258	1,427627
29,733036	1,433874
29,735814	1,453930
29,738591	1,467410
29,741369	1,467739
29,744147	1,451299
29,746925	1,442422
29,749702	1,445710
29,752480	1,465766
29,755258	1,480890
29,758036	1,483191
29,760813	1,457875
29,763591	1,426970
29,766369	1,400667
29,769147	1,392447
29,771924	1,409215
29,774702	1,468396
29,777480	1,605170
29,780258	1,826440
29,783035	2,163114
29,785813	2,576394
29,788591	2,987372
29,791369	3,192533
29,794146	3,196150
29,796924	3,196807
29,799702	3,196478
29,802480	3,191218
29,805257	3,147161
29,808035	2,771362
29,810813	2,184156
29,813591	1,617006
29,816368	1,195178
29,819146	0,982785
29,821924	0,935769
29,824702	0,983442
29,827479	1,061035
29,830257	1,150792
29,833035	1,236933
29,835813	1,322088
29,838590	1,380282
29,841368	1,400667
29,844146	1,393105
29,846924	1,385214
29,849701	1,389817
29,852479	1,403955
29,855257	1,422695
29,858035	1,425983
29,860812	1,421051
29,863590	1,416120
29,866368	1,427627
29,869146	1,445710
29,871923	1,461821
29,874701	1,457218
29,877479	1,444066
29,880257	1,433545
29,883034	1,446039
29,885812	1,473657
29,888590	1,498973
29,891368	1,508836
29,894145	1,502261
29,896923	1,500288
29,899701	1,508179
29,902479	1,535139
29,905256	1,556181
29,908034	1,566373
29,910812	1,562099
29,913590	1,559469
29,916367	1,572620
29,919145	1,598265
29,921923	1,621938
29,924701	1,625225
29,927478	1,618979
29,930256	1,612074
29,933034	1,624568
29,935812	1,644624
29,938589	1,665337
29,941367	1,666652
29,944145	1,657117
29,946923	1,649555
29,949700	1,660734
29,952478	1,684406
29,955256	1,714654
29,958034	1,723531
29,960811	1,633116
29,963589	1,522645
29,966367	1,472342
29,969145	1,497987
29,971922	1,562099
29,974700	1,624897
29,977478	1,660734
29,980256	1,687694
29,983033	1,712024
29,985811	1,740299
29,988589	1,765616
29,991367	1,771862
29,994144	1,758054
29,996922	1,742930
29,999700	1,737340
30,002478	1,738655
30,005255	1,735039
30,008033	1,709394
30,010811	1,663364
30,013589	1,618650
30,016366	1,587087
30,019144	1,565716
30,021922	1,546318
30,024700	1,509823
30,027477	1,469383
30,030255	1,440450
30,033033	1,431573
30,035811	1,439463
30,038588	1,448998
30,041366	1,445053
30,044144	1,427956
30,046922	1,417764
30,049699	1,421380
30,052477	1,441765
30,055255	1,456560
30,058033	1,453272
30,060810	1,438806
30,063588	1,427956
30,066366	1,433216
30,069144	1,450313
30,071921	1,468396
30,074699	1,471355
30,077477	1,460834
30,080255	1,448998
30,083032	1,452943
30,085810	1,470040
30,088588	1,486150
30,091366	1,477602
30,094143	1,443409
30,096921	1,402640
30,099699	1,379296
30,102477	1,384228
30,105254	1,440778
30,108032	1,553880
30,110810	1,739971
30,113588	2,036532
30,116365	2,407071
30,119143	2,822981
30,121921	3,182012
30,124699	3,197136
30,127476	3,198122
30,130254	3,197136
30,133032	3,193191
30,135810	3,181683
30,138587	2,933123
30,141365	2,409372
30,144143	1,808028
30,146921	1,309265
30,149698	1,017964
30,152476	0,917686
30,155254	0,955167
30,158032	1,039664
30,160809	1,125476
30,163587	1,208987
30,166365	1,282963
30,169143	1,351350
30,171920	1,395735
30,174698	1,405928
30,177476	1,391790
30,180254	1,385214
30,183031	1,388173
30,185809	1,404612
30,188587	1,424339
30,191365	1,427627
30,194142	1,416777
30,196920	1,410859
30,199698	1,420723
30,202476	1,441107
30,205253	1,459519
30,208031	1,457875
30,210809	1,447683
30,213587	1,440450
30,216364	1,451628
30,219142	1,474972
30,221920	1,504891
30,224698	1,511795
30,227475	1,507521
30,230253	1,502918
30,233031	1,513768
30,235809	1,542372
30,238586	1,569004
30,241364	1,577223
30,244142	1,570976
30,246920	1,570319
30,249697	1,580840
30,252475	1,608457
30,255253	1,629171
30,258031	1,634431
30,260808	1,623910
30,263586	1,617992
30,266364	1,625554
30,269142	1,647254
30,271919	1,666981
30,274697	1,671255
30,277475	1,660734
30,280253	1,650213
30,283030	1,661720
30,285808	1,689338
30,288586	1,726490
30,291364	1,683749
30,294141	1,565716
30,296919	1,479904
30,299697	1,473657
30,302475	1,523632
30,305252	1,600238
30,308030	1,659419
30,310808	1,688680
30,313586	1,704133
30,316363	1,723203
30,319141	1,747204
30,321919	1,768246
30,324697	1,770876
30,327474	1,754766
30,330252	1,737669
30,333030	1,730107
30,335808	1,729778
30,338585	1,719586
30,341363	1,685393
30,344141	1,634103
30,346919	1,588402
30,349696	1,558811
30,352474	1,537769
30,355252	1,521001
30,358030	1,486808
30,360807	1,452943
30,363585	1,426641
30,366363	1,421051
30,369141	1,429600
30,371918	1,445053
30,374696	1,439135
30,377474	1,423024
30,380252	1,410202
30,383029	1,415133
30,385807	1,438148
30,388585	1,455245
30,391363	1,456560
30,394140	1,443409
30,396918	1,435518
30,399696	1,434860
30,402474	1,451628
30,405251	1,462478
30,408029	1,465437
30,410807	1,452615
30,413585	1,444066
30,416362	1,447683
30,419140	1,463136
30,421918	1,480232
30,424696	1,463464
30,427473	1,429271
30,430251	1,384228
30,433029	1,373707
30,435807	1,404941
30,438584	1,497658
30,441362	1,671584
30,444140	1,916198
30,446918	2,242679
30,449695	2,651685
30,452473	3,056746
30,455251	3,195492
30,458029	3,197465
30,460806	3,199109
30,463584	3,197136
30,466362	3,189903
30,469140	3,076144
30,471917	2,644781
30,474695	2,047711
30,477473	1,495685
30,480251	1,110352
30,483028	0,931166
30,485806	0,924590
30,488584	1,008430
30,491362	1,109695
30,494139	1,189917
30,496917	1,258304
30,499695	1,323732
30,502473	1,375022
30,505250	1,410202
30,508028	1,408887
30,510806	1,394420
30,513584	1,383899
30,516361	1,391461
30,519139	1,407571
30,521917	1,432230
30,524695	1,434860
30,527472	1,424997
30,530250	1,419079
30,533028	1,422695
30,535806	1,441436
30,538583	1,457875
30,541361	1,461163
30,544139	1,450971
30,546917	1,451957
30,549694	1,459519
30,552472	1,488123
30,555250	1,512782
30,558028	1,520673
30,560805	1,512782
30,563583	1,508179
30,566361	1,521001
30,569139	1,547633
30,571916	1,573607
30,574694	1,580511
30,577472	1,575579
30,580250	1,569004
30,583028	1,584456
30,585805	1,609444
30,588583	1,634431
30,591361	1,637390
30,594138	1,630157
30,596916	1,624239
30,599694	1,636733
30,602472	1,658104
30,605249	1,675858
30,608027	1,676187
30,610805	1,666652
30,613583	1,664351
30,616360	1,675858
30,619138	1,708079
30,621916	1,716627
30,624694	1,619307
30,627471	1,510809
30,630249	1,465437
30,633027	1,492726
30,635805	1,566045
30,638582	1,642322
30,641360	1,691639
30,644138	1,709065
30,646916	1,716298
30,649693	1,733724
30,652471	1,756738
30,655249	1,778767
30,658027	1,776137
30,660804	1,754437
30,663582	1,730765
30,666360	1,721887
30,669138	1,717285
30,671915	1,709065
30,674693	1,673228
30,677471	1,619965
30,680249	1,571634
30,683026	1,537440
30,685804	1,519686
30,688582	1,505877
30,691360	1,482534
30,694137	1,449656
30,696915	1,429929
30,699693	1,424997
30,702471	1,436175
30,705248	1,447683
30,708026	1,443080
30,710804	1,427956
30,713582	1,420723
30,716359	1,426970
30,719137	1,445710
30,721915	1,462807
30,724693	1,457546
30,727470	1,445710
30,730248	1,435518
30,733026	1,441436
30,735804	1,457546
30,738581	1,473328
30,741359	1,470040
30,744137	1,458861
30,746915	1,448340
30,749692	1,453601
30,752470	1,472013
30,755248	1,478917
30,758026	1,457218
30,760803	1,411188
30,763581	1,376995
30,766359	1,378310
30,769137	1,449327
30,771914	1,597279
30,774692	1,818550
30,777470	2,126948
30,780248	2,498472
30,783025	2,897615
30,785803	3,190560
30,788581	3,196807
30,791359	3,198122
30,794136	3,196807
30,796914	3,194177
30,799692	3,163600
30,802470	2,826926
30,805247	2,273256
30,808025	1,698215
30,810803	1,236933
30,813581	0,976209
30,816358	0,905521
30,819136	0,962071
30,821914	1,069254
30,824692	1,167232
30,827469	1,239564
30,830247	1,294141
30,833025	1,342144
30,835803	1,383570
30,838580	1,408887
30,841358	1,411188
30,844136	1,394749
30,846914	1,387516
30,849691	1,395735
30,852469	1,418092
30,855247	1,437162
30,858025	1,437162
30,860802	1,425326
30,863580	1,420065
30,866358	1,429271
30,869136	1,446368
30,871913	1,464451
30,874691	1,467081
30,877469	1,459190
30,880247	1,455902
30,883024	1,468725
30,885802	1,495028
30,888580	1,521659
30,891358	1,527906
30,894135	1,519029
30,896913	1,517056
30,899691	1,527248
30,902469	1,554866
30,905246	1,580511
30,908024	1,590374
30,910802	1,583799
30,913580	1,579853
30,916357	1,589717
30,919135	1,611745
30,921913	1,633445
30,924691	1,639363
30,927468	1,629828
30,930246	1,623581
30,933024	1,634103
30,935802	1,653829
30,938579	1,672899
30,941357	1,675529
30,944135	1,665994
30,946913	1,660405
30,949690	1,679146
30,952468	1,712682
30,955246	1,663035
30,958024	1,558811
30,960801	1,481876
30,963579	1,473657
30,966357	1,523632
30,969135	1,603197
30,971912	1,672899
30,974690	1,710709
30,977468	1,717613
30,980246	1,720901
30,983023	1,735696
30,985801	1,760026
30,988579	1,777452
30,991357	1,773506
30,994134	1,749176
30,996912	1,723203
30,999690	1,707750
31,002468	1,697886
31,005245	1,685064
31,008023	1,648240
31,010801	1,596293
31,013579	1,544016
31,016356	1,513111
31,019134	1,492397
31,021912	1,482863
31,024690	1,463464
31,027467	1,437819
31,030245	1,418421
31,033023	1,418421
31,035801	1,435847
31,038578	1,449984
31,041356	1,444395
31,044134	1,423353
31,046912	1,415133
31,049689	1,418750
31,052467	1,438806
31,055245	1,453272
31,058023	1,450642
31,060800	1,439135
31,063578	1,433545
31,066356	1,442751
31,069134	1,462807
31,071911	1,482205
31,074689	1,476616
31,077467	1,461163
31,080245	1,447683
31,083022	1,453930
31,085800	1,468396
31,088578	1,471355
31,091356	1,440121
31,094133	1,398037
31,096911	1,372720
31,099689	1,412174
31,102467	1,528892
31,105244	1,735696
31,108022	2,022395
31,110800	2,362685
31,113578	2,755252
31,116355	3,138284
31,119133	3,194835
31,121911	3,197136
31,124689	3,196807
31,127466	3,194835
31,130244	3,185300
31,133022	2,989016
31,135800	2,506363
31,138577	1,922116
31,141355	1,403626
31,144133	1,057089
31,146911	0,900918
31,149688	0,911439
31,152466	1,007772
31,155244	1,128106
31,158022	1,220823
31,160799	1,283949
31,163577	1,324718
31,166355	1,364172
31,169133	1,389817
31,171910	1,409544
31,174688	1,403626
31,177466	1,390146
31,180244	1,382584
31,183021	1,396064
31,185799	1,420723
31,188577	1,438477
31,191355	1,443409
31,194132	1,428285
31,196910	1,423353
31,199688	1,428285
31,202466	1,447683
31,205243	1,467410
31,208021	1,475958
31,210799	1,465766
31,213577	1,463793
31,216354	1,476616
31,219132	1,503247
31,221910	1,529550
31,224688	1,535468
31,227465	1,529221
31,230243	1,524618
31,233021	1,538427
31,235799	1,559469
31,238576	1,589717
31,241354	1,593333
31,244132	1,590046
31,246910	1,587087
31,249687	1,601224
31,252465	1,624239
31,255243	1,643637
31,258021	1,646596
31,260798	1,636733
31,263576	1,631143
31,266354	1,637062
31,269132	1,658104
31,271909	1,673556
31,274687	1,679803
31,277465	1,671584
31,280243	1,669282
31,283020	1,691639
31,285798	1,682434
31,288576	1,593333
31,291354	1,511795
31,294131	1,475301
31,296909	1,493055
31,299687	1,558811
31,302465	1,635418
31,305242	1,696900
31,308020	1,725504
31,310798	1,728463
31,313576	1,728134
31,316353	1,742272
31,319131	1,760684
31,321909	1,777780
31,324687	1,767917
31,327464	1,741286
31,330242	1,713339
31,333020	1,697558
31,335798	1,686050
31,338575	1,667310
31,341353	1,631143
31,344131	1,577552
31,346909	1,533495
31,349686	1,498315
31,352464	1,484835
31,355242	1,476287
31,358020	1,461163
31,360797	1,433216
31,363575	1,416449
31,366353	1,418750
31,369131	1,435189
31,371908	1,450971
31,374686	1,447354
31,377464	1,432230
31,380242	1,419408
31,383019	1,427298
31,385797	1,443409
31,388575	1,462807
31,391353	1,459519
31,394130	1,447025
31,396908	1,439463
31,399686	1,444066
31,402464	1,462149
31,405241	1,477931
31,408019	1,476945
31,410797	1,461163
31,413575	1,451957
31,416352	1,454587
31,419130	1,462478
31,421908	1,454587
31,424686	1,424011
31,427463	1,385214
31,430241	1,383242
31,433019	1,452943
31,435797	1,634760
31,438574	1,891868
31,441352	2,223610
31,444130	2,608943
31,446908	2,990003
31,449685	3,193848
31,452463	3,197794
31,455241	3,198451
31,458019	3,196807
31,460796	3,190560
31,463574	3,109680
31,466352	2,702975
31,469130	2,129578
31,471907	1,593991
31,474685	1,183342
31,477463	0,958126
31,480241	0,900260
31,483018	0,960756
31,485796	1,078460
31,488574	1,189589
31,491352	1,271456
31,494129	1,319129
31,496907	1,351021
31,499685	1,379954
31,502463	1,404284
31,505240	1,419079
31,508018	1,416777
31,510796	1,398694
31,513574	1,387516
31,516351	1,399352
31,519129	1,421051
31,521907	1,439135
31,524685	1,440778
31,527462	1,430257
31,530240	1,422038
31,533018	1,430257
31,535796	1,449984
31,538573	1,470369
31,541351	1,474314
31,544129	1,464122
31,546907	1,462478
31,549684	1,480232
31,552462	1,506206
31,555240	1,530536
31,558018	1,537112
31,560795	1,530865
31,563573	1,530865
31,566351	1,541715
31,569129	1,568017
31,571906	1,592347
31,574684	1,596293
31,577462	1,588402
31,580240	1,585771
31,583017	1,598594
31,585795	1,621609
31,588573	1,643637
31,591351	1,645939
31,594128	1,637390
31,596906	1,630486
31,599684	1,640678
31,602462	1,663364
31,605239	1,685064
31,608017	1,686050
31,610795	1,679146
31,613573	1,684077
31,616350	1,692955
31,619128	1,624897
31,621906	1,543030
31,624684	1,497000
31,627461	1,495028
31,630239	1,534153
31,633017	1,596621
31,635795	1,666323
31,638572	1,721230
31,641350	1,744573
31,644128	1,739971
31,646906	1,735368
31,649683	1,744573
31,652461	1,762656
31,655239	1,775150
31,658017	1,763314
31,660794	1,736683
31,663572	1,705120
31,666350	1,684735
31,669128	1,665994
31,671905	1,643966
31,674683	1,606485
31,677461	1,553880
31,680239	1,508836
31,683016	1,483191
31,685794	1,474972
31,688572	1,471355
31,691350	1,459190
31,694127	1,434860
31,696905	1,421709
31,699683	1,422038
31,702461	1,437819
31,705238	1,449984
31,708016	1,449327
31,710794	1,432559
31,713572	1,424997
31,716349	1,431901
31,719127	1,450971
31,721905	1,467410
31,724683	1,463793
31,727460	1,446368
31,730238	1,435189
31,733016	1,443080
31,735794	1,458204
31,738571	1,478588
31,741349	1,475629
31,744127	1,463464
31,746905	1,455574
31,749682	1,456889
31,752460	1,456889
31,755238	1,443737
31,758016	1,413489
31,760793	1,386529
31,763571	1,421380
31,766349	1,540071
31,769127	1,763314
31,771904	2,093741
31,774682	2,461977
31,777460	2,846325
31,780238	3,180697
31,783015	3,195163
31,785793	3,198451
31,788571	3,197465
31,791349	3,195163
31,794126	3,174450
31,796904	2,874600
31,799682	2,342300
31,802460	1,777452
31,805237	1,318800
31,808015	1,033417
31,810793	0,915384
31,813571	0,927549
31,816348	1,023554
31,819126	1,138627
31,821904	1,245810
31,824682	1,313540
31,827459	1,346747
31,830237	1,362857
31,833015	1,381269
31,835793	1,402640
31,838570	1,416449
31,841348	1,416449
31,844126	1,397708
31,846904	1,392119
31,849681	1,400009
31,852459	1,422038
31,855237	1,439792
31,858015	1,444066
31,860792	1,430257
31,863570	1,422695
31,866348	1,432888
31,869126	1,453601
31,871903	1,476616
31,874681	1,476945
31,877459	1,469383
31,880237	1,468067
31,883014	1,486479
31,885792	1,508179
31,888570	1,534481
31,891348	1,539742
31,894125	1,536125
31,896903	1,534153
31,899681	1,547304
31,902459	1,572620
31,905236	1,597936
31,908014	1,606485
31,910792	1,598265
31,913570	1,596621
31,916347	1,605827
31,919125	1,630815
31,921903	1,649555
31,924681	1,652514
31,927458	1,640678
31,930236	1,635089
31,933014	1,643966
31,935792	1,665337
31,938569	1,685064
31,941347	1,689667
31,944125	1,687694
31,946903	1,699201
31,949680	1,654487
31,952458	1,565058
31,955236	1,514754
31,958014	1,503247
31,960791	1,530536
31,963569	1,578210
31,966347	1,641993
31,969125	1,697886
31,971902	1,737669
31,974680	1,747204
31,977458	1,741614
31,980236	1,737998
31,983013	1,746875
31,985791	1,761341
31,988569	1,767588
31,991347	1,752135
31,994124	1,718271
31,996902	1,683749
31,999680	1,656131
32,002458	1,641336
32,005235	1,618650
32,008013	1,578867
32,010791	1,524289
32,013569	1,479575
32,016346	1,457546
32,019124	1,452286
32,021902	1,456889
32,024680	1,446039
32,027457	1,426641
32,030235	1,413161
32,033013	1,419736
32,035791	1,430915
32,038568	1,448340
32,041346	1,445710
32,044124	1,431901
32,046902	1,423353
32,049679	1,429929
32,052457	1,448340
32,055235	1,464780
32,058013	1,465437
32,060790	1,448669
32,063568	1,442422
32,066346	1,445381
32,069124	1,465437
32,071901	1,477273
32,074679	1,475958
32,077457	1,457875
32,080235	1,450971
32,083012	1,443080
32,085790	1,435189
32,088568	1,420394
32,091346	1,400338
32,094123	1,409873
32,096901	1,478917
32,099679	1,666323
32,102457	1,953679
32,105234	2,314025
32,108012	2,717113
32,110790	3,089624
32,113568	3,194177
32,116346	3,196807
32,119123	3,197136
32,121901	3,196807
32,124679	3,188588
32,127457	3,036690
32,130234	2,566530
32,133012	1,975379
32,135790	1,464451
32,138568	1,119229
32,141345	0,951222
32,144123	0,916699
32,146901	0,978839
32,149679	1,082406
32,152456	1,199123
32,155234	1,291511
32,158012	1,348391
32,160789	1,365816
32,163567	1,370419
32,166345	1,380282
32,169123	1,396393
32,171900	1,411517
32,174678	1,408887
32,177456	1,396064
32,180234	1,387516
32,183011	1,399681
32,185789	1,418750
32,188567	1,443409
32,191345	1,445710
32,194122	1,431901
32,196900	1,422367
32,199678	1,434532
32,202456	1,457546
32,205233	1,477931
32,208011	1,484835
32,210789	1,475629
32,213567	1,479904
32,216344	1,495356
32,219122	1,519029
32,221900	1,538427
32,224678	1,546646
32,227455	1,537112
32,230233	1,538756
32,233011	1,553551
32,235789	1,580182
32,238566	1,605827
32,241344	1,613389
32,244122	1,607142
32,246900	1,602211
32,249677	1,613060
32,252455	1,636404
32,255233	1,657446
32,258011	1,658104
32,260788	1,648240
32,263566	1,643308
32,266344	1,654816
32,269122	1,676187
32,271899	1,697558
32,274677	1,702161
32,277455	1,705120
32,280233	1,678488
32,283010	1,583141
32,285788	1,513439
32,288566	1,497658
32,291344	1,521330
32,294121	1,563414
32,296899	1,613389
32,299677	1,667310
32,302455	1,716956
32,305232	1,752464
32,308010	1,763972
32,310788	1,757725
32,313566	1,753122
32,316343	1,755752
32,319121	1,764300
32,321899	1,764958
32,324677	1,748190
32,327454	1,709723
32,330232	1,670926
32,333010	1,642980
32,335788	1,621609
32,338566	1,597608
32,341343	1,558811
32,344121	1,507192
32,346899	1,466423
32,349677	1,448012
32,352454	1,448340
32,355232	1,452286
32,358010	1,444066
32,360788	1,427298
32,363565	1,417435
32,366343	1,420065
32,369121	1,434203
32,371899	1,448012
32,374676	1,446697
32,377454	1,433545
32,380232	1,424011
32,383009	1,433874
32,385787	1,450642
32,388565	1,467739
32,391343	1,464122
32,394120	1,448012
32,396898	1,440121
32,399676	1,445710
32,402454	1,463464
32,405231	1,479246
32,408009	1,477931
32,410787	1,460177
32,413565	1,443737
32,416342	1,428942
32,419120	1,417764
32,421898	1,410859
32,424676	1,410202
32,427453	1,453930
32,430231	1,591361
32,433009	1,821837
32,435787	2,166402
32,438564	2,574750
32,441342	2,968632
32,444120	3,192204
32,446898	3,197136
32,449675	3,196807
32,452453	3,196150
32,455231	3,192533
32,458009	3,150449
32,460786	2,777609
32,463564	2,201581
32,466342	1,644952
32,469120	1,225426
32,471897	0,998566
32,474675	0,924261
32,477453	0,956153
32,480231	1,040650
32,483008	1,146847
32,485786	1,254688
32,488564	1,334911
32,491342	1,379296
32,494119	1,385543
32,496897	1,386201
32,499675	1,391790
32,502453	1,411188
32,505230	1,425983
32,508008	1,427298
32,510786	1,414147
32,513564	1,407243
32,516341	1,416449
32,519119	1,435518
32,521897	1,456560
32,524675	1,454587
32,527452	1,442094
32,530230	1,432230
32,533008	1,445053
32,535786	1,465437
32,538563	1,490425
32,541341	1,495685
32,544119	1,490096
32,546897	1,489109
32,549674	1,505877
32,552452	1,529221
32,555230	1,554208
32,558008	1,562428
32,560786	1,551578
32,563563	1,551249
32,566341	1,564072
32,569119	1,587744
32,571897	1,608786
32,574674	1,617335
32,577452	1,609444
32,580230	1,610430
32,583008	1,619636
32,585785	1,640349
32,588563	1,658761
32,591341	1,658761
32,594119	1,648569
32,596896	1,642651
32,599674	1,652843
32,602452	1,670926
32,605230	1,696242
32,608007	1,707092
32,610785	1,706106
32,613563	1,620622
32,616340	1,526262
32,619118	1,486808
32,621896	1,509494
32,624674	1,554537
32,627451	1,603526
32,630229	1,647583
32,633007	1,688023
32,635785	1,727477
32,638562	1,756081
32,641340	1,759697
32,644118	1,749834
32,646896	1,741943
32,649673	1,742930
32,652451	1,752135
32,655229	1,752135
32,658007	1,731093
32,660784	1,691639
32,663562	1,647911
32,666340	1,618650
32,669118	1,599580
32,671895	1,576237
32,674673	1,535797
32,677451	1,491740
32,680229	1,451299
32,683006	1,441436
32,685784	1,442751
32,688562	1,447683
32,691340	1,438806
32,694117	1,422038
32,696895	1,409215
32,699673	1,415791
32,702451	1,434532
32,705228	1,450642
32,708006	1,453601
32,710784	1,435189
32,713562	1,427627
32,716339	1,429929
32,719117	1,448012
32,721895	1,459519
32,724673	1,462478
32,727450	1,448012
32,730228	1,440450
32,733006	1,448012
32,735784	1,465437
32,738561	1,484507
32,741339	1,479904
32,744117	1,463136
32,746895	1,438477
32,749672	1,417435
32,752450	1,401982
32,755228	1,408887
32,758006	1,442751
32,760783	1,533824
32,763561	1,714654
32,766339	2,021737
32,769117	2,398193
32,771894	2,817392
32,774672	3,176094
32,777450	3,196807
32,780228	3,198780
32,783006	3,197794
32,785783	3,195163
32,788561	3,184642
32,791339	2,958768
32,794117	2,441922
32,796894	1,843537
32,799672	1,349377
32,802450	1,058076
32,805228	0,940372
32,808005	0,947276
32,810783	1,016320
32,813561	1,105749
32,816339	1,205699
32,819116	1,293813
32,821894	1,362528
32,824672	1,390475
32,827450	1,392119
32,830227	1,380940
32,833005	1,389817
32,835783	1,402311
32,838560	1,417764
32,841338	1,417106
32,844116	1,403955
32,846894	1,397379
32,849671	1,408887
32,852449	1,432230
32,855227	1,451957
32,858005	1,455245
32,860782	1,439792
32,863560	1,435847
32,866338	1,448012
32,869116	1,474643
32,871893	1,491740
32,874671	1,499302
32,877449	1,489767
32,880227	1,490425
32,883004	1,504233
32,885782	1,528235
32,888560	1,553222
32,891338	1,559798
32,894115	1,554537
32,896893	1,552564
32,899671	1,569332
32,902449	1,592018
32,905226	1,618979
32,908004	1,623253
32,910782	1,615691
32,913560	1,612074
32,916337	1,621609
32,919115	1,642322
32,921893	1,661720
32,924671	1,663035
32,927448	1,650870
32,930226	1,646267
32,933004	1,653501
32,935782	1,676515
32,938559	1,701832
32,941337	1,719915
32,944115	1,667310
32,946893	1,556510
32,949670	1,486808
32,952448	1,491411
32,955226	1,538098
32,958004	1,596950
32,960781	1,640349
32,963559	1,672899
32,966337	1,706435
32,969115	1,739642
32,971892	1,762328
32,974670	1,766602
32,977448	1,757725
32,980226	1,746546
32,983003	1,745231
32,985781	1,750820
32,988559	1,749505
32,991337	1,722545
32,994114	1,672570
32,996892	1,625225
32,999670	1,593662
33,002448	1,574922
33,005226	1,554208
33,008003	1,518042
33,010781	1,471684
33,013559	1,439792
33,016337	1,430257
33,019114	1,439463
33,021892	1,446697
33,024670	1,442422
33,027448	1,425654
33,030225	1,412174
33,033003	1,418421
33,035781	1,437162
33,038559	1,453930
33,041336	1,454259
33,044114	1,439463
33,046892	1,428285
33,049670	1,434532
33,052447	1,452286
33,055225	1,470369
33,058003	1,466752
33,060780	1,450642
33,063558	1,441765
33,066336	1,448669
33,069114	1,466752
33,071891	1,481547
33,074669	1,478917
33,077447	1,449656
33,080225	1,418421
33,083002	1,393763
33,085780	1,391790
33,088558	1,419736
33,091336	1,489109
33,094113	1,645939
33,096891	1,890882
33,099669	2,235117
33,102447	2,658261
33,105224	3,061020
33,108002	3,193519
33,110780	3,197136
33,113558	3,198451
33,116335	3,198451
33,119113	3,191547
33,121891	3,104090
33,124669	2,676344
33,127446	2,068753
33,130224	1,512124
33,133002	1,126463
33,135780	0,949578
33,138557	0,929851
33,141335	0,991991
33,144113	1,078789
33,146891	1,167232
33,149668	1,252715
33,152446	1,334582
33,155224	1,387516
33,158002	1,400338
33,160779	1,387516
33,163557	1,376666
33,166335	1,384228
33,169113	1,404284
33,171890	1,422695
33,174668	1,424997
33,177446	1,412503
33,180224	1,402311
33,183001	1,414805
33,185779	1,436504
33,188557	1,456560
33,191335	1,457546
33,194112	1,448998
33,196890	1,442422
33,199668	1,452615
33,202446	1,475301
33,205223	1,496014
33,208001	1,504562
33,210779	1,496671
33,213557	1,495685
33,216334	1,508836
33,219112	1,535139
33,221890	1,557167
33,224668	1,566702
33,227445	1,561442
33,230223	1,563743
33,233001	1,577881
33,235779	1,603197
33,238557	1,626541
33,241334	1,629500
33,244112	1,617663
33,246890	1,612732
33,249668	1,623910
33,252445	1,641336
33,255223	1,660076
33,258001	1,660076
33,260779	1,652843
33,263556	1,646596
33,266334	1,660734
33,269112	1,687694
33,271890	1,720244
33,274667	1,712024
33,277445	1,604512
33,280223	1,503576
33,283000	1,469054
33,285778	1,505549
33,288556	1,573607
33,291334	1,634760
33,294111	1,668296
33,296889	1,692955
33,299667	1,716298
33,302445	1,745889
33,305222	1,767588
33,308000	1,768903
33,310778	1,752464
33,313556	1,735696
33,316333	1,732080
33,319111	1,737340
33,321889	1,732409
33,324667	1,704133
33,327444	1,657775
33,330222	1,608786
33,333000	1,579196
33,335778	1,555195
33,338555	1,532838
33,341333	1,498644
33,344111	1,462149
33,346889	1,437162
33,349666	1,433545
33,352444	1,444066
33,355222	1,451299
33,358000	1,449656
33,360777	1,428285
33,363555	1,417106
33,366333	1,420394
33,369111	1,441765
33,371888	1,455902
33,374666	1,459190
33,377444	1,444066
33,380222	1,435847
33,382999	1,443080
33,385777	1,460505
33,388555	1,474972
33,391333	1,472013
33,394110	1,456560
33,396888	1,446697
33,399666	1,456560
33,402444	1,470369
33,405221	1,485822
33,407999	1,475629
33,410777	1,444395
33,413555	1,404612
33,416332	1,388173
33,419110	1,397050
33,421888	1,464451
33,424666	1,590703
33,427443	1,789617
33,430221	2,099659
33,432999	2,484992
33,435777	2,898930
33,438554	3,190560
33,441332	3,195492
33,444110	3,197136
33,446888	3,197136
33,449665	3,193848
33,452443	3,172148
33,455221	2,865394
33,457999	2,311395
33,460777	1,719915
33,463554	1,247126
33,466332	0,990675
33,469110	0,919330
33,471888	0,972921
33,474665	1,058733
33,477443	1,147505
33,480221	1,224111
33,482999	1,298744
33,485776	1,360884
33,488554	1,403626
33,491332	1,408558
33,494110	1,396393
33,496887	1,386201
33,499665	1,391790
33,502443	1,409544
33,505221	1,427956
33,507998	1,434532
33,510776	1,422695
33,513554	1,418750
33,516331	1,427298
33,519109	1,449327
33,521887	1,459519
33,524665	1,461821
33,527442	1,448669
33,530220	1,445710
33,532998	1,459519
33,535776	1,485164
33,538553	1,509494
33,541331	1,517056
33,544109	1,513439
33,546887	1,506535
33,549664	1,523960
33,552442	1,547304
33,555220	1,573935
33,557998	1,578867
33,560775	1,571305
33,563553	1,566045
33,566331	1,582155
33,569109	1,607142
33,571886	1,632130
33,574664	1,635746
33,577442	1,623581
33,580220	1,619307
33,582997	1,627856
33,585775	1,647583
33,588553	1,665337
33,591331	1,668296
33,594108	1,655473
33,596886	1,652186
33,599664	1,663693
33,602442	1,691968
33,605219	1,727806
33,607997	1,664679
33,610775	1,545989
33,613553	1,474314
33,616330	1,479575
33,619108	1,537112
33,621886	1,615691
33,624664	1,665337
33,627441	1,689338
33,630219	1,702489
33,632997	1,722545
33,635775	1,747861
33,638552	1,772191
33,641330	1,772849
33,644108	1,753122
33,646886	1,734710
33,649663	1,727148
33,652441	1,726162
33,655219	1,717613
33,657997	1,681447
33,660774	1,630157
33,663552	1,587744
33,666330	1,555195
33,669108	1,537440
33,671885	1,519357
33,674663	1,488123
33,677441	1,451628
33,680219	1,426312
33,682997	1,421380
33,685774	1,432230
33,688552	1,447025
33,691330	1,444724
33,694108	1,431573
33,696885	1,420723
33,699663	1,427627
33,702441	1,442422
33,705219	1,456231
33,707996	1,452943
33,710774	1,438806
33,713552	1,430257
33,716330	1,439792
33,719107	1,456889
33,721885	1,472013
33,724663	1,472013
33,727441	1,456889
33,730218	1,450642
33,732996	1,456889
33,735774	1,473328
33,738551	1,482863
33,741329	1,466095
33,744107	1,421709
33,746885	1,385543
33,749662	1,376008
33,752440	1,422367
33,755218	1,526919
33,757996	1,712682
33,760773	1,982283
33,763551	2,323560
33,766329	2,735525
33,769107	3,133681
33,771884	3,195492
33,774662	3,197794
33,777440	3,197794
33,780218	3,194835
33,782995	3,186286
33,785773	3,010716
33,788551	2,538584
33,791329	1,939213
33,794106	1,407243
33,796884	1,060706
33,799662	0,915713
33,802440	0,932152
33,805217	1,024869
33,807995	1,120216
33,810773	1,197808
33,813551	1,263236
33,816328	1,324061
33,819106	1,378639
33,821884	1,409544
33,824662	1,408229
33,827439	1,392447
33,830217	1,381598
33,832995	1,387516
33,835773	1,407900
33,838550	1,428285
33,841328	1,429929
33,844106	1,423353
33,846884	1,418750
33,849661	1,428613
33,852439	1,445710
33,855217	1,459190
33,857995	1,457875
33,860772	1,447025
33,863550	1,443409
33,866328	1,456889
33,869106	1,485164
33,871883	1,512124
33,874661	1,520673
33,877439	1,510809
33,880217	1,507192
33,882994	1,521659
33,885772	1,546646
33,888550	1,571963
33,891328	1,579853
33,894105	1,574593
33,896883	1,571305
33,899661	1,585771
33,902439	1,608457
33,905216	1,630486
33,907994	1,632459
33,910772	1,621280
33,913550	1,619307
33,916328	1,631801
33,919105	1,652843
33,921883	1,673228
33,924661	1,672570
33,927439	1,658432
33,930216	1,651528
33,932994	1,666981
33,935772	1,702489
33,938550	1,694927
33,941327	1,593662
33,944105	1,492726
33,946883	1,462149
33,949661	1,496014
33,952438	1,572949
33,955216	1,652843
33,957994	1,698215
33,960771	1,712353
33,963549	1,718271
33,966327	1,733724
33,969105	1,757396
33,971882	1,776465
33,974660	1,772849
33,977438	1,751149
33,980216	1,731093
33,982993	1,720901
33,985771	1,715641
33,988549	1,702818
33,991327	1,663693
33,994104	1,611745
33,996882	1,561113
33,999660	1,529550
34,002438	1,512124
34,005215	1,497329
34,007993	1,476287
34,010771	1,445053
34,013549	1,423682
34,016326	1,418421
34,019104	1,432559
34,021882	1,441107
34,024660	1,436175
34,027437	1,421380
34,030215	1,414805
34,032993	1,424011
34,035771	1,442094
34,038548	1,455245
34,041326	1,452943
34,044104	1,441107
34,046882	1,427956
34,049659	1,438806
34,052437	1,455902
34,055215	1,473657
34,057993	1,472999
34,060770	1,459519
34,063548	1,444395
34,066326	1,455574
34,069104	1,473657
34,071881	1,479246
34,074659	1,454587
34,077437	1,405270
34,080215	1,374036
34,082992	1,381926
34,085770	1,461163
34,088548	1,627198
34,091326	1,863922
34,094103	2,185471
34,096881	2,577051
34,099659	2,977509
34,102437	3,193848
34,105214	3,197794
34,107992	3,199766
34,110770	3,198122
34,113548	3,191218
34,116325	3,128092
34,119103	2,741114
34,121881	2,167717
34,124659	1,607142
34,127436	1,176109
34,130214	0,946619
34,132992	0,899932
34,135770	0,968976
34,138548	1,085694
34,141325	1,177753
34,144103	1,247126
34,146881	1,304334
34,149659	1,351678
34,152436	1,390146
34,155214	1,411517
34,157992	1,411517
34,160770	1,394749
34,163547	1,389160
34,166325	1,395406
34,169103	1,419079
34,171881	1,434860
34,174658	1,436833
34,177436	1,424011
34,180214	1,421380
34,182991	1,430586
34,185769	1,448669
34,188547	1,465766
34,191325	1,465766
34,194102	1,460834
34,196880	1,456231
34,199658	1,475301
34,202436	1,502918
34,205213	1,531522
34,207991	1,532509
34,210769	1,523632
34,213547	1,519029
34,216324	1,536454
34,219102	1,563414
34,221880	1,587087
34,224658	1,592018
34,227435	1,583141
34,230213	1,579853
34,232991	1,594649
34,235769	1,619636
34,238546	1,638048
34,241324	1,642322
34,244102	1,628513
34,246880	1,624239
34,249657	1,632787
34,252435	1,655145
34,255213	1,677173
34,257991	1,681776
34,260768	1,670269
34,263546	1,667638
34,266324	1,686708
34,269102	1,708079
34,271879	1,641336
34,274657	1,540400
34,277435	1,477931
34,280213	1,480561
34,282990	1,540728
34,285768	1,616677
34,288546	1,688680
34,291324	1,720572
34,294101	1,724189
34,296879	1,722874
34,299657	1,735368
34,302435	1,758711
34,305212	1,777123
34,307990	1,768575
34,310768	1,742272
34,313546	1,716956
34,316323	1,699859
34,319101	1,691968
34,321879	1,673228
34,324657	1,632787
34,327434	1,579525
34,330212	1,529878
34,332990	1,499630
34,335768	1,488123
34,338545	1,480561
34,341323	1,458861
34,344101	1,433874
34,346879	1,412503
34,349656	1,414147
34,352434	1,427956
34,355212	1,446039
34,357990	1,437162
34,360768	1,423024
34,363545	1,409873
34,366323	1,419408
34,369101	1,440121
34,371879	1,459190
34,374656	1,459848
34,377434	1,445710
34,380212	1,438148
34,382990	1,442422
34,385767	1,461821
34,388545	1,472670
34,391323	1,473328
34,394101	1,455245
34,396878	1,448012
34,399656	1,455902
34,402434	1,469054
34,405212	1,466752
34,407989	1,435518
34,410767	1,393434
34,413545	1,370419
34,416322	1,422038
34,419100	1,550921
34,421878	1,771862
34,424656	2,079274
34,427433	2,432058
34,430211	2,824296
34,432989	3,179053
34,435767	3,195821
34,438544	3,198780
34,441322	3,198451
34,444100	3,195821
34,446878	3,179382
34,449655	2,907478
34,452433	2,387672
34,455211	1,813289
34,457989	1,326362
34,460766	1,018951
34,463544	0,900918
34,466322	0,927549
34,469100	1,033417
34,471877	1,150464
34,474655	1,240550
34,477433	1,296772
34,480211	1,340500
34,482988	1,375022
34,485766	1,402968
34,488544	1,420723
34,491322	1,414476
34,494099	1,399023
34,496877	1,388831
34,499655	1,400009
34,502433	1,420723
34,505210	1,441765
34,507988	1,440450
34,510766	1,429271
34,513544	1,420065
34,516321	1,427298
34,519099	1,445053
34,521877	1,466423
34,524655	1,474314
34,527432	1,470040
34,530210	1,471355
34,532988	1,485822
34,535766	1,511138
34,538543	1,534481
34,541321	1,539084
34,544099	1,532838
34,546877	1,531851
34,549654	1,544345
34,552432	1,569332
34,555210	1,590703
34,557988	1,595306
34,560765	1,588402
34,563543	1,587087
34,566321	1,602211
34,569099	1,626541
34,571876	1,648898
34,574654	1,648240
34,577432	1,636404
34,580210	1,630486
34,582988	1,642651
34,585765	1,664351
34,588543	1,681447
34,591321	1,685393
34,594099	1,676515
34,596876	1,678159
34,599654	1,701174
34,602432	1,667310
34,605210	1,577881
34,607987	1,508836
34,610765	1,484178
34,613543	1,512124
34,616321	1,578867
34,619098	1,653829
34,621876	1,712353
34,624654	1,735368
34,627432	1,737669
34,630209	1,736025
34,632987	1,750820
34,635765	1,770876
34,638542	1,783370
34,641320	1,771534
34,644098	1,742601
34,646876	1,714325
34,649653	1,695914
34,652431	1,680461
34,655209	1,660734
34,657987	1,620294
34,660764	1,565387
34,663542	1,521659
34,666320	1,490425
34,669098	1,480232
34,671875	1,475629
34,674653	1,458861
34,677431	1,432559
34,680209	1,415133
34,682986	1,418092
34,685764	1,435518
34,688542	1,449327
34,691320	1,446368
34,694097	1,431901
34,696875	1,419408
34,699653	1,425654
34,702431	1,442751
34,705208	1,459848
34,707986	1,460834
34,710764	1,450642
34,713542	1,441436
34,716319	1,448012
34,719097	1,461821
34,721875	1,473985
34,724653	1,472342
34,727430	1,456560
34,730208	1,448340
34,732986	1,454916
34,735764	1,461821
34,738541	1,450313
34,741319	1,422038
34,744097	1,387187
34,746875	1,397379
34,749652	1,484178
34,752430	1,678817
34,755208	1,961899
34,757986	2,303833
34,760763	2,693112
34,763541	3,069897
34,766319	3,193191
34,769097	3,197465
34,771874	3,197465
34,774652	3,196807
34,777430	3,188588
34,780208	3,045896
34,782985	2,593490
34,785763	2,011216
34,788541	1,493384
34,791319	1,125805
34,794096	0,935440
34,796874	0,906836
34,799652	0,980812
34,802430	1,099502
34,805207	1,210302
34,807985	1,287566
34,810763	1,329321
34,813541	1,358912
34,816319	1,377981
34,819096	1,400996
34,821874	1,414805
34,824652	1,411517
34,827430	1,394091
34,830207	1,386529
34,832985	1,397050
34,835763	1,420394
34,838541	1,444724
34,841318	1,446039
34,844096	1,437162
34,846874	1,427298
34,849652	1,432888
34,852429	1,448998
34,855207	1,470698
34,857985	1,472013
34,860762	1,467739
34,863540	1,467081
34,866318	1,484507
34,869096	1,514097
34,871873	1,535797
34,874651	1,541715
34,877429	1,534481
34,880207	1,533166
34,882984	1,542372
34,885762	1,570319
34,888540	1,589388
34,891318	1,597279
34,894095	1,590703
34,896873	1,592347
34,899651	1,604183
34,902429	1,627527
34,905206	1,647583
34,907984	1,651857
34,910762	1,639034
34,913540	1,630486
34,916317	1,642651
34,919095	1,662707
34,921873	1,680461
34,924651	1,680461
34,927428	1,674214
34,930206	1,680461
34,932984	1,680790
34,935762	1,601882
34,938539	1,530207
34,941317	1,494370
34,944095	1,498315
34,946873	1,544345
34,949650	1,610101
34,952428	1,672570
34,955206	1,719257
34,957984	1,733395
34,960761	1,731093
34,963539	1,731751
34,966317	1,744245
34,969095	1,761013
34,971872	1,772191
34,974650	1,761013
34,977428	1,730436
34,980206	1,699530
34,982983	1,675529
34,985761	1,657775
34,988539	1,636733
34,991317	1,593662
34,994094	1,541386
34,996872	1,493712
34,999650	1,472013
35,002428	1,464780
35,005205	1,469054
35,007983	1,452943
35,010761	1,431573
35,013539	1,415791
35,016316	1,417764
35,019094	1,432888
35,021872	1,448669
35,024650	1,446039
35,027427	1,431244
35,030205	1,423353
35,032983	1,424339
35,035761	1,442422
35,038539	1,454259
35,041316	1,456560
35,044094	1,444066
35,046872	1,437491
35,049650	1,443409
35,052427	1,461163
35,055205	1,473985
35,057983	1,473328
35,060761	1,462149
35,063538	1,452943
35,066316	1,453272
35,069094	1,446697
35,071872	1,433874
35,074649	1,405599
35,077427	1,389817
35,080205	1,434532
35,082982	1,586100
35,085760	1,825125
35,088538	2,168045
35,091316	2,553379
35,094093	2,933781
35,096871	3,192533
35,099649	3,196807
35,102427	3,197794
35,105204	3,197465
35,107982	3,192862
35,110760	3,152750
35,113538	2,787801
35,116315	2,226240
35,119093	1,674872
35,121871	1,244824
35,124649	0,995936
35,127426	0,902233
35,130204	0,934782
35,132982	1,037034
35,135760	1,155724
35,138537	1,263565
35,141315	1,328664
35,144093	1,360227
35,146871	1,373378
35,149648	1,388831
35,152426	1,404284
35,155204	1,422038
35,157982	1,417764
35,160759	1,402968
35,163537	1,394749
35,166315	1,401982
35,169093	1,424011
35,171870	1,446368
35,174648	1,448669
35,177426	1,437162
35,180204	1,429929
35,182981	1,436833
35,185759	1,460505
35,188537	1,481219
35,191315	1,485822
35,194092	1,477273
35,196870	1,477931
35,199648	1,492068
35,202426	1,520015
35,205203	1,544345
35,207981	1,550921
35,210759	1,545002
35,213537	1,540728
35,216314	1,555195
35,219092	1,580182
35,221870	1,604841
35,224648	1,609444
35,227425	1,606156
35,230203	1,599252
35,232981	1,611088
35,235759	1,633774
35,238536	1,653501
35,241314	1,654816
35,244092	1,645939
35,246870	1,641336
35,249647	1,653501
35,252425	1,673556
35,255203	1,693283
35,257981	1,698215
35,260759	1,695585
35,263536	1,698215
35,266314	1,633116
35,269092	1,549605
35,271870	1,507521
35,274647	1,509165
35,277425	1,537769
35,280203	1,588402
35,282981	1,648898
35,285758	1,703147
35,288536	1,741614
35,291314	1,754766
35,294092	1,748190
35,296869	1,742601
35,299647	1,749505
35,302425	1,762328
35,305203	1,771534
35,307980	1,757725
35,310758	1,723531
35,313536	1,688352
35,316313	1,660076
35,319091	1,640021
35,321869	1,619636
35,324647	1,577881
35,327424	1,524618
35,330202	1,481876
35,332980	1,459519
35,335758	1,458204
35,338535	1,461163
35,341313	1,448012
35,344091	1,424997
35,346869	1,412174
35,349646	1,413489
35,352424	1,431244
35,355202	1,447683
35,357980	1,446368
35,360757	1,434860
35,363535	1,424668
35,366313	1,429929
35,369091	1,450642
35,371868	1,469383
35,374646	1,469383
35,377424	1,453272
35,380202	1,444066
35,382979	1,449656
35,385757	1,468396
35,388535	1,480890
35,391313	1,480232
35,394090	1,467081
35,396868	1,454587
35,399646	1,444066
35,402424	1,431901
35,405201	1,415462
35,407979	1,399352
35,410757	1,420723
35,413535	1,509165
35,416312	1,706763
35,419090	2,023710
35,421868	2,397536
35,424646	2,799637
35,427423	3,158011
35,430201	3,194835
35,432979	3,198122
35,435757	3,199109
35,438534	3,196807
35,441312	3,184313
35,444090	2,957453
35,446868	2,445867
35,449645	1,859319
35,452423	1,374693
35,455201	1,072542
35,457979	0,940043
35,460756	0,929522
35,463534	1,000868
35,466312	1,103777
35,469090	1,214247
35,471867	1,304005
35,474645	1,357596
35,477423	1,372392
35,480201	1,376337
35,482978	1,384557
35,485756	1,401982
35,488534	1,419736
35,491312	1,418421
35,494090	1,408229
35,496867	1,401982
35,499645	1,409873
35,502423	1,429600
35,505201	1,453601
35,507978	1,452615
35,510756	1,440450
35,513534	1,429600
35,516312	1,437819
35,519089	1,459190
35,521867	1,478917
35,524645	1,480890
35,527423	1,472999
35,530200	1,477602
35,532978	1,493055
35,535756	1,521988
35,538533	1,543359
35,541311	1,549605
35,544089	1,542043
35,546867	1,542701
35,549644	1,556181
35,552422	1,583799
35,555200	1,607471
35,557978	1,612732
35,560755	1,605170
35,563533	1,600238
35,566311	1,614376
35,569089	1,636404
35,571866	1,658104
35,574644	1,657117
35,577422	1,647583
35,580200	1,638377
35,582977	1,646925
35,585755	1,666652
35,588533	1,689009
35,591311	1,696242
35,594088	1,701832
35,596866	1,657117
35,599644	1,559469
35,602422	1,500617
35,605199	1,497329
35,607977	1,533166
35,610755	1,577223
35,613533	1,629171
35,616310	1,676844
35,619088	1,722545
35,621866	1,751478
35,624644	1,759369
35,627421	1,750163
35,630199	1,741943
35,632977	1,745231
35,635755	1,754766
35,638532	1,757067
35,641310	1,739642
35,644088	1,702161
35,646866	1,659090
35,649643	1,633774
35,652421	1,614376
35,655199	1,595635
35,657977	1,552564
35,660754	1,500288
35,663532	1,461163
35,666310	1,446039
35,669088	1,448669
35,671865	1,456231
35,674643	1,448340
35,677421	1,428613
35,680199	1,417764
35,682976	1,417435
35,685754	1,437162
35,688532	1,447025
35,691310	1,447354
35,694087	1,432888
35,696865	1,426970
35,699643	1,434532
35,702421	1,454916
35,705198	1,470369
35,707976	1,468396
35,710754	1,452615
35,713532	1,441107
35,716310	1,446697
35,719087	1,459519
35,721865	1,477931
35,724643	1,473985
35,727421	1,463136
35,730198	1,440121
35,732976	1,426641
35,735754	1,415133
35,738532	1,409873
35,741309	1,417764
35,744087	1,472013
35,746865	1,627856
35,749643	1,883320
35,752420	2,234131
35,755198	2,652343
35,757976	3,042279
35,760753	3,193848
35,763531	3,196150
35,766309	3,196807
35,769087	3,197136
35,771864	3,192204
35,774642	3,103762
35,777420	2,674700
35,780198	2,077301
35,782975	1,536125
35,785753	1,155395
35,788531	0,970291
35,791309	0,927549
35,794086	0,975880
35,796864	1,063665
35,799642	1,171506
35,802420	1,265537
35,805197	1,344445
35,807975	1,381269
35,810753	1,385214
35,813531	1,380282
35,816308	1,385214
35,819086	1,403297
35,821864	1,419736
35,824642	1,421709
35,827419	1,408887
35,830197	1,408229
35,832975	1,414805
35,835753	1,438806
35,838530	1,455574
35,841308	1,455902
35,844086	1,440121
35,846864	1,433216
35,849641	1,441436
35,852419	1,466423
35,855197	1,487466
35,857975	1,495356
35,860752	1,491082
35,863530	1,490096
35,866308	1,503905
35,869086	1,523960
35,871863	1,548948
35,874641	1,552893
35,877419	1,546646
35,880197	1,544674
35,882974	1,563086
35,885752	1,591032
35,888530	1,616019
35,891308	1,621609
35,894085	1,614704
35,896863	1,608129
35,899641	1,614704
35,902419	1,633774
35,905196	1,650542
35,907974	1,656460
35,910752	1,647254
35,913530	1,643637
35,916307	1,652843
35,919085	1,675200
35,921863	1,698873
35,924641	1,713668
35,927418	1,698544
35,930196	1,596950
35,932974	1,510809
35,935752	1,485822
35,938530	1,517056
35,941307	1,567031
35,944085	1,614704
35,946863	1,654487
35,949641	1,695256
35,952418	1,731422
35,955196	1,758054
35,957974	1,765616
35,960752	1,759040
35,963529	1,746875
35,966307	1,748190
35,969085	1,754766
35,971863	1,753451
35,974640	1,730107
35,977418	1,689338
35,980196	1,645610
35,982973	1,615362
35,985751	1,596293
35,988529	1,572291
35,991307	1,532509
35,994084	1,482863
35,996862	1,450313
35,999640	1,439792
36,002418	1,446697
36,005195	1,453272
36,007973	1,445710
36,010751	1,428285
36,013529	1,415791
36,016306	1,420394
36,019084	1,436504
36,021862	1,454259
36,024640	1,452286
36,027417	1,437491
36,030195	1,426970
36,032973	1,433216
36,035751	1,452286
36,038528	1,470369
36,041306	1,468396
36,044084	1,454587
36,046862	1,443080
36,049639	1,447025
36,052417	1,463136
36,055195	1,479246
36,057973	1,478260
36,060750	1,460177
36,063528	1,432559
36,066306	1,408229
36,069084	1,400996
36,071861	1,411517
36,074639	1,459848
36,077417	1,569990
36,080195	1,766602
36,082972	2,089795
36,085750	2,485321
36,088528	2,900245
36,091306	3,188916
36,094083	3,195492
36,096861	3,196150
36,099639	3,196807
36,102417	3,193191
36,105194	3,174450
36,107972	2,868024
36,110750	2,312710
36,113528	1,727477
36,116305	1,265537
36,119083	1,013033
36,121861	0,932152
36,124639	0,962071
36,127416	1,035061
36,130194	1,123503
36,132972	1,221152
36,135750	1,307622
36,138527	1,371405
36,141305	1,398037
36,144083	1,389817
36,146861	1,379625
36,149638	1,386529
36,152416	1,402311
36,155194	1,422695
36,157972	1,424668
36,160749	1,413818
36,163527	1,407900
36,166305	1,418092
36,169083	1,438806
36,171861	1,456560
36,174638	1,457546
36,177416	1,444066
36,180194	1,439463
36,182972	1,451628
36,185749	1,477273
36,188527	1,500617
36,191305	1,509494
36,194083	1,503576
36,196860	1,501932
36,199638	1,513439
36,202416	1,538756
36,205193	1,565387
36,207971	1,569661
36,210749	1,559798
36,213527	1,556181
36,216304	1,567360
36,219082	1,592018
36,221860	1,618650
36,224638	1,623253
36,227415	1,616019
36,230193	1,611088
36,232971	1,622595
36,235749	1,644952
36,238526	1,666981
36,241304	1,670269
36,244082	1,659748
36,246860	1,653501
36,249637	1,662049
36,252415	1,685393
36,255193	1,711038
36,257971	1,726819
36,260748	1,652514
36,263526	1,536783
36,266304	1,474314
36,269082	1,490096
36,271859	1,546318
36,274637	1,608129
36,277415	1,650542
36,280193	1,679475
36,282970	1,708079
36,285748	1,741943
36,288526	1,765944
36,291304	1,772520
36,294081	1,758711
36,296859	1,743587
36,299637	1,739971
36,302415	1,742272
36,305192	1,738655
36,307970	1,711038
36,310748	1,662707
36,313526	1,618979
36,316303	1,590046
36,319081	1,570319
36,321859	1,549277
36,324637	1,516070
36,327414	1,469711
36,330192	1,440778
36,332970	1,429600
36,335748	1,433874
36,338525	1,441107
36,341303	1,439463
36,344081	1,420065
36,346859	1,410859
36,349636	1,416777
36,352414	1,434860
36,355192	1,452943
36,357970	1,450313
36,360747	1,436175
36,363525	1,424011
36,366303	1,432559
36,369081	1,446697
36,371858	1,464780
36,374636	1,461492
36,377414	1,452286
36,380192	1,440778
36,382969	1,448998
36,385747	1,467081
36,388525	1,484178
36,391303	1,481219
36,394081	1,450971
36,396858	1,412174
36,399636	1,387187
36,402414	1,392119
36,405192	1,431244
36,407969	1,520344
36,410747	1,689009
36,413525	1,958940
36,416303	2,315669
36,419080	2,740785
36,421858	3,140914
36,424636	3,195492
36,427414	3,197794
36,430191	3,197465
36,432969	3,195492
36,435747	3,187273
36,438524	3,024854
36,441302	2,545488
36,444080	1,939542
36,446858	1,408887
36,449635	1,072871
36,452413	0,933139
36,455191	0,943660
36,457969	1,015334
36,460746	1,101804
36,463524	1,184986
36,466302	1,266853
36,469080	1,339513
36,471857	1,389488
36,474635	1,404941
36,477413	1,390475
36,480191	1,382255
36,482968	1,385214
36,485746	1,403297
36,488524	1,418421
36,491302	1,425983
36,494079	1,413489
36,496857	1,407571
36,499635	1,419736
36,502413	1,441107
36,505190	1,460834
36,507968	1,460177
36,510746	1,447354
36,513524	1,438477
36,516301	1,450642
36,519079	1,472342
36,521857	1,502590
36,524635	1,510152
36,527412	1,508836
36,530190	1,505549
36,532968	1,519357
36,535746	1,543687
36,538523	1,569332
36,541301	1,574593
36,544079	1,567031
36,546857	1,567031
36,549634	1,574922
36,552412	1,604183
36,555190	1,626541
36,557968	1,630157
36,560745	1,618650
36,563523	1,613389
36,566301	1,621280
36,569079	1,646596
36,571856	1,666652
36,574634	1,668296
36,577412	1,655145
36,580190	1,646925
36,582967	1,656131
36,585745	1,681447
36,588523	1,717285
36,591301	1,694270
36,594078	1,579525
36,596856	1,483520
36,599634	1,466752
36,602412	1,511467
36,605189	1,585443
36,607967	1,641993
36,610745	1,673228
36,613523	1,689338
36,616301	1,711695
36,619078	1,739971
36,621856	1,764629
36,624634	1,767588
36,627412	1,751478
36,630189	1,734052
36,632967	1,728463
36,635745	1,732080
36,638523	1,726162
36,641300	1,697558
36,644078	1,645610
36,646856	1,596950
36,649634	1,566045
36,652411	1,546975
36,655189	1,528892
36,657967	1,496671
36,660744	1,457875
36,663522	1,430586
36,666300	1,424011
36,669078	1,430915
36,671855	1,445381
36,674633	1,441107
36,677411	1,424339
36,680189	1,411517
36,682966	1,418421
36,685744	1,436833
36,688522	1,457218
36,691300	1,454916
36,694077	1,438477
36,696855	1,428613
36,699633	1,430586
36,702411	1,449327
36,705188	1,466423
36,707966	1,467410
36,710744	1,452615
36,713522	1,444395
36,716299	1,449984
36,719077	1,469711
36,721855	1,486479
36,724633	1,473985
36,727410	1,437819
36,730188	1,394420
36,732966	1,376666
36,735744	1,398694
36,738521	1,480890
36,741299	1,632787
36,744077	1,855702
36,746855	2,173964
36,749632	2,572777
36,752410	2,983427
36,755188	3,193191
36,757966	3,197465
36,760743	3,198780
36,763521	3,198122
36,766299	3,192533
36,769077	3,136969
36,771854	2,756567
36,774632	2,172648
36,777410	1,599252
36,780188	1,169533
36,782965	0,950893
36,785743	0,914069
36,788521	0,978511
36,791299	1,076159
36,794076	1,159012
36,796854	1,232659
36,799632	1,305978
36,802410	1,362199
36,805187	1,399352
36,807965	1,407571
36,810743	1,393763
36,813521	1,380940
36,816298	1,387187
36,819076	1,402640
36,821854	1,424011
36,824632	1,428285
36,827409	1,414805
36,830187	1,407571
36,832965	1,415462
36,835743	1,435847
36,838521	1,452943
36,841298	1,455902
36,844076	1,446368
36,846854	1,443737
36,849632	1,456889
36,852409	1,480232
36,855187	1,508836
36,857965	1,517714
36,860743	1,509823
36,863520	1,505877
36,866298	1,519686
36,869076	1,546318
36,871854	1,574593
36,874631	1,581169
36,877409	1,572949
36,880187	1,570648
36,882964	1,583141
36,885742	1,609444
36,888520	1,633774
36,891298	1,636733
36,894075	1,626869
36,896853	1,619965
36,899631	1,628842
36,902409	1,651857
36,905186	1,673228
36,907964	1,674872
36,910742	1,663364
36,913520	1,656460
36,916297	1,665337
36,919075	1,697229
36,921853	1,720572
36,924631	1,636404
36,927408	1,522974
36,930186	1,464780
36,932964	1,481876
36,935742	1,550263
36,938519	1,627856
36,941297	1,679803
36,944075	1,701503
36,946853	1,712353
36,949630	1,730765
36,952408	1,753779
36,955186	1,775479
36,957964	1,774821
36,960741	1,754766
36,963519	1,732409
36,966297	1,722216
36,969075	1,721230
36,971852	1,713010
36,974630	1,679146
36,977408	1,625883
36,980186	1,578867
36,982963	1,547633
36,985741	1,528235
36,988519	1,513439
36,991297	1,486479
36,994074	1,449656
36,996852	1,427298
36,999630	1,424997
37,002408	1,438806
37,005185	1,454259
37,007963	1,450642
37,010741	1,432230
37,013519	1,414147
37,016296	1,420065
37,019074	1,435847
37,021852	1,458861
37,024630	1,459190
37,027407	1,447025
37,030185	1,437162
37,032963	1,442422
37,035741	1,457546
37,038518	1,475301
37,041296	1,474643
37,044074	1,457546
37,046852	1,446368
37,049629	1,447025
37,052407	1,467410
37,055185	1,479575
37,057963	1,463136
37,060740	1,420723
37,063518	1,385543
37,066296	1,375680
37,069074	1,435518
37,071852	1,563414
37,074629	1,763643
37,077407	2,058890
37,080185	2,414961
37,082963	2,818378
37,085740	3,180368
37,088518	3,194177
37,091296	3,197794
37,094074	3,197465
37,096851	3,195821
37,099629	3,180697
37,102407	2,926219
37,105184	2,412331
37,107962	1,819207
37,110740	1,316827
37,113518	1,011718
37,116295	0,899932
37,119073	0,937742
37,121851	1,039006
37,124629	1,141915
37,127406	1,219179
37,130184	1,280661
37,132962	1,335568
37,135740	1,382584
37,138517	1,406256
37,141295	1,409215
37,144073	1,392776
37,146851	1,383899
37,149628	1,391461
37,152406	1,414805
37,155184	1,436175
37,157962	1,438806
37,160739	1,428942
37,163517	1,417435
37,166295	1,428942
37,169073	1,443080
37,171850	1,462478
37,174628	1,460177
37,177406	1,453930
37,180184	1,449327
37,182961	1,463136
37,185739	1,489767
37,188517	1,517385
37,191295	1,525604
37,194072	1,514426
37,196850	1,511138
37,199628	1,522974
37,202406	1,548290
37,205183	1,573278
37,207961	1,584456
37,210739	1,574922
37,213517	1,577223
37,216294	1,590374
37,219072	1,616677
37,221850	1,640349
37,224628	1,643637
37,227405	1,629500
37,230183	1,620294
37,232961	1,628842
37,235739	1,648898
37,238516	1,672899
37,241294	1,676187
37,244072	1,669282
37,246850	1,664351
37,249627	1,679803
37,252405	1,714654
37,255183	1,683420
37,257961	1,574264
37,260738	1,488452
37,263516	1,465437
37,266294	1,505220
37,269072	1,585771
37,271849	1,659748
37,274627	1,700188
37,277405	1,711695
37,280183	1,718271
37,282960	1,733066
37,285738	1,759040
37,288516	1,779096
37,291294	1,775150
37,294072	1,750820
37,296849	1,727148
37,299627	1,715969
37,302405	1,708736
37,305183	1,694927
37,307960	1,660734
37,310738	1,611417
37,313516	1,558483
37,316294	1,528235
37,319071	1,508179
37,321849	1,495685
37,324627	1,474972
37,327405	1,445381
37,330182	1,419736
37,332960	1,415791
37,335738	1,429929
37,338515	1,446697
37,341293	1,445381
37,344071	1,424997
37,346849	1,416777
37,349626	1,421380
37,352404	1,436833
37,355182	1,452615
37,357960	1,454259
37,360737	1,436175
37,363515	1,430257
37,366293	1,436833
37,369071	1,457875
37,371848	1,478588
37,374626	1,480232
37,377404	1,463793
37,380182	1,447354
37,382959	1,449656
37,385737	1,462807
37,388515	1,471355
37,391293	1,442422
37,394070	1,399023
37,396848	1,368118
37,399626	1,393763
37,402404	1,488781
37,405181	1,682434
37,407959	1,945460
37,410737	2,274900
37,413515	2,668782
37,416292	3,061349
37,419070	3,194177
37,421848	3,197794
37,424626	3,196807
37,427403	3,196150
37,430181	3,188259
37,432959	3,062664
37,435737	2,622095
37,438514	2,038834
37,441292	1,501274
37,444070	1,113640
37,446848	0,922618
37,449625	0,903219
37,452403	0,990347
37,455181	1,108708
37,457959	1,206028
37,460736	1,273428
37,463514	1,319458
37,466292	1,362857
37,469070	1,393763
37,471847	1,414805
37,474625	1,412174
37,477403	1,396064
37,480181	1,381269
37,482958	1,388173
37,485736	1,410859
37,488514	1,432230
37,491292	1,437162
37,494069	1,428285
37,496847	1,420723
37,499625	1,430257
37,502403	1,447354
37,505180	1,465108
37,507958	1,471684
37,510736	1,460505
37,513514	1,459190
37,516292	1,474972
37,519069	1,501932
37,521847	1,530207
37,524625	1,535139
37,527403	1,523632
37,530180	1,518042
37,532958	1,531522
37,535736	1,555524
37,538514	1,585114
37,541291	1,593005
37,544069	1,587744
37,546847	1,585443
37,549625	1,597936
37,552402	1,621280
37,555180	1,643308
37,557958	1,648569
37,560735	1,637719
37,563513	1,629828
37,566291	1,634103
37,569069	1,655802
37,571846	1,679146
37,574624	1,683091
37,577402	1,673556
37,580180	1,668296
37,582957	1,689667
37,585735	1,699530
37,588513	1,620294
37,591291	1,528235
37,594068	1,480890
37,596846	1,492397
37,599624	1,554866
37,602402	1,632787
37,605179	1,697229
37,607957	1,728134
37,610735	1,730765
37,613513	1,728463
37,616290	1,739642
37,619068	1,759697
37,621846	1,777123
37,624624	1,772191
37,627401	1,746217
37,630179	1,719257
37,632957	1,702818
37,635735	1,693612
37,638512	1,677502
37,641290	1,641336
37,644068	1,588073
37,646846	1,537440
37,649623	1,503905
37,652401	1,488452
37,655179	1,479575
37,657957	1,462149
37,660734	1,437162
37,663512	1,415791
37,666290	1,420394
37,669068	1,435847
37,671845	1,451957
37,674623	1,449327
37,677401	1,433874
37,680179	1,423024
37,682956	1,429929
37,685734	1,447025
37,688512	1,464451
37,691290	1,464451
37,694067	1,447025
37,696845	1,435847
37,699623	1,440450
37,702401	1,458533
37,705178	1,473985
37,707956	1,475958
37,710734	1,459519
37,713512	1,451957
37,716289	1,456889
37,719067	1,464122
37,721845	1,459848
37,724623	1,426970
37,727400	1,387187
37,730178	1,374036
37,732956	1,438148
37,735734	1,594977
37,738512	1,834002
37,741289	2,160155
37,744067	2,532337
37,746845	2,917670
37,749623	3,191547
37,752400	3,196150
37,755178	3,198780
37,757956	3,197794
37,760734	3,192533
37,763511	3,154065
37,766289	2,798651
37,769067	2,244981
37,771845	1,692626
37,774622	1,245810
37,777400	0,982456
37,780178	0,896644
37,782955	0,940701
37,785733	1,055117
37,788511	1,168218
37,791289	1,256332
37,794066	1,308937
37,796844	1,342144
37,799622	1,373378
37,802400	1,398366
37,805177	1,413818
37,807955	1,409544
37,810733	1,396722
37,813511	1,384557
37,816288	1,395078
37,819066	1,414147
37,821844	1,435518
37,824622	1,440121
37,827399	1,432888
37,830177	1,422038
37,832955	1,428613
37,835733	1,444724
37,838510	1,465766
37,841288	1,472342
37,844066	1,464780
37,846844	1,466095
37,849621	1,479575
37,852399	1,508508
37,855177	1,530536
37,857955	1,538427
37,860732	1,529550
37,863510	1,528563
37,866288	1,540728
37,869066	1,566045
37,871843	1,591032
37,874621	1,598923
37,877399	1,591032
37,880177	1,590374
37,882954	1,601553
37,885732	1,622595
37,888510	1,644952
37,891288	1,648240
37,894065	1,640678
37,896843	1,633116
37,899621	1,644295
37,902399	1,661720
37,905176	1,682105
37,907954	1,682434
37,910732	1,675529
37,913510	1,677173
37,916287	1,695914
37,919065	1,642322
37,921843	1,556510
37,924621	1,501274
37,927398	1,490425
37,930176	1,528892
37,932954	1,589717
37,935732	1,662049
37,938509	1,714654
37,941287	1,735368
37,944065	1,732409
37,946843	1,730107
37,949620	1,740299
37,952398	1,761670
37,955176	1,776137
37,957954	1,768246
37,960731	1,740299
37,963509	1,707421
37,966287	1,688023
37,969065	1,670597
37,971843	1,650542
37,974620	1,612403
37,977398	1,558811
37,980176	1,507521
37,982954	1,481219
37,985731	1,472342
37,988509	1,470040
37,991287	1,458533
37,994065	1,431244
37,996842	1,413818
37,999620	1,413818
38,002398	1,428285
38,005175	1,440121
38,007953	1,442422
38,010731	1,427956
38,013509	1,421380
38,016286	1,429271
38,019064	1,453272
38,021842	1,471026
38,024620	1,472670
38,027397	1,455245
38,030175	1,438477
38,032953	1,442422
38,035731	1,453930
38,038508	1,474314
38,041286	1,474972
38,044064	1,464451
38,046842	1,452286
38,049619	1,453601
38,052397	1,451957
38,055175	1,443080
38,057953	1,412832
38,060730	1,384557
38,063508	1,407571
38,066286	1,510152
38,069064	1,718600
38,071841	2,031601
38,074619	2,392604
38,077397	2,782869
38,080175	3,148805
38,082952	3,195492
38,085730	3,198122
38,088508	3,199766
38,091286	3,196478
38,094063	3,184642
38,096841	2,961399
38,099619	2,461320
38,102397	1,883977
38,105174	1,395078
38,107952	1,073529
38,110730	0,926563
38,113508	0,919658
38,116285	1,006128
38,119063	1,121531
38,121841	1,235947
38,124619	1,308279
38,127396	1,351350
38,130174	1,366145
38,132952	1,382584
38,135730	1,402311
38,138507	1,417435
38,141285	1,417764
38,144063	1,405270
38,146841	1,399352
38,149618	1,407571
38,152396	1,428285
38,155174	1,442751
38,157952	1,448998
38,160729	1,433874
38,163507	1,425983
38,166285	1,432559
38,169063	1,455245
38,171840	1,478260
38,174618	1,486479
38,177396	1,477931
38,180174	1,475301
38,182951	1,491082
38,185729	1,512124
38,188507	1,536125
38,191285	1,541715
38,194063	1,537769
38,196840	1,535468
38,199618	1,553222
38,202396	1,577223
38,205174	1,601553
38,207951	1,607471
38,210729	1,597608
38,213507	1,591690
38,216285	1,600238
38,219062	1,622924
38,221840	1,646267
38,224618	1,652514
38,227396	1,641993
38,230173	1,635746
38,232951	1,642651
38,235729	1,664351
38,238506	1,687694
38,241284	1,693283
38,244062	1,685721
38,246840	1,693612
38,249617	1,664679
38,252395	1,576894
38,255173	1,516727
38,257951	1,497658
38,260728	1,515412
38,263506	1,565058
38,266284	1,631143
38,269062	1,691968
38,271839	1,735696
38,274617	1,751478
38,277395	1,745231
38,280173	1,742930
38,282950	1,749834
38,285728	1,764300
38,288506	1,774493
38,291284	1,761341
38,294061	1,730436
38,296839	1,696900
38,299617	1,669611
38,302395	1,651528
38,305172	1,628184
38,307950	1,588402
38,310728	1,535139
38,313506	1,489438
38,316283	1,463464
38,319061	1,461492
38,321839	1,463793
38,324617	1,453272
38,327394	1,430257
38,330172	1,413489
38,332950	1,417435
38,335728	1,429600
38,338505	1,445381
38,341283	1,445710
38,344061	1,431244
38,346839	1,421380
38,349616	1,424997
38,352394	1,441107
38,355172	1,456889
38,357950	1,460505
38,360727	1,447025
38,363505	1,437819
38,366283	1,443409
38,369061	1,459519
38,371838	1,477602
38,374616	1,481219
38,377394	1,467081
38,380172	1,456560
38,382949	1,448012
38,385727	1,439463
38,388505	1,427627
38,391283	1,404612
38,394060	1,399023
38,396838	1,456889
38,399616	1,626212
38,402394	1,890882
38,405171	2,243337
38,407949	2,647740
38,410727	3,026169
38,413505	3,192533
38,416283	3,197794
38,419060	3,197465
38,421838	3,198122
38,424616	3,191875
38,427394	3,096528
38,430171	2,666809
38,432949	2,080918
38,435727	1,549934
38,438505	1,170191
38,441282	0,970949
38,444060	0,917357
38,446838	0,968976
38,449616	1,073529
38,452393	1,185643
38,455171	1,281319
38,457949	1,340500
38,460726	1,365158
38,463504	1,371077
38,466282	1,381926
38,469060	1,397379
38,471837	1,414805
38,474615	1,413818
38,477393	1,403626
38,480171	1,394749
38,482948	1,405270
38,485726	1,426312
38,488504	1,447683
38,491282	1,451628
38,494059	1,439135
38,496837	1,429271
38,499615	1,435518
38,502393	1,460834
38,505170	1,481876
38,507948	1,491411
38,510726	1,484178
38,513504	1,481876
38,516281	1,496014
38,519059	1,520673
38,521837	1,544674
38,524615	1,553880
38,527392	1,546975
38,530170	1,543030
38,532948	1,558483
38,535726	1,582155
38,538503	1,608129
38,541281	1,615691
38,544059	1,608786
38,546837	1,600895
38,549614	1,613060
38,552392	1,629828
38,555170	1,651199
38,557948	1,652514
38,560725	1,642980
38,563503	1,638377
38,566281	1,649227
38,569059	1,672570
38,571836	1,695256
38,574614	1,701832
38,577392	1,702161
38,580170	1,690982
38,582947	1,602868
38,585725	1,525933
38,588503	1,499630
38,591281	1,518042
38,594058	1,554866
38,596836	1,603526
38,599614	1,654487
38,602392	1,703476
38,605169	1,739642
38,607947	1,754108
38,610725	1,750163
38,613503	1,746217
38,616280	1,752793
38,619058	1,761013
38,621836	1,766931
38,624614	1,750820
38,627391	1,714654
38,630169	1,675200
38,632947	1,647583
38,635725	1,628842
38,638503	1,612403
38,641280	1,575250
38,644058	1,519029
38,646836	1,475629
38,649614	1,449984
38,652391	1,451628
38,655169	1,453601
38,657947	1,448669
38,660725	1,428285
38,663502	1,418750
38,666280	1,424011
38,669058	1,438806
38,671836	1,451957
38,674613	1,454259
38,677391	1,441107
38,680169	1,425983
38,682946	1,431244
38,685724	1,445053
38,688502	1,465437
38,691280	1,465766
38,694057	1,454916
38,696835	1,441107
38,699613	1,448012
38,702391	1,461492
38,705168	1,479904
38,707946	1,480232
38,710724	1,464451
38,713502	1,447683
38,716279	1,433545
38,719057	1,420394
38,721835	1,408887
38,724613	1,401982
38,727390	1,432888
38,730168	1,549605
38,732946	1,763972
38,735724	2,099987
38,738501	2,494198
38,741279	2,894327
38,744057	3,187273
38,746835	3,194835
38,749612	3,197794
38,752390	3,196807
38,755168	3,193848
38,757946	3,174121
38,760723	2,861120
38,763501	2,305477
38,766279	1,730107
38,769057	1,274086
38,771834	1,021581
38,774612	0,922618
38,777390	0,942016
38,780168	1,020266
38,782945	1,123503
38,785723	1,231673
38,788501	1,322417
38,791279	1,372720
38,794056	1,382913
38,796834	1,380940
38,799612	1,380940
38,802390	1,397379
38,805167	1,413161
38,807945	1,415133
38,810723	1,403297
38,813501	1,398694
38,816278	1,406914
38,819056	1,430257
38,821834	1,448998
38,824612	1,450971
38,827389	1,437819
38,830167	1,426641
38,832945	1,436175
38,835723	1,454259
38,838500	1,479904
38,841278	1,487794
38,844056	1,487794
38,846834	1,485164
38,849611	1,500946
38,852389	1,523303
38,855167	1,547304
38,857945	1,554537
38,860722	1,546318
38,863500	1,542701
38,866278	1,555524
38,869056	1,579196
38,871834	1,604183
38,874611	1,615033
38,877389	1,606814
38,880167	1,604512
38,882945	1,613389
38,885722	1,635089
38,888500	1,657775
38,891278	1,664022
38,894056	1,650542
38,896833	1,642651
38,899611	1,650870
38,902389	1,670597
38,905166	1,693941
38,907944	1,704791
38,910722	1,709065
38,913500	1,641007
38,916277	1,541715
38,919055	1,489438
38,921833	1,506864
38,924611	1,547633
38,927388	1,594977
38,930166	1,639034
38,932944	1,679803
38,935722	1,716298
38,938499	1,747532
38,941277	1,760026
38,944055	1,754766
38,946833	1,750163
38,949610	1,751478
38,952388	1,761013
38,955166	1,763972
38,957944	1,743916
38,960721	1,702161
38,963499	1,656789
38,966277	1,624239
38,969055	1,607471
38,971832	1,587087
38,974610	1,551249
38,977388	1,500946
38,980166	1,456560
38,982943	1,439463
38,985721	1,443737
38,988499	1,451628
38,991277	1,443080
38,994054	1,427298
38,996832	1,411517
38,999610	1,414147
39,002388	1,428285
39,005165	1,448669
39,007943	1,450971
39,010721	1,440450
39,013499	1,431573
39,016276	1,435847
39,019054	1,450971
39,021832	1,466095
39,024610	1,468725
39,027387	1,454587
39,030165	1,442751
39,032943	1,448012
39,035721	1,465437
39,038498	1,481876
39,041276	1,484178
39,044054	1,466423
39,046832	1,439135
39,049609	1,417106
39,052387	1,400996
39,055165	1,400009
39,057943	1,426641
39,060720	1,501932
39,063498	1,675858
39,066276	1,959268
39,069054	2,325861
39,071831	2,749334
39,074609	3,132695
39,077387	3,195163
39,080165	3,198122
39,082942	3,197465
39,085720	3,195821
39,088498	3,186944
39,091276	3,021895
39,094054	2,537597
39,096831	1,935596
39,099609	1,418750
39,102387	1,089310
39,105165	0,947276
39,107942	0,938399
39,110720	0,995936
39,113498	1,085365
39,116276	1,184986
39,119053	1,279018
39,121831	1,355953
39,124609	1,390475
39,127387	1,394749
39,130164	1,385872
39,132942	1,385214
39,135720	1,399352
39,138497	1,417106
39,141275	1,420394
39,144053	1,411517
39,146831	1,405928
39,149608	1,415462
39,152386	1,438806
39,155164	1,454916
39,157942	1,455574
39,160719	1,443080
39,163497	1,435189
39,166275	1,444395
39,169053	1,466423
39,171830	1,488452
39,174608	1,498315
39,177386	1,493712
39,180164	1,489767
39,182941	1,502590
39,185719	1,526919
39,188497	1,554537
39,191275	1,564729
39,194052	1,559798
39,196830	1,555852
39,199608	1,568675
39,202386	1,590046
39,205163	1,617006
39,207941	1,628513
39,210719	1,617663
39,213497	1,609115
39,216274	1,616019
39,219052	1,636404
39,221830	1,659090
39,224608	1,668625
39,227385	1,657446
39,230163	1,651528
39,232941	1,658104
39,235719	1,679146
39,238496	1,702489
39,241274	1,721230
39,244052	1,686050
39,246830	1,572949
39,249607	1,494041
39,252385	1,481876
39,255163	1,526919
39,257941	1,586100
39,260718	1,635089
39,263496	1,668953
39,266274	1,700188
39,269052	1,728463
39,271829	1,758054
39,274607	1,768575
39,277385	1,760684
39,280163	1,747204
39,282940	1,743258
39,285718	1,749834
39,288496	1,753451
39,291274	1,729778
39,294051	1,684406
39,296829	1,637390
39,299607	1,603526
39,302385	1,585114
39,305162	1,563086
39,307940	1,528235
39,310718	1,479575
39,313496	1,448012
39,316274	1,433874
39,319051	1,442094
39,321829	1,451628
39,324607	1,448998
39,327385	1,435189
39,330162	1,418750
39,332940	1,421051
39,335718	1,437491
39,338496	1,457546
39,341273	1,457875
39,344051	1,444724
39,346829	1,429600
39,349607	1,434532
39,352384	1,447683
39,355162	1,466095
39,357940	1,468725
39,360717	1,455245
39,363495	1,445053
39,366273	1,448340
39,369051	1,467739
39,371828	1,481219
39,374606	1,487137
39,377384	1,460177
39,380162	1,425983
39,382939	1,395735
39,385717	1,389160
39,388495	1,407571
39,391273	1,474972
39,394050	1,613718
39,396828	1,836304
39,399606	2,171662
39,402384	2,583956
39,405161	2,996578
39,407939	3,194835
39,410717	3,197465
39,413495	3,198451
39,416272	3,198122
39,419050	3,193191
39,421828	3,141572
39,424606	2,759855
39,427383	2,169689
39,430161	1,600567
39,432939	1,179725
39,435717	0,968318
39,438494	0,925905
39,441272	0,980483
39,444050	1,062021
39,446828	1,150464
39,449605	1,235947
39,452383	1,319129
39,455161	1,377981
39,457939	1,404612
39,460716	1,393763
39,463494	1,382913
39,466272	1,383570
39,469050	1,400667
39,471827	1,418092
39,474605	1,422367
39,477383	1,415133
39,480161	1,405599
39,482938	1,411846
39,485716	1,429929
39,488494	1,454259
39,491272	1,451957
39,494049	1,442422
39,496827	1,429271
39,499605	1,442094
39,502383	1,467410
39,505160	1,494370
39,507938	1,505220
39,510716	1,499630
39,513494	1,495685
39,516271	1,503247
39,519049	1,533495
39,521827	1,558154
39,524605	1,569004
39,527382	1,561442
39,530160	1,560126
39,532938	1,568017
39,535716	1,593662
39,538494	1,618321
39,541271	1,629828
39,544049	1,621280
39,546827	1,615033
39,549605	1,624897
39,552382	1,643308
39,555160	1,666323
39,557938	1,673885
39,560716	1,666323
39,563493	1,655473
39,566271	1,662378
39,569049	1,682105
39,571827	1,713339
39,574604	1,721230
39,577382	1,627856
39,580160	1,517385
39,582937	1,471684
39,585715	1,497329
39,588493	1,564072
39,591271	1,627198
39,594048	1,664679
39,596826	1,689338
39,599604	1,713010
39,602382	1,739971
39,605159	1,762656
39,607937	1,769232
39,610715	1,756410
39,613493	1,740957
39,616270	1,735368
39,619048	1,738655
39,621826	1,737011
39,624604	1,710709
39,627381	1,660734
39,630159	1,611745
39,632937	1,577881
39,635715	1,552236
39,638492	1,532838
39,641270	1,500617
39,644048	1,463136
39,646826	1,432888
39,649603	1,426970
39,652381	1,433216
39,655159	1,446368
39,657937	1,446368
39,660714	1,429929
39,663492	1,415462
39,666270	1,416120
39,669048	1,433874
39,671825	1,448998
39,674603	1,450971
39,677381	1,438806
39,680159	1,429929
39,682936	1,432559
39,685714	1,449656
39,688492	1,465437
39,691270	1,467739
39,694047	1,454587
39,696825	1,441436
39,699603	1,445710
39,702381	1,463136
39,705158	1,481547
39,707936	1,478917
39,710714	1,449656
39,713492	1,408229
39,716269	1,385872
39,719047	1,387187
39,721825	1,446039
39,724603	1,556181
39,727380	1,743587
39,730158	2,042451
39,732936	2,410030
39,735714	2,829228
39,738491	3,183985
39,741269	3,195492
39,744047	3,198122
39,746825	3,197794
39,749602	3,195492
39,752380	3,181354
39,755158	2,925232
39,757936	2,398193
39,760713	1,798823
39,763491	1,304005
39,766269	1,015005
39,769047	0,918015
39,771825	0,956482
39,774602	1,044267
39,777380	1,130737
39,780158	1,209644
39,782936	1,283620
39,785713	1,347733
39,788491	1,395406
39,791269	1,409544
39,794047	1,399681
39,796824	1,389160
39,799602	1,393763
39,802380	1,411517
39,805157	1,430915
39,807935	1,434203
39,810713	1,422367
39,813491	1,415462
39,816268	1,422695
39,819046	1,439463
39,821824	1,456231
39,824602	1,458204
39,827379	1,447683
39,830157	1,439792
39,832935	1,449984
39,835713	1,478588
39,838490	1,508179
39,841268	1,519029
39,844046	1,514426
39,846824	1,507850
39,849601	1,518700
39,852379	1,541057
39,855157	1,569332
39,857935	1,580511
39,860712	1,576894
39,863490	1,572291
39,866268	1,583141
39,869046	1,610101
39,871823	1,635089
39,874601	1,641665
39,877379	1,631143
39,880157	1,620622
39,882934	1,625883
39,885712	1,643966
39,888490	1,665994
39,891268	1,673885
39,894045	1,664351
39,896823	1,658761
39,899601	1,669611
39,902379	1,696900
39,905156	1,729449
39,907934	1,684077
39,910712	1,560455
39,913490	1,475629
39,916267	1,469383
39,919045	1,522316
39,921823	1,604183
39,924601	1,664022
39,927378	1,692955
39,930156	1,704462
39,932934	1,722545
39,935712	1,747204
39,938489	1,772191
39,941267	1,781068
39,944045	1,764958
39,946823	1,743587
39,949600	1,732737
39,952378	1,731422
39,955156	1,722874
39,957934	1,694599
39,960711	1,648240
39,963489	1,602868
39,966267	1,567031
39,969045	1,544016
39,971822	1,524618
39,974600	1,492397
39,977378	1,458533
39,980156	1,431244
39,982933	1,424011
39,985711	1,432230
39,988489	1,451628
39,991267	1,450971
39,994045	1,436833
39,996822	1,419079
39,999600	1,420723
40,002378	1,434532
40,005156	1,450642
40,007933	1,452943
40,010711	1,442751
40,013489	1,431573
40,016267	1,433216
40,019044	1,453601
40,021822	1,470040
40,024600	1,475301
40,027378	1,460177
40,030155	1,446039
40,032933	1,444724
40,035711	1,463136
40,038488	1,477931
40,041266	1,468067
40,044044	1,428942
40,046822	1,383899
40,049599	1,371077
40,052377	1,407243
40,055155	1,504891
40,057933	1,685393
40,060710	1,935596
40,063488	2,266023
40,066266	2,671741
40,069044	3,073514
40,071821	3,194506
40,074599	3,196478
40,077377	3,197136
40,080155	3,195821
40,082932	3,189245
40,085710	3,065952
40,088488	2,631629
40,091266	2,038176
40,094043	1,487137
40,096821	1,103448
40,099599	0,924261
40,102377	0,918343
40,105154	1,005142
40,107932	1,112325
40,110710	1,195178
40,113488	1,261592
40,116265	1,321759
40,119043	1,372720
40,121821	1,406256
40,124599	1,410859
40,127376	1,396393
40,130154	1,381269
40,132932	1,385872
40,135710	1,403297
40,138487	1,428613
40,141265	1,434203
40,144043	1,428613
40,146821	1,417435
40,149598	1,423353
40,152376	1,436833
40,155154	1,457546
40,157932	1,463464
40,160709	1,456560
40,163487	1,451628
40,166265	1,459190
40,169043	1,487137
40,171820	1,513439
40,174598	1,525276
40,177376	1,518371
40,180154	1,513111
40,182931	1,521988
40,185709	1,547962
40,188487	1,570976
40,191265	1,582155
40,194042	1,576566
40,196820	1,571634
40,199598	1,584785
40,202376	1,608786
40,205153	1,632787
40,207931	1,640021
40,210709	1,630157
40,213487	1,617663
40,216265	1,625554
40,219042	1,645610
40,221820	1,672241
40,224598	1,679475
40,227376	1,669282
40,230153	1,655473
40,232931	1,663693
40,235709	1,695585
40,238487	1,705448
40,241264	1,614704
40,244042	1,508508
40,246820	1,461492
40,249598	1,482205
40,252375	1,555852
40,255153	1,634760
40,257931	1,690653
40,260708	1,707092
40,263486	1,714654
40,266264	1,728134
40,269042	1,751807
40,271819	1,774821
40,274597	1,778438
40,277375	1,759040
40,280153	1,735368
40,282930	1,719586
40,285708	1,708407
40,288486	1,700517
40,291264	1,669282
40,294041	1,623910
40,296819	1,574922
40,299597	1,541057
40,302375	1,517385
40,305152	1,503905
40,307930	1,480890
40,310708	1,448340
40,313486	1,424668
40,316263	1,415462
40,319041	1,427956
40,321819	1,442422
40,324597	1,447025
40,327374	1,432888
40,330152	1,420723
40,332930	1,418421
40,335708	1,435847
40,338485	1,451299
40,341263	1,455902
40,344041	1,444066
40,346819	1,433216
40,349596	1,435847
40,352374	1,449327
40,355152	1,469383
40,357930	1,469054
40,360707	1,458861
40,363485	1,440450
40,366263	1,446697
40,369041	1,462478
40,371818	1,475629
40,374596	1,457218
40,377374	1,413489
40,380152	1,374693
40,382929	1,373707
40,385707	1,446368
40,388485	1,603526
40,391263	1,829728
40,394040	2,144044
40,396818	2,516555
40,399596	2,911424
40,402374	3,191875
40,405151	3,197465
40,407929	3,198122
40,410707	3,197465
40,413485	3,191218
40,416262	3,153079
40,419040	2,803912
40,421818	2,251228
40,424596	1,686379
40,427373	1,229043
40,430151	0,968976
40,432929	0,898616
40,435707	0,952537
40,438484	1,066295
40,441262	1,167889
40,444040	1,241208
40,446818	1,295785
40,449596	1,340829
40,452373	1,379625
40,455151	1,407571
40,457929	1,408558
40,460707	1,394091
40,463484	1,381269
40,466262	1,383242
40,469040	1,403955
40,471818	1,429271
40,474595	1,439135
40,477373	1,429600
40,480151	1,421051
40,482928	1,423024
40,485706	1,441107
40,488484	1,461821
40,491262	1,468067
40,494039	1,454587
40,496817	1,445710
40,499595	1,454587
40,502373	1,480561
40,505150	1,512453
40,507928	1,524947
40,510706	1,522645
40,513484	1,517056
40,516261	1,527906
40,519039	1,553222
40,521817	1,578538
40,524595	1,588402
40,527372	1,580511
40,530150	1,575579
40,532928	1,587415
40,535706	1,616677
40,538483	1,641336
40,541261	1,648569
40,544039	1,639034
40,546817	1,627856
40,549594	1,630815
40,552372	1,652514
40,555150	1,673885
40,557928	1,681776
40,560705	1,671913
40,563483	1,664679
40,566261	1,677831
40,569039	1,708736
40,571816	1,657775
40,574594	1,559798
40,577372	1,487137
40,580150	1,475301
40,582927	1,524289
40,585705	1,600895
40,588483	1,675529
40,591261	1,717613
40,594038	1,726162
40,596816	1,724847
40,599594	1,733395
40,602372	1,755752
40,605149	1,778438
40,607927	1,780411
40,610705	1,758054
40,613483	1,730436
40,616260	1,710380
40,619038	1,698215
40,621816	1,683749
40,624594	1,650870
40,627371	1,600895
40,630149	1,547962
40,632927	1,511467
40,635705	1,494041
40,638482	1,487137
40,641260	1,469054
40,644038	1,445710
40,646816	1,420723
40,649593	1,415133
40,652371	1,424668
40,655149	1,442422
40,657927	1,444395
40,660704	1,431573
40,663482	1,420394
40,666260	1,423024
40,669038	1,442422
40,671816	1,460177
40,674593	1,463793
40,677371	1,450313
40,680149	1,439135
40,682927	1,439792
40,685704	1,455902
40,688482	1,475629
40,691260	1,477602
40,694038	1,465108
40,696815	1,448669
40,699593	1,450971
40,702371	1,465437
40,705148	1,470040
40,707926	1,445710
40,710704	1,402968
40,713482	1,373378
40,716259	1,412174
40,719037	1,524618
40,721815	1,736354
40,724593	2,037519
40,727370	2,381426
40,730148	2,769061
40,732926	3,148147
40,735704	3,196150
40,738481	3,199766
40,741259	3,199109
40,744037	3,196150
40,746815	3,184642
40,749592	2,969618
40,752370	2,479074
40,755148	1,900416
40,757926	1,398694
40,760703	1,063008
40,763481	0,913412
40,766259	0,919330
40,769037	1,013033
40,771814	1,131394
40,774592	1,230686
40,777370	1,289210
40,780148	1,328992
40,782925	1,363843
40,785703	1,389817
40,788481	1,414147
40,791259	1,417106
40,794036	1,406585
40,796814	1,392119
40,799592	1,395735
40,802370	1,411517
40,805147	1,434860
40,807925	1,442751
40,810703	1,432559
40,813481	1,424668
40,816258	1,423682
40,819036	1,442751
40,821814	1,467081
40,824592	1,477931
40,827369	1,469711
40,830147	1,466752
40,832925	1,473985
40,835703	1,499959
40,838480	1,523632
40,841258	1,534153
40,844036	1,526919
40,846814	1,521659
40,849591	1,532509
40,852369	1,556839
40,855147	1,587415
40,857925	1,595635
40,860702	1,591032
40,863480	1,584128
40,866258	1,595306
40,869036	1,616019
40,871813	1,640349
40,874591	1,646925
40,877369	1,640021
40,880147	1,630815
40,882924	1,637390
40,885702	1,657775
40,888480	1,680461
40,891258	1,689996
40,894036	1,681776
40,896813	1,677173
40,899591	1,694927
40,902369	1,676844
40,905147	1,589388
40,907924	1,516070
40,910702	1,482863
40,913480	1,502261
40,916258	1,564072
40,919035	1,637719
40,921813	1,701832
40,924591	1,734052
40,927369	1,735696
40,930146	1,732080
40,932924	1,738655
40,935702	1,754437
40,938479	1,770876
40,941257	1,765944
40,944035	1,741286
40,946813	1,709394
40,949590	1,689667
40,952368	1,674872
40,955146	1,663364
40,957924	1,633445
40,960701	1,577223
40,963479	1,524947
40,966257	1,485822
40,969035	1,470698
40,971812	1,466423
40,974590	1,458204
40,977368	1,432559
40,980146	1,417435
40,982923	1,414805
40,985701	1,428942
40,988479	1,444395
40,991257	1,448340
40,994034	1,435847
40,996812	1,424339
40,999590	1,426970
41,002368	1,442094
41,005145	1,461492
41,007923	1,460834
41,010701	1,451299
41,013479	1,436504
41,016256	1,441107
41,019034	1,455245
41,021812	1,476945
41,024590	1,477931
41,027367	1,464451
41,030145	1,448669
41,032923	1,448012
41,035701	1,454916
41,038478	1,450971
41,041256	1,425983
41,044034	1,390475
41,046812	1,389160
41,049589	1,456231
41,052367	1,640021
41,055145	1,905348
41,057923	2,247282
41,060700	2,636561
41,063478	3,012360
41,066256	3,192204
41,069034	3,197465
41,071811	3,197465
41,074589	3,198780
41,077367	3,190889
41,080145	3,095213
41,082922	2,674700
41,085700	2,097357
41,088478	1,568675
41,091256	1,172821
41,094033	0,959441
41,096811	0,902891
41,099589	0,962400
41,102367	1,076488
41,105144	1,194849
41,107922	1,282963
41,110700	1,329321
41,113478	1,355624
41,116255	1,374036
41,119033	1,395078
41,121811	1,413489
41,124589	1,419408
41,127367	1,401653
41,130144	1,392776
41,132922	1,397708
41,135700	1,417106
41,138478	1,439792
41,141255	1,449327
41,144033	1,439135
41,146811	1,427298
41,149589	1,429929
41,152366	1,444724
41,155144	1,472342
41,157922	1,477931
41,160699	1,473657
41,163477	1,467410
41,166255	1,480561
41,169033	1,504233
41,171810	1,529878
41,174588	1,538427
41,177366	1,534153
41,180144	1,527906
41,182921	1,536783
41,185699	1,563086
41,188477	1,589059
41,191255	1,601224
41,194032	1,598923
41,196810	1,596950
41,199588	1,601882
41,202366	1,622266
41,205143	1,643308
41,207921	1,651199
41,210699	1,641993
41,213477	1,630815
41,216254	1,633774
41,219032	1,655145
41,221810	1,678817
41,224588	1,689338
41,227365	1,687037
41,230143	1,687037
41,232921	1,689667
41,235699	1,612074
41,238476	1,533495
41,241254	1,493055
41,244032	1,498315
41,246810	1,538098
41,249587	1,602539
41,252365	1,667638
41,255143	1,721559
41,257921	1,744902
41,260698	1,742601
41,263476	1,732737
41,266254	1,737011
41,269032	1,754108
41,271809	1,770218
41,274587	1,763972
41,277365	1,734710
41,280143	1,699859
41,282920	1,671913
41,285698	1,653172
41,288476	1,637390
41,291254	1,607142
41,294031	1,556510
41,296809	1,505549
41,299587	1,472670
41,302365	1,458204
41,305142	1,459190
41,307920	1,451299
41,310698	1,427627
41,313476	1,409215
41,316253	1,410859
41,319031	1,424997
41,321809	1,442751
41,324587	1,447354
41,327364	1,434203
41,330142	1,421709
41,332920	1,423682
41,335698	1,438477
41,338475	1,457546
41,341253	1,461163
41,344031	1,449327
41,346809	1,439135
41,349587	1,442094
41,352364	1,458204
41,355142	1,477931
41,357920	1,478260
41,360698	1,464780
41,363475	1,449327
41,366253	1,444395
41,369031	1,442094
41,371809	1,432230
41,374586	1,410859
41,377364	1,392447
41,380142	1,429600
41,382919	1,554208
41,385697	1,780082
41,388475	2,116755
41,391253	2,496171
41,394030	2,881504
41,396808	3,185629
41,399586	3,196478
41,402364	3,197465
41,405141	3,197794
41,407919	3,193848
41,410697	3,171820
41,413475	2,854544
41,416252	2,311395
41,419030	1,746875
41,421808	1,298087
41,424586	1,029801
41,427363	0,920316
41,430141	0,935440
41,432919	1,028157
41,435697	1,139943
41,438474	1,249427
41,441252	1,324389
41,444030	1,362199
41,446808	1,373049
41,449585	1,383242
41,452363	1,395078
41,455141	1,415462
41,457919	1,422038
41,460696	1,409544
41,463474	1,399681
41,466252	1,402968
41,469030	1,421380
41,471807	1,442422
41,474585	1,451299
41,477363	1,438148
41,480141	1,430915
41,482918	1,434203
41,485696	1,453601
41,488474	1,476945
41,491252	1,485822
41,494029	1,475301
41,496807	1,471684
41,499585	1,484507
41,502363	1,509165
41,505140	1,537440
41,507918	1,548619
41,510696	1,545660
41,513474	1,537769
41,516251	1,550592
41,519029	1,573935
41,521807	1,603526
41,524585	1,611745
41,527362	1,607471
41,530140	1,600567
41,532918	1,603855
41,535696	1,623910
41,538473	1,646267
41,541251	1,654487
41,544029	1,647254
41,546807	1,639034
41,549584	1,644624
41,552362	1,665337
41,555140	1,687037
41,557918	1,697558
41,560695	1,695585
41,563473	1,702489
41,566251	1,647254
41,569029	1,556839
41,571807	1,508179
41,574584	1,506206
41,577362	1,532838
41,580140	1,574922
41,582918	1,633774
41,585695	1,683749
41,588473	1,726819
41,591251	1,747204
41,594029	1,746875
41,596806	1,742272
41,599584	1,746875
41,602362	1,760026
41,605139	1,771862
41,607917	1,761999
41,610695	1,728463
41,613473	1,688023
41,616250	1,654158
41,619028	1,636075
41,621806	1,619636
41,624584	1,589388
41,627361	1,537112
41,630139	1,490425
41,632917	1,459190
41,635695	1,453930
41,638472	1,455574
41,641250	1,450971
41,644028	1,431244
41,646806	1,416449
41,649583	1,417435
41,652361	1,428942
41,655139	1,452615
41,657917	1,456231
41,660694	1,446039
41,663472	1,428942
41,666250	1,432559
41,669028	1,443080
41,671805	1,464451
41,674583	1,468725
41,677361	1,455574
41,680139	1,442751
41,682916	1,441765
41,685694	1,459848
41,688472	1,478588
41,691250	1,487137
41,694027	1,473328
41,696805	1,460505
41,699583	1,442422
41,702361	1,431901
41,705138	1,417764
41,707916	1,403297
41,710694	1,416449
41,713472	1,491411
41,716249	1,677173
41,719027	1,975379
41,721805	2,344602
41,724583	2,755252
41,727360	3,123489
41,730138	3,195821
41,732916	3,198451
41,735694	3,197794
41,738471	3,195821
41,741249	3,186615
41,744027	3,015977
41,746805	2,532008
41,749582	1,940857
41,752360	1,437491
41,755138	1,110023
41,757916	0,954838
41,760693	0,930508
41,763471	0,988703
41,766249	1,086351
41,769027	1,200439
41,771804	1,294799
41,774582	1,361871
41,777360	1,379954
41,780138	1,382255
41,782915	1,383899
41,785693	1,395735
41,788471	1,411846
41,791249	1,419079
41,794027	1,409544
41,796804	1,400667
41,799582	1,405928
41,802360	1,420065
41,805138	1,448998
41,807915	1,453601
41,810693	1,445381
41,813471	1,430586
41,816249	1,435189
41,819026	1,450313
41,821804	1,477931
41,824582	1,489438
41,827359	1,488123
41,830137	1,484507
41,832915	1,492068
41,835693	1,515412
41,838470	1,542701
41,841248	1,556839
41,844026	1,551249
41,846804	1,547633
41,849581	1,552236
41,852359	1,577223
41,855137	1,603197
41,857915	1,619307
41,860692	1,612732
41,863470	1,604512
41,866248	1,607800
41,869026	1,628184
41,871803	1,652514
41,874581	1,659748
41,877359	1,651857
41,880137	1,641007
41,882914	1,648569
41,885692	1,664679
41,888470	1,689009
41,891248	1,701832
41,894025	1,709065
41,896803	1,674214
41,899581	1,573278
41,902359	1,504891
41,905136	1,497658
41,907914	1,528235
41,910692	1,573935
41,913470	1,617663
41,916247	1,661720
41,919025	1,704133
41,921803	1,739971
41,924581	1,759040
41,927358	1,755094
41,930136	1,746546
41,932914	1,745231
41,935692	1,752793
41,938469	1,759369
41,941247	1,749505
41,944025	1,714325
41,946803	1,672241
41,949580	1,640021
41,952358	1,613060
41,955136	1,595306
41,957914	1,563086
41,960691	1,517714
41,963469	1,471355
41,966247	1,448998
41,969025	1,445053
41,971802	1,455245
41,974580	1,452286
41,977358	1,433874
41,980136	1,419408
41,982913	1,417764
41,985691	1,429271
41,988469	1,448998
41,991247	1,454916
41,994024	1,443080
41,996802	1,433874
41,999580	1,434203
42,002358	1,449327
42,005135	1,466423
42,007913	1,468725
42,010691	1,450642
42,013469	1,436504
42,016246	1,440121
42,019024	1,455574
42,021802	1,477931
42,024580	1,482205
42,027358	1,472013
42,030135	1,448340
42,032913	1,426641
42,035691	1,410859
42,038469	1,407571
42,041246	1,414805
42,044024	1,465108
42,046802	1,604183
42,049580	1,840249
42,052357	2,185142
42,055135	2,603025
42,057913	3,000195
42,060690	3,192862
42,063468	3,197136
42,066246	3,198780
42,069024	3,198780
42,071801	3,193519
42,074579	3,137297
42,077357	2,740785
42,080135	2,148647
42,082912	1,592676
42,085690	1,187945
42,088468	0,983113
42,091246	0,930508
42,094023	0,971606
42,096801	1,052487
42,099579	1,151450
42,102357	1,249756
42,105134	1,333595
42,107912	1,382255
42,110690	1,392119
42,113468	1,384885
42,116245	1,384885
42,119023	1,395406
42,121801	1,412503
42,124579	1,420065
42,127356	1,410202
42,130134	1,400667
42,132912	1,403955
42,135690	1,423682
42,138467	1,445710
42,141245	1,455902
42,144023	1,445381
42,146801	1,436833
42,149578	1,441436
42,152356	1,458861
42,155134	1,483191
42,157912	1,497000
42,160689	1,496343
42,163467	1,491082
42,166245	1,499302
42,169023	1,517056
42,171800	1,546646
42,174578	1,559798
42,177356	1,555195
42,180134	1,551907
42,182911	1,559140
42,185689	1,579196
42,188467	1,607800
42,191245	1,623581
42,194022	1,617663
42,196800	1,609115
42,199578	1,611417
42,202356	1,631143
42,205133	1,654816
42,207911	1,664679
42,210689	1,656789
42,213467	1,645939
42,216244	1,649227
42,219022	1,666652
42,221800	1,691639
42,224578	1,711366
42,227355	1,707092
42,230133	1,610430
42,232911	1,511138
42,235689	1,478588
42,238466	1,512124
42,241244	1,564729
42,244022	1,616348
42,246800	1,652186
42,249578	1,688352
42,252355	1,720901
42,255133	1,749505
42,257911	1,761999
42,260689	1,757725
42,263466	1,747532
42,266244	1,742930
42,269022	1,747861
42,271800	1,752464
42,274577	1,737669
42,277355	1,700517
42,280133	1,654158
42,282910	1,613060
42,285688	1,589388
42,288466	1,569990
42,291244	1,539413
42,294021	1,492726
42,296799	1,450971
42,299577	1,434532
42,302355	1,435189
42,305132	1,447025
42,307910	1,445710
42,310688	1,435518
42,313466	1,417435
42,316243	1,416449
42,319021	1,424997
42,321799	1,446368
42,324577	1,450971
42,327354	1,437491
42,330132	1,426641
42,332910	1,427956
42,335688	1,446368
42,338465	1,466423
42,341243	1,475958
42,344021	1,460177
42,346799	1,447354
42,349576	1,445053
42,352354	1,459848
42,355132	1,477602
42,357910	1,483520
42,360687	1,466095
42,363465	1,436504
42,366243	1,405928
42,369021	1,392776
42,371798	1,401653
42,374576	1,448998
42,377354	1,552893
42,380132	1,739642
42,382909	2,046067
42,385687	2,426140
42,388465	2,846325
42,391243	3,183985
42,394020	3,195492
42,396798	3,197136
42,399576	3,197794
42,402354	3,194506
42,405131	3,181683
42,407909	2,919643
42,410687	2,385371
42,413465	1,789945
42,416242	1,303676
42,419020	1,029801
42,421798	0,929851
42,424576	0,958455
42,427353	1,032760
42,430131	1,119229
42,432909	1,212275
42,435687	1,298087
42,438464	1,365158
42,441242	1,399352
42,444020	1,398366
42,446798	1,383242
42,449575	1,382913
42,452353	1,395735
42,455131	1,417106
42,457909	1,422695
42,460686	1,420065
42,463464	1,407571
42,466242	1,415791
42,469020	1,431901
42,471798	1,452943
42,474575	1,458204
42,477353	1,445710
42,480131	1,435189
42,482909	1,439463
42,485686	1,462807
42,488464	1,485164
42,491242	1,500288
42,494020	1,497329
42,496797	1,496014
42,499575	1,506206
42,502353	1,526591
42,505130	1,550263
42,507908	1,562428
42,510686	1,556839
42,513464	1,555195
42,516241	1,563414
42,519019	1,585443
42,521797	1,617335
42,524575	1,630157
42,527352	1,625883
42,530130	1,616019
42,532908	1,622595
42,535686	1,635418
42,538463	1,657775
42,541241	1,665994
42,544019	1,658104
42,546797	1,647583
42,549574	1,650542
42,552352	1,671913
42,555130	1,702489
42,557908	1,728792
42,560685	1,671913
42,563463	1,551249
42,566241	1,477602
42,569019	1,486150
42,571796	1,538756
42,574574	1,606485
42,577352	1,650542
42,580130	1,679475
42,582907	1,704462
42,585685	1,735039
42,588463	1,761341
42,591241	1,775808
42,594018	1,768575
42,596796	1,751149
42,599574	1,741614
42,602352	1,740957
42,605129	1,742601
42,607907	1,724189
42,610685	1,682434
42,613463	1,631472
42,616240	1,595964
42,619018	1,569661
42,621796	1,550592
42,624574	1,520344
42,627351	1,478588
42,630129	1,445710
42,632907	1,431901
42,635685	1,434532
42,638462	1,445710
42,641240	1,450971
42,644018	1,434532
42,646796	1,416777
42,649573	1,411188
42,652351	1,424668
42,655129	1,442751
42,657907	1,451628
42,660684	1,438806
42,663462	1,425326
42,666240	1,424668
42,669018	1,440778
42,671795	1,465766
42,674573	1,474643
42,677351	1,465437
42,680129	1,449984
42,682906	1,448998
42,685684	1,458861
42,688462	1,478588
42,691240	1,483191
42,694018	1,459848
42,696795	1,423024
42,699573	1,391790
42,702351	1,387187
42,705129	1,426641
42,707906	1,511467
42,710684	1,675858
42,713462	1,926390
42,716240	2,267338
42,719017	2,684563
42,721795	3,089953
42,724573	3,195163
42,727350	3,197136
42,730128	3,196478
42,732906	3,195821
42,735684	3,188588
42,738461	3,066938
42,741239	2,622095
42,744017	2,018449
42,746795	1,472999
42,749572	1,105420
42,752350	0,940043
42,755128	0,938728
42,757906	1,012704
42,760683	1,103119
42,763461	1,182684
42,766239	1,259619
42,769017	1,332280
42,771794	1,387844
42,774572	1,411846
42,777350	1,403955
42,780128	1,387844
42,782905	1,383570
42,785683	1,395406
42,788461	1,416449
42,791239	1,429600
42,794016	1,422695
42,796794	1,413818
42,799572	1,417106
42,802350	1,435189
42,805127	1,453272
42,807905	1,463136
42,810683	1,450971
42,813461	1,438477
42,816238	1,444395
42,819016	1,463136
42,821794	1,494699
42,824572	1,512782
42,827349	1,511467
42,830127	1,505549
42,832905	1,512453
42,835683	1,535139
42,838460	1,563743
42,841238	1,575908
42,844016	1,570976
42,846794	1,565716
42,849571	1,569332
42,852349	1,589717
42,855127	1,616348
42,857905	1,629828
42,860682	1,623253
42,863460	1,614376
42,866238	1,616348
42,869016	1,633774
42,871793	1,658104
42,874571	1,669940
42,877349	1,663364
42,880127	1,655473
42,882904	1,657775
42,885682	1,678817
42,888460	1,713010
42,891238	1,707421
42,894015	1,599580
42,896793	1,494041
42,899571	1,458861
42,902349	1,496671
42,905126	1,574593
42,907904	1,642980
42,910682	1,679803
42,913460	1,693612
42,916237	1,708079
42,919015	1,733395
42,921793	1,763972
42,924571	1,778438
42,927349	1,766602
42,930126	1,746217
42,932904	1,733066
42,935682	1,731093
42,938460	1,725175
42,941237	1,703804
42,944015	1,660734
42,946793	1,608457
42,949571	1,568346
42,952348	1,543359
42,955126	1,524618
42,957904	1,500617
42,960681	1,467081
42,963459	1,433874
42,966237	1,422038
42,969015	1,424997
42,971792	1,442094
42,974570	1,449656
42,977348	1,434532
42,980126	1,415791
42,982903	1,416449
42,985681	1,430915
42,988459	1,449327
42,991237	1,460177
42,994014	1,446368
42,996792	1,431901
42,999570	1,430586
43,002348	1,445053
43,005125	1,463793
43,007903	1,471355
43,010681	1,458861
43,013459	1,446697
43,016236	1,446368
43,019014	1,458204
43,021792	1,480890
43,024570	1,477931
43,027347	1,446697
43,030125	1,400996
43,032903	1,376337
43,035681	1,386529
43,038458	1,465766
43,041236	1,609115
43,044014	1,820522
43,046792	2,132537
43,049569	2,517870
43,052347	2,921616
43,055125	3,192862
43,057903	3,198451
43,060680	3,199766
43,063458	3,197465
43,066236	3,192862
43,069014	3,157682
43,071791	2,816076
43,074569	2,253200
43,077347	1,676187
43,080125	1,220165
43,082902	0,972264
43,085680	0,912754
43,088458	0,974894
43,091236	1,076816
43,094013	1,166574
43,096791	1,237262
43,099569	1,304663
43,102347	1,362199
43,105124	1,406585
43,107902	1,420394
43,110680	1,414805
43,113458	1,394420
43,116235	1,392447
43,119013	1,404941
43,121791	1,428285
43,124569	1,441107
43,127346	1,433216
43,130124	1,421051
43,132902	1,424339
43,135680	1,443737
43,138457	1,460505
43,141235	1,473985
43,144013	1,462478
43,146791	1,455245
43,149569	1,459519
43,152346	1,479904
43,155124	1,508179
43,157902	1,525276
43,160680	1,521659
43,163457	1,515412
43,166235	1,525276
43,169013	1,549277
43,171791	1,577223
43,174568	1,592347
43,177346	1,588402
43,180124	1,576237
43,182901	1,582484
43,185679	1,600238
43,188457	1,630815
43,191235	1,643637
43,194012	1,639363
43,196790	1,629171
43,199568	1,632130
43,202346	1,645610
43,205123	1,667967
43,207901	1,679475
43,210679	1,671584
43,213457	1,661391
43,216234	1,662707
43,219012	1,689009
43,221790	1,720244
43,224568	1,660076
43,227345	1,546318
43,230123	1,476616
43,232901	1,477602
43,235679	1,536125
43,238456	1,616019
43,241234	1,676515
43,244012	1,702818
43,246790	1,710380
43,249567	1,722874
43,252345	1,744245
43,255123	1,771862
43,257901	1,782055
43,260678	1,770876
43,263456	1,746875
43,266234	1,732409
43,269012	1,725504
43,271789	1,718271
43,274567	1,688352
43,277345	1,638705
43,280123	1,585443
43,282900	1,541386
43,285678	1,518371
43,288456	1,501274
43,291234	1,486150
43,294011	1,455902
43,296789	1,431901
43,299567	1,416777
43,302345	1,419736
43,305122	1,434203
43,307900	1,442094
43,310678	1,430586
43,313456	1,413161
43,316233	1,413161
43,319011	1,429929
43,321789	1,453272
43,324567	1,459519
43,327344	1,448998
43,330122	1,430915
43,332900	1,435189
43,335678	1,446368
43,338455	1,468396
43,341233	1,474643
43,344011	1,463793
43,346789	1,445710
43,349566	1,445053
43,352344	1,458533
43,355122	1,475629
43,357900	1,468067
43,360677	1,425654
43,363455	1,384557
43,366233	1,366802
43,369011	1,416777
43,371789	1,535139
43,374566	1,737340
43,377344	2,022395
43,380122	2,364000
43,382900	2,766430
43,385677	3,155052
43,388455	3,196150
43,391233	3,199109
43,394011	3,198780
43,396788	3,196807
43,399566	3,183327
43,402344	2,962385
43,405121	2,471183
43,407899	1,884964
43,410677	1,373707
43,413455	1,042623
43,416232	0,908480
43,419010	0,929522
43,421788	1,031116
43,424566	1,136326
43,427343	1,218850
43,430121	1,276387
43,432899	1,328335
43,435677	1,372392
43,438454	1,401653
43,441232	1,409215
43,444010	1,399352
43,446788	1,388831
43,449565	1,385872
43,452343	1,403297
43,455121	1,421380
43,457899	1,432559
43,460676	1,425326
43,463454	1,412832
43,466232	1,414147
43,469010	1,429929
43,471787	1,452286
43,474565	1,463464
43,477343	1,461492
43,480121	1,450313
43,482898	1,456560
43,485676	1,477273
43,488454	1,507850
43,491232	1,523303
43,494009	1,519686
43,496787	1,511795
43,499565	1,522316
43,502343	1,545660
43,505120	1,573935
43,507898	1,593662
43,510676	1,590374
43,513454	1,581497
43,516231	1,586100
43,519009	1,606814
43,521787	1,628184
43,524565	1,637719
43,527342	1,630157
43,530120	1,621609
43,532898	1,624239
43,535676	1,641665
43,538453	1,665666
43,541231	1,678488
43,544009	1,672570
43,546787	1,663364
43,549564	1,669940
43,552342	1,701174
43,555120	1,688352
43,557898	1,591690
43,560675	1,503576
43,563453	1,472670
43,566231	1,500288
43,569009	1,573607
43,571786	1,652186
43,574564	1,705777
43,577342	1,722545
43,580120	1,723860
43,582897	1,730436
43,585675	1,750163
43,588453	1,772191
43,591231	1,776465
43,594008	1,758054
43,596786	1,729121
43,599564	1,709394
43,602342	1,701174
43,605120	1,690982
43,607897	1,664351
43,610675	1,616677
43,613453	1,559140
43,616231	1,518042
43,619008	1,492068
43,621786	1,485164
43,624564	1,472999
43,627341	1,450313
43,630119	1,425983
43,632897	1,418750
43,635675	1,429271
43,638452	1,447025
43,641230	1,454916
43,644008	1,441107
43,646786	1,424668
43,649563	1,424011
43,652341	1,437491
43,655119	1,453930
43,657897	1,466423
43,660674	1,457546
43,663452	1,440450
43,666230	1,436504
43,669008	1,448340
43,671785	1,466423
43,674563	1,474643
43,677341	1,462807
43,680119	1,446697
43,682896	1,445710
43,685674	1,460834
43,688452	1,473985
43,691230	1,461492
43,694007	1,418092
43,696785	1,379954
43,699563	1,384228
43,702341	1,462149
43,705118	1,647254
43,707896	1,907978
43,710674	2,237747
43,713452	2,625382
43,716229	3,014661
43,719007	3,193848
43,721785	3,197794
43,724563	3,198451
43,727340	3,197465
43,730118	3,190560
43,732896	3,095871
43,735674	2,677988
43,738451	2,101631
43,741229	1,559140
43,744007	1,153094
43,746785	0,940701
43,749562	0,901575
43,752340	0,975223
43,755118	1,095886
43,757896	1,200767
43,760673	1,273428
43,763451	1,317814
43,766229	1,352994
43,769007	1,381598
43,771784	1,405599
43,774562	1,413161
43,777340	1,401653
43,780118	1,385543
43,782895	1,384228
43,785673	1,406256
43,788451	1,429929
43,791229	1,444395
43,794006	1,435189
43,796784	1,422367
43,799562	1,418421
43,802340	1,433545
43,805117	1,454916
43,807895	1,470040
43,810673	1,468725
43,813451	1,461492
43,816228	1,468067
43,819006	1,489767
43,821784	1,517714
43,824562	1,532509
43,827340	1,526919
43,830117	1,520015
43,832895	1,530865
43,835673	1,548290
43,838451	1,574922
43,841228	1,588402
43,844006	1,588073
43,846784	1,585114
43,849562	1,593333
43,852339	1,612732
43,855117	1,635418
43,857895	1,650870
43,860672	1,642980
43,863450	1,633116
43,866228	1,634431
43,869006	1,651199
43,871783	1,671913
43,874561	1,684406
43,877339	1,678488
43,880117	1,670269
43,882894	1,682762
43,885672	1,697229
43,888450	1,626869
43,891228	1,540400
43,894005	1,488452
43,896783	1,487466
43,899561	1,538756
43,902339	1,613060
43,905116	1,684406
43,907894	1,723860
43,910672	1,732737
43,913450	1,730107
43,916227	1,737011
43,919005	1,755423
43,921783	1,776794
43,924561	1,781397
43,927338	1,760684
43,930116	1,729449
43,932894	1,700845
43,935672	1,685064
43,938449	1,668953
43,941227	1,642980
43,944005	1,596293
43,946783	1,544674
43,949560	1,502590
43,952338	1,485164
43,955116	1,476945
43,957894	1,471026
43,960671	1,449984
43,963449	1,425654
43,966227	1,420394
43,969005	1,430257
43,971782	1,448669
43,974560	1,453272
43,977338	1,443409
43,980116	1,425326
43,982893	1,425326
43,985671	1,434203
43,988449	1,456560
43,991227	1,464451
43,994004	1,455245
43,996782	1,440121
43,999560	1,438148
44,002338	1,453601
44,005115	1,472342
44,007893	1,482534
44,010671	1,468396
44,013449	1,452286
44,016226	1,447025
44,019004	1,455902
44,021782	1,457218
44,024560	1,440450
44,027337	1,402968
44,030115	1,381598
44,032893	1,429929
44,035671	1,568675
44,038448	1,799151
44,041226	2,126290
44,044004	2,491897
44,046782	2,872298
44,049560	3,187273
44,052337	3,196807
44,055115	3,197465
44,057893	3,197794
44,060671	3,193848
44,063448	3,167546
44,066226	2,843365
44,069004	2,303833
44,071782	1,747861
44,074559	1,292169
44,077337	1,012375
44,080115	0,901904
44,082892	0,926234
44,085670	1,029472
44,088448	1,148820
44,091226	1,251400
44,094003	1,309923
44,096781	1,345760
44,099559	1,366145
44,102337	1,387844
44,105114	1,405928
44,107892	1,414147
44,110670	1,405928
44,113448	1,389817
44,116225	1,393105
44,119003	1,410202
44,121781	1,434860
44,124559	1,447354
44,127336	1,444066
44,130114	1,426312
44,132892	1,426970
44,135670	1,439792
44,138447	1,462807
44,141225	1,476945
44,144003	1,476616
44,146781	1,468067
44,149558	1,474972
44,152336	1,499302
44,155114	1,522974
44,157892	1,540400
44,160669	1,536783
44,163447	1,529221
44,166225	1,532180
44,169003	1,553880
44,171780	1,580182
44,174558	1,599252
44,177336	1,595964
44,180114	1,590046
44,182891	1,594649
44,185669	1,612074
44,188447	1,637719
44,191225	1,649555
44,194002	1,643637
44,196780	1,631472
44,199558	1,635746
44,202336	1,650542
44,205113	1,675529
44,207891	1,688023
44,210669	1,684077
44,213447	1,679803
44,216224	1,693283
44,219002	1,645281
44,221780	1,562757
44,224558	1,507521
44,227335	1,494041
44,230113	1,522316
44,232891	1,579853
44,235669	1,649555
44,238446	1,707750
44,241224	1,739642
44,244002	1,740299
44,246780	1,734710
44,249557	1,738327
44,252335	1,754437
44,255113	1,773506
44,257891	1,774821
44,260668	1,750820
44,263446	1,717613
44,266224	1,688352
44,269002	1,666323
44,271780	1,650213
44,274557	1,621280
44,277335	1,574264
44,280113	1,519686
44,282891	1,481547
44,285668	1,465766
44,288446	1,467410
44,291224	1,462149
44,294002	1,443737
44,296779	1,422367
44,299557	1,417106
44,302335	1,428613
44,305112	1,445710
44,307890	1,452943
44,310668	1,441765
44,313446	1,427298
44,316223	1,423682
44,319001	1,438148
44,321779	1,454587
44,324557	1,463793
44,327334	1,454587
44,330112	1,438148
44,332890	1,437162
44,335668	1,450971
44,338445	1,472342
44,341223	1,481219
44,344001	1,469711
44,346779	1,451957
44,349556	1,448998
44,352334	1,446039
44,355112	1,440778
44,357890	1,423353
44,360667	1,396393
44,363445	1,407900
44,366223	1,493055
44,369001	1,690324
44,371778	1,991160
44,374556	2,353150
44,377334	2,748347
44,380112	3,115927
44,382889	3,195492
44,385667	3,198780
44,388445	3,199109
44,391223	3,196478
44,394000	3,186944
44,396778	3,009072
44,399556	2,528720
44,402334	1,943487
44,405111	1,442094
44,407889	1,106736
44,410667	0,942016
44,413445	0,919987
44,416222	0,990018
44,419000	1,099831
44,421778	1,215234
44,424556	1,299402
44,427333	1,346418
44,430111	1,366145
44,432889	1,376337
44,435667	1,393105
44,438444	1,412503
44,441222	1,421709
44,444000	1,410202
44,446778	1,396722
44,449555	1,395735
44,452333	1,413161
44,455111	1,438477
44,457889	1,454587
44,460666	1,452286
44,463444	1,441107
44,466222	1,437819
44,469000	1,448669
44,471777	1,473328
44,474555	1,489109
44,477333	1,487466
44,480111	1,477931
44,482888	1,484507
44,485666	1,505549
44,488444	1,535468
44,491222	1,551907
44,493999	1,553222
44,496777	1,545331
44,499555	1,550921
44,502333	1,570319
44,505111	1,593991
44,507888	1,608457
44,510666	1,604841
44,513444	1,598265
44,516222	1,600567
44,518999	1,619307
44,521777	1,643308
44,524555	1,660076
44,527332	1,652514
44,530110	1,641665
44,532888	1,641336
44,535666	1,656131
44,538443	1,683091
44,541221	1,697886
44,543999	1,696900
44,546777	1,696900
44,549554	1,671255
44,552332	1,579196
44,555110	1,518371
44,557888	1,499302
44,560665	1,518042
44,563443	1,560455
44,566221	1,618979
44,568999	1,673556
44,571776	1,725175
44,574554	1,750820
44,577332	1,750163
44,580110	1,739313
44,582887	1,737669
44,585665	1,749176
44,588443	1,763972
44,591221	1,763972
44,593998	1,737669
44,596776	1,700517
44,599554	1,665666
44,602332	1,642980
44,605109	1,625883
44,607887	1,597608
44,610665	1,551578
44,613443	1,500617
44,616220	1,467081
44,618998	1,455245
44,621776	1,460177
44,624554	1,455245
44,627331	1,441107
44,630109	1,418092
44,632887	1,413818
44,635665	1,422038
44,638442	1,445381
44,641220	1,453272
44,643998	1,447025
44,646776	1,431244
44,649553	1,426970
44,652331	1,439792
44,655109	1,455902
44,657887	1,468396
44,660664	1,457546
44,663442	1,444066
44,666220	1,439792
44,668998	1,454916
44,671775	1,471355
44,674553	1,482863
44,677331	1,472670
44,680109	1,456231
44,682886	1,443080
44,685664	1,432888
44,688442	1,422038
44,691220	1,407243
44,693997	1,403297
44,696775	1,448669
44,699553	1,601882
44,702331	1,848140
44,705108	2,199280
44,707886	2,605327
44,710664	2,990331
44,713442	3,192862
44,716219	3,197136
44,718997	3,198451
44,721775	3,198780
44,724553	3,193191
44,727331	3,133023
44,730108	2,732566
44,732886	2,148647
44,735664	1,602211
44,738442	1,201096
44,741219	0,989360
44,743997	0,918343
44,746775	0,956811
44,749553	1,048212
44,752330	1,161313
44,755108	1,265866
44,757886	1,342144
44,760663	1,374036
44,763441	1,376337
44,766219	1,377652
44,768997	1,387187
44,771774	1,407900
44,774552	1,415462
44,777330	1,409873
44,780108	1,398037
44,782885	1,400338
44,785663	1,415791
44,788441	1,442094
44,791219	1,454259
44,793996	1,445381
44,796774	1,428942
44,799552	1,427956
44,802330	1,446368
44,805107	1,470698
44,807885	1,489438
44,810663	1,487137
44,813441	1,484178
44,816218	1,484835
44,818996	1,508836
44,821774	1,532509
44,824552	1,553222
44,827329	1,553222
44,830107	1,545331
44,832885	1,547633
44,835663	1,566702
44,838440	1,595964
44,841218	1,615362
44,843996	1,617663
44,846774	1,608129
44,849551	1,612732
44,852329	1,627198
44,855107	1,649884
44,857885	1,661720
44,860662	1,655145
44,863440	1,642651
44,866218	1,644624
44,868996	1,659419
44,871773	1,684077
44,874551	1,701503
44,877329	1,706435
44,880107	1,697886
44,882884	1,609444
44,885662	1,524289
44,888440	1,494370
44,891218	1,518371
44,893995	1,557167
44,896773	1,604183
44,899551	1,651199
44,902329	1,698873
44,905106	1,738327
44,907884	1,761341
44,910662	1,761341
44,913440	1,752793
44,916217	1,748848
44,918995	1,756081
44,921773	1,765944
44,924551	1,757067
44,927328	1,726162
44,930106	1,681776
44,932884	1,644295
44,935662	1,620294
44,938439	1,607142
44,941217	1,577223
44,943995	1,529550
44,946773	1,481547
44,949551	1,450642
44,952328	1,444395
44,955106	1,451299
44,957884	1,452943
44,960662	1,438148
44,963439	1,420065
44,966217	1,411517
44,968995	1,423682
44,971773	1,440778
44,974550	1,452286
44,977328	1,444066
44,980106	1,430586
44,982883	1,424997
44,985661	1,438806
44,988439	1,458861
44,991217	1,468725
44,993994	1,461163
44,996772	1,443080
44,999550	1,439135
45,002328	1,451299
45,005105	1,472670
45,007883	1,483520
45,010661	1,476287
45,013439	1,455574
45,016216	1,435189
45,018994	1,417106
45,021772	1,409215
45,024550	1,411188
45,027327	1,443737
45,030105	1,539742
45,032883	1,736683
45,035661	2,056259
45,038438	2,443565
45,041216	2,855859
45,043994	3,183327
45,046772	3,194835
45,049549	3,197794
45,052327	3,198122
45,055105	3,195492
45,057883	3,182341
45,060660	2,917670
45,063438	2,381754
45,066216	1,792247
45,068994	1,316170
45,071771	1,044925
45,074549	0,941029
45,077327	0,952208
45,080105	1,023225
45,082882	1,117585
45,085660	1,218522
45,088438	1,310252
45,091216	1,373378
45,093993	1,391132
45,096771	1,386201
45,099549	1,380282
45,102327	1,391132
45,105104	1,409873
45,107882	1,422367
45,110660	1,417435
45,113438	1,406914
45,116215	1,403626
45,118993	1,417435
45,121771	1,442751
45,124549	1,455574
45,127326	1,447025
45,130104	1,431573
45,132882	1,432230
45,135660	1,450313
45,138437	1,479575
45,141215	1,495356
45,143993	1,498973
45,146771	1,491740
45,149548	1,495028
45,152326	1,512124
45,155104	1,539084
45,157882	1,560126
45,160659	1,559469
45,163437	1,552893
45,166215	1,554866
45,168993	1,572949
45,171770	1,597279
45,174548	1,618979
45,177326	1,618650
45,180104	1,608786
45,182882	1,606156
45,185659	1,620951
45,188437	1,643637
45,191215	1,657446
45,193993	1,654816
45,196770	1,644624
45,199548	1,648898
45,202326	1,664022
45,205103	1,690982
45,207881	1,711038
45,210659	1,722216
45,213437	1,659748
45,216214	1,551578
45,218992	1,490753
45,221770	1,500617
45,224548	1,550263
45,227325	1,598594
45,230103	1,640021
45,232881	1,673228
45,235659	1,711366
45,238436	1,747532
45,241214	1,769890
45,243992	1,764958
45,246770	1,752135
45,249547	1,741943
45,252325	1,743587
45,255103	1,748848
45,257881	1,739642
45,260658	1,706435
45,263436	1,661391
45,266214	1,622595
45,268992	1,599580
45,271769	1,581169
45,274547	1,551578
45,277325	1,507192
45,280103	1,460505
45,282880	1,434860
45,285658	1,433216
45,288436	1,445053
45,291214	1,446368
45,293991	1,434860
45,296769	1,420065
45,299547	1,412503
45,302325	1,423682
45,305102	1,439135
45,307880	1,451957
45,310658	1,442751
45,313436	1,428942
45,316213	1,421380
45,318991	1,433216
45,321769	1,452943
45,324547	1,466752
45,327324	1,459519
45,330102	1,444724
45,332880	1,441107
45,335658	1,451957
45,338435	1,471026
45,341213	1,480232
45,343991	1,472670
45,346769	1,440450
45,349546	1,415462
45,352324	1,392776
45,355102	1,393434
45,357880	1,422038
45,360657	1,494041
45,363435	1,654158
45,366213	1,915540
45,368991	2,269639
45,371768	2,696728
45,374546	3,095213
45,377324	3,195821
45,380102	3,196807
45,382879	3,197136
45,385657	3,195492
45,388435	3,188916
45,391213	3,058061
45,393990	2,601052
45,396768	1,994448
45,399546	1,460834
45,402324	1,107722
45,405102	0,948920
45,407879	0,938070
45,410657	0,998237
45,413435	1,082734
45,416213	1,176766
45,418990	1,263894
45,421768	1,345103
45,424546	1,390146
45,427323	1,400338
45,430101	1,387844
45,432879	1,384557
45,435657	1,391132
45,438434	1,412503
45,441212	1,427298
45,443990	1,424668
45,446768	1,413489
45,449545	1,411188
45,452323	1,428285
45,455101	1,451628
45,457879	1,464122
45,460656	1,454259
45,463434	1,441765
45,466212	1,437162
45,468990	1,455574
45,471767	1,482534
45,474545	1,506535
45,477323	1,508508
45,480101	1,502918
45,482878	1,503905
45,485656	1,522316
45,488434	1,549277
45,491212	1,567688
45,493989	1,568346
45,496767	1,558483
45,499545	1,561113
45,502323	1,577552
45,505100	1,608786
45,507878	1,627856
45,510656	1,628842
45,513434	1,617006
45,516211	1,617006
45,518989	1,630486
45,521767	1,650870
45,524545	1,665666
45,527322	1,659748
45,530100	1,650870
45,532878	1,653172
45,535656	1,667967
45,538433	1,693283
45,541211	1,722874
45,543989	1,703476
45,546767	1,593005
45,549544	1,497658
45,552322	1,475301
45,555100	1,516070
45,557878	1,584785
45,560655	1,636733
45,563433	1,667638
45,566211	1,693283
45,568989	1,718928
45,571766	1,749834
45,574544	1,772520
45,577322	1,770876
45,580100	1,756081
45,582877	1,743916
45,585655	1,741286
45,588433	1,745560
45,591211	1,731422
45,593988	1,693941
45,596766	1,644624
45,599544	1,602211
45,602322	1,575908
45,605099	1,558483
45,607877	1,534481
45,610655	1,492068
45,613433	1,457546
45,616210	1,429271
45,618988	1,430257
45,621766	1,438148
45,624544	1,446697
45,627322	1,436504
45,630099	1,419736
45,632877	1,410530
45,635655	1,421051
45,638433	1,440450
45,641210	1,451628
45,643988	1,448340
45,646766	1,431573
45,649544	1,430586
45,652321	1,438806
45,655099	1,462478
45,657877	1,472670
45,660654	1,468067
45,663432	1,451299
45,666210	1,446697
45,668988	1,456560
45,671765	1,473328
45,674543	1,486808
45,677321	1,470369
45,680099	1,434860
45,682876	1,398037
45,685654	1,385872
45,688432	1,402640
45,691210	1,473328
45,693987	1,603855
45,696765	1,809015
45,699543	2,127934
45,702321	2,525761
45,705098	2,940685
45,707876	3,192533
45,710654	3,198451
45,713432	3,198451
45,716209	3,198122
45,718987	3,192533
45,721765	3,156038
45,724543	2,803912
45,727320	2,229528
45,730098	1,650542
45,732876	1,207343
45,735654	0,972921
45,738431	0,920974
45,741209	0,973250
45,743987	1,059391
45,746765	1,145203
45,749542	1,226741
45,752320	1,304334
45,755098	1,368446
45,757876	1,403626
45,760653	1,401325
45,763431	1,390146
45,766209	1,383570
45,768987	1,396064
45,771764	1,415791
45,774542	1,434532
45,777320	1,431573
45,780098	1,419736
45,782875	1,415133
45,785653	1,426312
45,788431	1,448998
45,791209	1,459190
45,793986	1,453930
45,796764	1,441107
45,799542	1,443409
45,802320	1,458533
45,805097	1,485493
45,807875	1,504891
45,810653	1,509823
45,813431	1,502590
45,816208	1,503905
45,818986	1,522974
45,821764	1,552564
45,824542	1,574264
45,827319	1,575579
45,830097	1,567360
45,832875	1,567360
45,835653	1,585443
45,838430	1,610101
45,841208	1,629500
45,843986	1,631143
45,846764	1,619965
45,849542	1,616677
45,852319	1,631472
45,855097	1,652186
45,857875	1,668625
45,860653	1,666652
45,863430	1,654816
45,866208	1,652843
45,868986	1,668625
45,871764	1,700517
45,874541	1,725175
45,877319	1,645939
45,880097	1,528235
45,882874	1,465108
45,885652	1,479575
45,888430	1,545002
45,891208	1,618979
45,893985	1,664351
45,896763	1,684735
45,899541	1,701174
45,902319	1,725833
45,905096	1,754108
45,907874	1,777452
45,910652	1,772191
45,913430	1,753779
45,916207	1,738655
45,918985	1,732080
45,921763	1,730765
45,924541	1,718600
45,927318	1,677831
45,930096	1,626212
45,932874	1,583799
45,935652	1,553880
45,938429	1,536454
45,941207	1,512453
45,943985	1,479246
45,946763	1,446697
45,949540	1,430257
45,952318	1,431901
45,955096	1,445053
45,957874	1,453601
45,960651	1,441107
45,963429	1,423353
45,966207	1,411846
45,968985	1,424011
45,971762	1,445710
45,974540	1,460505
45,977318	1,453272
45,980096	1,437162
45,982873	1,428942
45,985651	1,439792
45,988429	1,461163
45,991207	1,473657
45,993984	1,469054
45,996762	1,449656
45,999540	1,445381
46,002318	1,453601
46,005095	1,475301
46,007873	1,483520
46,010651	1,461821
46,013429	1,415133
46,016206	1,383242
46,018984	1,379296
46,021762	1,431573
46,024540	1,546318
46,027317	1,731422
46,030095	2,013518
46,032873	2,364658
46,035651	2,776623
46,038428	3,167546
46,041206	3,197136
46,043984	3,198780
46,046762	3,199109
46,049539	3,196478
46,052317	3,185300
46,055095	2,970604
46,057873	2,472170
46,060650	1,873127
46,063428	1,355953
46,066206	1,039664
46,068984	0,919330
46,071761	0,949906
46,074539	1,042623
46,077317	1,135340
46,080095	1,210302
46,082873	1,277374
46,085650	1,339513
46,088428	1,390146
46,091206	1,414476
46,093984	1,406256
46,096761	1,390475
46,099539	1,382584
46,102317	1,393434
46,105094	1,416777
46,107872	1,433545
46,110650	1,428285
46,113428	1,418750
46,116205	1,412503
46,118983	1,426970
46,121761	1,448340
46,124539	1,461492
46,127316	1,456231
46,130094	1,448340
46,132872	1,450313
46,135650	1,469054
46,138427	1,502261
46,141205	1,523303
46,143983	1,526919
46,146761	1,513768
46,149538	1,514754
46,152316	1,527906
46,155094	1,557496
46,157872	1,574264
46,160649	1,582484
46,163427	1,575908
46,166205	1,578867
46,168983	1,596293
46,171760	1,622266
46,174538	1,639363
46,177316	1,635418
46,180094	1,622924
46,182871	1,617335
46,185649	1,634760
46,188427	1,659419
46,191205	1,679475
46,193982	1,677502
46,196760	1,665008
46,199538	1,662707
46,202316	1,682434
46,205093	1,721559
46,207871	1,699530
46,210649	1,586429
46,213427	1,491740
46,216204	1,470040
46,218982	1,510480
46,221760	1,590703
46,224538	1,664679
46,227315	1,703147
46,230093	1,712353
46,232871	1,720901
46,235649	1,737669
46,238426	1,764629
46,241204	1,779424
46,243982	1,771205
46,246760	1,747204
46,249537	1,729778
46,252315	1,720901
46,255093	1,716627
46,257871	1,697886
46,260648	1,657117
46,263426	1,604183
46,266204	1,558154
46,268982	1,531851
46,271759	1,514426
46,274537	1,499630
46,277315	1,471684
46,280093	1,443737
46,282870	1,425654
46,285648	1,425326
46,288426	1,442094
46,291204	1,451299
46,293981	1,444066
46,296759	1,421380
46,299537	1,415462
46,302315	1,422038
46,305093	1,447025
46,307870	1,457875
46,310648	1,454587
46,313426	1,440450
46,316204	1,436175
46,318981	1,446368
46,321759	1,465108
46,324537	1,477273
46,327314	1,468725
46,330092	1,457546
46,332870	1,448340
46,335648	1,461492
46,338425	1,477602
46,341203	1,480561
46,343981	1,448340
46,346759	1,402311
46,349536	1,372063
46,352314	1,395078
46,355092	1,486150
46,357870	1,666323
46,360647	1,914554
46,363425	2,237419
46,366203	2,630314
46,368981	3,029785
46,371758	3,193191
46,374536	3,196478
46,377314	3,197136
46,380092	3,197465
46,382869	3,190889
46,385647	3,092583
46,388425	2,675686
46,391203	2,092754
46,393980	1,539742
46,396758	1,131394
46,399536	0,930508
46,402314	0,905850
46,405091	0,985415
46,407869	1,100160
46,410647	1,189917
46,413425	1,254688
46,416202	1,306306
46,418980	1,355295
46,421758	1,392776
46,424536	1,413161
46,427313	1,408229
46,430091	1,394420
46,432869	1,387844
46,435647	1,399352
46,438424	1,424011
46,441202	1,439135
46,443980	1,437162
46,446758	1,423353
46,449535	1,419079
46,452313	1,426641
46,455091	1,449656
46,457869	1,463136
46,460646	1,464122
46,463424	1,456889
46,466202	1,456560
46,468980	1,475301
46,471757	1,506864
46,474535	1,528235
46,477313	1,525276
46,480091	1,513768
46,482868	1,511467
46,485646	1,531522
46,488424	1,559469
46,491202	1,585443
46,493979	1,589059
46,496757	1,580840
46,499535	1,580840
46,502313	1,601553
46,505090	1,629171
46,507868	1,647911
46,510646	1,644624
46,513424	1,629171
46,516201	1,626869
46,518979	1,641336
46,521757	1,665008
46,524535	1,677831
46,527313	1,674872
46,530090	1,665337
46,532868	1,666652
46,535646	1,690324
46,538424	1,707092
46,541201	1,629171
46,543979	1,530865
46,546757	1,474643
46,549534	1,483520
46,552312	1,547962
46,555090	1,627527
46,557868	1,691968
46,560645	1,719257
46,563423	1,724847
46,566201	1,729449
46,568979	1,745560
46,571756	1,766273
46,574534	1,778767
46,577312	1,768575
46,580090	1,743258
46,582867	1,720572
46,585645	1,705777
46,588423	1,698544
46,591201	1,681118
46,593978	1,638705
46,596756	1,585114
46,599534	1,539742
46,602312	1,509165
46,605089	1,495356
46,607867	1,483520
46,610645	1,457875
46,613423	1,430586
46,616200	1,415133
46,618978	1,421051
46,621756	1,441436
46,624534	1,453601
46,627311	1,443409
46,630089	1,426970
46,632867	1,419079
46,635645	1,425983
46,638422	1,443737
46,641200	1,458533
46,643978	1,453601
46,646756	1,439135
46,649533	1,431573
46,652311	1,438477
46,655089	1,460505
46,657867	1,475301
46,660644	1,472013
46,663422	1,456889
46,666200	1,449327
46,668978	1,457875
46,671755	1,470040
46,674533	1,463136
46,677311	1,426641
46,680089	1,385872
46,682866	1,373378
46,685644	1,436504
46,688422	1,584456
46,691200	1,810659
46,693977	2,122673
46,696755	2,483677
46,699533	2,876573
46,702311	3,189903
46,705088	3,197136
46,707866	3,198780
46,710644	3,196807
46,713422	3,193848
46,716199	3,169847
46,718977	2,849284
46,721755	2,307121
46,724533	1,738984
46,727310	1,273099
46,730088	0,991004
46,732866	0,894013
46,735644	0,937084
46,738421	1,050843
46,741199	1,163286
46,743977	1,247454
46,746755	1,300717
46,749533	1,340500
46,752310	1,373378
46,755088	1,400338
46,757866	1,414147
46,760644	1,405599
46,763421	1,390475
46,766199	1,379625
46,768977	1,391132
46,771755	1,415462
46,774532	1,438477
46,777310	1,439463
46,780088	1,428613
46,782865	1,423353
46,785643	1,430915
46,788421	1,452615
46,791199	1,471684
46,793976	1,472013
46,796754	1,460834
46,799532	1,461163
46,802310	1,478260
46,805087	1,507521
46,807865	1,528235
46,810643	1,530207
46,813421	1,521001
46,816198	1,521001
46,818976	1,536125
46,821754	1,563743
46,824532	1,586429
46,827309	1,588402
46,830087	1,583799
46,832865	1,582812
46,835643	1,602539
46,838420	1,627527
46,841198	1,646596
46,843976	1,643308
46,846754	1,632130
46,849531	1,626541
46,852309	1,641993
46,855087	1,663364
46,857865	1,680461
46,860642	1,678817
46,863420	1,669282
46,866198	1,674214
46,868976	1,696900
46,871753	1,655145
46,874531	1,564072
46,877309	1,499302
46,880087	1,481547
46,882864	1,518042
46,885642	1,588731
46,888420	1,664351
46,891198	1,715969
46,893975	1,733395
46,896753	1,729121
46,899531	1,730107
46,902309	1,746217
46,905086	1,767588
46,907864	1,776137
46,910642	1,762656
46,913420	1,733395
46,916197	1,705777
46,918975	1,687694
46,921753	1,672899
46,924531	1,651857
46,927308	1,609773
46,930086	1,553880
46,932864	1,510809
46,935642	1,483520
46,938419	1,477931
46,941197	1,473985
46,943975	1,456889
46,946753	1,427956
46,949530	1,417106
46,952308	1,421380
46,955086	1,441107
46,957864	1,450971
46,960641	1,445053
46,963419	1,431901
46,966197	1,425654
46,968975	1,434860
46,971752	1,453930
46,974530	1,469054
46,977308	1,461163
46,980086	1,447683
46,982864	1,435189
46,985641	1,445381
46,988419	1,463136
46,991197	1,481876
46,993975	1,477602
46,996752	1,467081
46,999530	1,456560
47,002308	1,464122
47,005085	1,465437
47,007863	1,449656
47,010641	1,416120
47,013419	1,383242
47,016196	1,402640
47,018974	1,499630
47,021752	1,705448
47,024530	2,004312
47,027307	2,355780
47,030085	2,746703
47,032863	3,120858
47,035641	3,196150
47,038418	3,199766
47,041196	3,199766
47,043974	3,196807
47,046752	3,186944
47,049529	3,001839
47,052307	2,522145
47,055085	1,940857
47,057863	1,437162
47,060640	1,089968
47,063418	0,921302
47,066196	0,905192
47,068974	0,992319
47,071751	1,110023
47,074529	1,222796
47,077307	1,292169
47,080085	1,333267
47,082862	1,361213
47,085640	1,381598
47,088418	1,402311
47,091196	1,413489
47,093973	1,410859
47,096751	1,392776
47,099529	1,390146
47,102307	1,399352
47,105084	1,425326
47,107862	1,446368
47,110640	1,449327
47,113418	1,436504
47,116195	1,430257
47,118973	1,439792
47,121751	1,459848
47,124529	1,480890
47,127306	1,479246
47,130084	1,471355
47,132862	1,467410
47,135640	1,485822
47,138417	1,511467
47,141195	1,536454
47,143973	1,537769
47,146751	1,533166
47,149528	1,533495
47,152306	1,551578
47,155084	1,578867
47,157862	1,600567
47,160639	1,604841
47,163417	1,598923
47,166195	1,600238
47,168973	1,613718
47,171750	1,637390
47,174528	1,652843
47,177306	1,649555
47,180084	1,633774
47,182861	1,629171
47,185639	1,642322
47,188417	1,665994
47,191195	1,685064
47,193972	1,684406
47,196750	1,675858
47,199528	1,684406
47,202306	1,669611
47,205084	1,585771
47,207861	1,520344
47,210639	1,492068
47,213417	1,505220
47,216195	1,554537
47,218972	1,624897
47,221750	1,688680
47,224528	1,731422
47,227305	1,743916
47,230083	1,737998
47,232861	1,736025
47,235639	1,747532
47,238416	1,765944
47,241194	1,774821
47,243972	1,760026
47,246750	1,726819
47,249527	1,694927
47,252305	1,672570
47,255083	1,655473
47,257861	1,632459
47,260638	1,591690
47,263416	1,540400
47,266194	1,497000
47,268972	1,475301
47,271749	1,471355
47,274527	1,470698
47,277305	1,450313
47,280083	1,426641
47,282860	1,412503
47,285638	1,417764
47,288416	1,433545
47,291194	1,448998
47,293971	1,442751
47,296749	1,427298
47,299527	1,419079
47,302305	1,429600
47,305082	1,449327
47,307860	1,464780
47,310638	1,460177
47,313416	1,446697
47,316193	1,440450
47,318971	1,447025
47,321749	1,462807
47,324527	1,473328
47,327304	1,467081
47,330082	1,453930
47,332860	1,448998
47,335638	1,448340
47,338415	1,447354
47,341193	1,427298
47,343971	1,399023
47,346749	1,388831
47,349526	1,442751
47,352304	1,611088
47,355082	1,870497
47,357860	2,219336
47,360637	2,612231
47,363415	2,989674
47,366193	3,192862
47,368971	3,198451
47,371748	3,199109
47,374526	3,198780
47,377304	3,193519
47,380082	3,121516
47,382859	2,715469
47,385637	2,136811
47,388415	1,596950
47,391193	1,195836
47,393970	0,977195
47,396748	0,908151
47,399526	0,952865
47,402304	1,059062
47,405081	1,173807
47,407859	1,274743
47,410637	1,335568
47,413415	1,358254
47,416192	1,370090
47,418970	1,383899
47,421748	1,399681
47,424526	1,413489
47,427304	1,409215
47,430081	1,393434
47,432859	1,392119
47,435637	1,403626
47,438415	1,427298
47,441192	1,447683
47,443970	1,447025
47,446748	1,431573
47,449525	1,425326
47,452303	1,432888
47,455081	1,457546
47,457859	1,479246
47,460636	1,483191
47,463414	1,475301
47,466192	1,476287
47,468970	1,491082
47,471747	1,515083
47,474525	1,535797
47,477303	1,540071
47,480081	1,535797
47,482858	1,534810
47,485636	1,555195
47,488414	1,583141
47,491192	1,605498
47,493969	1,607800
47,496747	1,599909
47,499525	1,596293
47,502303	1,608457
47,505080	1,631472
47,507858	1,649227
47,510636	1,648898
47,513414	1,637719
47,516191	1,636075
47,518969	1,648898
47,521747	1,671584
47,524525	1,688680
47,527302	1,693941
47,530080	1,691311
47,532858	1,689009
47,535636	1,610430
47,538413	1,529550
47,541191	1,496343
47,543969	1,505877
47,546747	1,539084
47,549524	1,590046
47,552302	1,652186
47,555080	1,707092
47,557858	1,742272
47,560635	1,751149
47,563413	1,743587
47,566191	1,740628
47,568969	1,750820
47,571746	1,761670
47,574524	1,766931
47,577302	1,748519
47,580080	1,713339
47,582857	1,678488
47,585635	1,651857
47,588413	1,632130
47,591191	1,610101
47,593968	1,568346
47,596746	1,511795
47,599524	1,472342
47,602302	1,451957
47,605079	1,454916
47,607857	1,459190
47,610635	1,447025
47,613413	1,423024
47,616190	1,409544
47,618968	1,411846
47,621746	1,426312
47,624524	1,444395
47,627301	1,442094
47,630079	1,431901
47,632857	1,424011
47,635635	1,432230
47,638412	1,450313
47,641190	1,467739
47,643968	1,462807
47,646746	1,450971
47,649524	1,441436
47,652301	1,446039
47,655079	1,462478
47,657857	1,476287
47,660635	1,472013
47,663412	1,456560
47,666190	1,446039
47,668968	1,435518
47,671746	1,427956
47,674523	1,413489
47,677301	1,401982
47,680079	1,429271
47,682856	1,536125
47,685634	1,746875
47,688412	2,078945
47,691190	2,464936
47,693967	2,862435
47,696745	3,182341
47,699523	3,196150
47,702301	3,197465
47,705078	3,198451
47,707856	3,195492
47,710634	3,180039
47,713412	2,891039
47,716189	2,353808
47,718967	1,777780
47,721745	1,314197
47,724523	1,041637
47,727300	0,929851
47,730078	0,935440
47,732856	1,015992
47,735634	1,123503
47,738411	1,234961
47,741189	1,318471
47,743967	1,367789
47,746745	1,374693
47,749522	1,375680
47,752300	1,383570
47,755078	1,403626
47,757856	1,416777
47,760633	1,415462
47,763411	1,402968
47,766189	1,400338
47,768967	1,410859
47,771744	1,432888
47,774522	1,454587
47,777300	1,451957
47,780078	1,439135
47,782855	1,430586
47,785633	1,442094
47,788411	1,463136
47,791189	1,487137
47,793966	1,487794
47,796744	1,485822
47,799522	1,487794
47,802300	1,504233
47,805077	1,529878
47,807855	1,553880
47,810633	1,561442
47,813411	1,552236
47,816188	1,552236
47,818966	1,565387
47,821744	1,593991
47,824522	1,616348
47,827299	1,624568
47,830077	1,615362
47,832855	1,609773
47,835633	1,618650
47,838410	1,640678
47,841188	1,659748
47,843966	1,660076
47,846744	1,650542
47,849521	1,642980
47,852299	1,654816
47,855077	1,676515
47,857855	1,700188
47,860632	1,708079
47,863410	1,711695
47,866188	1,651199
47,868966	1,553551
47,871743	1,500617
47,874521	1,506535
47,877299	1,541057
47,880077	1,585443
47,882855	1,633774
47,885632	1,682105
47,888410	1,727148
47,891188	1,757725
47,893966	1,765287
47,896743	1,754437
47,899521	1,746546
47,902299	1,747532
47,905076	1,754766
47,907854	1,754766
47,910632	1,733066
47,913410	1,694270
47,916187	1,654487
47,918965	1,628513
47,921743	1,608129
47,924521	1,588731
47,927298	1,546975
47,930076	1,496343
47,932854	1,456560
47,935632	1,442422
47,938409	1,444395
47,941187	1,453930
47,943965	1,444395
47,946743	1,428613
47,949520	1,420723
47,952298	1,425983
47,955076	1,444395
47,957854	1,460177
47,960631	1,455574
47,963409	1,436175
47,966187	1,426312
47,968965	1,432559
47,971742	1,451957
47,974520	1,468067
47,977298	1,467410
47,980076	1,452615
47,982853	1,444066
47,985631	1,447683
47,988409	1,469054
47,991187	1,484835
47,993964	1,481876
47,996742	1,467739
47,999520	1,442751
48,002298	1,425654
48,005075	1,411517
48,007853	1,408887
48,010631	1,425326
48,013409	1,492726
48,016186	1,662378
48,018964	1,938555
48,021742	2,301203
48,024520	2,721387
48,027297	3,104090
48,030075	3,195163
48,032853	3,197465
48,035631	3,198122
48,038408	3,196807
48,041186	3,189574
48,043964	3,060362
48,046742	2,595463
48,049519	1,993791
48,052297	1,468067
48,055075	1,121531
48,057853	0,963058
48,060630	0,941029
48,063408	0,992648
48,066186	1,081091
48,068964	1,184986
48,071741	1,279346
48,074519	1,354637
48,077297	1,385543
48,080075	1,385214
48,082852	1,378639
48,085630	1,385543
48,088408	1,401982
48,091186	1,418092
48,093963	1,418421
48,096741	1,406585
48,099519	1,400338
48,102297	1,410859
48,105075	1,432559
48,107852	1,453930
48,110630	1,452615
48,113408	1,437162
48,116186	1,431901
48,118963	1,443409
48,121741	1,467410
48,124519	1,490425
48,127296	1,495356
48,130074	1,493384
48,132852	1,495356
48,135630	1,513111
48,138407	1,539413
48,141185	1,563414
48,143963	1,565716
48,146741	1,555195
48,149518	1,554537
48,152296	1,568675
48,155074	1,593005
48,157852	1,617006
48,160629	1,622595
48,163407	1,617335
48,166185	1,614047
48,168963	1,620951
48,171740	1,643966
48,174518	1,661391
48,177296	1,661063
48,180074	1,648240
48,182851	1,640021
48,185629	1,650542
48,188407	1,676515
48,191185	1,701503
48,193962	1,717613
48,196740	1,691968
48,199518	1,583141
48,202296	1,501274
48,205073	1,483849
48,207851	1,520344
48,210629	1,572620
48,213407	1,620951
48,216184	1,658761
48,218962	1,699859
48,221740	1,734710
48,224518	1,760684
48,227295	1,767259
48,230073	1,756081
48,232851	1,746875
48,235629	1,746875
48,238406	1,750492
48,241184	1,748848
48,243962	1,724847
48,246740	1,679803
48,249517	1,638377
48,252295	1,606814
48,255073	1,588402
48,257851	1,567360
48,260628	1,529878
48,263406	1,482534
48,266184	1,451299
48,268962	1,442751
48,271739	1,446697
48,274517	1,455245
48,277295	1,447354
48,280073	1,428613
48,282850	1,415462
48,285628	1,424339
48,288406	1,441436
48,291184	1,459190
48,293961	1,453930
48,296739	1,436833
48,299517	1,426312
48,302295	1,431244
48,305072	1,451299
48,307850	1,469711
48,310628	1,467081
48,313406	1,450971
48,316183	1,441436
48,318961	1,445053
48,321739	1,465437
48,324517	1,481876
48,327294	1,479904
48,330072	1,455245
48,332850	1,425654
48,335628	1,399681
48,338406	1,394749
48,341183	1,412832
48,343961	1,465766
48,346739	1,594977
48,349516	1,808028
48,352294	2,139113
48,355072	2,546474
48,357850	2,960083
48,360627	3,193519
48,363405	3,197465
48,366183	3,198780
48,368961	3,197794
48,371738	3,192533
48,374516	3,153408
48,377294	2,787472
48,380072	2,206842
48,382849	1,635418
48,385627	1,205041
48,388405	0,985086
48,391183	0,929522
48,393960	0,973579
48,396738	1,050843
48,399516	1,139943
48,402294	1,232988
48,405071	1,316499
48,407849	1,375351
48,410627	1,397050
48,413405	1,389160
48,416182	1,381598
48,418960	1,388173
48,421738	1,400667
48,424516	1,416120
48,427293	1,415133
48,430071	1,406585
48,432849	1,399681
48,435627	1,415462
48,438404	1,435518
48,441182	1,455574
48,443960	1,453930
48,446738	1,441436
48,449515	1,434860
48,452293	1,446697
48,455071	1,471026
48,457849	1,493712
48,460626	1,502261
48,463404	1,496014
48,466182	1,498315
48,468960	1,509165
48,471737	1,535797
48,474515	1,561113
48,477293	1,569661
48,480071	1,563414
48,482848	1,564729
48,485626	1,572949
48,488404	1,600567
48,491182	1,624568
48,493959	1,628513
48,496737	1,621609
48,499515	1,613060
48,502293	1,622595
48,505070	1,643637
48,507848	1,667310
48,510626	1,667967
48,513404	1,660076
48,516181	1,650213
48,518959	1,660734
48,521737	1,685393
48,524515	1,712353
48,527292	1,721559
48,530070	1,631801
48,532848	1,518700
48,535626	1,466752
48,538403	1,494041
48,541181	1,555524
48,543959	1,619636
48,546737	1,657775
48,549515	1,686379
48,552292	1,712682
48,555070	1,742272
48,557848	1,764300
48,560626	1,768903
48,563403	1,755752
48,566181	1,742601
48,568959	1,739971
48,571737	1,743916
48,574514	1,739313
48,577292	1,711366
48,580070	1,664679
48,582847	1,617992
48,585625	1,588731
48,588403	1,565716
48,591181	1,546318
48,593958	1,510152
48,596736	1,470369
48,599514	1,441107
48,602292	1,432230
48,605069	1,437491
48,607847	1,444066
48,610625	1,441436
48,613403	1,423353
48,616180	1,412832
48,618958	1,417764
48,621736	1,437491
48,624514	1,454916
48,627291	1,455574
48,630069	1,437491
48,632847	1,426312
48,635625	1,430915
48,638402	1,449984
48,641180	1,469711
48,643958	1,466423
48,646736	1,451628
48,649513	1,438477
48,652291	1,446368
48,655069	1,464451
48,657847	1,485164
48,660624	1,480561
48,663402	1,450313
48,666180	1,410202
48,668958	1,387844
48,671735	1,391132
48,674513	1,444724
48,677291	1,541057
48,680069	1,722216
48,682846	2,011216
48,685624	2,376494
48,688402	2,797336
48,691180	3,176094
48,693957	3,196478
48,696735	3,199109
48,699513	3,198780
48,702291	3,196807
48,705068	3,185300
48,707846	2,966659
48,710624	2,454744
48,713402	1,849784
48,716179	1,342801
48,718957	1,039993
48,721735	0,928207
48,724513	0,955825
48,727290	1,034403
48,730068	1,119558
48,732846	1,198795
48,735624	1,279018
48,738401	1,347404
48,741179	1,397050
48,743957	1,407243
48,746735	1,394749
48,749512	1,383242
48,752290	1,386858
48,755068	1,406914
48,757846	1,427956
48,760623	1,434203
48,763401	1,418421
48,766179	1,410202
48,768957	1,418421
48,771734	1,439792
48,774512	1,458861
48,777290	1,462807
48,780068	1,449656
48,782846	1,444395
48,785623	1,454587
48,788401	1,475301
48,791179	1,500617
48,793957	1,508836
48,796734	1,501932
48,799512	1,498973
48,802290	1,511467
48,805067	1,537112
48,807845	1,564729
48,810623	1,569332
48,813401	1,561770
48,816178	1,558154
48,818956	1,569661
48,821734	1,596293
48,824512	1,623581
48,827289	1,630486
48,830067	1,620622
48,832845	1,617335
48,835623	1,626212
48,838400	1,646267
48,841178	1,667638
48,843956	1,671255
48,846734	1,661063
48,849511	1,656460
48,852289	1,664679
48,855067	1,691639
48,857845	1,725175
48,860622	1,688023
48,863400	1,572291
48,866178	1,482534
48,868956	1,470369
48,871733	1,520673
48,874511	1,596293
48,877289	1,652514
48,880067	1,681776
48,882844	1,697558
48,885622	1,720244
48,888400	1,749505
48,891178	1,774821
48,893955	1,777780
48,896733	1,760684
48,899511	1,742272
48,902289	1,733724
48,905066	1,732409
48,907844	1,725833
48,910622	1,697558
48,913400	1,649555
48,916177	1,603526
48,918955	1,571634
48,921733	1,552564
48,924511	1,532509
48,927288	1,501274
48,930066	1,464451
48,932844	1,435189
48,935622	1,427956
48,938399	1,434203
48,941177	1,448669
48,943955	1,447683
48,946733	1,433216
48,949510	1,421709
48,952288	1,426312
48,955066	1,442751
48,957844	1,460177
48,960621	1,461492
48,963399	1,444395
48,966177	1,436175
48,968955	1,437491
48,971732	1,452615
48,974510	1,470040
48,977288	1,469383
48,980066	1,454259
48,982843	1,445710
48,985621	1,450313
48,988399	1,469711
48,991177	1,487794
48,993954	1,474643
48,996732	1,438148
48,999510	1,393105
49,002288	1,376666
49,005066	1,402311
49,007843	1,491082
49,010621	1,656789
49,013399	1,895813
49,016177	2,225254
49,018954	2,634260
49,021732	3,039978
49,024510	3,194506
49,027287	3,197136
49,030065	3,197794
49,032843	3,198122
49,035621	3,191218
49,038398	3,098501
49,041176	2,681933
49,043954	2,087165
49,046732	1,526919
49,049509	1,128106
49,052287	0,936098
49,055065	0,920645
49,057843	0,998237
49,060620	1,099831
49,063398	1,183671
49,066176	1,253701
49,068954	1,321102
49,071731	1,374693
49,074509	1,412503
49,077287	1,414805
49,080065	1,399681
49,082842	1,384228
49,085620	1,392119
49,088398	1,407900
49,091176	1,432230
49,093953	1,434532
49,096731	1,424339
49,099509	1,414805
49,102287	1,423682
49,105064	1,441107
49,107842	1,457875
49,110620	1,462478
49,113398	1,452286
49,116175	1,451628
49,118953	1,463136
49,121731	1,490753
49,124509	1,514754
49,127286	1,523960
49,130064	1,512124
49,132842	1,505549
49,135620	1,519029
49,138397	1,544345
49,141175	1,571963
49,143953	1,580182
49,146731	1,576237
49,149508	1,572620
49,152286	1,586758
49,155064	1,609444
49,157842	1,634431
49,160619	1,636075
49,163397	1,628184
49,166175	1,618650
49,168953	1,625554
49,171730	1,647911
49,174508	1,670597
49,177286	1,673556
49,180064	1,664351
49,182841	1,661063
49,185619	1,672570
49,188397	1,707421
49,191175	1,721230
49,193952	1,629828
49,196730	1,520015
49,199508	1,469383
49,202286	1,486479
49,205063	1,558811
49,207841	1,634103
49,210619	1,686050
49,213397	1,707092
49,216174	1,715312
49,218952	1,728792
49,221730	1,751478
49,224508	1,771862
49,227285	1,771862
49,230063	1,751807
49,232841	1,729449
49,235619	1,719257
49,238397	1,713997
49,241174	1,705120
49,243952	1,671255
49,246730	1,621609
49,249507	1,570976
49,252285	1,539413
49,255063	1,519686
49,257841	1,504891
49,260618	1,482534
49,263396	1,445381
49,266174	1,421709
49,268952	1,413161
49,271729	1,427627
49,274507	1,440121
49,277285	1,440450
49,280063	1,424997
49,282840	1,414805
49,285618	1,420065
49,288396	1,438806
49,291174	1,457875
49,293951	1,458533
49,296729	1,445053
49,299507	1,431244
49,302285	1,438806
49,305062	1,453601
49,307840	1,472670
49,310618	1,470040
49,313396	1,456231
49,316173	1,446368
49,318951	1,455574
49,321729	1,468396
49,324507	1,478588
49,327284	1,457546
49,330062	1,413161
49,332840	1,377981
49,335618	1,374364
49,338395	1,444724
49,341173	1,588402
49,343951	1,804412
49,346729	2,113139
49,349506	2,480060
49,352284	2,881176
49,355062	3,189574
49,357840	3,196150
49,360617	3,198122
49,363395	3,196807
49,366173	3,193519
49,368951	3,170176
49,371728	2,860791
49,374506	2,319614
49,377284	1,740957
49,380062	1,262907
49,382839	0,984429
49,385617	0,900260
49,388395	0,951222
49,391173	1,060377
49,393950	1,157039
49,396728	1,232330
49,399506	1,289210
49,402284	1,340829
49,405061	1,383899
49,407839	1,407243
49,410617	1,407900
49,413395	1,392119
49,416172	1,382913
49,418950	1,388831
49,421728	1,411188
49,424506	1,431573
49,427283	1,439135
49,430061	1,429271
49,432839	1,422038
49,435617	1,426970
49,438394	1,442751
49,441172	1,460834
49,443950	1,466423
49,446728	1,458204
49,449505	1,452286
49,452283	1,466423
49,455061	1,492068
49,457839	1,523632
49,460617	1,531851
49,463394	1,523960
49,466172	1,516727
49,468950	1,527906
49,471728	1,548290
49,474505	1,573607
49,477283	1,581497
49,480061	1,573935
49,482838	1,572291
49,485616	1,585771
49,488394	1,615033
49,491172	1,640678
49,493949	1,646925
49,496727	1,634760
49,499505	1,624568
49,502283	1,627527
49,505060	1,647911
49,507838	1,669940
49,510616	1,673885
49,513394	1,666652
49,516171	1,663364
49,518949	1,678817
49,521727	1,711366
49,524505	1,665994
49,527282	1,558154
49,530060	1,481219
49,532838	1,468396
49,535616	1,517385
49,538393	1,597936
49,541171	1,673885
49,543949	1,716298
49,546727	1,727806
49,549504	1,731751
49,552282	1,743587
49,555060	1,763643
49,557838	1,780411
49,560615	1,775150
49,563393	1,749505
49,566171	1,722545
49,568949	1,705448
49,571726	1,698215
49,574504	1,682434
49,577282	1,647254
49,580060	1,597279
49,582837	1,545331
49,585615	1,514426
49,588393	1,496343
49,591171	1,485493
49,593948	1,466423
49,596726	1,441436
49,599504	1,416777
49,602282	1,414805
49,605059	1,429271
49,607837	1,445053
49,610615	1,445053
49,613393	1,428942
49,616170	1,418750
49,618948	1,421709
49,621726	1,438148
49,624504	1,452943
49,627281	1,453601
49,630059	1,438477
49,632837	1,431573
49,635615	1,437162
49,638392	1,453930
49,641170	1,473328
49,643948	1,475958
49,646726	1,463464
49,649503	1,453601
49,652281	1,457875
49,655059	1,469383
49,657837	1,471684
49,660614	1,443737
49,663392	1,400667
49,666170	1,373049
49,668948	1,406585
49,671725	1,513768
49,674503	1,717613
49,677281	2,000366
49,680059	2,338355
49,682837	2,734867
49,685614	3,123160
49,688392	3,196150
49,691170	3,198451
49,693948	3,199109
49,696725	3,196150
49,699503	3,186615
49,702281	3,004469
49,705058	2,530035
49,707836	1,950063
49,710614	1,432559
49,713392	1,077803
49,716169	0,912425
49,718947	0,914398
49,721725	1,006786
49,724503	1,124819
49,727280	1,219837
49,730058	1,284936
49,732836	1,327020
49,735614	1,364830
49,738391	1,393105
49,741169	1,412832
49,743947	1,413161
49,746725	1,397708
49,749502	1,386529
49,752280	1,392776
49,755058	1,414805
49,757836	1,435189
49,760613	1,441765
49,763391	1,431244
49,766169	1,424011
49,768947	1,428285
49,771724	1,448669
49,774502	1,465437
49,777280	1,468725
49,780058	1,457546
49,782835	1,453930
49,785613	1,469054
49,788391	1,496014
49,791169	1,524618
49,793946	1,533166
49,796724	1,525276
49,799502	1,518700
49,802280	1,531194
49,805057	1,557496
49,807835	1,588402
49,810613	1,598265
49,813391	1,593662
49,816168	1,589717
49,818946	1,602868
49,821724	1,621280
49,824502	1,642322
49,827279	1,646596
49,830057	1,636075
49,832835	1,630486
49,835613	1,636733
49,838390	1,659419
49,841168	1,678488
49,843946	1,680790
49,846724	1,669611
49,849501	1,667310
49,852279	1,690653
49,855057	1,685721
49,857835	1,603855
49,860612	1,523303
49,863390	1,484178
49,866168	1,499630
49,868946	1,564401
49,871723	1,639034
49,874501	1,702161
49,877279	1,731093
49,880057	1,731422
49,882834	1,729778
49,885612	1,741943
49,888390	1,762656
49,891168	1,782055
49,893945	1,776465
49,896723	1,753451
49,899501	1,723531
49,902279	1,702489
49,905057	1,687694
49,907834	1,666981
49,910612	1,631472
49,913390	1,577881
49,916168	1,527906
49,918945	1,493055
49,921723	1,483849
49,924501	1,478917
49,927278	1,468067
49,930056	1,439463
49,932834	1,417764
49,935612	1,416777
49,938389	1,431573
49,941167	1,450313
49,943945	1,450313
49,946723	1,439135
49,949500	1,427956
49,952278	1,434532
49,955056	1,447025
49,957834	1,466423
49,960611	1,467410
49,963389	1,453601
49,966167	1,438477
49,968945	1,441436
49,971722	1,455902
49,974500	1,474643
49,977278	1,476945
49,980056	1,463793
49,982833	1,455902
49,985611	1,457875
49,988389	1,465766
49,991167	1,458861
49,993944	1,429929
49,996722	1,387187
