LabVIEW Measurement	
Writer_Version	2
Reader_Version	2
Separator	Tab
Decimal_Separator	,
Multi_Headings	No
X_Columns	Multi
Time_Pref	Absolute
Operator	Alunos
Description	Cont Acq&Graph Voltage Int Clk - LVM71 - Data File
Date	2023/06/01
Time	12:12:33,6406431999429207483
***End_of_Header***	
	
Channels	1	
Samples	500	
Date	2023/06/01	
Time	12:12:33,6406431999429207483	
Y_Unit_Label	Volts	
X_Dimension	Time	
X0	0,0000000000000000E+0	
Delta_X	0,002778	
***End_of_Header***		
X_Value	Dev1/ai1	Comment
0,000000	1,564401
0,002778	1,576894
0,005555	1,567688
0,008333	1,552893
0,011111	1,542701
0,013889	1,548290
0,016667	1,567688
0,019444	1,580511
0,022222	1,575908
0,025000	1,559798
0,027777	1,552564
0,030555	1,545331
0,033333	1,540071
0,036111	1,518700
0,038888	1,490425
0,041666	1,481547
0,044444	1,543030
0,047222	1,715312
0,049999	1,977680
0,052777	2,325532
0,055555	2,721058
0,058333	3,092583
0,061110	3,196807
0,063888	3,199437
0,066666	3,200753
0,069444	3,198451
0,072221	3,195163
0,074999	3,171820
0,077777	2,856846
0,080555	2,284763
0,083332	1,714654
0,086110	1,276716
0,088888	1,033746
0,091666	0,961414
0,094443	1,013361
0,097221	1,128764
0,099999	1,254688
0,102777	1,351350
0,105554	1,409873
0,108332	1,432888
0,111110	1,444066
0,113888	1,456231
0,116665	1,472342
0,119443	1,483191
0,122221	1,475301
0,124999	1,461163
0,127776	1,455902
0,130554	1,470040
0,133332	1,489438
0,136110	1,508179
0,138887	1,502261
0,141665	1,488123
0,144443	1,477273
0,147221	1,492068
0,149998	1,515083
0,152776	1,535139
0,155554	1,534153
0,158332	1,522974
0,161109	1,526591
0,163887	1,544345
0,166665	1,569004
0,169443	1,587415
0,172220	1,590703
0,174998	1,582484
0,177776	1,585771
0,180554	1,601882
0,183331	1,630157
0,186109	1,649227
0,188887	1,651528
0,191665	1,643637
0,194442	1,641993
0,197220	1,656460
0,199998	1,681447
0,202776	1,696242
0,205553	1,690324
0,208331	1,677173
0,211109	1,673556
0,213887	1,687037
0,216664	1,711366
0,219442	1,729449
0,222220	1,729121
0,224998	1,726819
0,227775	1,742272
0,230553	1,779096
0,233331	1,825454
0,236109	1,859976
0,238886	1,872799
0,241664	1,873785
0,244442	1,879703
0,247220	1,906334
0,249997	1,939870
0,252775	1,961570
0,255553	1,959926
0,258331	1,946117
0,261108	1,936582
0,263886	1,935267
0,266664	1,937240
0,269442	1,926719
0,272220	1,898772
0,274997	1,858661
0,277775	1,822495
0,280553	1,797179
0,283330	1,778109
0,286108	1,752135
0,288886	1,701174
0,291664	1,635418
0,294441	1,574593
0,297219	1,534810
0,299997	1,504562
0,302775	1,481219
0,305553	1,441107
0,308330	1,399681
0,311108	1,381269
0,313886	1,388831
0,316663	1,411188
0,319441	1,425654
0,322219	1,426641
0,324997	1,410859
0,327774	1,407900
0,330552	1,416777
0,333330	1,438477
0,336108	1,451299
0,338886	1,443737
0,341663	1,423353
0,344441	1,416777
0,347219	1,425654
0,349996	1,445381
0,352774	1,459190
0,355552	1,452615
0,358330	1,438477
0,361107	1,435518
0,363885	1,447354
0,366663	1,461821
0,369441	1,472013
0,372218	1,461163
0,374996	1,446039
0,377774	1,438477
0,380552	1,450642
0,383329	1,469054
0,386107	1,479575
0,388885	1,473985
0,391663	1,457218
0,394440	1,450971
0,397218	1,455902
0,399996	1,480232
0,402774	1,489767
0,405551	1,485493
0,408329	1,471355
0,411107	1,466095
0,413885	1,476287
0,416662	1,498973
0,419440	1,511138
0,422218	1,506535
0,424996	1,488452
0,427773	1,478588
0,430551	1,486808
0,433329	1,504233
0,436107	1,517056
0,438884	1,508836
0,441662	1,493712
0,444440	1,485164
0,447218	1,496671
0,449995	1,514754
0,452773	1,529550
0,455551	1,522645
0,458329	1,504562
0,461106	1,496343
0,463884	1,504562
0,466662	1,523303
0,469440	1,534153
0,472217	1,530865
0,474995	1,514426
0,477773	1,509494
0,480551	1,516398
0,483328	1,533495
0,486106	1,543030
0,488884	1,536454
0,491662	1,518042
0,494439	1,513439
0,497217	1,523303
0,499995	1,542701
0,502773	1,556510
0,505551	1,548619
0,508328	1,531194
0,511106	1,523960
0,513884	1,532180
0,516661	1,548290
0,519439	1,561113
0,522217	1,550592
0,524995	1,533824
0,527772	1,526591
0,530550	1,535139
0,533328	1,555195
0,536106	1,567031
0,538883	1,559798
0,541661	1,543030
0,544439	1,538756
0,547217	1,546318
0,549994	1,568675
0,552772	1,579525
0,555550	1,571634
0,558328	1,553222
0,561105	1,544016
0,563883	1,551578
0,566661	1,572291
0,569439	1,582812
0,572217	1,576566
0,574994	1,561442
0,577772	1,550921
0,580550	1,557496
0,583327	1,575908
0,586105	1,587415
0,588883	1,579525
0,591661	1,563086
0,594438	1,554208
0,597216	1,565387
0,599994	1,584456
0,602772	1,594977
0,605549	1,588073
0,608327	1,569661
0,611105	1,563743
0,613883	1,573935
0,616660	1,593005
0,619438	1,602539
0,622216	1,593333
0,624994	1,573278
0,627771	1,566373
0,630549	1,578538
0,633327	1,597608
0,636105	1,609444
0,638882	1,602868
0,641660	1,583470
0,644438	1,573278
0,647216	1,591032
0,649994	1,636404
0,652771	1,696571
0,655549	1,738655
0,658327	1,771862
0,661104	1,802110
0,663882	1,836961
0,666660	1,871155
0,669438	1,897786
0,672215	1,900416
0,674993	1,889895
0,677771	1,884964
0,680549	1,890553
0,683326	1,898772
0,686104	1,893841
0,688882	1,864908
0,691660	1,818878
0,694437	1,778109
0,697215	1,751807
0,699993	1,735368
0,702771	1,708079
0,705548	1,662707
0,708326	1,613718
0,711104	1,576894
0,713882	1,564729
0,716660	1,571634
0,719437	1,574593
0,722215	1,558811
0,724993	1,541715
0,727770	1,534153
0,730548	1,541057
0,733326	1,559140
0,736104	1,568017
0,738881	1,557825
0,741659	1,537112
0,744437	1,528235
0,747215	1,535797
0,749992	1,557825
0,752770	1,567688
0,755548	1,562757
0,758326	1,546975
0,761103	1,541715
0,763881	1,550592
0,766659	1,567688
0,769437	1,578538
0,772214	1,570648
0,774992	1,549934
0,777770	1,524947
0,780548	1,506864
0,783326	1,494041
0,786103	1,491411
0,788881	1,520344
0,791659	1,604841
0,794436	1,790274
0,797214	2,101960
0,799992	2,482362
0,802770	2,901231
0,805547	3,190560
0,808325	3,196807
0,811103	3,198451
0,813881	3,199437
0,816658	3,197465
0,819436	3,192533
0,822214	3,090610
0,824992	2,630314
0,827769	2,018778
0,830547	1,481876
0,833325	1,145203
0,836103	0,999881
0,838880	0,995607
0,841658	1,063336
0,844436	1,163944
0,847214	1,274086
0,849991	1,367789
0,852769	1,436504
0,855547	1,455245
0,858325	1,451628
0,861102	1,444395
0,863880	1,452615
0,866658	1,470040
0,869436	1,482534
0,872213	1,473328
0,874991	1,466423
0,877769	1,463136
0,880547	1,476616
0,883324	1,500617
0,886102	1,512453
0,888880	1,503576
0,891658	1,486150
0,894435	1,486150
0,897213	1,497658
0,899991	1,524618
0,902769	1,541386
0,905546	1,546318
0,908324	1,539413
0,911102	1,544345
0,913880	1,560455
0,916657	1,587744
0,919435	1,605498
0,922213	1,604512
0,924991	1,596293
0,927768	1,596293
0,930546	1,617663
0,933324	1,644624
0,936102	1,666652
0,938879	1,667638
0,941657	1,657117
0,944435	1,652843
0,947213	1,666652
0,949990	1,686708
0,952768	1,699859
0,955546	1,694927
0,958324	1,682434
0,961101	1,679146
0,963879	1,693612
0,966657	1,720572
0,969435	1,743587
0,972212	1,759040
0,974990	1,768575
0,977768	1,792904
0,980546	1,828084
0,983323	1,864579
0,986101	1,890553
0,988879	1,896471
0,991657	1,894170
0,994434	1,906334
0,997212	1,929349
0,999990	1,955981
1,002768	1,971433
1,005545	1,962556
1,008323	1,937569
1,011101	1,916856
1,013879	1,906006
1,016656	1,904033
1,019434	1,896142
1,022212	1,864579
1,024990	1,815919
1,027767	1,774164
1,030545	1,746875
1,033323	1,723203
1,036101	1,691311
1,038879	1,634103
1,041656	1,564729
1,044434	1,512782
1,047212	1,474643
1,049989	1,456560
1,052767	1,439135
1,055545	1,412832
1,058323	1,388831
1,061101	1,384228
1,063878	1,397050
1,066656	1,424668
1,069434	1,437819
1,072211	1,432559
1,074989	1,418421
1,077767	1,411517
1,080545	1,420723
1,083322	1,436504
1,086100	1,451957
1,088878	1,442094
1,091656	1,429600
1,094433	1,420723
1,097211	1,432230
1,099989	1,448340
1,102767	1,458861
1,105544	1,451299
1,108322	1,436175
1,111100	1,432559
1,113878	1,445710
1,116656	1,467410
1,119433	1,475629
1,122211	1,468725
1,124989	1,448012
1,127766	1,443737
1,130544	1,454587
1,133322	1,477273
1,136100	1,487794
1,138877	1,484835
1,141655	1,465437
1,144433	1,458204
1,147211	1,468725
1,149988	1,486808
1,152766	1,499302
1,155544	1,490753
1,158322	1,476945
1,161099	1,468725
1,163877	1,481547
1,166655	1,496014
1,169433	1,511138
1,172210	1,500946
1,174988	1,486479
1,177766	1,480561
1,180544	1,490425
1,183321	1,507192
1,186099	1,520344
1,188877	1,513439
1,191655	1,494370
1,194433	1,490425
1,197210	1,497658
1,199988	1,519357
1,202766	1,530865
1,205543	1,522974
1,208321	1,505549
1,211099	1,501932
1,213877	1,509494
1,216654	1,531194
1,219432	1,543030
1,222210	1,534481
1,224988	1,521001
1,227765	1,512124
1,230543	1,520344
1,233321	1,538098
1,236099	1,550921
1,238876	1,540728
1,241654	1,527906
1,244432	1,519029
1,247210	1,529878
1,249988	1,548290
1,252765	1,559140
1,255543	1,549605
1,258321	1,534153
1,261098	1,528892
1,263876	1,536454
1,266654	1,556181
1,269432	1,566045
1,272209	1,558811
1,274987	1,540728
1,277765	1,533824
1,280543	1,543359
1,283320	1,561770
1,286098	1,574593
1,288876	1,567688
1,291654	1,549277
1,294431	1,540728
1,297209	1,549605
1,299987	1,567360
1,302765	1,579196
1,305542	1,571305
1,308320	1,554866
1,311098	1,548948
1,313876	1,559798
1,316653	1,579853
1,319431	1,592018
1,322209	1,583470
1,324987	1,565387
1,327765	1,558811
1,330542	1,569661
1,333320	1,587087
1,336098	1,597279
1,338875	1,588073
1,341653	1,568017
1,344431	1,561770
1,347209	1,569332
1,349986	1,587744
1,352764	1,600567
1,355542	1,595306
1,358320	1,575908
1,361097	1,566702
1,363875	1,576566
1,366653	1,594649
1,369431	1,607800
1,372208	1,601553
1,374986	1,585443
1,377764	1,577881
1,380542	1,584785
1,383319	1,602539
1,386097	1,614047
1,388875	1,603526
1,391653	1,587744
1,394430	1,601224
1,397208	1,649227
1,399986	1,714325
1,402764	1,776137
1,405541	1,811974
1,408319	1,830386
1,411097	1,846496
1,413875	1,868853
1,416652	1,899101
1,419430	1,917513
1,422208	1,911924
1,424986	1,895813
1,427763	1,881347
1,430541	1,874771
1,433319	1,877730
1,436097	1,864579
1,438874	1,828413
1,441652	1,781068
1,444430	1,736025
1,447208	1,705120
1,449985	1,685064
1,452763	1,656460
1,455541	1,615362
1,458319	1,576237
1,461097	1,554866
1,463874	1,554866
1,466652	1,566702
1,469430	1,572620
1,472207	1,563086
1,474985	1,542043
1,477763	1,532509
1,480541	1,540400
1,483318	1,555852
1,486096	1,569004
1,488874	1,565387
1,491652	1,550921
1,494429	1,544345
1,497207	1,556510
1,499985	1,573278
1,502763	1,581826
1,505540	1,572620
1,508318	1,556839
1,511096	1,549277
1,513874	1,558154
1,516652	1,572949
1,519429	1,586429
1,522207	1,570319
1,524985	1,532838
1,527762	1,497658
1,530540	1,482534
1,533318	1,499959
1,536096	1,568017
1,538873	1,707092
1,541651	1,923102
1,544429	2,246953
1,547207	2,650699
1,549984	3,062664
1,552762	3,194506
1,555540	3,197794
1,558318	3,199109
1,561095	3,199437
1,563873	3,195821
1,566651	3,184642
1,569429	2,941672
1,572207	2,378466
1,574984	1,767259
1,577762	1,284607
1,580540	1,031444
1,583317	0,972921
1,586095	1,037034
1,588873	1,133367
1,591651	1,225097
1,594428	1,304991
1,597206	1,379625
1,599984	1,439792
1,602762	1,470369
1,605539	1,467410
1,608317	1,449327
1,611095	1,444395
1,613873	1,452286
1,616650	1,475629
1,619428	1,488781
1,622206	1,487794
1,624984	1,476945
1,627761	1,475629
1,630539	1,486479
1,633317	1,502918
1,636095	1,509165
1,638872	1,503247
1,641650	1,490753
1,644428	1,490753
1,647206	1,512453
1,649983	1,539084
1,652761	1,564072
1,655539	1,564401
1,658317	1,554866
1,661094	1,550263
1,663872	1,570319
1,666650	1,595635
1,669428	1,617992
1,672206	1,620294
1,674983	1,612403
1,677761	1,612403
1,680539	1,628513
1,683316	1,652843
1,686094	1,673228
1,688872	1,673228
1,691650	1,659748
1,694427	1,654816
1,697205	1,663035
1,699983	1,684735
1,702761	1,700845
1,705538	1,700517
1,708316	1,687694
1,711094	1,687694
1,713872	1,703804
1,716649	1,735368
1,719427	1,769890
1,722205	1,792247
1,724983	1,805727
1,727761	1,821837
1,730538	1,848798
1,733316	1,882991
1,736094	1,911266
1,738871	1,921130
1,741649	1,921130
1,744427	1,927377
1,747205	1,944473
1,749982	1,966502
1,752760	1,975708
1,755538	1,955323
1,758316	1,918499
1,761093	1,889238
1,763871	1,877730
1,766649	1,874771
1,769427	1,860634
1,772204	1,819536
1,774982	1,766931
1,777760	1,723531
1,780538	1,689009
1,783316	1,659419
1,786093	1,617663
1,788871	1,558483
1,791649	1,492397
1,794426	1,445053
1,797204	1,421709
1,799982	1,416777
1,802760	1,418092
1,805537	1,406256
1,808315	1,392776
1,811093	1,389817
1,813871	1,405928
1,816648	1,425654
1,819426	1,437491
1,822204	1,427298
1,824982	1,411188
1,827759	1,407243
1,830537	1,420723
1,833315	1,442422
1,836093	1,451957
1,838871	1,445381
1,841648	1,424997
1,844426	1,422695
1,847204	1,432230
1,849981	1,456231
1,852759	1,469054
1,855537	1,463464
1,858315	1,445381
1,861092	1,439135
1,863870	1,448998
1,866648	1,466752
1,869426	1,477931
1,872203	1,468396
1,874981	1,451628
1,877759	1,444724
1,880537	1,458533
1,883315	1,472999
1,886092	1,488452
1,888870	1,479246
1,891648	1,466423
1,894426	1,459848
1,897203	1,472342
1,899981	1,489109
1,902759	1,499959
1,905536	1,492397
1,908314	1,472342
1,911092	1,466752
1,913870	1,474314
1,916647	1,497329
1,919425	1,508508
1,922203	1,505549
1,924981	1,492068
1,927758	1,487794
1,930536	1,492726
1,933314	1,513439
1,936092	1,521330
1,938870	1,514426
1,941647	1,499959
1,944425	1,489767
1,947203	1,499302
1,949980	1,519029
1,952758	1,530536
1,955536	1,521330
1,958314	1,506206
1,961091	1,499959
1,963869	1,512782
1,966647	1,531522
1,969425	1,542372
1,972202	1,532509
1,974980	1,518371
1,977758	1,511467
1,980536	1,521001
1,983313	1,537440
1,986091	1,545331
1,988869	1,538427
1,991647	1,521659
1,994425	1,517385
1,997202	1,526591
1,999980	1,548948
2,002758	1,561113
2,005535	1,552893
2,008313	1,534481
2,011091	1,524947
2,013869	1,532180
2,016646	1,550921
2,019424	1,564072
2,022202	1,556510
2,024980	1,539084
2,027757	1,533824
2,030535	1,545002
2,033313	1,560126
2,036091	1,572291
2,038868	1,563414
2,041646	1,547633
2,044424	1,542701
2,047202	1,552893
2,049980	1,570976
2,052757	1,582484
2,055535	1,573935
2,058313	1,553551
2,061090	1,546646
2,063868	1,555195
2,066646	1,575579
2,069424	1,588731
2,072201	1,582812
2,074979	1,563743
2,077757	1,557167
2,080535	1,564401
2,083312	1,582155
2,086090	1,591361
2,088868	1,580182
2,091646	1,567031
2,094423	1,559798
2,097201	1,569332
2,099979	1,589388
2,102757	1,599580
2,105535	1,591361
2,108312	1,577881
2,111090	1,569990
2,113868	1,580840
2,116645	1,600895
2,119423	1,610759
2,122201	1,600895
2,124979	1,583470
2,127756	1,573935
2,130534	1,582155
2,133312	1,600238
2,136090	1,608457
2,138867	1,607800
2,141645	1,619307
2,144423	1,659090
2,147201	1,718600
2,149979	1,786986
2,152756	1,839592
2,155534	1,859976
2,158312	1,860962
2,161089	1,865894
2,163867	1,883977
2,166645	1,908965
2,169423	1,923431
2,172200	1,910609
2,174978	1,885621
2,177756	1,864579
2,180534	1,853072
2,183311	1,843208
2,186089	1,819865
2,188867	1,776465
2,191645	1,724847
2,194422	1,679475
2,197200	1,653501
2,199978	1,637062
2,202756	1,617663
2,205534	1,591032
2,208311	1,559469
2,211089	1,541715
2,213867	1,542372
2,216644	1,554866
2,219422	1,564729
2,222200	1,553880
2,224978	1,534481
2,227755	1,526919
2,230533	1,536125
2,233311	1,552893
2,236089	1,565058
2,238866	1,554208
2,241644	1,540400
2,244422	1,535468
2,247200	1,546646
2,249977	1,566045
2,252755	1,578538
2,255533	1,572291
2,258311	1,556510
2,261089	1,551578
2,263866	1,559469
2,266644	1,577552
2,269422	1,570648
2,272199	1,535139
2,274977	1,484178
2,277755	1,459848
2,280533	1,496014
2,283310	1,607471
2,286088	1,805069
2,288866	2,082562
2,291644	2,416605
2,294421	2,814433
2,297199	3,179711
2,299977	3,198451
2,302755	3,199437
2,305532	3,199766
2,308310	3,198780
2,311088	3,192204
2,313866	3,117899
2,316644	2,711852
2,319421	2,116427
2,322199	1,550592
2,324977	1,157368
2,327754	0,975551
2,330532	0,977524
2,333310	1,076816
2,336088	1,195507
2,338865	1,290854
2,341643	1,350363
2,344421	1,400009
2,347199	1,439135
2,349976	1,469383
2,352754	1,482534
2,355532	1,475629
2,358310	1,456231
2,361088	1,452286
2,363865	1,463136
2,366643	1,484835
2,369421	1,502918
2,372198	1,497987
2,374976	1,487137
2,377754	1,481219
2,380532	1,496671
2,383309	1,513768
2,386087	1,531194
2,388865	1,525604
2,391643	1,514097
2,394420	1,512453
2,397198	1,530865
2,399976	1,558811
2,402754	1,577881
2,405531	1,577881
2,408309	1,568675
2,411087	1,573607
2,413865	1,590374
2,416643	1,617006
2,419420	1,633445
2,422198	1,633445
2,424976	1,623253
2,427754	1,630157
2,430531	1,645281
2,433309	1,670269
2,436087	1,683420
2,438864	1,677502
2,441642	1,665994
2,444420	1,663035
2,447198	1,677502
2,449975	1,701832
2,452753	1,715969
2,455531	1,709394
2,458309	1,698544
2,461086	1,698215
2,463864	1,728134
2,466642	1,774164
2,469420	1,817563
2,472198	1,834989
2,474975	1,838934
2,477753	1,851099
2,480531	1,877730
2,483308	1,911595
2,486086	1,940528
2,488864	1,948419
2,491642	1,942501
2,494419	1,938555
2,497197	1,947432
2,499975	1,957625
2,502753	1,953022
2,505530	1,927377
2,508308	1,890224
2,511086	1,862606
2,513864	1,848798
2,516641	1,837290
2,519419	1,813947
2,522197	1,768575
2,524975	1,711366
2,527753	1,659090
2,530530	1,618979
2,533308	1,585771
2,536086	1,552893
2,538863	1,499630
2,541641	1,446697
2,544419	1,411517
2,547197	1,399681
2,549974	1,407243
2,552752	1,417106
2,555530	1,414147
2,558308	1,400338
2,561085	1,399681
2,563863	1,408229
2,566641	1,430915
2,569419	1,442094
2,572196	1,437162
2,574974	1,417435
2,577752	1,417106
2,580530	1,424668
2,583308	1,443737
2,586085	1,455574
2,588863	1,447025
2,591641	1,432230
2,594418	1,424668
2,597196	1,434532
2,599974	1,453272
2,602752	1,471026
2,605529	1,461492
2,608307	1,449656
2,611085	1,441107
2,613863	1,450971
2,616640	1,468725
2,619418	1,480232
2,622196	1,472342
2,624974	1,459190
2,627752	1,453272
2,630529	1,461492
2,633307	1,480561
2,636085	1,489109
2,638863	1,481876
2,641640	1,464122
2,644418	1,460177
2,647196	1,468067
2,649973	1,491082
2,652751	1,501274
2,655529	1,496014
2,658307	1,480890
2,661084	1,473985
2,663862	1,482534
2,666640	1,499959
2,669418	1,510480
2,672195	1,500288
2,674973	1,485164
2,677751	1,478588
2,680529	1,491082
2,683307	1,507850
2,686084	1,521330
2,688862	1,513768
2,691640	1,498644
2,694417	1,492397
2,697195	1,504233
2,699973	1,522645
2,702751	1,536454
2,705528	1,530536
2,708306	1,513439
2,711084	1,508179
2,713862	1,515412
2,716639	1,536454
2,719417	1,546975
2,722195	1,541386
2,724973	1,521001
2,727750	1,516070
2,730528	1,522316
2,733306	1,541715
2,736084	1,552564
2,738862	1,542701
2,741639	1,526591
2,744417	1,519029
2,747195	1,529550
2,749972	1,550263
2,752750	1,564401
2,755528	1,553222
2,758306	1,536454
2,761083	1,525276
2,763861	1,537112
2,766639	1,555195
2,769417	1,566045
2,772194	1,556181
2,774972	1,541715
2,777750	1,536783
2,780528	1,547304
2,783305	1,568346
2,786083	1,578210
2,788861	1,571634
2,791639	1,553880
2,794416	1,546318
2,797194	1,553222
2,799972	1,572291
2,802750	1,581169
2,805527	1,574593
2,808305	1,559469
2,811083	1,555195
2,813861	1,564729
2,816638	1,583141
2,819416	1,589388
2,822194	1,579525
2,824972	1,561113
2,827749	1,556181
2,830527	1,568017
2,833305	1,586429
2,836083	1,596293
2,838861	1,588731
2,841638	1,572620
2,844416	1,565387
2,847194	1,576566
2,849971	1,591032
2,852749	1,600895
2,855527	1,593005
2,858305	1,574593
2,861082	1,569332
2,863860	1,578867
2,866638	1,596621
2,869416	1,606156
2,872193	1,597608
2,874971	1,578210
2,877749	1,572949
2,880527	1,582155
2,883304	1,599909
2,886082	1,629828
2,888860	1,655802
2,891638	1,686379
2,894416	1,729121
2,897193	1,785671
2,899971	1,838934
2,902749	1,873127
2,905526	1,878059
2,908304	1,872141
2,911082	1,876415
2,913860	1,892854
2,916637	1,912581
2,919415	1,917184
2,922193	1,896800
2,924971	1,863922
2,927748	1,834002
2,930526	1,812631
2,933304	1,793891
2,936082	1,766931
2,938859	1,722545
2,941637	1,668953
2,944415	1,624239
2,947193	1,598265
2,949971	1,591032
2,952748	1,583141
2,955526	1,563086
2,958304	1,539413
2,961081	1,529221
2,963859	1,538756
2,966637	1,555195
2,969415	1,564072
2,972192	1,552893
2,974970	1,535139
2,977748	1,528563
2,980526	1,538427
2,983303	1,559798
2,986081	1,568675
2,988859	1,560784
2,991637	1,544674
2,994414	1,539413
2,997192	1,550921
2,999970	1,571634
3,002748	1,581497
3,005525	1,573607
3,008303	1,553222
3,011081	1,546318
3,013859	1,548290
3,016636	1,546646
3,019414	1,528563
3,022192	1,495685
3,024970	1,474972
3,027747	1,518371
3,030525	1,664022
3,033303	1,900088
3,036081	2,238076
3,038858	2,615519
3,041636	2,994934
3,044414	3,193519
3,047192	3,197794
3,049969	3,199109
3,052747	3,198780
3,055525	3,195492
3,058303	3,185629
3,061080	2,970604
3,063858	2,443894
3,066636	1,858661
3,069414	1,368446
3,072191	1,072871
3,074969	0,956811
3,077747	0,989689
3,080525	1,097530
3,083302	1,221152
3,086080	1,327349
3,088858	1,390475
3,091636	1,419736
3,094413	1,434203
3,097191	1,451299
3,099969	1,467410
3,102747	1,478917
3,105524	1,467410
3,108302	1,457218
3,111080	1,455245
3,113858	1,471026
3,116635	1,493712
3,119413	1,509494
3,122191	1,500288
3,124969	1,486479
3,127746	1,477602
3,130524	1,485822
3,133302	1,512453
3,136080	1,528563
3,138857	1,527906
3,141635	1,517056
3,144413	1,522645
3,147191	1,539413
3,149968	1,569661
3,152746	1,585114
3,155524	1,588402
3,158302	1,584128
3,161079	1,584456
3,163857	1,604841
3,166635	1,632130
3,169413	1,647911
3,172190	1,646596
3,174968	1,639034
3,177746	1,637719
3,180524	1,653829
3,183301	1,674543
3,186079	1,691311
3,188857	1,687037
3,191635	1,675529
3,194412	1,671913
3,197190	1,687037
3,199968	1,710380
3,202746	1,726490
3,205523	1,725504
3,208301	1,720244
3,211079	1,735039
3,213857	1,772849
3,216634	1,820851
3,219412	1,855702
3,222190	1,867209
3,224968	1,865894
3,227745	1,875100
3,230523	1,903047
3,233301	1,936582
3,236079	1,957953
3,238856	1,954666
3,241634	1,939213
3,244412	1,931651
3,247190	1,932966
3,249967	1,936582
3,252745	1,929678
3,255523	1,901074
3,258301	1,860962
3,261078	1,827427
3,263856	1,803097
3,266634	1,785342
3,269412	1,760026
3,272189	1,710709
3,274967	1,648898
3,277745	1,594320
3,280523	1,550921
3,283300	1,526262
3,286078	1,493384
3,288856	1,448669
3,291634	1,403626
3,294411	1,385214
3,297189	1,389160
3,299967	1,413489
3,302745	1,427298
3,305522	1,426641
3,308300	1,411846
3,311078	1,405928
3,313856	1,415133
3,316634	1,432888
3,319411	1,444395
3,322189	1,434860
3,324967	1,421051
3,327744	1,411188
3,330522	1,425983
3,333300	1,445710
3,336078	1,459848
3,338855	1,452286
3,341633	1,436175
3,344411	1,428613
3,347189	1,440121
3,349966	1,458861
3,352744	1,469711
3,355522	1,463464
3,358300	1,445381
3,361077	1,440778
3,363855	1,449656
3,366633	1,472999
3,369411	1,483520
3,372189	1,477931
3,374966	1,458204
3,377744	1,453601
3,380522	1,461821
3,383299	1,478917
3,386077	1,489438
3,388855	1,481876
3,391633	1,466752
3,394410	1,461821
3,397188	1,474972
3,399966	1,492726
3,402744	1,509165
3,405521	1,499302
3,408299	1,484835
3,411077	1,474643
3,413855	1,485164
3,416632	1,502590
3,419410	1,517056
3,422188	1,508179
3,424966	1,490096
3,427744	1,484507
3,430521	1,492397
3,433299	1,514754
3,436077	1,526262
3,438854	1,518700
3,441632	1,498644
3,444410	1,492068
3,447188	1,498644
3,449965	1,519686
3,452743	1,530536
3,455521	1,524289
3,458299	1,512782
3,461076	1,506535
3,463854	1,515412
3,466632	1,534153
3,469410	1,548948
3,472187	1,540071
3,474965	1,524289
3,477743	1,511467
3,480521	1,520673
3,483298	1,539742
3,486076	1,553222
3,488854	1,544345
3,491632	1,527577
3,494409	1,520015
3,497187	1,528892
3,499965	1,548290
3,502743	1,559798
3,505520	1,554537
3,508298	1,537769
3,511076	1,528235
3,513854	1,535139
3,516631	1,556181
3,519409	1,566702
3,522187	1,562428
3,524965	1,545660
3,527742	1,539084
3,530520	1,546318
3,533298	1,564401
3,536076	1,574264
3,538853	1,565058
3,541631	1,548290
3,544409	1,540728
3,547187	1,552564
3,549964	1,569332
3,552742	1,586429
3,555520	1,579525
3,558298	1,562099
3,561075	1,553880
3,563853	1,562757
3,566631	1,578538
3,569409	1,589059
3,572186	1,579196
3,574964	1,559140
3,577742	1,555195
3,580520	1,565387
3,583297	1,585771
3,586075	1,596293
3,588853	1,588402
3,591631	1,569990
3,594408	1,565387
3,597186	1,571634
3,599964	1,588731
3,602742	1,599909
3,605519	1,591690
3,608297	1,574593
3,611075	1,569661
3,613853	1,578210
3,616630	1,595964
3,619408	1,606156
3,622186	1,598923
3,624964	1,584128
3,627741	1,576894
3,630519	1,589717
3,633297	1,634760
3,636075	1,689338
3,638852	1,728792
3,641630	1,762656
3,644408	1,798165
3,647186	1,838605
3,649963	1,874771
3,652741	1,898772
3,655519	1,902389
3,658297	1,893183
3,661074	1,886279
3,663852	1,888909
3,666630	1,899101
3,669408	1,897457
3,672185	1,871155
3,674963	1,831701
3,677741	1,793562
3,680519	1,767588
3,683296	1,747861
3,686074	1,719915
3,688852	1,673228
3,691630	1,621938
3,694407	1,587087
3,697185	1,574922
3,699963	1,579853
3,702741	1,580840
3,705518	1,566045
3,708296	1,544016
3,711074	1,533824
3,713852	1,540400
3,716629	1,557167
3,719407	1,567031
3,722185	1,560455
3,724963	1,542372
3,727740	1,535468
3,730518	1,547304
3,733296	1,566045
3,736074	1,578210
3,738851	1,571634
3,741629	1,551249
3,744407	1,545002
3,747185	1,555524
3,749962	1,573935
3,752740	1,585443
3,755518	1,574593
3,758296	1,559798
3,761073	1,540400
3,763851	1,524289
3,766629	1,513111
3,769407	1,504562
3,772184	1,515412
3,774962	1,576566
3,777740	1,746875
3,780518	2,025025
3,783295	2,388330
3,786073	2,807857
3,788851	3,171491
3,791629	3,194835
3,794406	3,197794
3,797184	3,198780
3,799962	3,197794
3,802740	3,195163
3,805517	3,151764
3,808295	2,765773
3,811073	2,162127
3,813851	1,598594
3,816628	1,208987
3,819406	1,021581
3,822184	0,987716
3,824962	1,047555
3,827739	1,143888
3,830517	1,257318
3,833295	1,355953
3,836073	1,425326
3,838850	1,450971
3,841628	1,449656
3,844406	1,442094
3,847184	1,452615
3,849961	1,472999
3,852739	1,483849
3,855517	1,481219
3,858295	1,467739
3,861072	1,465766
3,863850	1,479575
3,866628	1,503247
3,869406	1,517385
3,872183	1,513768
3,874961	1,495356
3,877739	1,489109
3,880517	1,501603
3,883294	1,524947
3,886072	1,542701
3,888850	1,543359
3,891628	1,537440
3,894405	1,539413
3,897183	1,557825
3,899961	1,580511
3,902739	1,603197
3,905516	1,602539
3,908294	1,594320
3,911072	1,598923
3,913850	1,618979
3,916627	1,643637
3,919405	1,664679
3,922183	1,666323
3,924961	1,653829
3,927738	1,650870
3,930516	1,664679
3,933294	1,687694
3,936072	1,701832
3,938849	1,697558
3,941627	1,684406
3,944405	1,681447
3,947183	1,695585
3,949960	1,720244
3,952738	1,740957
3,955516	1,753122
3,958294	1,761341
3,961071	1,784356
3,963849	1,819536
3,966627	1,858332
3,969405	1,885621
3,972182	1,891868
3,974960	1,888580
3,977738	1,900745
3,980516	1,926719
3,983293	1,954994
3,986071	1,972091
3,988849	1,964858
3,991627	1,943487
3,994404	1,923102
3,997182	1,914225
3,999960	1,913239
4,002738	1,903047
4,005515	1,868853
4,008293	1,822166
4,011071	1,781397
4,013849	1,753779
4,016627	1,734052
4,019404	1,702489
4,022182	1,645281
4,024960	1,573935
4,027737	1,519029
4,030515	1,484178
4,033293	1,464451
4,036071	1,444395
4,038848	1,416120
4,041626	1,392776
4,044404	1,383570
4,047182	1,399023
4,049959	1,417435
4,052737	1,433874
4,055515	1,425983
4,058293	1,410530
4,061070	1,403297
4,063848	1,416777
4,066626	1,435189
4,069404	1,449327
4,072182	1,446039
4,074959	1,429271
4,077737	1,425326
4,080515	1,432888
4,083292	1,451628
4,086070	1,461821
4,088848	1,455245
4,091626	1,436833
4,094403	1,433874
4,097181	1,440450
4,099959	1,460177
4,102737	1,471026
4,105514	1,464780
4,108292	1,448998
4,111070	1,442422
4,113848	1,453272
4,116625	1,470040
4,119403	1,484835
4,122181	1,475301
4,124959	1,461492
4,127737	1,455574
4,130514	1,467410
4,133292	1,487137
4,136070	1,501603
4,138847	1,489438
4,141625	1,475958
4,144403	1,469054
4,147181	1,474972
4,149958	1,493055
4,152736	1,501603
4,155514	1,495685
4,158292	1,480561
4,161069	1,478917
4,163847	1,487466
4,166625	1,508508
4,169403	1,520344
4,172180	1,513111
4,174958	1,495685
4,177736	1,486479
4,180514	1,493055
4,183292	1,514754
4,186069	1,526262
4,188847	1,518371
4,191625	1,503576
4,194402	1,494041
4,197180	1,509823
4,199958	1,528892
4,202736	1,541715
4,205513	1,535139
4,208291	1,520344
4,211069	1,510152
4,213847	1,519029
4,216624	1,538098
4,219402	1,548948
4,222180	1,543359
4,224958	1,523960
4,227735	1,517385
4,230513	1,526262
4,233291	1,546646
4,236069	1,557167
4,238846	1,552236
4,241624	1,533824
4,244402	1,526591
4,247180	1,532509
4,249957	1,546975
4,252735	1,559798
4,255513	1,555524
4,258291	1,538098
4,261068	1,532180
4,263846	1,543687
4,266624	1,560126
4,269402	1,574922
4,272180	1,566702
4,274957	1,549934
4,277735	1,541057
4,280513	1,549605
4,283290	1,567360
4,286068	1,579196
4,288846	1,570648
4,291624	1,555524
4,294401	1,549277
4,297179	1,556181
4,299957	1,574264
4,302735	1,584785
4,305512	1,578867
4,308290	1,563086
4,311068	1,555852
4,313846	1,560784
4,316623	1,579525
4,319401	1,589059
4,322179	1,581169
4,324957	1,566045
4,327735	1,558483
4,330512	1,568346
4,333290	1,585771
4,336068	1,597936
4,338845	1,589059
4,341623	1,574264
4,344401	1,565387
4,347179	1,575908
4,349956	1,592676
4,352734	1,603197
4,355512	1,594649
4,358290	1,577223
4,361067	1,568675
4,363845	1,577881
4,366623	1,598594
4,369401	1,612403
4,372178	1,611088
4,374956	1,593005
4,377734	1,599580
4,380512	1,639363
4,383290	1,701503
4,386067	1,763314
4,388845	1,803754
4,391623	1,822495
4,394400	1,842551
4,397178	1,868524
4,399956	1,898115
4,402734	1,917184
4,405511	1,912581
4,408289	1,898115
4,411067	1,888580
4,413845	1,886936
4,416622	1,888909
4,419400	1,877073
4,422178	1,840249
4,424956	1,789617
4,427733	1,744902
4,430511	1,715969
4,433289	1,691968
4,436067	1,665337
4,438845	1,628184
4,441622	1,588402
4,444400	1,565716
4,447178	1,560455
4,449955	1,567688
4,452733	1,570319
4,455511	1,558483
4,458289	1,540400
4,461066	1,531851
4,463844	1,538427
4,466622	1,556181
4,469400	1,568675
4,472177	1,560455
4,474955	1,545989
4,477733	1,540728
4,480511	1,551578
4,483288	1,569332
4,486066	1,577223
4,488844	1,568346
4,491622	1,552236
4,494400	1,547304
4,497177	1,553880
4,499955	1,571305
4,502733	1,581497
4,505510	1,569332
4,508288	1,534810
4,511066	1,498644
4,513844	1,477602
4,516621	1,486150
4,519399	1,540071
4,522177	1,654158
4,524955	1,848140
4,527732	2,160155
4,530510	2,540885
4,533288	2,958111
4,536066	3,192862
4,538843	3,197136
4,541621	3,198780
4,544399	3,199437
4,547177	3,197794
4,549955	3,191218
4,552732	3,025840
4,555510	2,512939
4,558288	1,895485
4,561065	1,375680
4,563843	1,078132
4,566621	0,981798
4,569399	1,021581
4,572176	1,112325
4,574954	1,199781
4,577732	1,287237
4,580510	1,363843
4,583287	1,429600
4,586065	1,465766
4,588843	1,470040
4,591621	1,451957
4,594398	1,446039
4,597176	1,453601
4,599954	1,472670
4,602732	1,488452
4,605510	1,485822
4,608287	1,472999
4,611065	1,471026
4,613843	1,484178
4,616620	1,501603
4,619398	1,515083
4,622176	1,508836
4,624954	1,498973
4,627731	1,497000
4,630509	1,513768
4,633287	1,536783
4,636065	1,561442
4,638842	1,564072
4,641620	1,557167
4,644398	1,557825
4,647176	1,571634
4,649953	1,599252
4,652731	1,617992
4,655509	1,619636
4,658287	1,614047
4,661065	1,617006
4,663842	1,630486
4,666620	1,657117
4,669398	1,673885
4,672175	1,675200
4,674953	1,664022
4,677731	1,661720
4,680509	1,673228
4,683286	1,692626
4,686064	1,708079
4,688842	1,703147
4,691620	1,692626
4,694397	1,688023
4,697175	1,705120
4,699953	1,733066
4,702731	1,765616
4,705508	1,786986
4,708286	1,801124
4,711064	1,815919
4,713842	1,843537
4,716620	1,877402
4,719397	1,907321
4,722175	1,920801
4,724953	1,922116
4,727730	1,926061
4,730508	1,941514
4,733286	1,960912
4,736064	1,970776
4,738841	1,957296
4,741619	1,928034
4,744397	1,901732
4,747175	1,886936
4,749953	1,882005
4,752730	1,865894
4,755508	1,826769
4,758286	1,775479
4,761063	1,731751
4,763841	1,697886
4,766619	1,667967
4,769397	1,633116
4,772175	1,571963
4,774952	1,510152
4,777730	1,460834
4,780508	1,435847
4,783285	1,425326
4,786063	1,422367
4,788841	1,410530
4,791619	1,396393
4,794396	1,394091
4,797174	1,403297
4,799952	1,423682
4,802730	1,436175
4,805508	1,431901
4,808285	1,415462
4,811063	1,412832
4,813841	1,419736
4,816618	1,443080
4,819396	1,454916
4,822174	1,448340
4,824952	1,432230
4,827730	1,425654
4,830507	1,433545
4,833285	1,449984
4,836063	1,465766
4,838840	1,456889
4,841618	1,442422
4,844396	1,432230
4,847174	1,442094
4,849951	1,462149
4,852729	1,478917
4,855507	1,472670
4,858285	1,459190
4,861063	1,448669
4,863840	1,458533
4,866618	1,476945
4,869396	1,488781
4,872173	1,483520
4,874951	1,466423
4,877729	1,458861
4,880507	1,465437
4,883285	1,486150
4,886062	1,495028
4,888840	1,490096
4,891618	1,471026
4,894395	1,465108
4,897173	1,472670
4,899951	1,492068
4,902729	1,503247
4,905506	1,499959
4,908284	1,484835
4,911062	1,477931
4,913840	1,484835
4,916618	1,500946
4,919395	1,512124
4,922173	1,504562
4,924951	1,492397
4,927728	1,487466
4,930506	1,497329
4,933284	1,513111
4,936062	1,526262
4,938839	1,520015
4,941617	1,507192
4,944395	1,500288
4,947173	1,508508
4,949950	1,527906
4,952728	1,540071
4,955506	1,533824
4,958284	1,515412
4,961061	1,512124
4,963839	1,518042
4,966617	1,538427
4,969395	1,549277
4,972173	1,541386
4,974950	1,525933
4,977728	1,521330
4,980506	1,528563
4,983283	1,545331
4,986061	1,555524
4,988839	1,545989
4,991617	1,533495
4,994394	1,527248
4,997172	1,536783
4,999950	1,554866
5,002728	1,565058
5,005505	1,556181
5,008283	1,542043
5,011061	1,534810
5,013839	1,544016
5,016616	1,562757
5,019394	1,574264
5,022172	1,565387
5,024950	1,548290
5,027728	1,540728
5,030505	1,546975
5,033283	1,567031
5,036061	1,578867
5,038838	1,572949
5,041616	1,555852
5,044394	1,546646
5,047172	1,553880
5,049949	1,573278
5,052727	1,583470
5,055505	1,578867
5,058283	1,565716
5,061060	1,559469
5,063838	1,567688
5,066616	1,582812
5,069394	1,592676
5,072171	1,585114
5,074949	1,569004
5,077727	1,559469
5,080505	1,570648
5,083282	1,589388
5,086060	1,601224
5,088838	1,594649
5,091616	1,577881
5,094393	1,570976
5,097171	1,579196
5,099949	1,593991
5,102727	1,603855
5,105504	1,598265
5,108282	1,581169
5,111060	1,574922
5,113838	1,586429
5,116615	1,606156
5,119393	1,619307
5,122171	1,613060
5,124949	1,617663
5,127726	1,649884
5,130504	1,706106
5,133282	1,775479
5,136060	1,831043
5,138837	1,854716
5,141615	1,858003
5,144393	1,862935
5,147171	1,881018
5,149948	1,907321
5,152726	1,925404
5,155504	1,917513
5,158282	1,893841
5,161059	1,870826
5,163837	1,859319
5,166615	1,849455
5,169393	1,827098
5,172170	1,785342
5,174948	1,732409
5,177726	1,688023
5,180504	1,659419
5,183281	1,643308
5,186059	1,626212
5,188837	1,598923
5,191615	1,566702
5,194392	1,545002
5,197170	1,545660
5,199948	1,559798
5,202726	1,569004
5,205503	1,558483
5,208281	1,542372
5,211059	1,534153
5,213837	1,543030
5,216614	1,560455
5,219392	1,571963
5,222170	1,566045
5,224948	1,548290
5,227726	1,542043
5,230503	1,550921
5,233281	1,571634
5,236059	1,584456
5,238836	1,579196
5,241614	1,558483
5,244392	1,548948
5,247170	1,555852
5,249947	1,573607
5,252725	1,572949
5,255503	1,544016
5,258281	1,496671
5,261058	1,465437
5,263836	1,488123
5,266614	1,574922
5,269392	1,755752
5,272169	2,004969
5,274947	2,330793
5,277725	2,726319
5,280503	3,115598
5,283281	3,195821
5,286058	3,198780
5,288836	3,199766
5,291614	3,199437
5,294391	3,194177
5,297169	3,164915
5,299947	2,834488
5,302725	2,254187
5,305502	1,669940
5,308280	1,224111
5,311058	1,002512
5,313836	0,965359
5,316613	1,049527
5,319391	1,167560
5,322169	1,259619
5,324947	1,327020
5,327724	1,382584
5,330502	1,428613
5,333280	1,462807
5,336058	1,481219
5,338835	1,472670
5,341613	1,461163
5,344391	1,450313
5,347169	1,456889
5,349946	1,476287
5,352724	1,495028
5,355502	1,490425
5,358280	1,481876
5,361057	1,473985
5,363835	1,484178
5,366613	1,506535
5,369391	1,518700
5,372168	1,518700
5,374946	1,510152
5,377724	1,511795
5,380502	1,525276
5,383279	1,557496
5,386057	1,574264
5,388835	1,578538
5,391613	1,563743
5,394390	1,564729
5,397168	1,580840
5,399946	1,607471
5,402724	1,627856
5,405501	1,630815
5,408279	1,624568
5,411057	1,624239
5,413835	1,642980
5,416612	1,666652
5,419390	1,684406
5,422168	1,681118
5,424946	1,668625
5,427723	1,663693
5,430501	1,675858
5,433279	1,695256
5,436057	1,709723
5,438834	1,708736
5,441612	1,699530
5,444390	1,701174
5,447168	1,725833
5,449945	1,765944
5,452723	1,808686
5,455501	1,830386
5,458279	1,836633
5,461056	1,849455
5,463834	1,874443
5,466612	1,907978
5,469390	1,937240
5,472167	1,946446
5,474945	1,940199
5,477723	1,936254
5,480501	1,941843
5,483278	1,954994
5,486056	1,955652
5,488834	1,930007
5,491612	1,894827
5,494389	1,865565
5,497167	1,849784
5,499945	1,841564
5,502723	1,822495
5,505501	1,776465
5,508278	1,723203
5,511056	1,670926
5,513834	1,629171
5,516611	1,596950
5,519389	1,557496
5,522167	1,506206
5,524945	1,448340
5,527722	1,408229
5,530500	1,389488
5,533278	1,400009
5,536056	1,408887
5,538833	1,409873
5,541611	1,399681
5,544389	1,398366
5,547167	1,407571
5,549944	1,428942
5,552722	1,440778
5,555500	1,434860
5,558278	1,419408
5,561056	1,408558
5,563833	1,420065
5,566611	1,435847
5,569389	1,449656
5,572166	1,444395
5,574944	1,432230
5,577722	1,421709
5,580500	1,434532
5,583277	1,450971
5,586055	1,464451
5,588833	1,461163
5,591611	1,445053
5,594388	1,440121
5,597166	1,450971
5,599944	1,471684
5,602722	1,482863
5,605499	1,478260
5,608277	1,458861
5,611055	1,453601
5,613833	1,458861
5,616611	1,477931
5,619388	1,489438
5,622166	1,486150
5,624944	1,468067
5,627721	1,460505
5,630499	1,468067
5,633277	1,485164
5,636055	1,501274
5,638832	1,495356
5,641610	1,484178
5,644388	1,475629
5,647166	1,484178
5,649944	1,501603
5,652721	1,516727
5,655499	1,507850
5,658277	1,492726
5,661054	1,484507
5,663832	1,494370
5,666610	1,510809
5,669388	1,522974
5,672165	1,518042
5,674943	1,502590
5,677721	1,497658
5,680499	1,503576
5,683276	1,522974
5,686054	1,530207
5,688832	1,522645
5,691610	1,506535
5,694387	1,497987
5,697165	1,505549
5,699943	1,527577
5,702721	1,541057
5,705499	1,535139
5,708276	1,521988
5,711054	1,509165
5,713832	1,517714
5,716609	1,530865
5,719387	1,544674
5,722165	1,538427
5,724943	1,527577
5,727720	1,517714
5,730498	1,525276
5,733276	1,543030
5,736054	1,555524
5,738831	1,551907
5,741609	1,537112
5,744387	1,528892
5,747165	1,534810
5,749942	1,552236
5,752720	1,564401
5,755498	1,561442
5,758276	1,544345
5,761054	1,537769
5,763831	1,544016
5,766609	1,560784
5,769387	1,570319
5,772164	1,566045
5,774942	1,548948
5,777720	1,541057
5,780498	1,552564
5,783275	1,569661
5,786053	1,583470
5,788831	1,576566
5,791609	1,560784
5,794386	1,550263
5,797164	1,558483
5,799942	1,573278
5,802720	1,586758
5,805497	1,580511
5,808275	1,565058
5,811053	1,557825
5,813831	1,565716
5,816608	1,581826
5,819386	1,593005
5,822164	1,586758
5,824942	1,570319
5,827719	1,565058
5,830497	1,571634
5,833275	1,588731
5,836053	1,600895
5,838830	1,594649
5,841608	1,576566
5,844386	1,567360
5,847164	1,573607
5,849941	1,592347
5,852719	1,606814
5,855497	1,603526
5,858275	1,590374
5,861052	1,582812
5,863830	1,589717
5,866608	1,603197
5,869386	1,625883
5,872163	1,649227
5,874941	1,681118
5,877719	1,721887
5,880497	1,775150
5,883274	1,829728
5,886052	1,866223
5,888830	1,875100
5,891608	1,871484
5,894385	1,875429
5,897163	1,889567
5,899941	1,910280
5,902719	1,916527
5,905496	1,902060
5,908274	1,869511
5,911052	1,837290
5,913830	1,818550
5,916607	1,803426
5,919385	1,781068
5,922163	1,739642
5,924941	1,684406
5,927718	1,637719
5,930496	1,614376
5,933274	1,602539
5,936052	1,596293
5,938829	1,579196
5,941607	1,553222
5,944385	1,537769
5,947163	1,541386
5,949940	1,556510
5,952718	1,566702
5,955496	1,562099
5,958274	1,544016
5,961051	1,535797
5,963829	1,543030
5,966607	1,561113
5,969385	1,573935
5,972162	1,566045
5,974940	1,547633
5,977718	1,539413
5,980496	1,547304
5,983273	1,566045
5,986051	1,580182
5,988829	1,573607
5,991607	1,557825
5,994384	1,548948
5,997162	1,553551
5,999940	1,550263
6,002718	1,534810
6,005495	1,501274
6,008273	1,474972
6,011051	1,508836
6,013829	1,626541
6,016606	1,842879
6,019384	2,164758
6,022162	2,523788
6,024940	2,908136
6,027717	3,190232
6,030495	3,196807
6,033273	3,198780
6,036051	3,198451
6,038828	3,196150
6,041606	3,189903
6,044384	3,047540
6,047162	2,571462
6,049939	1,978667
6,052717	1,458204
6,055495	1,117914
6,058273	0,971606
6,061050	0,978511
6,063828	1,075172
6,066606	1,196493
6,069384	1,306964
6,072161	1,376008
6,074939	1,413161
6,077717	1,429929
6,080495	1,447683
6,083272	1,463136
6,086050	1,472670
6,088828	1,468067
6,091606	1,454916
6,094383	1,455574
6,097161	1,471355
6,099939	1,494370
6,102717	1,507850
6,105494	1,507521
6,108272	1,490425
6,111050	1,485822
6,113828	1,493055
6,116605	1,513439
6,119383	1,528563
6,122161	1,529878
6,124939	1,520673
6,127717	1,521330
6,130494	1,541386
6,133272	1,563414
6,136050	1,587744
6,138827	1,590046
6,141605	1,581826
6,144383	1,579525
6,147161	1,597608
6,149938	1,623253
6,152716	1,643966
6,155494	1,645610
6,158272	1,639692
6,161049	1,639692
6,163827	1,653829
6,166605	1,675200
6,169383	1,695914
6,172160	1,695256
6,174938	1,680790
6,177716	1,674872
6,180494	1,683091
6,183272	1,705120
6,186049	1,722545
6,188827	1,724518
6,191605	1,716627
6,194382	1,727806
6,197160	1,761013
6,199938	1,809344
6,202716	1,846825
6,205493	1,861291
6,208271	1,860305
6,211049	1,866881
6,213827	1,891539
6,216604	1,925404
6,219382	1,950720
6,222160	1,951706
6,224938	1,939213
6,227715	1,931322
6,230493	1,933295
6,233271	1,938226
6,236049	1,935267
6,238827	1,906334
6,241604	1,867867
6,244382	1,829728
6,247160	1,807042
6,249937	1,789945
6,252715	1,769561
6,255493	1,723203
6,258271	1,663693
6,261048	1,607142
6,263826	1,558483
6,266604	1,528892
6,269382	1,497329
6,272159	1,455574
6,274937	1,409873
6,277715	1,380611
6,280493	1,382913
6,283270	1,400009
6,286048	1,424339
6,288826	1,423024
6,291604	1,409873
6,294382	1,399352
6,297159	1,409544
6,299937	1,424339
6,302715	1,442422
6,305492	1,436504
6,308270	1,422038
6,311048	1,414147
6,313826	1,422038
6,316603	1,440121
6,319381	1,452943
6,322159	1,450642
6,324937	1,436833
6,327714	1,431573
6,330492	1,436175
6,333270	1,455245
6,336048	1,469054
6,338825	1,466752
6,341603	1,447354
6,344381	1,442751
6,347159	1,449984
6,349937	1,468725
6,352714	1,481876
6,355492	1,472999
6,358270	1,456889
6,361047	1,446697
6,363825	1,456231
6,366603	1,473657
6,369381	1,492068
6,372158	1,488123
6,374936	1,478260
6,377714	1,467739
6,380492	1,473328
6,383269	1,491411
6,386047	1,505549
6,388825	1,500288
6,391603	1,482863
6,394380	1,474643
6,397158	1,482534
6,399936	1,501932
6,402714	1,511138
6,405491	1,509823
6,408269	1,491411
6,411047	1,484507
6,413825	1,490753
6,416602	1,506864
6,419380	1,520015
6,422158	1,516727
6,424936	1,500617
6,427713	1,490425
6,430491	1,499630
6,433269	1,517056
6,436047	1,533495
6,438824	1,529878
6,441602	1,517714
6,444380	1,510480
6,447158	1,520673
6,449935	1,532838
6,452713	1,545002
6,455491	1,538427
6,458269	1,521988
6,461046	1,512782
6,463824	1,520344
6,466602	1,535797
6,469380	1,547962
6,472157	1,547304
6,474935	1,528235
6,477713	1,522645
6,480491	1,529878
6,483268	1,545002
6,486046	1,555195
6,488824	1,550921
6,491602	1,533824
6,494379	1,527248
6,497157	1,534481
6,499935	1,550263
6,502713	1,563743
6,505490	1,560126
6,508268	1,545331
6,511046	1,537112
6,513824	1,544674
6,516601	1,557496
6,519379	1,572291
6,522157	1,566702
6,524935	1,553222
6,527712	1,545989
6,530490	1,552564
6,533268	1,571305
6,536046	1,586758
6,538823	1,579853
6,541601	1,563743
6,544379	1,555852
6,547157	1,561442
6,549934	1,579853
6,552712	1,594320
6,555490	1,592018
6,558268	1,573935
6,561045	1,562757
6,563823	1,567031
6,566601	1,583141
6,569379	1,595635
6,572156	1,589388
6,574934	1,574264
6,577712	1,564401
6,580490	1,572291
6,583267	1,589388
6,586045	1,600895
6,588823	1,595306
6,591601	1,580511
6,594378	1,570976
6,597156	1,581497
6,599934	1,598265
6,602712	1,611417
6,605489	1,604841
6,608267	1,587744
6,611045	1,577223
6,613823	1,585771
6,616600	1,623910
6,619378	1,675529
6,622156	1,722545
6,624934	1,759697
6,627711	1,794877
6,630489	1,832687
6,633267	1,870826
6,636045	1,898115
6,638822	1,904362
6,641600	1,896142
6,644378	1,888909
6,647156	1,893512
6,649933	1,901403
6,652711	1,902060
6,655489	1,882005
6,658267	1,842879
6,661044	1,804741
6,663822	1,775808
6,666600	1,753122
6,669378	1,728463
6,672155	1,687365
6,674933	1,634431
6,677711	1,593005
6,680489	1,576566
6,683266	1,578538
6,686044	1,582155
6,688822	1,569332
6,691600	1,550263
6,694377	1,539084
6,697155	1,540400
6,699933	1,554537
6,702711	1,566702
6,705488	1,562099
6,708266	1,549277
6,711044	1,539084
6,713822	1,543687
6,716599	1,560126
6,719377	1,576894
6,722155	1,570319
6,724933	1,557496
6,727710	1,545989
6,730488	1,553880
6,733266	1,570319
6,736044	1,583799
6,738821	1,580511
6,741599	1,565058
6,744377	1,545989
6,747155	1,530536
6,749932	1,518042
6,752710	1,507850
6,755488	1,510480
6,758266	1,557496
6,761043	1,705120
6,763821	1,951706
6,766599	2,301860
6,769377	2,711852
6,772154	3,097186
6,774932	3,194506
6,777710	3,196478
6,780488	3,198451
6,783265	3,199109
6,786043	3,195821
6,788821	3,179053
6,791599	2,882162
6,794376	2,305148
6,797154	1,723860
6,799932	1,283292
6,802710	1,048870
6,805487	0,981470
6,808265	1,020595
6,811043	1,118243
6,813821	1,231015
6,816598	1,336226
6,819376	1,415791
6,822154	1,451957
6,824932	1,451628
6,827709	1,446368
6,830487	1,452286
6,833265	1,468725
6,836043	1,481547
6,838820	1,481219
6,841598	1,471026
6,844376	1,466095
6,847154	1,475301
6,849931	1,497329
6,852709	1,516398
6,855487	1,511467
6,858265	1,498644
6,861042	1,488452
6,863820	1,500288
6,866598	1,520673
6,869376	1,542372
6,872153	1,544674
6,874931	1,540400
6,877709	1,539742
6,880487	1,554537
6,883264	1,576237
6,886042	1,597279
6,888820	1,600238
6,891598	1,593333
6,894375	1,597608
6,897153	1,611745
6,899931	1,640349
6,902709	1,660734
6,905486	1,665337
6,908264	1,655473
6,911042	1,649884
6,913820	1,656789
6,916597	1,676844
6,919375	1,691968
6,922153	1,694270
6,924931	1,683749
6,927708	1,678488
6,930486	1,691311
6,933264	1,712024
6,936042	1,732409
6,938819	1,742272
6,941597	1,750163
6,944375	1,771534
6,947153	1,808028
6,949930	1,846167
6,952708	1,876744
6,955486	1,886936
6,958264	1,888251
6,961041	1,897457
6,963819	1,922445
6,966597	1,951049
6,969375	1,971762
6,972152	1,970776
6,974930	1,954666
6,977708	1,931980
6,980486	1,918171
6,983263	1,913239
6,986041	1,905019
6,988819	1,878059
6,991597	1,835646
6,994374	1,795864
6,997152	1,766602
6,999930	1,747532
7,002708	1,719915
7,005485	1,664679
7,008263	1,596950
7,011041	1,534153
7,013819	1,497658
7,016596	1,471684
7,019374	1,456560
7,022152	1,424997
7,024930	1,396722
7,027707	1,382913
7,030485	1,393105
7,033263	1,417764
7,036041	1,435847
7,038818	1,434860
7,041596	1,421709
7,044374	1,414147
7,047152	1,417106
7,049929	1,436175
7,052707	1,448669
7,055485	1,448669
7,058263	1,430586
7,061040	1,420065
7,063818	1,423682
7,066596	1,444395
7,069374	1,457546
7,072151	1,454587
7,074929	1,442422
7,077707	1,434532
7,080485	1,444066
7,083263	1,462149
7,086040	1,479904
7,088818	1,474643
7,091596	1,460505
7,094373	1,444066
7,097151	1,450642
7,099929	1,466095
7,102707	1,482863
7,105484	1,480232
7,108262	1,465766
7,111040	1,455574
7,113818	1,463793
7,116595	1,480561
7,119373	1,494041
7,122151	1,495356
7,124929	1,477273
7,127706	1,468396
7,130484	1,472342
7,133262	1,489767
7,136040	1,502590
7,138818	1,502261
7,141595	1,487137
7,144373	1,477931
7,147151	1,487466
7,149928	1,502590
7,152706	1,519029
7,155484	1,515083
7,158262	1,498973
7,161039	1,486808
7,163817	1,495356
7,166595	1,510152
7,169373	1,525933
7,172150	1,523960
7,174928	1,508836
7,177706	1,496343
7,180484	1,500617
7,183261	1,517056
7,186039	1,533166
7,188817	1,528892
7,191595	1,511138
7,194372	1,502918
7,197150	1,505549
7,199928	1,524947
7,202706	1,538427
7,205483	1,538098
7,208261	1,524289
7,211039	1,515741
7,213817	1,518700
7,216594	1,535468
7,219372	1,546646
7,222150	1,542043
7,224928	1,528892
7,227705	1,519686
7,230483	1,527906
7,233261	1,547304
7,236039	1,562428
7,238816	1,557496
7,241594	1,542043
7,244372	1,529878
7,247150	1,536783
7,249927	1,552893
7,252705	1,567688
7,255483	1,563743
7,258261	1,547962
7,261038	1,538756
7,263816	1,543030
7,266594	1,558154
7,269372	1,572620
7,272149	1,572291
7,274927	1,556181
7,277705	1,546646
7,280483	1,552564
7,283260	1,569990
7,286038	1,581826
7,288816	1,580182
7,291594	1,564072
7,294371	1,549605
7,297149	1,555524
7,299927	1,572291
7,302705	1,588073
7,305482	1,586758
7,308260	1,570976
7,311038	1,560455
7,313816	1,566373
7,316593	1,577881
7,319371	1,591361
7,322149	1,590703
7,324927	1,577881
7,327704	1,569004
7,330482	1,573607
7,333260	1,586429
7,336038	1,599252
7,338815	1,595964
7,341593	1,579525
7,344371	1,568675
7,347149	1,574922
7,349926	1,592676
7,352704	1,608786
7,355482	1,604512
7,358260	1,589388
7,361037	1,591032
7,363815	1,626541
7,366593	1,688352
7,369371	1,752793
7,372148	1,797507
7,374926	1,821509
7,377704	1,835975
7,380482	1,857017
7,383259	1,885292
7,386037	1,906006
7,388815	1,907321
7,391593	1,893841
7,394370	1,882005
7,397148	1,880361
7,399926	1,881347
7,402704	1,876086
7,405481	1,845838
7,408259	1,796192
7,411037	1,748519
7,413815	1,718600
7,416592	1,694270
7,419370	1,671913
7,422148	1,635418
7,424926	1,592676
7,427703	1,558811
7,430481	1,552236
7,433259	1,557825
7,436037	1,563743
7,438814	1,557167
7,441592	1,541057
7,444370	1,528235
7,447148	1,534810
7,449925	1,549934
7,452703	1,565716
7,455481	1,561770
7,458259	1,547304
7,461036	1,536454
7,463814	1,542372
7,466592	1,558483
7,469370	1,570319
7,472147	1,568675
7,474925	1,551907
7,477703	1,541386
7,480481	1,547962
7,483258	1,565716
7,486036	1,579196
7,488814	1,575908
7,491592	1,542372
7,494369	1,502918
7,497147	1,479575
7,499925	1,479575
7,502703	1,529550
7,505480	1,623910
7,508258	1,802439
7,511036	2,085850
7,513814	2,447182
7,516591	2,865065
7,519369	3,187601
7,522147	3,196807
7,524925	3,200095
7,527702	3,200095
7,530480	3,197794
7,533258	3,192862
7,536036	3,105077
7,538813	2,662535
7,541591	2,042779
7,544369	1,486808
7,547147	1,129093
7,549924	0,988374
7,552702	1,002840
7,555480	1,086680
7,558258	1,177424
7,561035	1,266524
7,563813	1,344116
7,566591	1,416449
7,569369	1,464122
7,572146	1,471355
7,574924	1,459848
7,577702	1,449656
7,580480	1,455574
7,583257	1,471026
7,586035	1,489109
7,588813	1,487794
7,591591	1,475629
7,594368	1,466423
7,597146	1,480232
7,599924	1,502261
7,602702	1,517056
7,605479	1,516070
7,608257	1,502261
7,611035	1,496671
7,613813	1,507850
7,616590	1,531194
7,619368	1,552236
7,622146	1,560784
7,624924	1,554866
7,627701	1,553551
7,630479	1,564401
7,633257	1,590374
7,636035	1,613060
7,638812	1,621938
7,641590	1,616677
7,644368	1,613389
7,647146	1,626212
7,649923	1,649555
7,652701	1,674872
7,655479	1,679475
7,658257	1,668625
7,661034	1,659090
7,663812	1,667967
7,666590	1,686050
7,669368	1,707421
7,672145	1,709723
7,674923	1,699530
7,677701	1,692626
7,680479	1,703147
7,683256	1,727806
7,686034	1,762985
7,688812	1,786329
7,691590	1,798823
7,694367	1,810659
7,697145	1,835975
7,699923	1,869511
7,702701	1,902060
7,705478	1,920143
7,708256	1,924089
7,711034	1,926390
7,713812	1,940528
7,716589	1,958940
7,719367	1,973077
7,722145	1,964858
7,724923	1,936254
7,727700	1,904691
7,730478	1,888251
7,733256	1,882005
7,736034	1,872799
7,738811	1,840249
7,741589	1,792247
7,744367	1,743587
7,747145	1,705777
7,749922	1,673556
7,752700	1,638048
7,755478	1,584456
7,758256	1,522316
7,761033	1,468067
7,763811	1,434203
7,766589	1,423024
7,769367	1,415791
7,772144	1,407571
7,774922	1,392447
7,777700	1,390146
7,780478	1,398694
7,783255	1,418092
7,786033	1,433216
7,788811	1,434860
7,791589	1,420394
7,794366	1,407900
7,797144	1,416449
7,799922	1,432230
7,802700	1,448998
7,805477	1,448340
7,808255	1,436175
7,811033	1,423682
7,813811	1,431244
7,816588	1,445053
7,819366	1,464780
7,822144	1,464780
7,824922	1,451957
7,827699	1,440778
7,830477	1,447354
7,833255	1,460834
7,836033	1,473985
7,838810	1,474972
7,841588	1,459519
7,844366	1,452615
7,847144	1,457218
7,849921	1,474972
7,852699	1,487794
7,855477	1,486479
7,858255	1,468396
7,861032	1,459190
7,863810	1,459519
7,866588	1,475629
7,869366	1,493712
7,872143	1,493055
7,874921	1,480561
7,877699	1,468725
7,880477	1,477931
7,883254	1,494041
7,886032	1,514426
7,888810	1,511138
7,891588	1,496014
7,894365	1,483191
7,897143	1,486808
7,899921	1,499630
7,902699	1,515412
7,905476	1,511795
7,908254	1,497658
7,911032	1,489109
7,913810	1,493055
7,916587	1,511138
7,919365	1,524289
7,922143	1,523632
7,924921	1,508508
7,927698	1,501274
7,930476	1,506206
7,933254	1,523303
7,936032	1,534153
7,938809	1,535139
7,941587	1,521988
7,944365	1,510480
7,947143	1,517714
7,949920	1,534153
7,952698	1,549605
7,955476	1,543359
7,958254	1,529878
7,961031	1,516398
7,963809	1,524289
7,966587	1,541057
7,969365	1,556510
7,972142	1,555195
7,974920	1,541057
7,977698	1,529550
7,980476	1,533495
7,983253	1,550592
7,986031	1,565716
7,988809	1,564401
7,991587	1,547962
7,994364	1,537112
7,997142	1,541386
7,999920	1,559469
8,002698	1,574922
8,005475	1,574593
8,008253	1,556510
8,011031	1,543359
8,013809	1,546975
8,016586	1,563743
8,019364	1,580840
8,022142	1,578867
8,024920	1,564072
8,027698	1,551578
8,030475	1,557496
8,033253	1,569332
8,036031	1,585114
8,038809	1,582812
8,041586	1,568346
8,044364	1,556181
8,047142	1,561113
8,049919	1,577881
8,052697	1,594320
8,055475	1,590703
8,058253	1,573935
8,061030	1,561442
8,063808	1,565058
8,066586	1,580182
8,069364	1,594977
8,072141	1,592347
8,074919	1,577552
8,077697	1,568675
8,080475	1,570976
8,083253	1,588731
8,086030	1,604512
8,088808	1,602539
8,091586	1,586758
8,094364	1,572949
8,097141	1,575579
8,099919	1,589717
8,102697	1,607471
8,105474	1,608786
8,108252	1,615362
8,111030	1,639034
8,113808	1,690982
8,116585	1,758711
8,119363	1,816906
8,122141	1,846825
8,124919	1,853729
8,127696	1,853729
8,130474	1,871812
8,133252	1,899101
8,136030	1,920472
8,138808	1,918828
8,141585	1,897129
8,144363	1,873127
8,147141	1,859647
8,149919	1,851428
8,152696	1,835646
8,155474	1,799151
8,158252	1,745560
8,161029	1,696900
8,163807	1,664022
8,166585	1,641336
8,169363	1,625883
8,172140	1,601553
8,174918	1,568675
8,177696	1,544016
8,180474	1,539742
8,183251	1,547304
8,186029	1,559469
8,188807	1,555852
8,191585	1,539413
8,194363	1,530865
8,197140	1,536454
8,199918	1,553880
8,202696	1,567360
8,205474	1,565387
8,208251	1,550263
8,211029	1,540071
8,213807	1,544345
8,216584	1,560784
8,219362	1,576237
8,222140	1,573935
8,224918	1,559469
8,227695	1,550921
8,230473	1,555852
8,233251	1,570976
8,236029	1,577552
8,238806	1,552564
8,241584	1,508179
8,244362	1,468067
8,247140	1,467739
8,249917	1,539742
8,252695	1,702161
8,255473	1,928692
8,258251	2,244981
8,261029	2,625711
8,263806	3,024854
8,266584	3,195492
8,269362	3,199437
8,272139	3,199109
8,274917	3,198451
8,277695	3,194835
8,280473	3,181354
8,283250	2,935425
8,286028	2,394577
8,288806	1,799480
8,291584	1,308937
8,294361	1,031444
8,297139	0,959441
8,299917	1,020923
8,302695	1,140600
8,305472	1,243180
8,308250	1,318143
8,311028	1,370748
8,313806	1,420394
8,316584	1,453601
8,319361	1,478260
8,322139	1,478588
8,324917	1,462149
8,327694	1,447683
8,330472	1,452615
8,333250	1,471684
8,336028	1,491082
8,338805	1,499630
8,341583	1,489109
8,344361	1,482863
8,347139	1,484507
8,349916	1,499302
8,352694	1,516398
8,355472	1,520673
8,358250	1,511467
8,361027	1,510480
8,363805	1,522974
8,366583	1,545331
8,369361	1,569990
8,372139	1,576566
8,374916	1,566045
8,377694	1,561442
8,380472	1,579196
8,383249	1,601882
8,386027	1,629828
8,388805	1,636075
8,391583	1,629828
8,394360	1,624897
8,397138	1,634760
8,399916	1,654487
8,402694	1,675200
8,405471	1,678488
8,408249	1,667967
8,411027	1,659748
8,413805	1,668625
8,416582	1,689338
8,419360	1,708407
8,422138	1,711038
8,424916	1,701174
8,427694	1,699201
8,430471	1,715641
8,433249	1,754766
8,436027	1,800138
8,438804	1,829071
8,441582	1,837290
8,444360	1,843866
8,447138	1,862935
8,449915	1,895485
8,452693	1,929349
8,455471	1,944802
8,458249	1,943487
8,461026	1,937569
8,463804	1,944802
8,466582	1,956309
8,469360	1,960255
8,472137	1,941843
8,474915	1,908965
8,477693	1,875429
8,480471	1,858003
8,483249	1,847482
8,486026	1,828742
8,488804	1,792904
8,491582	1,739971
8,494359	1,684406
8,497137	1,636404
8,499915	1,601224
8,502693	1,564729
8,505470	1,523960
8,508248	1,467081
8,511026	1,420394
8,513804	1,401653
8,516581	1,402968
8,519359	1,417435
8,522137	1,421709
8,524915	1,412503
8,527692	1,402968
8,530470	1,412174
8,533248	1,423682
8,536026	1,445053
8,538804	1,442422
8,541581	1,429929
8,544359	1,414805
8,547137	1,420065
8,549914	1,435189
8,552692	1,454259
8,555470	1,456560
8,558248	1,441436
8,561025	1,432230
8,563803	1,433545
8,566581	1,449327
8,569359	1,465766
8,572136	1,467739
8,574914	1,451299
8,577692	1,440121
8,580470	1,440121
8,583247	1,456560
8,586025	1,474972
8,588803	1,475958
8,591581	1,463136
8,594359	1,451299
8,597136	1,455245
8,599914	1,469054
8,602692	1,488452
8,605469	1,485493
8,608247	1,474643
8,611025	1,461821
8,613803	1,468396
8,616580	1,483191
8,619358	1,498973
8,622136	1,495685
8,624914	1,481547
8,627691	1,469383
8,630469	1,474972
8,633247	1,492397
8,636025	1,505877
8,638802	1,506535
8,641580	1,490425
8,644358	1,480890
8,647136	1,485822
8,649914	1,503247
8,652691	1,515083
8,655469	1,516727
8,658247	1,502261
8,661024	1,492397
8,663802	1,498315
8,666580	1,513768
8,669358	1,530207
8,672135	1,529878
8,674913	1,515741
8,677691	1,502261
8,680469	1,509494
8,683246	1,523960
8,686024	1,541386
8,688802	1,540400
8,691580	1,526591
8,694357	1,512124
8,697135	1,515083
8,699913	1,528892
8,702691	1,548290
8,705469	1,547633
8,708246	1,528892
8,711024	1,516727
8,713802	1,521001
8,716579	1,537112
8,719357	1,550263
8,722135	1,551907
8,724913	1,536783
8,727690	1,526919
8,730468	1,527577
8,733246	1,542701
8,736024	1,560784
8,738801	1,560455
8,741579	1,547304
8,744357	1,535797
8,747135	1,538427
8,749912	1,552893
8,752690	1,567688
8,755468	1,565387
8,758246	1,553551
8,761024	1,540400
8,763801	1,545002
8,766579	1,561113
8,769357	1,577223
8,772134	1,574922
8,774912	1,562099
8,777690	1,551249
8,780468	1,555195
8,783245	1,570976
8,786023	1,586758
8,788801	1,587087
8,791579	1,570976
8,794356	1,555852
8,797134	1,557496
8,799912	1,573278
8,802690	1,589388
8,805467	1,593991
8,808245	1,581169
8,811023	1,568675
8,813801	1,572291
8,816579	1,586758
8,819356	1,602868
8,822134	1,601553
8,824912	1,585771
8,827689	1,573935
8,830467	1,578210
8,833245	1,591361
8,836023	1,605498
8,838800	1,604512
8,841578	1,589059
8,844356	1,576894
8,847134	1,581497
8,849911	1,595635
8,852689	1,619636
8,855467	1,649227
8,858245	1,676187
8,861022	1,709723
8,863800	1,759697
8,866578	1,815262
8,869356	1,860634
8,872134	1,881347
8,874911	1,881018
8,877689	1,877073
8,880467	1,886279
8,883244	1,902389
8,886022	1,916527
8,888800	1,908965
8,891578	1,879374
8,894355	1,848140
8,897133	1,825454
8,899911	1,805727
8,902689	1,785342
8,905466	1,751478
8,908244	1,699201
8,911022	1,649555
8,913800	1,617992
8,916577	1,605170
8,919355	1,599252
8,922133	1,581826
8,924911	1,554208
8,927688	1,533824
8,930466	1,532838
8,933244	1,547962
8,936022	1,563086
8,938800	1,563414
8,941577	1,549277
8,944355	1,536783
8,947133	1,542372
8,949910	1,557496
8,952688	1,576894
8,955466	1,574922
8,958244	1,560455
8,961021	1,545331
8,963799	1,549934
8,966577	1,563414
8,969355	1,578538
8,972132	1,577223
8,974910	1,563743
8,977688	1,548290
8,980466	1,552236
8,983244	1,554537
8,986021	1,541715
8,988799	1,513768
8,991577	1,483191
8,994355	1,496343
8,997132	1,587087
8,999910	1,785014
9,002688	2,079932
9,005465	2,430085
9,008243	2,821995
9,011021	3,173792
9,013799	3,195492
9,016576	3,197136
9,019354	3,197794
9,022132	3,197794
9,024910	3,193191
9,027687	3,128749
9,030465	2,724346
9,033243	2,129578
9,036021	1,578867
9,038798	1,187945
9,041576	0,990675
9,044354	0,962071
9,047132	1,043609
9,049910	1,167560
9,052687	1,288223
9,055465	1,368775
9,058243	1,409873
9,061020	1,429271
9,063798	1,442422
9,066576	1,459848
9,069354	1,474972
9,072131	1,479246
9,074909	1,464451
9,077687	1,455245
9,080465	1,456231
9,083242	1,475958
9,086020	1,497000
9,088798	1,505549
9,091576	1,497000
9,094353	1,485164
9,097131	1,487794
9,099909	1,500946
9,102687	1,523960
9,105465	1,529550
9,108242	1,523960
9,111020	1,520673
9,113798	1,535468
9,116575	1,559469
9,119353	1,586429
9,122131	1,595306
9,124909	1,590046
9,127686	1,583799
9,130464	1,590703
9,133242	1,613718
9,136020	1,637062
9,138797	1,646267
9,141575	1,639363
9,144353	1,637062
9,147131	1,645610
9,149908	1,667310
9,152686	1,688352
9,155464	1,695256
9,158242	1,685721
9,161020	1,676187
9,163797	1,682105
9,166575	1,700845
9,169353	1,721887
9,172130	1,729778
9,174908	1,721887
9,177686	1,725504
9,180464	1,754108
9,183241	1,797507
9,186019	1,842222
9,188797	1,863593
9,191575	1,865237
9,194352	1,868524
9,197130	1,889238
9,199908	1,922116
9,202686	1,953022
9,205463	1,964529
9,208241	1,953350
9,211019	1,938226
9,213797	1,934281
9,216575	1,936911
9,219352	1,936582
9,222130	1,918171
9,224908	1,882662
9,227685	1,844523
9,230463	1,817234
9,233241	1,798494
9,236019	1,777452
9,238796	1,737998
9,241574	1,678817
9,244352	1,615033
9,247130	1,564729
9,249907	1,527577
9,252685	1,501932
9,255463	1,462807
9,258241	1,422695
9,261018	1,387516
9,263796	1,382255
9,266574	1,394091
9,269352	1,417106
9,272130	1,425326
9,274907	1,416777
9,277685	1,404612
9,280463	1,404941
9,283240	1,420065
9,286018	1,434860
9,288796	1,436504
9,291574	1,424011
9,294351	1,415791
9,297129	1,416777
9,299907	1,435847
9,302685	1,451957
9,305462	1,455245
9,308240	1,442751
9,311018	1,428613
9,313796	1,433545
9,316573	1,448340
9,319351	1,464451
9,322129	1,465108
9,324907	1,454259
9,327685	1,439792
9,330462	1,446697
9,333240	1,460177
9,336018	1,480232
9,338795	1,479575
9,341573	1,465437
9,344351	1,450313
9,347129	1,454916
9,349906	1,471355
9,352684	1,487794
9,355462	1,491082
9,358240	1,475958
9,361017	1,464451
9,363795	1,464122
9,366573	1,478260
9,369351	1,491082
9,372128	1,497658
9,374906	1,480561
9,377684	1,472670
9,380462	1,474972
9,383240	1,490753
9,386017	1,508179
9,388795	1,510480
9,391573	1,499302
9,394350	1,485493
9,397128	1,488781
9,399906	1,498315
9,402684	1,514754
9,405461	1,513439
9,408239	1,501603
9,411017	1,490096
9,413795	1,497987
9,416572	1,513111
9,419350	1,530865
9,422128	1,529221
9,424906	1,515083
9,427683	1,501932
9,430461	1,503247
9,433239	1,520015
9,436017	1,537440
9,438795	1,540400
9,441572	1,527248
9,444350	1,517714
9,447128	1,519029
9,449905	1,536454
9,452683	1,554537
9,455461	1,556839
9,458239	1,542043
9,461016	1,527248
9,463794	1,527577
9,466572	1,540400
9,469350	1,560126
9,472127	1,557825
9,474905	1,545660
9,477683	1,531194
9,480461	1,535139
9,483238	1,549605
9,486016	1,567360
9,488794	1,567031
9,491572	1,554866
9,494350	1,540400
9,497127	1,541057
9,499905	1,555524
9,502683	1,570648
9,505460	1,573935
9,508238	1,560455
9,511016	1,548290
9,513794	1,550921
9,516571	1,566045
9,519349	1,580840
9,522127	1,583799
9,524905	1,566702
9,527682	1,554866
9,530460	1,556839
9,533238	1,571963
9,536016	1,587744
9,538793	1,590374
9,541571	1,578210
9,544349	1,565058
9,547127	1,567360
9,549905	1,577552
9,552682	1,592676
9,555460	1,593333
9,558238	1,579525
9,561015	1,567031
9,563793	1,569661
9,566571	1,582484
9,569349	1,600238
9,572126	1,602539
9,574904	1,587744
9,577682	1,575579
9,580460	1,574593
9,583237	1,586758
9,586015	1,603197
9,588793	1,605170
9,591571	1,591361
9,594348	1,579853
9,597126	1,581826
9,599904	1,612403
9,602682	1,663693
9,605460	1,711695
9,608237	1,750820
9,611015	1,784027
9,613793	1,820851
9,616570	1,858661
9,619348	1,890553
9,622126	1,903047
9,624904	1,898115
9,627681	1,889238
9,630459	1,890224
9,633237	1,897129
9,636015	1,902718
9,638792	1,888580
9,641570	1,855702
9,644348	1,814933
9,647126	1,780082
9,649903	1,755094
9,652681	1,733724
9,655459	1,697558
9,658237	1,644295
9,661015	1,598265
9,663792	1,575250
9,666570	1,573278
9,669348	1,577552
9,672125	1,569004
9,674903	1,551578
9,677681	1,534810
9,680459	1,536454
9,683236	1,549277
9,686014	1,564729
9,688792	1,567031
9,691570	1,551907
9,694347	1,535797
9,697125	1,539084
9,699903	1,552564
9,702681	1,569004
9,705458	1,571963
9,708236	1,557825
9,711014	1,546318
9,713792	1,548948
9,716569	1,565387
9,719347	1,581826
9,722125	1,584785
9,724903	1,568675
9,727680	1,549605
9,730458	1,529221
9,733236	1,509494
9,736014	1,498315
9,738791	1,496671
9,741569	1,535468
9,744347	1,650870
9,747125	1,865565
9,749902	2,201253
9,752680	2,598093
9,755458	2,998880
9,758236	3,193519
9,761013	3,196807
9,763791	3,198451
9,766569	3,199109
9,769347	3,197465
9,772125	3,187930
9,774902	2,982112
9,777680	2,447511
9,780458	1,848798
9,783235	1,361213
9,786013	1,083063
9,788791	0,984757
9,791569	1,010074
9,794346	1,095886
9,797124	1,202411
9,799902	1,310581
9,802680	1,393763
9,805457	1,439792
9,808235	1,449984
9,811013	1,440450
9,813791	1,440450
9,816568	1,454587
9,819346	1,473985
9,822124	1,477931
9,824902	1,473328
9,827679	1,463464
9,830457	1,470040
9,833235	1,486808
9,836013	1,505549
9,838790	1,510809
9,841568	1,496343
9,844346	1,485493
9,847124	1,490753
9,849901	1,510152
9,852679	1,532180
9,855457	1,543359
9,858235	1,542043
9,861012	1,539413
9,863790	1,549277
9,866568	1,570976
9,869346	1,593333
9,872123	1,606485
9,874901	1,600567
9,877679	1,598265
9,880457	1,609773
9,883234	1,630815
9,886012	1,658104
9,888790	1,668625
9,891568	1,661063
9,894346	1,653172
9,897123	1,657775
9,899901	1,670926
9,902679	1,691968
9,905456	1,700845
9,908234	1,694270
9,911012	1,685721
9,913790	1,690324
9,916567	1,707421
9,919345	1,734381
9,922123	1,751149
9,924901	1,756738
9,927678	1,770547
9,930456	1,799480
9,933234	1,836633
9,936012	1,871155
9,938789	1,888909
9,941567	1,891539
9,944345	1,896142
9,947123	1,912581
9,949901	1,939542
9,952678	1,961899
9,955456	1,969132
9,958234	1,954994
9,961011	1,933952
9,963789	1,918828
9,966567	1,912253
9,969345	1,906992
9,972122	1,886279
9,974900	1,848469
9,977678	1,803426
9,980456	1,771534
9,983233	1,750163
9,986011	1,726490
9,988789	1,681776
9,991567	1,617006
9,994344	1,548619
9,997122	1,502261
9,999900	1,473328
10,002678	1,451628
10,005456	1,430257
10,008233	1,401982
10,011011	1,384228
10,013789	1,384557
10,016566	1,405599
10,019344	1,424011
10,022122	1,433545
10,024900	1,420723
10,027677	1,409873
10,030455	1,411846
10,033233	1,424668
10,036011	1,442422
10,038788	1,446697
10,041566	1,436175
10,044344	1,423024
10,047122	1,427956
10,049899	1,437162
10,052677	1,456889
10,055455	1,460834
10,058233	1,449327
10,061011	1,433874
10,063788	1,439792
10,066566	1,451299
10,069344	1,472999
10,072121	1,476616
10,074899	1,461163
10,077677	1,447025
10,080455	1,447354
10,083232	1,462149
10,086010	1,479575
10,088788	1,487466
10,091566	1,472342
10,094343	1,463793
10,097121	1,462149
10,099899	1,476287
10,102677	1,490096
10,105454	1,492726
10,108232	1,478260
10,111010	1,466095
10,113788	1,469383
10,116566	1,483520
10,119343	1,503247
10,122121	1,503905
10,124899	1,493712
10,127676	1,480232
10,130454	1,485493
10,133232	1,497329
10,136010	1,515412
10,138787	1,515741
10,141565	1,502590
10,144343	1,485493
10,147121	1,488123
10,149898	1,503905
10,152676	1,521659
10,155454	1,527248
10,158232	1,513768
10,161009	1,499302
10,163787	1,499302
10,166565	1,514097
10,169343	1,529221
10,172121	1,537440
10,174898	1,524618
10,177676	1,513768
10,180454	1,512124
10,183231	1,523960
10,186009	1,540400
10,188787	1,543687
10,191565	1,533495
10,194342	1,519029
10,197120	1,521659
10,199898	1,532838
10,202676	1,552236
10,205453	1,554537
10,208231	1,542372
10,211009	1,527906
10,213787	1,531851
10,216564	1,544016
10,219342	1,560455
10,222120	1,565058
10,224898	1,550921
10,227676	1,537440
10,230453	1,535139
10,233231	1,547633
10,236009	1,563414
10,238786	1,568346
10,241564	1,556181
10,244342	1,543359
10,247120	1,543030
10,249897	1,555524
10,252675	1,571963
10,255453	1,576566
10,258231	1,562757
10,261008	1,547962
10,263786	1,549605
10,266564	1,561113
10,269342	1,577223
10,272119	1,579525
10,274897	1,565716
10,277675	1,549934
10,280453	1,552564
10,283231	1,569004
10,286008	1,587087
10,288786	1,588402
10,291564	1,574593
10,294341	1,562757
10,297119	1,563414
10,299897	1,576566
10,302675	1,593333
10,305452	1,597608
10,308230	1,582812
10,311008	1,569661
10,313786	1,569004
10,316563	1,582484
10,319341	1,598594
10,322119	1,603855
10,324897	1,592347
10,327674	1,576566
10,330452	1,575579
10,333230	1,588731
10,336008	1,605827
10,338786	1,607471
10,341563	1,594977
10,344341	1,583141
10,347119	1,609773
10,349896	1,664351
10,352674	1,730765
10,355452	1,789288
10,358230	1,821509
10,361007	1,836304
10,363785	1,851099
10,366563	1,875429
10,369341	1,900416
10,372118	1,913568
10,374896	1,903704
10,377674	1,886608
10,380452	1,878059
10,383229	1,877730
10,386007	1,876415
10,388785	1,856360
10,391563	1,809672
10,394341	1,757725
10,397118	1,722874
10,399896	1,698215
10,402674	1,678488
10,405451	1,645281
10,408229	1,603526
10,411007	1,565716
10,413785	1,553551
10,416562	1,554537
10,419340	1,564072
10,422118	1,564072
10,424896	1,547962
10,427673	1,531194
10,430451	1,532509
10,433229	1,545660
10,436007	1,565058
10,438784	1,569004
10,441562	1,556839
10,444340	1,545989
10,447118	1,541715
10,449896	1,554866
10,452673	1,570648
10,455451	1,576566
10,458229	1,565387
10,461006	1,554208
10,463784	1,554866
10,466562	1,569004
10,469340	1,583799
10,472117	1,585114
10,474895	1,561770
10,477673	1,522974
10,480451	1,491082
10,483228	1,483191
10,486006	1,516398
10,488784	1,596293
10,491562	1,757725
10,494339	2,003325
10,497117	2,348876
10,499895	2,764786
10,502673	3,160641
10,505451	3,196478
10,508228	3,199766
10,511006	3,200095
10,513784	3,199437
10,516561	3,194506
10,519339	3,163600
10,522117	2,812460
10,524895	2,208486
10,527672	1,619636
10,530450	1,202411
10,533228	1,008430
10,536006	0,990675
10,538783	1,066295
10,541561	1,160656
10,544339	1,248441
10,547117	1,331951
10,549894	1,399681
10,552672	1,451299
10,555450	1,468725
10,558228	1,461163
10,561006	1,446039
10,563783	1,448012
10,566561	1,459848
10,569339	1,481876
10,572116	1,491740
10,574894	1,482205
10,577672	1,472342
10,580450	1,477931
10,583227	1,497658
10,586005	1,515741
10,588783	1,522645
10,591561	1,509165
10,594338	1,500946
10,597116	1,504233
10,599894	1,523303
10,602672	1,549605
10,605449	1,565387
10,608227	1,562428
10,611005	1,558154
10,613783	1,565716
10,616560	1,584785
10,619338	1,615033
10,622116	1,624897
10,624894	1,623253
10,627671	1,617663
10,630449	1,625883
10,633227	1,644295
10,636005	1,666981
10,638782	1,675858
10,641560	1,669940
10,644338	1,659090
10,647116	1,661391
10,649893	1,678159
10,652671	1,698873
10,655449	1,706763
10,658227	1,697558
10,661004	1,688023
10,663782	1,693941
10,666560	1,716298
10,669338	1,751807
10,672116	1,782712
10,674893	1,801782
10,677671	1,814933
10,680449	1,832358
10,683226	1,859319
10,686004	1,889895
10,688782	1,912253
10,691560	1,922445
10,694337	1,925075
10,697115	1,936582
10,699893	1,951049
10,702671	1,966830
10,705448	1,966173
10,708226	1,942172
10,711004	1,907978
10,713782	1,887594
10,716559	1,878059
10,719337	1,870497
10,722115	1,847482
10,724893	1,801782
10,727670	1,752135
10,730448	1,712682
10,733226	1,682105
10,736004	1,646267
10,738781	1,601882
10,741559	1,538756
10,744337	1,483520
10,747115	1,445381
10,749892	1,424339
10,752670	1,418092
10,755448	1,413489
10,758226	1,400338
10,761003	1,391461
10,763781	1,397050
10,766559	1,411846
10,769337	1,435847
10,772114	1,438477
10,774892	1,427298
10,777670	1,412174
10,780448	1,412174
10,783226	1,424997
10,786003	1,446039
10,788781	1,449327
10,791559	1,439463
10,794336	1,428285
10,797114	1,428613
10,799892	1,444066
10,802670	1,458204
10,805447	1,463793
10,808225	1,450313
10,811003	1,438806
10,813781	1,436833
10,816558	1,453272
10,819336	1,468725
10,822114	1,474972
10,824892	1,462478
10,827669	1,449656
10,830447	1,448012
10,833225	1,460177
10,836003	1,477931
10,838780	1,481876
10,841558	1,476287
10,844336	1,461492
10,847114	1,465437
10,849892	1,479575
10,852669	1,497000
10,855447	1,499959
10,858225	1,487794
10,861002	1,467739
10,863780	1,467410
10,866558	1,478917
10,869336	1,497987
10,872113	1,507521
10,874891	1,495685
10,877669	1,482863
10,880447	1,483191
10,883224	1,497000
10,886002	1,511138
10,888780	1,518042
10,891558	1,502918
10,894335	1,490425
10,897113	1,491411
10,899891	1,505549
10,902669	1,521659
10,905447	1,525933
10,908224	1,514426
10,911002	1,497658
10,913780	1,498644
10,916557	1,508508
10,919335	1,528892
10,922113	1,534810
10,924891	1,525933
10,927668	1,510152
10,930446	1,513111
10,933224	1,523632
10,936002	1,542701
10,938779	1,545660
10,941557	1,531522
10,944335	1,517056
10,947113	1,517385
10,949890	1,531194
10,952668	1,549277
10,955446	1,558811
10,958224	1,544674
10,961002	1,528892
10,963779	1,523960
10,966557	1,537769
10,969335	1,552236
10,972112	1,558154
10,974890	1,547633
10,977668	1,535468
10,980446	1,535797
10,983223	1,549277
10,986001	1,569661
10,988779	1,572291
10,991557	1,560455
10,994334	1,542043
10,997112	1,540728
10,999890	1,554537
11,002668	1,573607
11,005445	1,576566
11,008223	1,565058
11,011001	1,547633
11,013779	1,546975
11,016557	1,561442
11,019334	1,578867
11,022112	1,584456
11,024890	1,571963
11,027667	1,555524
11,030445	1,554208
11,033223	1,565387
11,036001	1,580182
11,038778	1,586429
11,041556	1,574922
11,044334	1,562757
11,047112	1,561442
11,049889	1,574264
11,052667	1,593005
11,055445	1,599252
11,058223	1,587744
11,061000	1,568346
11,063778	1,566045
11,066556	1,576894
11,069334	1,596293
11,072112	1,602868
11,074889	1,592676
11,077667	1,579196
11,080445	1,580840
11,083222	1,592676
11,086000	1,610101
11,088778	1,616019
11,091556	1,615691
11,094333	1,634760
11,097111	1,678159
11,099889	1,739313
11,102667	1,804412
11,105444	1,847811
11,108222	1,861949
11,111000	1,864250
11,113778	1,873456
11,116555	1,894827
11,119333	1,918171
11,122111	1,924089
11,124889	1,905348
11,127667	1,882005
11,130444	1,865565
11,133222	1,856031
11,136000	1,846167
11,138777	1,816577
11,141555	1,768246
11,144333	1,715312
11,147111	1,675858
11,149888	1,648898
11,152666	1,634103
11,155444	1,613060
11,158222	1,580511
11,160999	1,552564
11,163777	1,539084
11,166555	1,546975
11,169333	1,561442
11,172110	1,564401
11,174888	1,552564
11,177666	1,537769
11,180444	1,536454
11,183222	1,549277
11,185999	1,564729
11,188777	1,571963
11,191555	1,562757
11,194332	1,546646
11,197110	1,547304
11,199888	1,558483
11,202666	1,574264
11,205443	1,577552
11,208221	1,565058
11,210999	1,549934
11,213777	1,552893
11,216554	1,567688
11,219332	1,576894
11,222110	1,564072
11,224888	1,520344
11,227665	1,472342
11,230443	1,458533
11,233221	1,518700
11,235999	1,651528
11,238777	1,863593
11,241554	2,165415
11,244332	2,522145
11,247110	2,922273
11,249887	3,192204
11,252665	3,197794
11,255443	3,199109
11,258221	3,198451
11,260998	3,196150
11,263776	3,188916
11,266554	3,034388
11,269332	2,549434
11,272109	1,950720
11,274887	1,420065
11,277665	1,084707
11,280443	0,960099
11,283220	0,991004
11,285998	1,104763
11,288776	1,217206
11,291554	1,299073
11,294331	1,355624
11,297109	1,401982
11,299887	1,442422
11,302665	1,467410
11,305442	1,472670
11,308220	1,460177
11,310998	1,447683
11,313776	1,443737
11,316553	1,461492
11,319331	1,485822
11,322109	1,497000
11,324887	1,489438
11,327664	1,478588
11,330442	1,478260
11,333220	1,490096
11,335998	1,511795
11,338775	1,518700
11,341553	1,514754
11,344331	1,507850
11,347109	1,517385
11,349887	1,540400
11,352664	1,569004
11,355442	1,579525
11,358220	1,577552
11,360997	1,567031
11,363775	1,576237
11,366553	1,597279
11,369331	1,620294
11,372108	1,637719
11,374886	1,633116
11,377664	1,625883
11,380442	1,632459
11,383219	1,654816
11,385997	1,674543
11,388775	1,684077
11,391553	1,677173
11,394330	1,667310
11,397108	1,668953
11,399886	1,684735
11,402664	1,705448
11,405441	1,715969
11,408219	1,709394
11,410997	1,700845
11,413775	1,708407
11,416552	1,738984
11,419330	1,784027
11,422108	1,819536
11,424886	1,833674
11,427663	1,838276
11,430441	1,854058
11,433219	1,882662
11,435997	1,921130
11,438774	1,945788
11,441552	1,949734
11,444330	1,942172
11,447108	1,940857
11,449885	1,950720
11,452663	1,958611
11,455441	1,949405
11,458219	1,918828
11,460997	1,882005
11,463774	1,858332
11,466552	1,841236
11,469330	1,827427
11,472107	1,799151
11,474885	1,753122
11,477663	1,697886
11,480441	1,647911
11,483218	1,609444
11,485996	1,574922
11,488774	1,531522
11,491552	1,477602
11,494329	1,421709
11,497107	1,396064
11,499885	1,390475
11,502663	1,406914
11,505440	1,415133
11,508218	1,410859
11,510996	1,398366
11,513774	1,400996
11,516551	1,416449
11,519329	1,432888
11,522107	1,438477
11,524885	1,427627
11,527662	1,414805
11,530440	1,413818
11,533218	1,431901
11,535996	1,446697
11,538773	1,456231
11,541551	1,441436
11,544329	1,428285
11,547107	1,426641
11,549884	1,440121
11,552662	1,457875
11,555440	1,467081
11,558218	1,458204
11,560995	1,441107
11,563773	1,439792
11,566551	1,448998
11,569329	1,470040
11,572106	1,475958
11,574884	1,469054
11,577662	1,450642
11,580440	1,449656
11,583217	1,460177
11,585995	1,481876
11,588773	1,492397
11,591551	1,480890
11,594328	1,468067
11,597106	1,463136
11,599884	1,472999
11,602662	1,489438
11,605439	1,498315
11,608217	1,483849
11,610995	1,472013
11,613773	1,468067
11,616550	1,480232
11,619328	1,498644
11,622106	1,509494
11,624884	1,497000
11,627661	1,485493
11,630439	1,484835
11,633217	1,497658
11,635995	1,520344
11,638772	1,526262
11,641550	1,517056
11,644328	1,496014
11,647106	1,494699
11,649883	1,504562
11,652661	1,528235
11,655439	1,531522
11,658217	1,521988
11,660994	1,502590
11,663772	1,500617
11,666550	1,514426
11,669328	1,532838
11,672105	1,542043
11,674883	1,531522
11,677661	1,518700
11,680439	1,512782
11,683216	1,526262
11,685994	1,542372
11,688772	1,549605
11,691550	1,537769
11,694327	1,522645
11,697105	1,520344
11,699883	1,532838
11,702661	1,549934
11,705438	1,557167
11,708216	1,547304
11,710994	1,531194
11,713772	1,528563
11,716549	1,539742
11,719327	1,559140
11,722105	1,565387
11,724883	1,557825
11,727660	1,538756
11,730438	1,537440
11,733216	1,546318
11,735994	1,564072
11,738771	1,571963
11,741549	1,560455
11,744327	1,545002
11,747105	1,544674
11,749882	1,555524
11,752660	1,569004
11,755438	1,577552
11,758216	1,567031
11,760993	1,552893
11,763771	1,550263
11,766549	1,562428
11,769327	1,580511
11,772104	1,589388
11,774882	1,578210
11,777660	1,562757
11,780438	1,559140
11,783215	1,569661
11,785993	1,586758
11,788771	1,591690
11,791549	1,582155
11,794326	1,568017
11,797104	1,568675
11,799882	1,578538
11,802660	1,594649
11,805438	1,597936
11,808215	1,584785
11,810993	1,569661
11,813771	1,568346
11,816548	1,580840
11,819326	1,600238
11,822104	1,607142
11,824882	1,596621
11,827659	1,580182
11,830437	1,574922
11,833215	1,588402
11,835993	1,606814
11,838770	1,638705
11,841548	1,666652
11,844326	1,699530
11,847104	1,744573
11,849881	1,799480
11,852659	1,847811
11,855437	1,876086
11,858215	1,881676
11,860993	1,876086
11,863770	1,883977
11,866548	1,898772
11,869326	1,916198
11,872103	1,915869
11,874881	1,890882
11,877659	1,856031
11,880437	1,826769
11,883214	1,805398
11,885992	1,788959
11,888770	1,760026
11,891548	1,713339
11,894325	1,660734
11,897103	1,621280
11,899881	1,603197
11,902659	1,595635
11,905436	1,586429
11,908214	1,565387
11,910992	1,541057
11,913770	1,535139
11,916548	1,545002
11,919325	1,559798
11,922103	1,568346
11,924881	1,559469
11,927658	1,544016
11,930436	1,542701
11,933214	1,551907
11,935992	1,567360
11,938769	1,573278
11,941547	1,564072
11,944325	1,549605
11,947103	1,548290
11,949880	1,558154
11,952658	1,574922
11,955436	1,581826
11,958214	1,570319
11,960991	1,556510
11,963769	1,551249
11,966547	1,548619
11,969325	1,544345
11,972103	1,518371
11,974880	1,484178
11,977658	1,480561
11,980436	1,543359
11,983213	1,715969
11,985991	1,982941
11,988769	2,326848
11,991547	2,719086
11,994324	3,092912
11,997102	3,194177
11,999880	3,196807
12,002658	3,198122
12,005435	3,198122
12,008213	3,194835
12,010991	3,168532
12,013769	2,841722
12,016546	2,267338
12,019324	1,699530
12,022102	1,264880
12,024880	1,023225
12,027658	0,959441
12,030435	1,014677
12,033213	1,134682
12,035991	1,254688
12,038768	1,347733
12,041546	1,401325
12,044324	1,424997
12,047102	1,437162
12,049879	1,451957
12,052657	1,469383
12,055435	1,479575
12,058213	1,469054
12,060990	1,452943
12,063768	1,456889
12,066546	1,471684
12,069324	1,497000
12,072101	1,507850
12,074879	1,501603
12,077657	1,483849
12,080435	1,484178
12,083213	1,497000
12,085990	1,521001
12,088768	1,537440
12,091546	1,533166
12,094323	1,526262
12,097101	1,534153
12,099879	1,554537
12,102657	1,578210
12,105434	1,594320
12,108212	1,589388
12,110990	1,583799
12,113768	1,585771
12,116545	1,603526
12,119323	1,631143
12,122101	1,646925
12,124879	1,647254
12,127656	1,639692
12,130434	1,643966
12,133212	1,660734
12,135990	1,686050
12,138768	1,697558
12,141545	1,691639
12,144323	1,680461
12,147101	1,682105
12,149878	1,694599
12,152656	1,716956
12,155434	1,727148
12,158212	1,724518
12,160989	1,724847
12,163767	1,745231
12,166545	1,786986
12,169323	1,833016
12,172100	1,859976
12,174878	1,867538
12,177656	1,867538
12,180434	1,880032
12,183211	1,907978
12,185989	1,940528
12,188767	1,958611
12,191545	1,953022
12,194323	1,935596
12,197100	1,930336
12,199878	1,932966
12,202656	1,936254
12,205433	1,925404
12,208211	1,895485
12,210989	1,855373
12,213767	1,821837
12,216544	1,800138
12,219322	1,781726
12,222100	1,753451
12,224878	1,702818
12,227655	1,637719
12,230433	1,584128
12,233211	1,544345
12,235989	1,516070
12,238766	1,483849
12,241544	1,438148
12,244322	1,398694
12,247100	1,382255
12,249878	1,393105
12,252655	1,411517
12,255433	1,430257
12,258211	1,422367
12,260988	1,410530
12,263766	1,407900
12,266544	1,417764
12,269322	1,433545
12,272099	1,443080
12,274877	1,431573
12,277655	1,415133
12,280433	1,413489
12,283210	1,423353
12,285988	1,448012
12,288766	1,455245
12,291544	1,446697
12,294321	1,429271
12,297099	1,429600
12,299877	1,437162
12,302655	1,459190
12,305432	1,467081
12,308210	1,459848
12,310988	1,446039
12,313766	1,444724
12,316543	1,455574
12,319321	1,472342
12,322099	1,482534
12,324877	1,469711
12,327654	1,456889
12,330432	1,450971
12,333210	1,466095
12,335988	1,485164
12,338765	1,495356
12,341543	1,483849
12,344321	1,470369
12,347099	1,466095
12,349876	1,478917
12,352654	1,497329
12,355432	1,504891
12,358210	1,495028
12,360988	1,476945
12,363765	1,475301
12,366543	1,482534
12,369321	1,501274
12,372098	1,510152
12,374876	1,503576
12,377654	1,487466
12,380432	1,486808
12,383209	1,498973
12,385987	1,517056
12,388765	1,526919
12,391543	1,518700
12,394320	1,501274
12,397098	1,494699
12,399876	1,507521
12,402654	1,522645
12,405431	1,533166
12,408209	1,520015
12,410987	1,504562
12,413765	1,502261
12,416542	1,514426
12,419320	1,531522
12,422098	1,545331
12,424876	1,536783
12,427653	1,518371
12,430431	1,515741
12,433209	1,527577
12,435987	1,548290
12,438764	1,558483
12,441542	1,550592
12,444320	1,533166
12,447098	1,529878
12,449875	1,536125
12,452653	1,554208
12,455431	1,561113
12,458209	1,551249
12,460986	1,534481
12,463764	1,531851
12,466542	1,541386
12,469320	1,560126
12,472097	1,570648
12,474875	1,560784
12,477653	1,546318
12,480431	1,539413
12,483208	1,549277
12,485986	1,567031
12,488764	1,576566
12,491542	1,565716
12,494319	1,550921
12,497097	1,545002
12,499875	1,557825
12,502653	1,577223
12,505430	1,585771
12,508208	1,576894
12,510986	1,559140
12,513764	1,555524
12,516541	1,562757
12,519319	1,582484
12,522097	1,587087
12,524875	1,578210
12,527652	1,561770
12,530430	1,559140
12,533208	1,569332
12,535986	1,587415
12,538763	1,595964
12,541541	1,585443
12,544319	1,567688
12,547097	1,561113
12,549874	1,570976
12,552652	1,585114
12,555430	1,595306
12,558208	1,588073
12,560985	1,572291
12,563763	1,568675
12,566541	1,580182
12,569319	1,596950
12,572096	1,606814
12,574874	1,596293
12,577652	1,579525
12,580430	1,575579
12,583207	1,598265
12,585985	1,647583
12,588763	1,700517
12,591541	1,741286
12,594318	1,773506
12,597096	1,808028
12,599874	1,845510
12,602652	1,881676
12,605429	1,902389
12,608207	1,902718
12,610985	1,894827
12,613763	1,890224
12,616540	1,892854
12,619318	1,900088
12,622096	1,892854
12,624874	1,866223
12,627651	1,825454
12,630429	1,787315
12,633207	1,760355
12,635985	1,737669
12,638762	1,705448
12,641540	1,658432
12,644318	1,610430
12,647096	1,577881
12,649873	1,570648
12,652651	1,576566
12,655429	1,574593
12,658207	1,559798
12,660984	1,539742
12,663762	1,529878
12,666540	1,535468
12,669318	1,553222
12,672095	1,562428
12,674873	1,553880
12,677651	1,539742
12,680429	1,534810
12,683206	1,545331
12,685984	1,563743
12,688762	1,573935
12,691540	1,566373
12,694317	1,554208
12,697095	1,550592
12,699873	1,559798
12,702651	1,577223
12,705429	1,584785
12,708206	1,572949
12,710984	1,550263
12,713762	1,530865
12,716539	1,514754
12,719317	1,504891
12,722095	1,497329
12,724873	1,526591
12,727650	1,613389
12,730428	1,807700
12,733206	2,119386
12,735984	2,496828
12,738761	2,905505
12,741539	3,188916
12,744317	3,195163
12,747095	3,199109
12,749872	3,199109
12,752650	3,197465
12,755428	3,191547
12,758206	3,088638
12,760984	2,628999
12,763761	2,020093
12,766539	1,485493
12,769317	1,145532
12,772094	1,000210
12,774872	0,996594
12,777650	1,066953
12,780428	1,173807
12,783205	1,281319
12,785983	1,375680
12,788761	1,436175
12,791539	1,456560
12,794316	1,453601
12,797094	1,450313
12,799872	1,456231
12,802650	1,472013
12,805427	1,482534
12,808205	1,476616
12,810983	1,467739
12,813761	1,467081
12,816539	1,480890
12,819316	1,500946
12,822094	1,514754
12,824872	1,504891
12,827649	1,489438
12,830427	1,485164
12,833205	1,503576
12,835983	1,527248
12,838760	1,545660
12,841538	1,548290
12,844316	1,544345
12,847094	1,549934
12,849871	1,564072
12,852649	1,589388
12,855427	1,604841
12,858205	1,607471
12,860982	1,599909
12,863760	1,604841
12,866538	1,622595
12,869316	1,650213
12,872093	1,666652
12,874871	1,664679
12,877649	1,650870
12,880427	1,650213
12,883204	1,664022
12,885982	1,684735
12,888760	1,697558
12,891538	1,694270
12,894315	1,681776
12,897093	1,682105
12,899871	1,697229
12,902649	1,720244
12,905426	1,739971
12,908204	1,751149
12,910982	1,762656
12,913760	1,788959
12,916537	1,826440
12,919315	1,863593
12,922093	1,887923
12,924871	1,895485
12,927649	1,897129
12,930426	1,908636
12,933204	1,931651
12,935982	1,957296
12,938759	1,971105
12,941537	1,961899
12,944315	1,938884
12,947093	1,919486
12,949870	1,908307
12,952648	1,904033
12,955426	1,889895
12,958204	1,857675
12,960981	1,813289
12,963759	1,777780
12,966537	1,751478
12,969315	1,729121
12,972092	1,693283
12,974870	1,630815
12,977648	1,563414
12,980426	1,510152
12,983203	1,477273
12,985981	1,456889
12,988759	1,438477
12,991537	1,408558
12,994314	1,387187
12,997092	1,379954
12,999870	1,393434
13,002648	1,419079
13,005425	1,430586
13,008203	1,423682
13,010981	1,406914
13,013759	1,405270
13,016536	1,412832
13,019314	1,437819
13,022092	1,449327
13,024870	1,445710
13,027647	1,429600
13,030425	1,423682
13,033203	1,432888
13,035981	1,448998
13,038758	1,457546
13,041536	1,447683
13,044314	1,434860
13,047092	1,427956
13,049869	1,443409
13,052647	1,459848
13,055425	1,472999
13,058203	1,464122
13,060980	1,448012
13,063758	1,442751
13,066536	1,455245
13,069314	1,472013
13,072091	1,482534
13,074869	1,478588
13,077647	1,461492
13,080425	1,456231
13,083202	1,464122
13,085980	1,483849
13,088758	1,493384
13,091536	1,485164
13,094313	1,465766
13,097091	1,466752
13,099869	1,476287
13,102647	1,498315
13,105424	1,508836
13,108202	1,499630
13,110980	1,483849
13,113758	1,478917
13,116535	1,486479
13,119313	1,504233
13,122091	1,516398
13,124869	1,507850
13,127646	1,496014
13,130424	1,491082
13,133202	1,502261
13,135980	1,517385
13,138757	1,527906
13,141535	1,517385
13,144313	1,500617
13,147091	1,494699
13,149868	1,503905
13,152646	1,523303
13,155424	1,535139
13,158202	1,530536
13,160979	1,513111
13,163757	1,510152
13,166535	1,516727
13,169313	1,536125
13,172090	1,545989
13,174868	1,540071
13,177646	1,522316
13,180424	1,517385
13,183201	1,525276
13,185979	1,543030
13,188757	1,555195
13,191535	1,546318
13,194312	1,534481
13,197090	1,524947
13,199868	1,537112
13,202646	1,553551
13,205423	1,561770
13,208201	1,552893
13,210979	1,536783
13,213757	1,528563
13,216534	1,537112
13,219312	1,554537
13,222090	1,564401
13,224868	1,557825
13,227645	1,540400
13,230423	1,536454
13,233201	1,544345
13,235979	1,566045
13,238756	1,576237
13,241534	1,571963
13,244312	1,553551
13,247090	1,549605
13,249867	1,557825
13,252645	1,574264
13,255423	1,580840
13,258201	1,573278
13,260978	1,561442
13,263756	1,558811
13,266534	1,571634
13,269312	1,586429
13,272089	1,594977
13,274867	1,581497
13,277645	1,565387
13,280423	1,557167
13,283200	1,566373
13,285978	1,585771
13,288756	1,598594
13,291534	1,592018
13,294311	1,577552
13,297089	1,574593
13,299867	1,583470
13,302645	1,601224
13,305422	1,608786
13,308200	1,598265
13,310978	1,579853
13,313756	1,574264
13,316533	1,579853
13,319311	1,598265
13,322089	1,608129
13,324867	1,603197
13,327644	1,592018
13,330422	1,608129
13,333200	1,653829
13,335978	1,719257
13,338755	1,779753
13,341533	1,815919
13,344311	1,832358
13,347089	1,847811
13,349866	1,871484
13,352644	1,898115
13,355422	1,916856
13,358200	1,915212
13,360977	1,897786
13,363755	1,884964
13,366533	1,883648
13,369311	1,884964
13,372088	1,869182
13,374866	1,831043
13,377644	1,777780
13,380422	1,735696
13,383199	1,706763
13,385977	1,685064
13,388755	1,656460
13,391533	1,619307
13,394310	1,581169
13,397088	1,561442
13,399866	1,559798
13,402644	1,566045
13,405421	1,569332
13,408199	1,556510
13,410977	1,539084
13,413755	1,529878
13,416532	1,540728
13,419310	1,558154
13,422088	1,569990
13,424866	1,563414
13,427643	1,547633
13,430421	1,545002
13,433199	1,553551
13,435977	1,569661
13,438754	1,578538
13,441532	1,570319
13,444310	1,552236
13,447088	1,549605
13,449865	1,560455
13,452643	1,578210
13,455421	1,585771
13,458199	1,566373
13,460976	1,527577
13,463754	1,489767
13,466532	1,475958
13,469310	1,493384
13,472087	1,566702
13,474865	1,707421
13,477643	1,926061
13,480421	2,253200
13,483198	2,655630
13,485976	3,063321
13,488754	3,195492
13,491532	3,197465
13,494309	3,200095
13,497087	3,199109
13,499865	3,196150
13,502643	3,183327
13,505420	2,936082
13,508198	2,370904
13,510976	1,763643
13,513754	1,288223
13,516531	1,036376
13,519309	0,983771
13,522087	1,044596
13,524865	1,141915
13,527642	1,228056
13,530420	1,309265
13,533198	1,383899
13,535976	1,444724
13,538753	1,474972
13,541531	1,470698
13,544309	1,455245
13,547087	1,447354
13,549864	1,456889
13,552642	1,473657
13,555420	1,489438
13,558198	1,483191
13,560975	1,469383
13,563753	1,466095
13,566531	1,480890
13,569309	1,500288
13,572086	1,510480
13,574864	1,507192
13,577642	1,495685
13,580420	1,496671
13,583197	1,511795
13,585975	1,537769
13,588753	1,557825
13,591531	1,564729
13,594308	1,554866
13,597086	1,556839
13,599864	1,573278
13,602642	1,598923
13,605419	1,617006
13,608197	1,617992
13,610975	1,610101
13,613753	1,612732
13,616530	1,631472
13,619308	1,654816
13,622086	1,672899
13,624864	1,669940
13,627641	1,659748
13,630419	1,656131
13,633197	1,669282
13,635975	1,691968
13,638752	1,708079
13,641530	1,706435
13,644308	1,696900
13,647086	1,694927
13,649863	1,710051
13,652641	1,740299
13,655419	1,772520
13,658197	1,790932
13,660975	1,802110
13,663752	1,817892
13,666530	1,846167
13,669308	1,879046
13,672085	1,906663
13,674863	1,919157
13,677641	1,921458
13,680419	1,930664
13,683196	1,943816
13,685974	1,959597
13,688752	1,967159
13,691530	1,947432
13,694307	1,913896
13,697085	1,886936
13,699863	1,874443
13,702641	1,868853
13,705418	1,851428
13,708196	1,811974
13,710974	1,762656
13,713752	1,719915
13,716530	1,688352
13,719307	1,658761
13,722085	1,617663
13,724863	1,561442
13,727640	1,499630
13,730418	1,456560
13,733196	1,429929
13,735974	1,424011
13,738751	1,416449
13,741529	1,405270
13,744307	1,388502
13,747085	1,388831
13,749862	1,404612
13,752640	1,427627
13,755418	1,441436
13,758196	1,436504
13,760973	1,419736
13,763751	1,410202
13,766529	1,423024
13,769307	1,436833
13,772085	1,451957
13,774862	1,445053
13,777640	1,431573
13,780418	1,424339
13,783195	1,433545
13,785973	1,450642
13,788751	1,462149
13,791529	1,456231
13,794306	1,440778
13,797084	1,437491
13,799862	1,444724
13,802640	1,464451
13,805417	1,473985
13,808195	1,469711
13,810973	1,451299
13,813751	1,448012
13,816528	1,455574
13,819306	1,479575
13,822084	1,491411
13,824862	1,485164
13,827640	1,468725
13,830417	1,462478
13,833195	1,468725
13,835973	1,486479
13,838750	1,496014
13,841528	1,486808
13,844306	1,474972
13,847084	1,470040
13,849861	1,481547
13,852639	1,498973
13,855417	1,512782
13,858195	1,502590
13,860972	1,490425
13,863750	1,481219
13,866528	1,489767
13,869306	1,506864
13,872083	1,516727
13,874861	1,511795
13,877639	1,497329
13,880417	1,491411
13,883194	1,499302
13,885972	1,521988
13,888750	1,532180
13,891528	1,526919
13,894305	1,508179
13,897083	1,503247
13,899861	1,510480
13,902639	1,527248
13,905416	1,535468
13,908194	1,528235
13,910972	1,515412
13,913750	1,510152
13,916527	1,521001
13,919305	1,537440
13,922083	1,547304
13,924861	1,540071
13,927638	1,522974
13,930416	1,515412
13,933194	1,523632
13,935972	1,539084
13,938750	1,552236
13,941527	1,547633
13,944305	1,533495
13,947083	1,527577
13,949860	1,537769
13,952638	1,556839
13,955416	1,565716
13,958194	1,557496
13,960971	1,535468
13,963749	1,528892
13,966527	1,538427
13,969305	1,555524
13,972082	1,567360
13,974860	1,562099
13,977638	1,547633
13,980416	1,544674
13,983193	1,553222
13,985971	1,569332
13,988749	1,581169
13,991527	1,571634
13,994304	1,555524
13,997082	1,550921
13,999860	1,561442
14,002638	1,579853
14,005415	1,593005
14,008193	1,582812
14,010971	1,567360
14,013749	1,559469
14,016526	1,567360
14,019304	1,584128
14,022082	1,593991
14,024860	1,586100
14,027637	1,571634
14,030415	1,567688
14,033193	1,576894
14,035971	1,593662
14,038748	1,602211
14,041526	1,593333
14,044304	1,576237
14,047082	1,568346
14,049859	1,576237
14,052637	1,594320
14,055415	1,604512
14,058193	1,599252
14,060970	1,582812
14,063748	1,574593
14,066526	1,584128
14,069304	1,601553
14,072081	1,613389
14,074859	1,613389
14,077637	1,625554
14,080415	1,662378
14,083192	1,720901
14,085970	1,786329
14,088748	1,834989
14,091526	1,855044
14,094303	1,856031
14,097081	1,860962
14,099859	1,881018
14,102637	1,909294
14,105414	1,924746
14,108192	1,913239
14,110970	1,888909
14,113748	1,869182
14,116525	1,856688
14,119303	1,845838
14,122081	1,822166
14,124859	1,778438
14,127636	1,725175
14,130414	1,681118
14,133192	1,652186
14,135970	1,634103
14,138747	1,617006
14,141525	1,590046
14,144303	1,560784
14,147081	1,545660
14,149858	1,545660
14,152636	1,559469
14,155414	1,566045
14,158192	1,555195
14,160969	1,538098
14,163747	1,534153
14,166525	1,542043
14,169303	1,559798
14,172080	1,568017
14,174858	1,557825
14,177636	1,544674
14,180414	1,535797
14,183191	1,542701
14,185969	1,563086
14,188747	1,576566
14,191525	1,570319
14,194302	1,556181
14,197080	1,548290
14,199858	1,556510
14,202636	1,574593
14,205413	1,571305
14,208191	1,536125
14,210969	1,487137
14,213747	1,461821
14,216524	1,497658
14,219302	1,603526
14,222080	1,800138
14,224858	2,077630
14,227635	2,415290
14,230413	2,818049
14,233191	3,181026
14,235969	3,196478
14,238746	3,199437
14,241524	3,198451
14,244302	3,197794
14,247080	3,191875
14,249857	3,116913
14,252635	2,706592
14,255413	2,109193
14,258191	1,543359
14,260968	1,149806
14,263746	0,969962
14,266524	0,972592
14,269302	1,069912
14,272079	1,192548
14,274857	1,287566
14,277635	1,351350
14,280413	1,399023
14,283190	1,438477
14,285968	1,465766
14,288746	1,479246
14,291524	1,473985
14,294301	1,455245
14,297079	1,450642
14,299857	1,458861
14,302635	1,481547
14,305412	1,494041
14,308190	1,493055
14,310968	1,480232
14,313746	1,480561
14,316523	1,489767
14,319301	1,508836
14,322079	1,523632
14,324857	1,521659
14,327634	1,512124
14,330412	1,513111
14,333190	1,528892
14,335968	1,555524
14,338745	1,576566
14,341523	1,574922
14,344301	1,569990
14,347079	1,569990
14,349856	1,589717
14,352634	1,615033
14,355412	1,638705
14,358190	1,636404
14,360967	1,625554
14,363745	1,626869
14,366523	1,642651
14,369301	1,667638
14,372078	1,683420
14,374856	1,680461
14,377634	1,668625
14,380412	1,665008
14,383189	1,676844
14,385967	1,701174
14,388745	1,714654
14,391523	1,712353
14,394300	1,701503
14,397078	1,703804
14,399856	1,730765
14,402634	1,774493
14,405411	1,816248
14,408189	1,838276
14,410967	1,840907
14,413745	1,849126
14,416522	1,873785
14,419300	1,906992
14,422078	1,933952
14,424856	1,941843
14,427633	1,934281
14,430411	1,929349
14,433189	1,937898
14,435967	1,948419
14,438744	1,947104
14,441522	1,923431
14,444300	1,887265
14,447078	1,861291
14,449855	1,848140
14,452633	1,836304
14,455411	1,814604
14,458189	1,770547
14,460966	1,712024
14,463744	1,664679
14,466522	1,622595
14,469300	1,587087
14,472077	1,547962
14,474855	1,495356
14,477633	1,440121
14,480411	1,402640
14,483188	1,392447
14,485966	1,402968
14,488744	1,419736
14,491522	1,416120
14,494299	1,404941
14,497077	1,397379
14,499855	1,407900
14,502633	1,423024
14,505410	1,438806
14,508188	1,431244
14,510966	1,418750
14,513744	1,413818
14,516521	1,423682
14,519299	1,443737
14,522077	1,455902
14,524855	1,448998
14,527632	1,430257
14,530410	1,424997
14,533188	1,430257
14,535966	1,454259
14,538743	1,466752
14,541521	1,462807
14,544299	1,445710
14,547077	1,440121
14,549854	1,446697
14,552632	1,464122
14,555410	1,474972
14,558188	1,468067
14,560965	1,454259
14,563743	1,442422
14,566521	1,453930
14,569299	1,470369
14,572076	1,483849
14,574854	1,476945
14,577632	1,462478
14,580410	1,457546
14,583187	1,470040
14,585965	1,489767
14,588743	1,502590
14,591521	1,495685
14,594298	1,477931
14,597076	1,469054
14,599854	1,476287
14,602632	1,497000
14,605409	1,509823
14,608187	1,507192
14,610965	1,488123
14,613743	1,480890
14,616521	1,487466
14,619298	1,506206
14,622076	1,517385
14,624854	1,513768
14,627631	1,497329
14,630409	1,490425
14,633187	1,499959
14,635965	1,516398
14,638742	1,531522
14,641520	1,525933
14,644298	1,514754
14,647076	1,505549
14,649853	1,515741
14,652631	1,531194
14,655409	1,547304
14,658187	1,539742
14,660964	1,524618
14,663742	1,515741
14,666520	1,523303
14,669298	1,538427
14,672075	1,547962
14,674853	1,540728
14,677631	1,525933
14,680409	1,522316
14,683186	1,528235
14,685964	1,549605
14,688742	1,562428
14,691520	1,556839
14,694297	1,541057
14,697075	1,532838
14,699853	1,539413
14,702631	1,557825
14,705408	1,569004
14,708186	1,562099
14,710964	1,546646
14,713742	1,538756
14,716519	1,547633
14,719297	1,563414
14,722075	1,574593
14,724853	1,564729
14,727630	1,550921
14,730408	1,542372
14,733186	1,554537
14,735964	1,571963
14,738741	1,583470
14,741519	1,576894
14,744297	1,561770
14,747075	1,553880
14,749852	1,561442
14,752630	1,579196
14,755408	1,588073
14,758186	1,582484
14,760963	1,563743
14,763741	1,554537
14,766519	1,561770
14,769297	1,577552
14,772074	1,591032
14,774852	1,587415
14,777630	1,571305
14,780408	1,563414
14,783185	1,575579
14,785963	1,589717
14,788741	1,599252
14,791519	1,593333
14,794296	1,576894
14,797074	1,570648
14,799852	1,581497
14,802630	1,597608
14,805407	1,612732
14,808185	1,608129
14,810963	1,592347
14,813741	1,586100
14,816518	1,593662
14,819296	1,609115
14,822074	1,637390
14,824852	1,665994
14,827629	1,695585
14,830407	1,739313
14,833185	1,792247
14,835963	1,843537
14,838740	1,879703
14,841518	1,888580
14,844296	1,881347
14,847074	1,880689
14,849851	1,891539
14,852629	1,908307
14,855407	1,913239
14,858185	1,895485
14,860962	1,867209
14,863740	1,838605
14,866518	1,817892
14,869296	1,801782
14,872073	1,776794
14,874851	1,732080
14,877629	1,678817
14,880407	1,630486
14,883184	1,604183
14,885962	1,597608
14,888740	1,589717
14,891518	1,572291
14,894295	1,547962
14,897073	1,533495
14,899851	1,537440
14,902629	1,554537
14,905406	1,564401
14,908184	1,556510
14,910962	1,541057
14,913740	1,533495
14,916517	1,546318
14,919295	1,563414
14,922073	1,574264
14,924851	1,570319
14,927628	1,554208
14,930406	1,546646
14,933184	1,551907
14,935962	1,567360
14,938739	1,580182
14,941517	1,575250
14,944295	1,558811
14,947073	1,551578
14,949850	1,552564
14,952628	1,551578
14,955406	1,531851
14,958184	1,499630
14,960961	1,474314
14,963739	1,521001
14,966517	1,661720
14,969295	1,897457
14,972072	2,234460
14,974850	2,612889
14,977628	2,992962
14,980406	3,193519
14,983183	3,196478
14,985961	3,198780
14,988739	3,197465
14,991517	3,195492
14,994294	3,184971
14,997072	2,976851
14,999850	2,452114
15,002628	1,863264
15,005405	1,374036
15,008183	1,074186
15,010961	0,960756
15,013739	0,990675
15,016516	1,100817
15,019294	1,228385
15,022072	1,335568
15,024850	1,400009
15,027627	1,427298
15,030405	1,440450
15,033183	1,448012
15,035961	1,463464
15,038738	1,472013
15,041516	1,467081
15,044294	1,453601
15,047072	1,452286
15,049849	1,466095
15,052627	1,490096
15,055405	1,507192
15,058183	1,501932
15,060960	1,487794
15,063738	1,478588
15,066516	1,488781
15,069294	1,511138
15,072071	1,530536
15,074849	1,528563
15,077627	1,523632
15,080405	1,526919
15,083182	1,545331
15,085960	1,569661
15,088738	1,586758
15,091516	1,590703
15,094293	1,581497
15,097071	1,580840
15,099849	1,594320
15,102627	1,622595
15,105404	1,642322
15,108182	1,647911
15,110960	1,637719
15,113738	1,636075
15,116515	1,649555
15,119293	1,673228
15,122071	1,688680
15,124849	1,688680
15,127626	1,675858
15,130404	1,672241
15,133182	1,682762
15,135960	1,703147
15,138737	1,723203
15,141515	1,725175
15,144293	1,720572
15,147071	1,733066
15,149848	1,769561
15,152626	1,813947
15,155404	1,849455
15,158182	1,861949
15,160959	1,861949
15,163737	1,871812
15,166515	1,900745
15,169293	1,935925
15,172070	1,958940
15,174848	1,958940
15,177626	1,946117
15,180404	1,936254
15,183181	1,930993
15,185959	1,929349
15,188737	1,922445
15,191515	1,898772
15,194292	1,862606
15,197070	1,831043
15,199848	1,807042
15,202626	1,789288
15,205403	1,763314
15,208181	1,715969
15,210959	1,654816
15,213737	1,590703
15,216514	1,544016
15,219292	1,512782
15,222070	1,485493
15,224848	1,441436
15,227625	1,404284
15,230403	1,378967
15,233181	1,384557
15,235959	1,407571
15,238736	1,424339
15,241514	1,424011
15,244292	1,410530
15,247070	1,404284
15,249847	1,410530
15,252625	1,430586
15,255403	1,440450
15,258181	1,437491
15,260958	1,420394
15,263736	1,413818
15,266514	1,418750
15,269292	1,439135
15,272069	1,451299
15,274847	1,447683
15,277625	1,433874
15,280403	1,428942
15,283180	1,439463
15,285958	1,456560
15,288736	1,472999
15,291514	1,467739
15,294291	1,454259
15,297069	1,445381
15,299847	1,458533
15,302625	1,472013
15,305402	1,484178
15,308180	1,478917
15,310958	1,462807
15,313736	1,454259
15,316513	1,460505
15,319291	1,479904
15,322069	1,495028
15,324847	1,494699
15,327624	1,478260
15,330402	1,472999
15,333180	1,479575
15,335958	1,496671
15,338735	1,508836
15,341513	1,502918
15,344291	1,486479
15,347069	1,479904
15,349846	1,487466
15,352624	1,505549
15,355402	1,520673
15,358180	1,512453
15,360957	1,498973
15,363735	1,490425
15,366513	1,499630
15,369291	1,515741
15,372068	1,529878
15,374846	1,521001
15,377624	1,504891
15,380402	1,496343
15,383179	1,504562
15,385957	1,521659
15,388735	1,534153
15,391513	1,528235
15,394290	1,513768
15,397068	1,504891
15,399846	1,510480
15,402624	1,528892
15,405401	1,539084
15,408179	1,535139
15,410957	1,517714
15,413735	1,510152
15,416512	1,518700
15,419290	1,539413
15,422068	1,550921
15,424846	1,545660
15,427623	1,529221
15,430401	1,518042
15,433179	1,526262
15,435957	1,540071
15,438734	1,553222
15,441512	1,551578
15,444290	1,541057
15,447068	1,531194
15,449845	1,538427
15,452623	1,555195
15,455401	1,569990
15,458179	1,563086
15,460956	1,545002
15,463734	1,536125
15,466512	1,541715
15,469290	1,561442
15,472067	1,574264
15,474845	1,569990
15,477623	1,551907
15,480401	1,545989
15,483178	1,551907
15,485956	1,569990
15,488734	1,581497
15,491512	1,575250
15,494289	1,556839
15,497067	1,549277
15,499845	1,555524
15,502623	1,572949
15,505400	1,587744
15,508178	1,582155
15,510956	1,568017
15,513734	1,558811
15,516511	1,569332
15,519289	1,585443
15,522067	1,599909
15,524845	1,591690
15,527622	1,575250
15,530400	1,565058
15,533178	1,569661
15,535956	1,587744
15,538733	1,600895
15,541511	1,595306
15,544289	1,581169
15,547067	1,573278
15,549844	1,576894
15,552622	1,593991
15,555400	1,604841
15,558178	1,598923
15,560955	1,582484
15,563733	1,577223
15,566511	1,588073
15,569289	1,629500
15,572066	1,682105
15,574844	1,722545
15,577622	1,759369
15,580400	1,794877
15,583177	1,830386
15,585955	1,866881
15,588733	1,894170
15,591511	1,900088
15,594288	1,892197
15,597066	1,885621
15,599844	1,891539
15,602622	1,900088
15,605399	1,898772
15,608177	1,872799
15,610955	1,830386
15,613733	1,790932
15,616510	1,762985
15,619288	1,743258
15,622066	1,714983
15,624844	1,670597
15,627621	1,616677
15,630399	1,581497
15,633177	1,568017
15,635955	1,569004
15,638732	1,571634
15,641510	1,558811
15,644288	1,540071
15,647066	1,529221
15,649843	1,533495
15,652621	1,549277
15,655399	1,562757
15,658177	1,557496
15,660954	1,541715
15,663732	1,534810
15,666510	1,542701
15,669288	1,558811
15,672065	1,571305
15,674843	1,567031
15,677621	1,551907
15,680399	1,546646
15,683176	1,552564
15,685954	1,570648
15,688732	1,584128
15,691510	1,579853
15,694287	1,564072
15,697065	1,543359
15,699843	1,523632
15,702621	1,506535
15,705398	1,500288
15,708176	1,510480
15,710954	1,572291
15,713732	1,739642
15,716509	2,009572
15,719287	2,368274
15,722065	2,783856
15,724843	3,158340
15,727620	3,194835
15,730398	3,196807
15,733176	3,198451
15,735954	3,197794
15,738731	3,195163
15,741509	3,153079
15,744287	2,777280
15,747065	2,174621
15,749842	1,606814
15,752620	1,213590
15,755398	1,019937
15,758176	0,984429
15,760953	1,037034
15,763731	1,135011
15,766509	1,244824
15,769287	1,346418
15,772064	1,417764
15,774842	1,450971
15,777620	1,448669
15,780398	1,437491
15,783175	1,444066
15,785953	1,461492
15,788731	1,477931
15,791509	1,477602
15,794286	1,467410
15,797064	1,459190
15,799842	1,471026
15,802620	1,486479
15,805397	1,502918
15,808175	1,500288
15,810953	1,485822
15,813731	1,481547
15,816508	1,494699
15,819286	1,520673
15,822064	1,537769
15,824842	1,545331
15,827619	1,540071
15,830397	1,542701
15,833175	1,554537
15,835953	1,576894
15,838730	1,595964
15,841508	1,601553
15,844286	1,593991
15,847064	1,594649
15,849841	1,609115
15,852619	1,634103
15,855397	1,655473
15,858175	1,660076
15,860952	1,651857
15,863730	1,646596
15,866508	1,656460
15,869286	1,676844
15,872063	1,692955
15,874841	1,692626
15,877619	1,684735
15,880397	1,681118
15,883174	1,692626
15,885952	1,712682
15,888730	1,734052
15,891508	1,744245
15,894285	1,753451
15,897063	1,774493
15,899841	1,809015
15,902619	1,846825
15,905396	1,874771
15,908174	1,885950
15,910952	1,889238
15,913730	1,902389
15,916507	1,925733
15,919285	1,950391
15,922063	1,964529
15,924841	1,957625
15,927618	1,938226
15,930396	1,918171
15,933174	1,907321
15,935952	1,906334
15,938729	1,902389
15,941507	1,875758
15,944285	1,831043
15,947063	1,787315
15,949840	1,754437
15,952618	1,730765
15,955396	1,702489
15,958174	1,645939
15,960951	1,577552
15,963729	1,520344
15,966507	1,482534
15,969285	1,460834
15,972062	1,441436
15,974840	1,419079
15,977618	1,389488
15,980396	1,382913
15,983173	1,392119
15,985951	1,415462
15,988729	1,432559
15,991507	1,433216
15,994284	1,417106
15,997062	1,407900
15,999840	1,415133
16,002618	1,431573
16,005395	1,450642
16,008173	1,446697
16,010951	1,435847
16,013729	1,426970
16,016506	1,437162
16,019284	1,449656
16,022062	1,465437
16,024840	1,459519
16,027617	1,445710
16,030395	1,436504
16,033173	1,443737
16,035951	1,463464
16,038728	1,479575
16,041506	1,475958
16,044284	1,458533
16,047062	1,451957
16,049839	1,454259
16,052617	1,472999
16,055395	1,485493
16,058173	1,483191
16,060951	1,466095
16,063728	1,461492
16,066506	1,467739
16,069284	1,489438
16,072062	1,500617
16,074839	1,494699
16,077617	1,479575
16,080395	1,471026
16,083172	1,478917
16,085950	1,492726
16,088728	1,507850
16,091506	1,500617
16,094283	1,487466
16,097061	1,476616
16,099839	1,486479
16,102617	1,504233
16,105394	1,519029
16,108172	1,514426
16,110950	1,496671
16,113728	1,486479
16,116505	1,493712
16,119283	1,512782
16,122061	1,526262
16,124839	1,527248
16,127616	1,508836
16,130394	1,502918
16,133172	1,506864
16,135950	1,523303
16,138727	1,535797
16,141505	1,533824
16,144283	1,519029
16,147061	1,511467
16,149838	1,517385
16,152616	1,534810
16,155394	1,548619
16,158172	1,544016
16,160949	1,530207
16,163727	1,519357
16,166505	1,525604
16,169283	1,539084
16,172061	1,555195
16,174838	1,550263
16,177616	1,536125
16,180394	1,527906
16,183172	1,533824
16,185949	1,550592
16,188727	1,565058
16,191505	1,562428
16,194282	1,546318
16,197060	1,540071
16,199838	1,540728
16,202616	1,554866
16,205393	1,566045
16,208171	1,564729
16,210949	1,547633
16,213727	1,541715
16,216504	1,548619
16,219282	1,566045
16,222060	1,578867
16,224838	1,572949
16,227615	1,558811
16,230393	1,551249
16,233171	1,557825
16,235949	1,573278
16,238726	1,586429
16,241504	1,581497
16,244282	1,568017
16,247060	1,557496
16,249837	1,563743
16,252615	1,579196
16,255393	1,593005
16,258171	1,589059
16,260948	1,573935
16,263726	1,564072
16,266504	1,570648
16,269282	1,588073
16,272059	1,598923
16,274837	1,596293
16,277615	1,581497
16,280393	1,574593
16,283171	1,580182
16,285948	1,594649
16,288726	1,605827
16,291504	1,600238
16,294282	1,583141
16,297059	1,573278
16,299837	1,579196
16,302615	1,593333
16,305392	1,607142
16,308170	1,603526
16,310948	1,591032
16,313726	1,597936
16,316503	1,639692
16,319281	1,702489
16,322059	1,766273
16,324837	1,806385
16,327614	1,825454
16,330392	1,840578
16,333170	1,859976
16,335948	1,884964
16,338725	1,906006
16,341503	1,909951
16,344281	1,896142
16,347059	1,883320
16,349836	1,880689
16,352614	1,881676
16,355392	1,872141
16,358170	1,840249
16,360947	1,788302
16,363725	1,740957
16,366503	1,711695
16,369281	1,691968
16,372058	1,669282
16,374836	1,632787
16,377614	1,589717
16,380392	1,561442
16,383169	1,552893
16,385947	1,557825
16,388725	1,566702
16,391503	1,561442
16,394281	1,545002
16,397058	1,536125
16,399836	1,540400
16,402614	1,557825
16,405392	1,570976
16,408169	1,567360
16,410947	1,553222
16,413725	1,546975
16,416502	1,552893
16,419280	1,569004
16,422058	1,579525
16,424836	1,570976
16,427613	1,553222
16,430391	1,544016
16,433169	1,552564
16,435947	1,569661
16,438724	1,585443
16,441502	1,576894
16,444280	1,544674
16,447058	1,501274
16,449835	1,479246
16,452613	1,483191
16,455391	1,539742
16,458169	1,652514
16,460946	1,844195
16,463724	2,150291
16,466502	2,527405
16,469280	2,940356
16,472057	3,192204
16,474835	3,197794
16,477613	3,199437
16,480391	3,199437
16,483168	3,197136
16,485946	3,188916
16,488724	3,046882
16,491502	2,554365
16,494279	1,934939
16,497057	1,404612
16,499835	1,091940
16,502613	0,981470
16,505390	1,018951
16,508168	1,104105
16,510946	1,194849
16,513724	1,278689
16,516502	1,358583
16,519279	1,424997
16,522057	1,465766
16,524835	1,471355
16,527613	1,456889
16,530390	1,447683
16,533168	1,452943
16,535946	1,469383
16,538723	1,485493
16,541501	1,487466
16,544279	1,475629
16,547057	1,472670
16,549834	1,480561
16,552612	1,498644
16,555390	1,511138
16,558168	1,511138
16,560945	1,497658
16,563723	1,494699
16,566501	1,506535
16,569279	1,531194
16,572056	1,555195
16,574834	1,560126
16,577612	1,555852
16,580390	1,552236
16,583167	1,566373
16,585945	1,591032
16,588723	1,613389
16,591501	1,616019
16,594278	1,614704
16,597056	1,611088
16,599834	1,625883
16,602612	1,648898
16,605389	1,670269
16,608167	1,671584
16,610945	1,661720
16,613723	1,658104
16,616501	1,669282
16,619278	1,691639
16,622056	1,709065
16,624834	1,710709
16,627612	1,699530
16,630389	1,694927
16,633167	1,706106
16,635945	1,735039
16,638723	1,768575
16,641500	1,791589
16,644278	1,802110
16,647056	1,816248
16,649833	1,840578
16,652611	1,871812
16,655389	1,903047
16,658167	1,920143
16,660944	1,922445
16,663722	1,926719
16,666500	1,939542
16,669278	1,954666
16,672055	1,966502
16,674833	1,955323
16,677611	1,928363
16,680389	1,899430
16,683166	1,884964
16,685944	1,877730
16,688722	1,866223
16,691500	1,830386
16,694277	1,782055
16,697055	1,737011
16,699833	1,699859
16,702611	1,670269
16,705388	1,633774
16,708166	1,582812
16,710944	1,518700
16,713722	1,466095
16,716499	1,432559
16,719277	1,421380
16,722055	1,419079
16,724833	1,408558
16,727610	1,394749
16,730388	1,390475
16,733166	1,401325
16,735944	1,421051
16,738722	1,440450
16,741499	1,434532
16,744277	1,420394
16,747055	1,409215
16,749833	1,417106
16,752610	1,433545
16,755388	1,448340
16,758166	1,441436
16,760943	1,427298
16,763721	1,418750
16,766499	1,424011
16,769277	1,446368
16,772054	1,458861
16,774832	1,459848
16,777610	1,443737
16,780388	1,439135
16,783165	1,442422
16,785943	1,462149
16,788721	1,473657
16,791499	1,472013
16,794276	1,457875
16,797054	1,447354
16,799832	1,453930
16,802610	1,468396
16,805387	1,483849
16,808165	1,480232
16,810943	1,466752
16,813721	1,456231
16,816498	1,466095
16,819276	1,478588
16,822054	1,492726
16,824832	1,488452
16,827609	1,474314
16,830387	1,466423
16,833165	1,475629
16,835943	1,494041
16,838720	1,509165
16,841498	1,509823
16,844276	1,492726
16,847054	1,483849
16,849832	1,486150
16,852609	1,502918
16,855387	1,516070
16,858165	1,517056
16,860943	1,502590
16,863720	1,495028
16,866498	1,499302
16,869276	1,514097
16,872053	1,528892
16,874831	1,524947
16,877609	1,510809
16,880387	1,500288
16,883164	1,508836
16,885942	1,524947
16,888720	1,540400
16,891498	1,537112
16,894275	1,522645
16,897053	1,511795
16,899831	1,518042
16,902609	1,535797
16,905386	1,552893
16,908164	1,547962
16,910942	1,531194
16,913720	1,518700
16,916497	1,518700
16,919275	1,536125
16,922053	1,548948
16,924831	1,548290
16,927608	1,534810
16,930386	1,528563
16,933164	1,534153
16,935942	1,551578
16,938719	1,565716
16,941497	1,563414
16,944275	1,548619
16,947053	1,536125
16,949830	1,542043
16,952608	1,558154
16,955386	1,573278
16,958164	1,567688
16,960942	1,552564
16,963719	1,537769
16,966497	1,546646
16,969275	1,562757
16,972053	1,576566
16,974830	1,572949
16,977608	1,560126
16,980386	1,549277
16,983163	1,554537
16,985941	1,571305
16,988719	1,582484
16,991497	1,580511
16,994274	1,566045
16,997052	1,558811
16,999830	1,562757
17,002608	1,576566
17,005385	1,590046
17,008163	1,588073
17,010941	1,570319
17,013719	1,561113
17,016496	1,567688
17,019274	1,582812
17,022052	1,599252
17,024830	1,596950
17,027607	1,580511
17,030385	1,570319
17,033163	1,576237
17,035941	1,590374
17,038718	1,604183
17,041496	1,599252
17,044274	1,584128
17,047052	1,575250
17,049829	1,582484
17,052607	1,599252
17,055385	1,614376
17,058163	1,611417
17,060940	1,617006
17,063718	1,645610
17,066496	1,696571
17,069274	1,765287
17,072052	1,822824
17,074829	1,850770
17,077607	1,854058
17,080385	1,859976
17,083163	1,875429
17,085940	1,900416
17,088718	1,918171
17,091496	1,913896
17,094273	1,890224
17,097051	1,869840
17,099829	1,858332
17,102607	1,847811
17,105384	1,830386
17,108162	1,792576
17,110940	1,740299
17,113718	1,691311
17,116495	1,657117
17,119273	1,637719
17,122051	1,620622
17,124829	1,595306
17,127606	1,562099
17,130384	1,538756
17,133162	1,535797
17,135940	1,549934
17,138717	1,559798
17,141495	1,556510
17,144273	1,544345
17,147051	1,533166
17,149828	1,539084
17,152606	1,555852
17,155384	1,570648
17,158162	1,567360
17,160939	1,551578
17,163717	1,539413
17,166495	1,544345
17,169273	1,560784
17,172050	1,574593
17,174828	1,569990
17,177606	1,553880
17,180384	1,542701
17,183162	1,549277
17,185939	1,563086
17,188717	1,565716
17,191495	1,540400
17,194273	1,493055
17,197050	1,461821
17,199828	1,476616
17,202606	1,559140
17,205383	1,733724
17,208161	1,978009
17,210939	2,299887
17,213717	2,692454
17,216494	3,088309
17,219272	3,194506
17,222050	3,198122
17,224828	3,198451
17,227605	3,197794
17,230383	3,193519
17,233161	3,169847
17,235939	2,860462
17,238716	2,289366
17,241494	1,702161
17,244272	1,245810
17,247050	1,006128
17,249827	0,960756
17,252605	1,037691
17,255383	1,160327
17,258161	1,260277
17,260938	1,328992
17,263716	1,382913
17,266494	1,423682
17,269272	1,459519
17,272049	1,477602
17,274827	1,473985
17,277605	1,455902
17,280383	1,449327
17,283160	1,455574
17,285938	1,476616
17,288716	1,494699
17,291494	1,496671
17,294272	1,487137
17,297049	1,479904
17,299827	1,486479
17,302605	1,501274
17,305383	1,520015
17,308160	1,519686
17,310938	1,513768
17,313716	1,507850
17,316493	1,524289
17,319271	1,550921
17,322049	1,574593
17,324827	1,579196
17,327604	1,570976
17,330382	1,570319
17,333160	1,586100
17,335938	1,607142
17,338715	1,627198
17,341493	1,632130
17,344271	1,620622
17,347049	1,620951
17,349826	1,633445
17,352604	1,657446
17,355382	1,675858
17,358160	1,679475
17,360937	1,667310
17,363715	1,662707
17,366493	1,672241
17,369271	1,692297
17,372048	1,713010
17,374826	1,715641
17,377604	1,704462
17,380382	1,702818
17,383159	1,724189
17,385937	1,763643
17,388715	1,809672
17,391493	1,833345
17,394270	1,840249
17,397048	1,845510
17,399826	1,867867
17,402604	1,899759
17,405382	1,933952
17,408159	1,947104
17,410937	1,941514
17,413715	1,935596
17,416493	1,941843
17,419270	1,955652
17,422048	1,959597
17,424826	1,939542
17,427604	1,905677
17,430381	1,876086
17,433159	1,856688
17,435937	1,844523
17,438714	1,825783
17,441492	1,785671
17,444270	1,731422
17,447048	1,678159
17,449825	1,633774
17,452603	1,598594
17,455381	1,561442
17,458159	1,508836
17,460936	1,457875
17,463714	1,413161
17,466492	1,396722
17,469270	1,399023
17,472047	1,412503
17,474825	1,413161
17,477603	1,404284
17,480381	1,397379
17,483158	1,404284
17,485936	1,423024
17,488714	1,434203
17,491492	1,432230
17,494269	1,416777
17,497047	1,411517
17,499825	1,415791
17,502603	1,434203
17,505380	1,449327
17,508158	1,451628
17,510936	1,436504
17,513714	1,425326
17,516491	1,429929
17,519269	1,444395
17,522047	1,462149
17,524825	1,462149
17,527603	1,450313
17,530380	1,440450
17,533158	1,450971
17,535936	1,466423
17,538714	1,483191
17,541491	1,478588
17,544269	1,465437
17,547047	1,451299
17,549824	1,456889
17,552602	1,472999
17,555380	1,490096
17,558158	1,489767
17,560935	1,474643
17,563713	1,467081
17,566491	1,471684
17,569269	1,489767
17,572046	1,502261
17,574824	1,500617
17,577602	1,483520
17,580380	1,478588
17,583157	1,482534
17,585935	1,499630
17,588713	1,515412
17,591491	1,514097
17,594268	1,500288
17,597046	1,488781
17,599824	1,493712
17,602602	1,509494
17,605379	1,528235
17,608157	1,522645
17,610935	1,511467
17,613713	1,497658
17,616490	1,502261
17,619268	1,515083
17,622046	1,531194
17,624824	1,526591
17,627601	1,515083
17,630379	1,504891
17,633157	1,509494
17,635935	1,527248
17,638713	1,540728
17,641490	1,539413
17,644268	1,521659
17,647046	1,512453
17,649824	1,515741
17,652601	1,532180
17,655379	1,544674
17,658157	1,545002
17,660934	1,531851
17,663712	1,523303
17,666490	1,530536
17,669268	1,544345
17,672045	1,556839
17,674823	1,552893
17,677601	1,539413
17,680379	1,529550
17,683156	1,538098
17,685934	1,551249
17,688712	1,565716
17,691490	1,559798
17,694267	1,545002
17,697045	1,532509
17,699823	1,536783
17,702601	1,552236
17,705378	1,570319
17,708156	1,571634
17,710934	1,557496
17,713712	1,548948
17,716489	1,551907
17,719267	1,569332
17,722045	1,584456
17,724823	1,584128
17,727600	1,568346
17,730378	1,556510
17,733156	1,557496
17,735934	1,572291
17,738711	1,588402
17,741489	1,584785
17,744267	1,571963
17,747045	1,560784
17,749823	1,566373
17,752600	1,581826
17,755378	1,596950
17,758156	1,592018
17,760934	1,578867
17,763711	1,565387
17,766489	1,569332
17,769267	1,584456
17,772044	1,600895
17,774822	1,599580
17,777600	1,584785
17,780378	1,573278
17,783155	1,575250
17,785933	1,593005
17,788711	1,605827
17,791489	1,602539
17,794266	1,587744
17,797044	1,577881
17,799822	1,578538
17,802600	1,595635
17,805377	1,620622
17,808155	1,650213
17,810933	1,681118
17,813711	1,718600
17,816488	1,770218
17,819266	1,825454
17,822044	1,866552
17,824822	1,885292
17,827599	1,882991
17,830377	1,880361
17,833155	1,889895
17,835933	1,906334
17,838710	1,915869
17,841488	1,906006
17,844266	1,875758
17,847044	1,842551
17,849821	1,821837
17,852599	1,805398
17,855377	1,782383
17,858155	1,746217
17,860933	1,690982
17,863710	1,641665
17,866488	1,613060
17,869266	1,600567
17,872044	1,593991
17,874821	1,580511
17,877599	1,555524
17,880377	1,539742
17,883154	1,541057
17,885932	1,552893
17,888710	1,566702
17,891488	1,562757
17,894265	1,545660
17,897043	1,532180
17,899821	1,535797
17,902599	1,550592
17,905376	1,568017
17,908154	1,568017
17,910932	1,554866
17,913710	1,547304
17,916487	1,552236
17,919265	1,568017
17,922043	1,579853
17,924821	1,575908
17,927598	1,558154
17,930376	1,547633
17,933154	1,547633
17,935932	1,551907
17,938709	1,541386
17,941487	1,510152
17,944265	1,480890
17,947043	1,504233
17,949820	1,606485
17,952598	1,818550
17,955376	2,132537
17,958154	2,490581
17,960931	2,877230
17,963709	3,185300
17,966487	3,195163
17,969265	3,196807
17,972043	3,198451
17,974820	3,197136
17,977598	3,191875
17,980376	3,080747
17,983154	2,628013
17,985931	2,029628
17,988709	1,496343
17,991487	1,141915
17,994264	0,976538
17,997042	0,975880
17,999820	1,067282
18,002598	1,190904
18,005375	1,302361
18,008153	1,376666
18,010931	1,412832
18,013709	1,431901
18,016486	1,445710
18,019264	1,460177
18,022042	1,474972
18,024820	1,472342
18,027597	1,456231
18,030375	1,445053
18,033153	1,456889
18,035931	1,477273
18,038708	1,498973
18,041486	1,501932
18,044264	1,489767
18,047042	1,476945
18,049819	1,482205
18,052597	1,499630
18,055375	1,521001
18,058153	1,529550
18,060930	1,520673
18,063708	1,522645
18,066486	1,537769
18,069264	1,562757
18,072041	1,584128
18,074819	1,591690
18,077597	1,583799
18,080375	1,584456
18,083153	1,595964
18,085930	1,619965
18,088708	1,643308
18,091486	1,648898
18,094264	1,643308
18,097041	1,640678
18,099819	1,649884
18,102597	1,666323
18,105374	1,685393
18,108152	1,685721
18,110930	1,676844
18,113708	1,667310
18,116485	1,677502
18,119263	1,698873
18,122041	1,721230
18,124819	1,725833
18,127596	1,720901
18,130374	1,728792
18,133152	1,759369
18,135930	1,806713
18,138707	1,850770
18,141485	1,869840
18,144263	1,871155
18,147041	1,873785
18,149818	1,895156
18,152596	1,927377
18,155374	1,956309
18,158152	1,962885
18,160929	1,949076
18,163707	1,937240
18,166485	1,932637
18,169263	1,934610
18,172040	1,931322
18,174818	1,909622
18,177596	1,874443
18,180374	1,839263
18,183151	1,810001
18,185929	1,791918
18,188707	1,771205
18,191485	1,728134
18,194263	1,670269
18,197040	1,606485
18,199818	1,558483
18,202596	1,523632
18,205374	1,496343
18,208151	1,461163
18,210929	1,417435
18,213707	1,389817
18,216484	1,387516
18,219262	1,406256
18,222040	1,426641
18,224818	1,430257
18,227595	1,413818
18,230373	1,405928
18,233151	1,410859
18,235929	1,428285
18,238706	1,445053
18,241484	1,444066
18,244262	1,428613
18,247040	1,417106
18,249817	1,422695
18,252595	1,439135
18,255373	1,455245
18,258151	1,451628
18,260928	1,441107
18,263706	1,429600
18,266484	1,436175
18,269262	1,449656
18,272039	1,467081
18,274817	1,464780
18,277595	1,452286
18,280373	1,441436
18,283150	1,444395
18,285928	1,465108
18,288706	1,480232
18,291484	1,480890
18,294261	1,466095
18,297039	1,456231
18,299817	1,456560
18,302595	1,472670
18,305372	1,486479
18,308150	1,487794
18,310928	1,474314
18,313706	1,466423
18,316484	1,473657
18,319261	1,491740
18,322039	1,507850
18,324817	1,503247
18,327594	1,491740
18,330372	1,478260
18,333150	1,487137
18,335928	1,499959
18,338705	1,518042
18,341483	1,514754
18,344261	1,501274
18,347039	1,489438
18,349816	1,496671
18,352594	1,511795
18,355372	1,524618
18,358150	1,522974
18,360927	1,504562
18,363705	1,495028
18,366483	1,501603
18,369261	1,519686
18,372038	1,533495
18,374816	1,535468
18,377594	1,519357
18,380372	1,508836
18,383149	1,512453
18,385927	1,526262
18,388705	1,539742
18,391483	1,539413
18,394260	1,525276
18,397038	1,516070
18,399816	1,521659
18,402594	1,535797
18,405371	1,552893
18,408149	1,551578
18,410927	1,538098
18,413705	1,526262
18,416482	1,530865
18,419260	1,542372
18,422038	1,558483
18,424816	1,556181
18,427594	1,544016
18,430371	1,531194
18,433149	1,533495
18,435927	1,550592
18,438705	1,566045
18,441482	1,565058
18,444260	1,546646
18,447038	1,536125
18,449815	1,538098
18,452593	1,555524
18,455371	1,572949
18,458149	1,572620
18,460926	1,559469
18,463704	1,548290
18,466482	1,554208
18,469260	1,570319
18,472037	1,584456
18,474815	1,576894
18,477593	1,561442
18,480371	1,548948
18,483148	1,554866
18,485926	1,570648
18,488704	1,586758
18,491482	1,586758
18,494259	1,575250
18,497037	1,562099
18,499815	1,565387
18,502593	1,579853
18,505370	1,593333
18,508148	1,592018
18,510926	1,576894
18,513704	1,565716
18,516481	1,568346
18,519259	1,583141
18,522037	1,596621
18,524815	1,595964
18,527592	1,579853
18,530370	1,569004
18,533148	1,573278
18,535926	1,588731
18,538704	1,605170
18,541481	1,606156
18,544259	1,592347
18,547037	1,579196
18,549815	1,584456
18,552592	1,615362
18,555370	1,666981
18,558148	1,714325
18,560925	1,752464
18,563703	1,785671
18,566481	1,820851
18,569259	1,856688
18,572036	1,885621
18,574814	1,894498
18,577592	1,889238
18,580370	1,882991
18,583147	1,885292
18,585925	1,892854
18,588703	1,896142
18,591481	1,877073
18,594258	1,840249
18,597036	1,800138
18,599814	1,766931
18,602592	1,745560
18,605369	1,724847
18,608147	1,685393
18,610925	1,632130
18,613703	1,589717
18,616480	1,572291
18,619258	1,573607
18,622036	1,579853
18,624814	1,566045
18,627591	1,546646
18,630369	1,528892
18,633147	1,526591
18,635925	1,540400
18,638702	1,556839
18,641480	1,558154
18,644258	1,544674
18,647036	1,537112
18,649814	1,539742
18,652591	1,557496
18,655369	1,571305
18,658147	1,569661
18,660925	1,555852
18,663702	1,546646
18,666480	1,549277
18,669258	1,563414
18,672035	1,577552
18,674813	1,574264
18,677591	1,560784
18,680369	1,537769
18,683146	1,524289
18,685924	1,510152
18,688702	1,501274
18,691480	1,500617
18,694257	1,544016
18,697035	1,678159
18,699813	1,912581
18,702591	2,258132
18,705368	2,669768
18,708146	3,062335
18,710924	3,193519
18,713702	3,196807
18,716479	3,198780
18,719257	3,199437
18,722035	3,196150
18,724813	3,183656
18,727590	2,923917
18,730368	2,359068
18,733146	1,770218
18,735924	1,310909
18,738701	1,062350
18,741479	0,983771
18,744257	1,017636
18,747035	1,109695
18,749812	1,219837
18,752590	1,321759
18,755368	1,403297
18,758146	1,440121
18,760924	1,445710
18,763701	1,440450
18,766479	1,446039
18,769257	1,463136
18,772035	1,481547
18,774812	1,481219
18,777590	1,469711
18,780368	1,462478
18,783145	1,467739
18,785923	1,489438
18,788701	1,506535
18,791479	1,507850
18,794256	1,492068
18,797034	1,484178
18,799812	1,491082
18,802590	1,516070
18,805367	1,538756
18,808145	1,549277
18,810923	1,544345
18,813701	1,541386
18,816478	1,551578
18,819256	1,570976
18,822034	1,593991
18,824812	1,600238
18,827589	1,596293
18,830367	1,592676
18,833145	1,606814
18,835923	1,629171
18,838700	1,653829
18,841478	1,660076
18,844256	1,656131
18,847034	1,647254
18,849811	1,655145
18,852589	1,672241
18,855367	1,692626
18,858145	1,700188
18,860922	1,689667
18,863700	1,683091
18,866478	1,689667
18,869256	1,708736
18,872034	1,730436
18,874811	1,742930
18,877589	1,748848
18,880367	1,768903
18,883145	1,799480
18,885922	1,838934
18,888700	1,871155
18,891478	1,884306
18,894255	1,884964
18,897033	1,894170
18,899811	1,915212
18,902589	1,942172
18,905366	1,963871
18,908144	1,966173
18,910922	1,951378
18,913700	1,929020
18,916477	1,915212
18,919255	1,908307
18,922033	1,901732
18,924811	1,878388
18,927588	1,839592
18,930366	1,795206
18,933144	1,765616
18,935922	1,745889
18,938699	1,716956
18,941477	1,668953
18,944255	1,599580
18,947033	1,539413
18,949810	1,493712
18,952588	1,474314
18,955366	1,455902
18,958144	1,430586
18,960921	1,400667
18,963699	1,386529
18,966477	1,393105
18,969255	1,411188
18,972032	1,433874
18,974810	1,431244
18,977588	1,420394
18,980366	1,409873
18,983144	1,416449
18,985921	1,431244
18,988699	1,448998
18,991477	1,449327
18,994255	1,437162
18,997032	1,423682
18,999810	1,427627
19,002588	1,444724
19,005365	1,457875
19,008143	1,457875
19,010921	1,441436
19,013699	1,431901
19,016476	1,434860
19,019254	1,453601
19,022032	1,466752
19,024810	1,469711
19,027587	1,453930
19,030365	1,443737
19,033143	1,447683
19,035921	1,464780
19,038698	1,482205
19,041476	1,481219
19,044254	1,469711
19,047032	1,458204
19,049809	1,465766
19,052587	1,476287
19,055365	1,495356
19,058143	1,493384
19,060920	1,479246
19,063698	1,465437
19,066476	1,471355
19,069254	1,484835
19,072031	1,503247
19,074809	1,503905
19,077587	1,489767
19,080365	1,483520
19,083142	1,487466
19,085920	1,506206
19,088698	1,522316
19,091476	1,521988
19,094254	1,501932
19,097031	1,488452
19,099809	1,489767
19,102587	1,507521
19,105365	1,522645
19,108142	1,522316
19,110920	1,508179
19,113698	1,500617
19,116475	1,503905
19,119253	1,517385
19,122031	1,534153
19,124809	1,531851
19,127586	1,520344
19,130364	1,506864
19,133142	1,515412
19,135920	1,529221
19,138697	1,546318
19,141475	1,542043
19,144253	1,530207
19,147031	1,518371
19,149808	1,520673
19,152586	1,533166
19,155364	1,546646
19,158142	1,545989
19,160919	1,533824
19,163697	1,523960
19,166475	1,525933
19,169253	1,544016
19,172030	1,557496
19,174808	1,558154
19,177586	1,542372
19,180364	1,532180
19,183141	1,532838
19,185919	1,547962
19,188697	1,562428
19,191475	1,562099
19,194252	1,550263
19,197030	1,537769
19,199808	1,544674
19,202586	1,559798
19,205363	1,577223
19,208141	1,574922
19,210919	1,561113
19,213697	1,547633
19,216475	1,551907
19,219252	1,565387
19,222030	1,580840
19,224808	1,582155
19,227585	1,566373
19,230363	1,552893
19,233141	1,556181
19,235919	1,574922
19,238696	1,591361
19,241474	1,593333
19,244252	1,576894
19,247030	1,564729
19,249807	1,567031
19,252585	1,580840
19,255363	1,595635
19,258141	1,595964
19,260918	1,580182
19,263696	1,571305
19,266474	1,575250
19,269252	1,589059
19,272029	1,606814
19,274807	1,604841
19,277585	1,589388
19,280363	1,575908
19,283140	1,579853
19,285918	1,592018
19,288696	1,609115
19,291474	1,608457
19,294251	1,594649
19,297029	1,590046
19,299807	1,620294
19,302585	1,679803
19,305362	1,741943
19,308140	1,789288
19,310918	1,816248
19,313696	1,831701
19,316473	1,851757
19,319251	1,878388
19,322029	1,902060
19,324807	1,910609
19,327585	1,900745
19,330362	1,887265
19,333140	1,881676
19,335918	1,886279
19,338696	1,884306
19,341473	1,856688
19,344251	1,808028
19,347029	1,758382
19,349806	1,725175
19,352584	1,701174
19,355362	1,680132
19,358140	1,646267
19,360917	1,603197
19,363695	1,571305
19,366473	1,561442
19,369251	1,564401
19,372028	1,569661
19,374806	1,565387
19,377584	1,546646
19,380362	1,530865
19,383139	1,533824
19,385917	1,550921
19,388695	1,567360
19,391473	1,569332
19,394250	1,555195
19,397028	1,541715
19,399806	1,543687
19,402584	1,556181
19,405361	1,572949
19,408139	1,574264
19,410917	1,561113
19,413695	1,548290
19,416472	1,550921
19,419250	1,565716
19,422028	1,583799
19,424806	1,584128
19,427583	1,552893
19,430361	1,513111
19,433139	1,481876
19,435917	1,479246
19,438695	1,525604
19,441472	1,616019
19,444250	1,787644
19,447028	2,057903
19,449806	2,412331
19,452583	2,832516
19,455361	3,184971
19,458139	3,196807
19,460916	3,198780
19,463694	3,199109
19,466472	3,197794
19,469250	3,193191
19,472027	3,136969
19,474805	2,731908
19,477583	2,115769
19,480361	1,541715
19,483138	1,158026
19,485916	0,996265
19,488694	1,000210
19,491472	1,076488
19,494249	1,167560
19,497027	1,255345
19,499805	1,338198
19,502583	1,412832
19,505360	1,461821
19,508138	1,475301
19,510916	1,463136
19,513694	1,448340
19,516471	1,447354
19,519249	1,462478
19,522027	1,480232
19,524805	1,485822
19,527582	1,475301
19,530360	1,469054
19,533138	1,479246
19,535916	1,499630
19,538693	1,517385
19,541471	1,517056
19,544249	1,507521
19,547027	1,497329
19,549805	1,508836
19,552582	1,531522
19,555360	1,556181
19,558138	1,564729
19,560916	1,561113
19,563693	1,555524
19,566471	1,565058
19,569249	1,586758
19,572026	1,610759
19,574804	1,621609
19,577582	1,614376
19,580360	1,608457
19,583137	1,616677
19,585915	1,640678
19,588693	1,664351
19,591471	1,670926
19,594248	1,661391
19,597026	1,655802
19,599804	1,663035
19,602582	1,684077
19,605359	1,703804
19,608137	1,707092
19,610915	1,694927
19,613693	1,687037
19,616470	1,695256
19,619248	1,716298
19,622026	1,750492
19,624804	1,776137
19,627581	1,791918
19,630359	1,806385
19,633137	1,831043
19,635915	1,862606
19,638692	1,898772
19,641470	1,916198
19,644248	1,922774
19,647026	1,926061
19,649803	1,935267
19,652581	1,950063
19,655359	1,966502
19,658137	1,959597
19,660915	1,932308
19,663692	1,899759
19,666470	1,883320
19,669248	1,879374
19,672026	1,871155
19,674803	1,842222
19,677581	1,794548
19,680359	1,744902
19,683136	1,706106
19,685914	1,677502
19,688692	1,645610
19,691470	1,596293
19,694247	1,534810
19,697025	1,475958
19,699803	1,441765
19,702581	1,422038
19,705358	1,419736
19,708136	1,409544
19,710914	1,397050
19,713692	1,386529
19,716469	1,396393
19,719247	1,417764
19,722025	1,438148
19,724803	1,441436
19,727580	1,424339
19,730358	1,410859
19,733136	1,415133
19,735914	1,434532
19,738691	1,449327
19,741469	1,452286
19,744247	1,435189
19,747025	1,425983
19,749802	1,428613
19,752580	1,446368
19,755358	1,462478
19,758136	1,465766
19,760913	1,451628
19,763691	1,439135
19,766469	1,443409
19,769247	1,456560
19,772025	1,478260
19,774802	1,478588
19,777580	1,462807
19,780358	1,447354
19,783136	1,452286
19,785913	1,467739
19,788691	1,488452
19,791469	1,489767
19,794246	1,476287
19,797024	1,462807
19,799802	1,463464
19,802580	1,479575
19,805357	1,496671
19,808135	1,501274
19,810913	1,487137
19,813691	1,474643
19,816468	1,471026
19,819246	1,488452
19,822024	1,504233
19,824802	1,507192
19,827579	1,493384
19,830357	1,482205
19,833135	1,484178
19,835913	1,498644
19,838690	1,512782
19,841468	1,511795
19,844246	1,499630
19,847024	1,486150
19,849801	1,493712
19,852579	1,510152
19,855357	1,527577
19,858135	1,526591
19,860912	1,512782
19,863690	1,499302
19,866468	1,505220
19,869246	1,520344
19,872023	1,534810
19,874801	1,532838
19,877579	1,517056
19,880357	1,505877
19,883134	1,509823
19,885912	1,528235
19,888690	1,543687
19,891468	1,547962
19,894246	1,531194
19,897023	1,520344
19,899801	1,521001
19,902579	1,535468
19,905356	1,548948
19,908134	1,550921
19,910912	1,539413
19,913690	1,527577
19,916467	1,531194
19,919245	1,545989
19,922023	1,564072
19,924801	1,561442
19,927578	1,546975
19,930356	1,532180
19,933134	1,535797
19,935912	1,549277
19,938689	1,567688
19,941467	1,567360
19,944245	1,550592
19,947023	1,540400
19,949800	1,541715
19,952578	1,559798
19,955356	1,576237
19,958134	1,577223
19,960911	1,563414
19,963689	1,553551
19,966467	1,554208
19,969245	1,570648
19,972022	1,586100
19,974800	1,586100
19,977578	1,570319
19,980356	1,556181
19,983133	1,558154
19,985911	1,574264
19,988689	1,588402
19,991467	1,586429
19,994244	1,572291
19,997022	1,559798
19,999800	1,562099
20,002578	1,578867
20,005356	1,595635
20,008133	1,593991
20,010911	1,579525
20,013689	1,564729
20,016466	1,567360
20,019244	1,583470
20,022022	1,602868
20,024800	1,604183
20,027577	1,590046
20,030355	1,578210
20,033133	1,578867
20,035911	1,593662
20,038688	1,608786
20,041466	1,609444
20,044244	1,611745
20,047022	1,634103
20,049799	1,683091
20,052577	1,748848
20,055355	1,811316
20,058133	1,846825
20,060910	1,854387
20,063688	1,855044
20,066466	1,870168
20,069244	1,896142
20,072021	1,919157
20,074799	1,920801
20,077577	1,901732
20,080355	1,873785
20,083132	1,856688
20,085910	1,846496
20,088688	1,831701
20,091466	1,798494
20,094243	1,748848
20,097021	1,701832
20,099799	1,666323
20,102577	1,641993
20,105354	1,622595
20,108132	1,597279
20,110910	1,563414
20,113688	1,539742
20,116466	1,534481
20,119243	1,545002
20,122021	1,561442
20,124799	1,559469
20,127576	1,542372
20,130354	1,529550
20,133132	1,533495
20,135910	1,548619
20,138687	1,565058
20,141465	1,563743
20,144243	1,553222
20,147021	1,540728
20,149798	1,542701
20,152576	1,557496
20,155354	1,573607
20,158132	1,575579
20,160909	1,561442
20,163687	1,549277
20,166465	1,549605
20,169243	1,563086
20,172020	1,570319
20,174798	1,550263
20,177576	1,505549
20,180354	1,468396
20,183131	1,467739
20,185909	1,538756
20,188687	1,690324
20,191465	1,910280
20,194242	2,219664
20,197020	2,591847
20,199798	2,989345
20,202576	3,194177
20,205353	3,196478
20,208131	3,196807
20,210909	3,197794
20,213687	3,195492
20,216464	3,184971
20,219242	2,976194
20,222020	2,453758
20,224798	1,852085
20,227576	1,341815
20,230353	1,043938
20,233131	0,949906
20,235909	1,005799
20,238687	1,122517
20,241464	1,230686
20,244242	1,307622
20,247020	1,363515
20,249797	1,411846
20,252575	1,451628
20,255353	1,473985
20,258131	1,473985
20,260908	1,456560
20,263686	1,445053
20,266464	1,455245
20,269242	1,473657
20,272019	1,498973
20,274797	1,501274
20,277575	1,491740
20,280353	1,480561
20,283130	1,483849
20,285908	1,497658
20,288686	1,521330
20,291464	1,527248
20,294241	1,516398
20,297019	1,508179
20,299797	1,515741
20,302575	1,540728
20,305352	1,566373
20,308130	1,577223
20,310908	1,568675
20,313686	1,566045
20,316463	1,577552
20,319241	1,601553
20,322019	1,625554
20,324797	1,635746
20,327574	1,628184
20,330352	1,624568
20,333130	1,637719
20,335908	1,660076
20,338686	1,681447
20,341463	1,682434
20,344241	1,669611
20,347019	1,660076
20,349797	1,668953
20,352574	1,687694
20,355352	1,708736
20,358130	1,712024
20,360907	1,705448
20,363685	1,700845
20,366463	1,716956
20,369241	1,754437
20,372018	1,799809
20,374796	1,830057
20,377574	1,837948
20,380352	1,842222
20,383129	1,859976
20,385907	1,892854
20,388685	1,927705
20,391463	1,943816
20,394240	1,942172
20,397018	1,936911
20,399796	1,941843
20,402574	1,956638
20,405351	1,964200
20,408129	1,950063
20,410907	1,913568
20,413685	1,877402
20,416462	1,855702
20,419240	1,844195
20,422018	1,829399
20,424796	1,795535
20,427573	1,746217
20,430351	1,691639
20,433129	1,649555
20,435907	1,609444
20,438684	1,573935
20,441462	1,526591
20,444240	1,470698
20,447018	1,423682
20,449796	1,401325
20,452573	1,403626
20,455351	1,415133
20,458129	1,417106
20,460907	1,403955
20,463684	1,399681
20,466462	1,406256
20,469240	1,425654
20,472017	1,441436
20,474795	1,444395
20,477573	1,426970
20,480351	1,415791
20,483128	1,421051
20,485906	1,436175
20,488684	1,454259
20,491462	1,453601
20,494239	1,443080
20,497017	1,428942
20,499795	1,431573
20,502573	1,444066
20,505350	1,463464
20,508128	1,463464
20,510906	1,452615
20,513684	1,440450
20,516461	1,443409
20,519239	1,460177
20,522017	1,478588
20,524795	1,479904
20,527572	1,464780
20,530350	1,452286
20,533128	1,451299
20,535906	1,471026
20,538683	1,485822
20,541461	1,487794
20,544239	1,474314
20,547017	1,463464
20,549794	1,464451
20,552572	1,481219
20,555350	1,497329
20,558128	1,501932
20,560906	1,491082
20,563683	1,476287
20,566461	1,482205
20,569239	1,494370
20,572017	1,508508
20,574794	1,507192
20,577572	1,495028
20,580350	1,482863
20,583127	1,490753
20,585905	1,504891
20,588683	1,522645
20,591461	1,523303
20,594238	1,509823
20,597016	1,498644
20,599794	1,502918
20,602572	1,518700
20,605349	1,534153
20,608127	1,537769
20,610905	1,521659
20,613683	1,512453
20,616460	1,511138
20,619238	1,526591
20,622016	1,539742
20,624794	1,541386
20,627571	1,527248
20,630349	1,515741
20,633127	1,518042
20,635905	1,532838
20,638682	1,551578
20,641460	1,551249
20,644238	1,539413
20,647016	1,527248
20,649793	1,529221
20,652571	1,540400
20,655349	1,556839
20,658127	1,555195
20,660904	1,544345
20,663682	1,531194
20,666460	1,531851
20,669238	1,545989
20,672015	1,562757
20,674793	1,563414
20,677571	1,548948
20,680349	1,539084
20,683127	1,539084
20,685904	1,555852
20,688682	1,569332
20,691460	1,571963
20,694237	1,558483
20,697015	1,545660
20,699793	1,546318
20,702571	1,559469
20,705348	1,573935
20,708126	1,573935
20,710904	1,560784
20,713682	1,547633
20,716459	1,551907
20,719237	1,567031
20,722015	1,583799
20,724793	1,583799
20,727570	1,571634
20,730348	1,557825
20,733126	1,561113
20,735904	1,574593
20,738681	1,590703
20,741459	1,592347
20,744237	1,575250
20,747015	1,559798
20,749792	1,562757
20,752570	1,580511
20,755348	1,598594
20,758126	1,600895
20,760903	1,585443
20,763681	1,571305
20,766459	1,570976
20,769237	1,583141
20,772014	1,597608
20,774792	1,601882
20,777570	1,589059
20,780348	1,578538
20,783125	1,581169
20,785903	1,594977
20,788681	1,617663
20,791459	1,644624
20,794237	1,673556
20,797014	1,708736
20,799792	1,761013
20,802570	1,815262
20,805347	1,858990
20,808125	1,877073
20,810903	1,876086
20,813681	1,872799
20,816458	1,880361
20,819236	1,898115
20,822014	1,913568
20,824792	1,907978
20,827569	1,881018
20,830347	1,849784
20,833125	1,825454
20,835903	1,807042
20,838680	1,787973
20,841458	1,751807
20,844236	1,698215
20,847014	1,647583
20,849791	1,615362
20,852569	1,601224
20,855347	1,596950
20,858125	1,581826
20,860902	1,556510
20,863680	1,534810
20,866458	1,535139
20,869236	1,548948
20,872013	1,563086
20,874791	1,560455
20,877569	1,545989
20,880347	1,536454
20,883124	1,540728
20,885902	1,557167
20,888680	1,572620
20,891458	1,571634
20,894235	1,555852
20,897013	1,542701
20,899791	1,545989
20,902569	1,562757
20,905347	1,578210
20,908124	1,579853
20,910902	1,568017
20,913680	1,555524
20,916457	1,556510
20,919235	1,555195
20,922013	1,546646
20,924791	1,516398
20,927568	1,481876
20,930346	1,485493
20,933124	1,567360
20,935902	1,757067
20,938679	2,041793
20,941457	2,389316
20,944235	2,781225
20,947013	3,147490
20,949790	3,196150
20,952568	3,197794
20,955346	3,199437
20,958124	3,197465
20,960901	3,192862
20,963679	3,144531
20,966457	2,765773
20,969235	2,177251
20,972012	1,619636
20,974790	1,211946
20,977568	0,999881
20,980346	0,963715
20,983123	1,040322
20,985901	1,159012
20,988679	1,280990
20,991457	1,361213
20,994234	1,406256
20,997012	1,427298
20,999790	1,444724
21,002568	1,462807
21,005345	1,480232
21,008123	1,478260
21,010901	1,464122
21,013679	1,452943
21,016457	1,455245
21,019234	1,472670
21,022012	1,492397
21,024790	1,497000
21,027567	1,486479
21,030345	1,477273
21,033123	1,480890
21,035901	1,503576
21,038678	1,525933
21,041456	1,534481
21,044234	1,525604
21,047012	1,519686
21,049789	1,531194
21,052567	1,555524
21,055345	1,577881
21,058123	1,585771
21,060900	1,582155
21,063678	1,577881
21,066456	1,589388
21,069234	1,612732
21,072011	1,639363
21,074789	1,647911
21,077567	1,644295
21,080345	1,636733
21,083122	1,645281
21,085900	1,661720
21,088678	1,683091
21,091456	1,689996
21,094233	1,681447
21,097011	1,672899
21,099789	1,678159
21,102567	1,696571
21,105344	1,716298
21,108122	1,721559
21,110900	1,713339
21,113678	1,720901
21,116455	1,750492
21,119233	1,795206
21,122011	1,837948
21,124789	1,858003
21,127567	1,859976
21,130344	1,863264
21,133122	1,879046
21,135900	1,912910
21,138677	1,946775
21,141455	1,958282
21,144233	1,946117
21,147011	1,930336
21,149788	1,926061
21,152566	1,927377
21,155344	1,928034
21,158122	1,911266
21,160899	1,879703
21,163677	1,843208
21,166455	1,819207
21,169233	1,802768
21,172010	1,781726
21,174788	1,741286
21,177566	1,679146
21,180344	1,617663
21,183121	1,565716
21,185899	1,534810
21,188677	1,506535
21,191455	1,471355
21,194232	1,423024
21,197010	1,386858
21,199788	1,376995
21,202566	1,390475
21,205343	1,410859
21,208121	1,418750
21,210899	1,413818
21,213677	1,404941
21,216454	1,409873
21,219232	1,423024
21,222010	1,441765
21,224788	1,439792
21,227565	1,429600
21,230343	1,413161
21,233121	1,415791
21,235899	1,429271
21,238677	1,449327
21,241454	1,454587
21,244232	1,441765
21,247010	1,430915
21,249788	1,433874
21,252565	1,452286
21,255343	1,467081
21,258121	1,473657
21,260898	1,457546
21,263676	1,447025
21,266454	1,446368
21,269232	1,461492
21,272009	1,473657
21,274787	1,477273
21,277565	1,463464
21,280343	1,450642
21,283120	1,455245
21,285898	1,466423
21,288676	1,483520
21,291454	1,483849
21,294231	1,472999
21,297009	1,460177
21,299787	1,466095
21,302565	1,479246
21,305342	1,500288
21,308120	1,502918
21,310898	1,489109
21,313676	1,477602
21,316453	1,481876
21,319231	1,496343
21,322009	1,512124
21,324787	1,513439
21,327564	1,497000
21,330342	1,485822
21,333120	1,485164
21,335898	1,501274
21,338675	1,519029
21,341453	1,522974
21,344231	1,509823
21,347009	1,498973
21,349787	1,502261
21,352564	1,517056
21,355342	1,532180
21,358120	1,531851
21,360898	1,518042
21,363675	1,504562
21,366453	1,507850
21,369231	1,522974
21,372008	1,541386
21,374786	1,541386
21,377564	1,530536
21,380342	1,516727
21,383119	1,517385
21,385897	1,530865
21,388675	1,548619
21,391453	1,551249
21,394230	1,536783
21,397008	1,524289
21,399786	1,526591
21,402564	1,544345
21,405341	1,558811
21,408119	1,562757
21,410897	1,546975
21,413675	1,534153
21,416452	1,536125
21,419230	1,551249
21,422008	1,564401
21,424786	1,565387
21,427563	1,549605
21,430341	1,538427
21,433119	1,542043
21,435897	1,557167
21,438674	1,576894
21,441452	1,577881
21,444230	1,565387
21,447008	1,552236
21,449785	1,556510
21,452563	1,567031
21,455341	1,582484
21,458119	1,580511
21,460896	1,564401
21,463674	1,551578
21,466452	1,553222
21,469230	1,569661
21,472008	1,584456
21,474785	1,585443
21,477563	1,570976
21,480341	1,560126
21,483118	1,559140
21,485896	1,572620
21,488674	1,588402
21,491452	1,592676
21,494229	1,577223
21,497007	1,566702
21,499785	1,567360
21,502563	1,579853
21,505340	1,598923
21,508118	1,601882
21,510896	1,587087
21,513674	1,572291
21,516451	1,574593
21,519229	1,588731
21,522007	1,606814
21,524785	1,605170
21,527562	1,592018
21,530340	1,577223
21,533118	1,578210
21,535896	1,608129
21,538673	1,656460
21,541451	1,704791
21,544229	1,742601
21,547007	1,775479
21,549784	1,811645
21,552562	1,852085
21,555340	1,882991
21,558118	1,899101
21,560895	1,894827
21,563673	1,887594
21,566451	1,887923
21,569229	1,899101
21,572007	1,906334
21,574784	1,893841
21,577562	1,857017
21,580340	1,813289
21,583118	1,781068
21,585895	1,761013
21,588673	1,743587
21,591451	1,708736
21,594228	1,656789
21,597006	1,609444
21,599784	1,583470
21,602562	1,577223
21,605339	1,579853
21,608117	1,571634
21,610895	1,551578
21,613673	1,537112
21,616450	1,536454
21,619228	1,549277
21,622006	1,565058
21,624784	1,566702
21,627561	1,552893
21,630339	1,539413
21,633117	1,541715
21,635895	1,553222
21,638672	1,569332
21,641450	1,570976
21,644228	1,555524
21,647006	1,542372
21,649783	1,545002
21,652561	1,562757
21,655339	1,585114
21,658117	1,588731
21,660894	1,572291
21,663672	1,552893
21,666450	1,533824
21,669228	1,518700
21,672005	1,507192
21,674783	1,498315
21,677561	1,529550
21,680339	1,637062
21,683116	1,846167
21,685894	2,175279
21,688672	2,566201
21,691450	2,967974
21,694228	3,193191
21,697005	3,196150
21,699783	3,197794
21,702561	3,197794
21,705338	3,196478
21,708116	3,188588
21,710894	3,024196
21,713672	2,517213
21,716449	1,914883
21,719227	1,412174
21,722005	1,113969
21,724783	0,992977
21,727560	1,004484
21,730338	1,081748
21,733116	1,190575
21,735894	1,302690
21,738671	1,391132
21,741449	1,441107
21,744227	1,453601
21,747005	1,448998
21,749782	1,449984
21,752560	1,465108
21,755338	1,480232
21,758116	1,482534
21,760893	1,470040
21,763671	1,462149
21,766449	1,467410
21,769227	1,490425
21,772004	1,510809
21,774782	1,516398
21,777560	1,502261
21,780338	1,488123
21,783115	1,494041
21,785893	1,510480
21,788671	1,534153
21,791449	1,541715
21,794226	1,537769
21,797004	1,535797
21,799782	1,551249
21,802560	1,571634
21,805338	1,596621
21,808115	1,606814
21,810893	1,600567
21,813671	1,595635
21,816448	1,606814
21,819226	1,627198
21,822004	1,652514
21,824782	1,663035
21,827559	1,655473
21,830337	1,650213
21,833115	1,654816
21,835893	1,673556
21,838670	1,692626
21,841448	1,698544
21,844226	1,688680
21,847004	1,682762
21,849781	1,689009
21,852559	1,705448
21,855337	1,727148
21,858115	1,739313
21,860892	1,743587
21,863670	1,760684
21,866448	1,792904
21,869226	1,831701
21,872003	1,867867
21,874781	1,887923
21,877559	1,888580
21,880337	1,894498
21,883114	1,912253
21,885892	1,937240
21,888670	1,960912
21,891448	1,964529
21,894225	1,951378
21,897003	1,930336
21,899781	1,918828
21,902559	1,917184
21,905336	1,912581
21,908114	1,891210
21,910892	1,848469
21,913670	1,803097
21,916448	1,769561
21,919225	1,750492
21,922003	1,724189
21,924781	1,683420
21,927558	1,619965
21,930336	1,555195
21,933114	1,511467
21,935892	1,481219
21,938669	1,462807
21,941447	1,435847
21,944225	1,406914
21,947003	1,388173
21,949780	1,392447
21,952558	1,407243
21,955336	1,428613
21,958114	1,431244
21,960891	1,418421
21,963669	1,407243
21,966447	1,409873
21,969225	1,424011
21,972002	1,438806
21,974780	1,442094
21,977558	1,427298
21,980336	1,417106
21,983113	1,420394
21,985891	1,440450
21,988669	1,456889
21,991447	1,459848
21,994224	1,442751
21,997002	1,429600
21,999780	1,430586
22,002558	1,444724
22,005335	1,463464
22,008113	1,464780
22,010891	1,452615
22,013669	1,444395
22,016446	1,448012
22,019224	1,464122
22,022002	1,484835
22,024780	1,483849
22,027558	1,473328
22,030335	1,457875
22,033113	1,459848
22,035891	1,475301
22,038668	1,490753
22,041446	1,491411
22,044224	1,478917
22,047002	1,469711
22,049779	1,469054
22,052557	1,487466
22,055335	1,499630
22,058113	1,501932
22,060890	1,485164
22,063668	1,473328
22,066446	1,474643
22,069224	1,491740
22,072001	1,508508
22,074779	1,509823
22,077557	1,499959
22,080335	1,486479
22,083112	1,489109
22,085890	1,499959
22,088668	1,517385
22,091446	1,518700
22,094223	1,506535
22,097001	1,491740
22,099779	1,496671
22,102557	1,511467
22,105334	1,528563
22,108112	1,529550
22,110890	1,516070
22,113668	1,502261
22,116445	1,504562
22,119223	1,521330
22,122001	1,536454
22,124779	1,540400
22,127556	1,524289
22,130334	1,515083
22,133112	1,515083
22,135890	1,531194
22,138667	1,548948
22,141445	1,551578
22,144223	1,536454
22,147001	1,523303
22,149779	1,525933
22,152556	1,540400
22,155334	1,558483
22,158112	1,560784
22,160889	1,545002
22,163667	1,530536
22,166445	1,534153
22,169223	1,547962
22,172000	1,566373
22,174778	1,564401
22,177556	1,551907
22,180334	1,539742
22,183111	1,542701
22,185889	1,556181
22,188667	1,573935
22,191445	1,576237
22,194222	1,560126
22,197000	1,546975
22,199778	1,545660
22,202556	1,563086
22,205333	1,580511
22,208111	1,583141
22,210889	1,568346
22,213667	1,557167
22,216444	1,555852
22,219222	1,571305
22,222000	1,587744
22,224778	1,588731
22,227555	1,577881
22,230333	1,564072
22,233111	1,565058
22,235889	1,576894
22,238666	1,592676
22,241444	1,592347
22,244222	1,577881
22,247000	1,564401
22,249778	1,567688
22,252555	1,582484
22,255333	1,599580
22,258111	1,602211
22,260889	1,587744
22,263666	1,575250
22,266444	1,576237
22,269222	1,593662
22,271999	1,608457
22,274777	1,610759
22,277555	1,595964
22,280333	1,587415
22,283110	1,612403
22,285888	1,665994
22,288666	1,727806
22,291444	1,778438
22,294221	1,806056
22,296999	1,822495
22,299777	1,844852
22,302555	1,872799
22,305332	1,902060
22,308110	1,913568
22,310888	1,903375
22,313666	1,890553
22,316443	1,883977
22,319221	1,884635
22,321999	1,884635
22,324777	1,862935
22,327554	1,816906
22,330332	1,770547
22,333110	1,732737
22,335888	1,707092
22,338665	1,684406
22,341443	1,649227
22,344221	1,603855
22,346999	1,569661
22,349776	1,553551
22,352554	1,553551
22,355332	1,562099
22,358110	1,558483
22,360887	1,543359
22,363665	1,528892
22,366443	1,531194
22,369221	1,545331
22,371999	1,562099
22,374776	1,564729
22,377554	1,552236
22,380332	1,540071
22,383109	1,541715
22,385887	1,557825
22,388665	1,575579
22,391443	1,577223
22,394220	1,562099
22,396998	1,545660
22,399776	1,545989
22,402554	1,561113
22,405331	1,576237
22,408109	1,579196
22,410887	1,553880
22,413665	1,519029
22,416442	1,488781
22,419220	1,484507
22,421998	1,509165
22,424776	1,575250
22,427553	1,726162
22,430331	1,963871
22,433109	2,300874
22,435887	2,716455
22,438664	3,118557
22,441442	3,194835
22,444220	3,197465
22,446998	3,197465
22,449775	3,197794
22,452553	3,194177
22,455331	3,174121
22,458109	2,863750
22,460886	2,271612
22,463664	1,679146
22,466442	1,239564
22,469220	1,022567
22,471997	0,985744
22,474775	1,047884
22,477553	1,136326
22,480331	1,229043
22,483109	1,317156
22,485886	1,395406
22,488664	1,450313
22,491442	1,469383
22,494219	1,458861
22,496997	1,446039
22,499775	1,450971
22,502553	1,466752
22,505330	1,484507
22,508108	1,490096
22,510886	1,480232
22,513664	1,471026
22,516441	1,479904
22,519219	1,495685
22,521997	1,517056
22,524775	1,516398
22,527552	1,506864
22,530330	1,497000
22,533108	1,505220
22,535886	1,524618
22,538663	1,547304
22,541441	1,558154
22,544219	1,552236
22,546997	1,550592
22,549774	1,555852
22,552552	1,580840
22,555330	1,604512
22,558108	1,614704
22,560885	1,608457
22,563663	1,605827
22,566441	1,615033
22,569219	1,641993
22,571996	1,667310
22,574774	1,673556
22,577552	1,666981
22,580330	1,659419
22,583107	1,665337
22,585885	1,684077
22,588663	1,703804
22,591441	1,706435
22,594219	1,696571
22,596996	1,683749
22,599774	1,690324
22,602552	1,711038
22,605329	1,744902
22,608107	1,770876
22,610885	1,788959
22,613663	1,804083
22,616440	1,829071
22,619218	1,858332
22,621996	1,888580
22,624774	1,906334
22,627551	1,911595
22,630329	1,912910
22,633107	1,927377
22,635885	1,946775
22,638662	1,964200
22,641440	1,964529
22,644218	1,941514
22,646996	1,911595
22,649773	1,893512
22,652551	1,887594
22,655329	1,879703
22,658107	1,850441
22,660884	1,801782
22,663662	1,751478
22,666440	1,716956
22,669218	1,689996
22,671995	1,659419
22,674773	1,609115
22,677551	1,543030
22,680329	1,483191
22,683106	1,447025
22,685884	1,429600
22,688662	1,427627
22,691440	1,420065
22,694217	1,402968
22,696995	1,393763
22,699773	1,395406
22,702551	1,414805
22,705329	1,435189
22,708106	1,440121
22,710884	1,424668
22,713662	1,415133
22,716439	1,416449
22,719217	1,434532
22,721995	1,452286
22,724773	1,453272
22,727550	1,440121
22,730328	1,424997
22,733106	1,428285
22,735884	1,440778
22,738661	1,456231
22,741439	1,455902
22,744217	1,445710
22,746995	1,432888
22,749772	1,438148
22,752550	1,451957
22,755328	1,470698
22,758106	1,473328
22,760883	1,462149
22,763661	1,448998
22,766439	1,448998
22,769217	1,465437
22,771994	1,478588
22,774772	1,479904
22,777550	1,464780
22,780328	1,452943
22,783105	1,456889
22,785883	1,476945
22,788661	1,493712
22,791439	1,499630
22,794216	1,487794
22,796994	1,474314
22,799772	1,474314
22,802550	1,487466
22,805327	1,506864
22,808105	1,509165
22,810883	1,498644
22,813661	1,482534
22,816439	1,488123
22,819216	1,500946
22,821994	1,519029
22,824772	1,521330
22,827549	1,506535
22,830327	1,490425
22,833105	1,491411
22,835883	1,503247
22,838660	1,522645
22,841438	1,527577
22,844216	1,514426
22,846994	1,500288
22,849771	1,500288
22,852549	1,517714
22,855327	1,533824
22,858105	1,538756
22,860882	1,520015
22,863660	1,508179
22,866438	1,507850
22,869216	1,521330
22,871993	1,539742
22,874771	1,544016
22,877549	1,531194
22,880327	1,518700
22,883104	1,519686
22,885882	1,535468
22,888660	1,553222
22,891438	1,549934
22,894215	1,536125
22,896993	1,520344
22,899771	1,521001
22,902549	1,534481
22,905326	1,554208
22,908104	1,559469
22,910882	1,548619
22,913660	1,535797
22,916437	1,534481
22,919215	1,549934
22,921993	1,564072
22,924771	1,565716
22,927549	1,551249
22,930326	1,538756
22,933104	1,537769
22,935882	1,554537
22,938659	1,570648
22,941437	1,573935
22,944215	1,561113
22,946993	1,547304
22,949770	1,550921
22,952548	1,565387
22,955326	1,581826
22,958104	1,582155
22,960881	1,568675
22,963659	1,553880
22,966437	1,559140
22,969215	1,575579
22,971992	1,593005
22,974770	1,593991
22,977548	1,581826
22,980326	1,569990
22,983103	1,569661
22,985881	1,580182
22,988659	1,594977
22,991437	1,597936
22,994214	1,581169
22,996992	1,569332
22,999770	1,568017
23,002548	1,584128
23,005325	1,602868
23,008103	1,606156
23,010881	1,590703
23,013659	1,574264
23,016436	1,572949
23,019214	1,585771
23,021992	1,603526
23,024770	1,605498
23,027547	1,600567
23,030325	1,619965
23,033103	1,667310
23,035881	1,731751
23,038659	1,799480
23,041436	1,839263
23,044214	1,851428
23,046992	1,855373
23,049770	1,870497
23,052547	1,893841
23,055325	1,915869
23,058103	1,918828
23,060880	1,900088
23,063658	1,877730
23,066436	1,863264
23,069214	1,857675
23,071991	1,848469
23,074769	1,817234
23,077547	1,765944
23,080325	1,718600
23,083102	1,679803
23,085880	1,654816
23,088658	1,636733
23,091436	1,608457
23,094213	1,574593
23,096991	1,545989
23,099769	1,537440
23,102547	1,546975
23,105324	1,563414
23,108102	1,563414
23,110880	1,548290
23,113658	1,536125
23,116435	1,538427
23,119213	1,553551
23,121991	1,569332
23,124769	1,571634
23,127546	1,559140
23,130324	1,545002
23,133102	1,545660
23,135880	1,559798
23,138657	1,574593
23,141435	1,577552
23,144213	1,563414
23,146991	1,549277
23,149769	1,549605
23,152546	1,563414
23,155324	1,577552
23,158102	1,563743
23,160880	1,521659
23,163657	1,479575
23,166435	1,468725
23,169213	1,517056
23,171990	1,636404
23,174768	1,831372
23,177546	2,116427
23,180324	2,465594
23,183101	2,872627
23,185879	3,187273
23,188657	3,195492
23,191435	3,197136
23,194212	3,198780
23,196990	3,196478
23,199768	3,192204
23,202546	3,087322
23,205323	2,639849
23,208101	2,030943
23,210879	1,473985
23,213657	1,115941
23,216434	0,972264
23,219212	0,994292
23,221990	1,099174
23,224768	1,206685
23,227545	1,292498
23,230323	1,353322
23,233101	1,404941
23,235879	1,444395
23,238656	1,470698
23,241434	1,471026
23,244212	1,458204
23,246990	1,443080
23,249767	1,447354
23,252545	1,469054
23,255323	1,493055
23,258101	1,497000
23,260879	1,487137
23,263656	1,478588
23,266434	1,480232
23,269212	1,495685
23,271990	1,513111
23,274767	1,521330
23,277545	1,513439
23,280323	1,508836
23,283100	1,515083
23,285878	1,543030
23,288656	1,569004
23,291434	1,579853
23,294211	1,572949
23,296989	1,566373
23,299767	1,575579
23,302545	1,596621
23,305322	1,621280
23,308100	1,629171
23,310878	1,627527
23,313656	1,621280
23,316433	1,635089
23,319211	1,656789
23,321989	1,680790
23,324767	1,685393
23,327544	1,674543
23,330322	1,661391
23,333100	1,665994
23,335878	1,684735
23,338655	1,708407
23,341433	1,716956
23,344211	1,707750
23,346989	1,703147
23,349766	1,713339
23,352544	1,745560
23,355322	1,788302
23,358100	1,821180
23,360877	1,831043
23,363655	1,837948
23,366433	1,853729
23,369211	1,884964
23,371988	1,919157
23,374766	1,937898
23,377544	1,938884
23,380322	1,935267
23,383100	1,940199
23,385877	1,953022
23,388655	1,962556
23,391433	1,951378
23,394210	1,915212
23,396988	1,879046
23,399766	1,858661
23,402544	1,847154
23,405321	1,834989
23,408099	1,805398
23,410877	1,757396
23,413655	1,704791
23,416432	1,658761
23,419210	1,623253
23,421988	1,584785
23,424766	1,543687
23,427543	1,486150
23,430321	1,440450
23,433099	1,410202
23,435877	1,408229
23,438654	1,414476
23,441432	1,416777
23,444210	1,407571
23,446988	1,399352
23,449765	1,404284
23,452543	1,418092
23,455321	1,435189
23,458099	1,434860
23,460876	1,424339
23,463654	1,408229
23,466432	1,415133
23,469210	1,431244
23,471987	1,450313
23,474765	1,452943
23,477543	1,440450
23,480321	1,425654
23,483098	1,428285
23,485876	1,441107
23,488654	1,457218
23,491432	1,464122
23,494210	1,449656
23,496987	1,438806
23,499765	1,439135
23,502543	1,457218
23,505320	1,474314
23,508098	1,480232
23,510876	1,464451
23,513654	1,453272
23,516431	1,453272
23,519209	1,467081
23,521987	1,484178
23,524765	1,487794
23,527542	1,475958
23,530320	1,460505
23,533098	1,463793
23,535876	1,473657
23,538653	1,495028
23,541431	1,494041
23,544209	1,485164
23,546987	1,474643
23,549764	1,478260
23,552542	1,488452
23,555320	1,505220
23,558098	1,506864
23,560875	1,493712
23,563653	1,484835
23,566431	1,486479
23,569209	1,502918
23,571986	1,517714
23,574764	1,518042
23,577542	1,501603
23,580320	1,491082
23,583097	1,493384
23,585875	1,511795
23,588653	1,528235
23,591431	1,530536
23,594208	1,519357
23,596986	1,506206
23,599764	1,508179
23,602542	1,518700
23,605320	1,536125
23,608097	1,536783
23,610875	1,523632
23,613653	1,509494
23,616430	1,513439
23,619208	1,529550
23,621986	1,548948
23,624764	1,548948
23,627541	1,536454
23,630319	1,521001
23,633097	1,521001
23,635875	1,537112
23,638652	1,552236
23,641430	1,556181
23,644208	1,542372
23,646986	1,531194
23,649763	1,531851
23,652541	1,550263
23,655319	1,564401
23,658097	1,567688
23,660874	1,549605
23,663652	1,537769
23,666430	1,541715
23,669208	1,556839
23,671985	1,574264
23,674763	1,574922
23,677541	1,560784
23,680319	1,544674
23,683096	1,548948
23,685874	1,560126
23,688652	1,575908
23,691430	1,578538
23,694207	1,568017
23,696985	1,557167
23,699763	1,558811
23,702541	1,568017
23,705318	1,583470
23,708096	1,586758
23,710874	1,572291
23,713652	1,561442
23,716430	1,562428
23,719207	1,577223
23,721985	1,594977
23,724763	1,595635
23,727540	1,578210
23,730318	1,566702
23,733096	1,568675
23,735874	1,586100
23,738651	1,603197
23,741429	1,601553
23,744207	1,587087
23,746985	1,573607
23,749762	1,574922
23,752540	1,590374
23,755318	1,607142
23,758096	1,607142
23,760873	1,593662
23,763651	1,580511
23,766429	1,581497
23,769207	1,597279
23,771984	1,617335
23,774762	1,638705
23,777540	1,661720
23,780318	1,692955
23,783095	1,741943
23,785873	1,796850
23,788651	1,847811
23,791429	1,873785
23,794206	1,873785
23,796984	1,870168
23,799762	1,878388
23,802540	1,897786
23,805317	1,915540
23,808095	1,913239
23,810873	1,890224
23,813651	1,861949
23,816428	1,836961
23,819206	1,820522
23,821984	1,800138
23,824762	1,764629
23,827540	1,713997
23,830317	1,662049
23,833095	1,626541
23,835873	1,609115
23,838650	1,600895
23,841428	1,586758
23,844206	1,562428
23,846984	1,539742
23,849761	1,535797
23,852539	1,544016
23,855317	1,558483
23,858095	1,560784
23,860872	1,544016
23,863650	1,532509
23,866428	1,535468
23,869206	1,550592
23,871983	1,568675
23,874761	1,570976
23,877539	1,556181
23,880317	1,545989
23,883094	1,548619
23,885872	1,560455
23,888650	1,577223
23,891428	1,578538
23,894205	1,566045
23,896983	1,553880
23,899761	1,553880
23,902539	1,556510
23,905316	1,550263
23,908094	1,520673
23,910872	1,482863
23,913650	1,472013
23,916427	1,532180
23,919205	1,694927
23,921983	1,943816
23,924761	2,276873
23,927538	2,657603
23,930316	3,039320
23,933094	3,193519
23,935872	3,197465
23,938649	3,199766
23,941427	3,200095
23,944205	3,195821
23,946983	3,181026
23,949760	2,921287
23,952538	2,370247
23,955316	1,786658
23,958094	1,314855
23,960871	1,041965
23,963649	0,952537
23,966427	1,008101
23,969205	1,126463
23,971982	1,249098
23,974760	1,337870
23,977538	1,389817
23,980316	1,414147
23,983093	1,433874
23,985871	1,454916
23,988649	1,469711
23,991427	1,476945
23,994204	1,466423
23,996982	1,456560
23,999760	1,462478
24,002538	1,481219
24,005315	1,500288
24,008093	1,507521
24,010871	1,494370
24,013649	1,482863
24,016426	1,484835
24,019204	1,501603
24,021982	1,523960
24,024760	1,530207
24,027537	1,521330
24,030315	1,513111
24,033093	1,526919
24,035871	1,547962
24,038648	1,572291
24,041426	1,581497
24,044204	1,577223
24,046982	1,574593
24,049759	1,586100
24,052537	1,608457
24,055315	1,634760
24,058093	1,644624
24,060871	1,636404
24,063648	1,633445
24,066426	1,641007
24,069204	1,662049
24,071981	1,685064
24,074759	1,690324
24,077537	1,679475
24,080315	1,670926
24,083092	1,674214
24,085870	1,693941
24,088648	1,718600
24,091426	1,723860
24,094203	1,717285
24,096981	1,718600
24,099759	1,741943
24,102537	1,785014
24,105314	1,829728
24,108092	1,854387
24,110870	1,858661
24,113648	1,861620
24,116425	1,879374
24,119203	1,912253
24,121981	1,948747
24,124759	1,962228
24,127536	1,952364
24,130314	1,935267
24,133092	1,931980
24,135870	1,937240
24,138647	1,938555
24,141425	1,923102
24,144203	1,889895
24,146981	1,853072
24,149758	1,829071
24,152536	1,811316
24,155314	1,791918
24,158092	1,758382
24,160869	1,698873
24,163647	1,635746
24,166425	1,586429
24,169203	1,550592
24,171981	1,521988
24,174758	1,483191
24,177536	1,434532
24,180314	1,393105
24,183091	1,384228
24,185869	1,390475
24,188647	1,411846
24,191425	1,417435
24,194202	1,412174
24,196980	1,400338
24,199758	1,404612
24,202536	1,415791
24,205313	1,433545
24,208091	1,439463
24,210869	1,429271
24,213647	1,419079
24,216424	1,417764
24,219202	1,432888
24,221980	1,447683
24,224758	1,454259
24,227535	1,438477
24,230313	1,429929
24,233091	1,430915
24,235869	1,448998
24,238646	1,466423
24,241424	1,469054
24,244202	1,456889
24,246980	1,443737
24,249757	1,445710
24,252535	1,457546
24,255313	1,477273
24,258091	1,475629
24,260868	1,466752
24,263646	1,451299
24,266424	1,454587
24,269202	1,469054
24,271979	1,486808
24,274757	1,488123
24,277535	1,474643
24,280313	1,459848
24,283091	1,460177
24,285868	1,476616
24,288646	1,493384
24,291424	1,497658
24,294201	1,484507
24,296979	1,474643
24,299757	1,473328
24,302535	1,491411
24,305312	1,506535
24,308090	1,513439
24,310868	1,501274
24,313646	1,489109
24,316423	1,488781
24,319201	1,500946
24,321979	1,517056
24,324757	1,519029
24,327534	1,508508
24,330312	1,495356
24,333090	1,499959
24,335868	1,512453
24,338645	1,530536
24,341423	1,531194
24,344201	1,518042
24,346979	1,503905
24,349756	1,507521
24,352534	1,520673
24,355312	1,537440
24,358090	1,542043
24,360867	1,527248
24,363645	1,514426
24,366423	1,515412
24,369201	1,530536
24,371978	1,548619
24,374756	1,553551
24,377534	1,535797
24,380312	1,523632
24,383089	1,524947
24,385867	1,541057
24,388645	1,559798
24,391423	1,566045
24,394201	1,552893
24,396978	1,538098
24,399756	1,537440
24,402534	1,545989
24,405311	1,564072
24,408089	1,564401
24,410867	1,551249
24,413645	1,539742
24,416422	1,540400
24,419200	1,554866
24,421978	1,574922
24,424756	1,577881
24,427533	1,563743
24,430311	1,548948
24,433089	1,550592
24,435867	1,565387
24,438644	1,580511
24,441422	1,582812
24,444200	1,568346
24,446978	1,555524
24,449755	1,551907
24,452533	1,567360
24,455311	1,582155
24,458089	1,586100
24,460866	1,573278
24,463644	1,561770
24,466422	1,564072
24,469200	1,578538
24,471977	1,593991
24,474755	1,594649
24,477533	1,581826
24,480311	1,563743
24,483088	1,564401
24,485866	1,578867
24,488644	1,595306
24,491422	1,597936
24,494199	1,585771
24,496977	1,571963
24,499755	1,574264
24,502533	1,586100
24,505311	1,601224
24,508088	1,605170
24,510866	1,592347
24,513644	1,580840
24,516421	1,583141
24,519199	1,604512
24,521977	1,649884
24,524755	1,697558
24,527532	1,730765
24,530310	1,766273
24,533088	1,805727
24,535866	1,845838
24,538643	1,879703
24,541421	1,894827
24,544199	1,890553
24,546977	1,885292
24,549754	1,889238
24,552532	1,899101
24,555310	1,906006
24,558088	1,894170
24,560865	1,858661
24,563643	1,819207
24,566421	1,787973
24,569199	1,765944
24,571976	1,747204
24,574754	1,711695
24,577532	1,660734
24,580310	1,614704
24,583087	1,587087
24,585865	1,579853
24,588643	1,580182
24,591421	1,568017
24,594198	1,545331
24,596976	1,530865
24,599754	1,530207
24,602532	1,541715
24,605309	1,557825
24,608087	1,558811
24,610865	1,545660
24,613643	1,533166
24,616421	1,533166
24,619198	1,547633
24,621976	1,566045
24,624754	1,568346
24,627531	1,555852
24,630309	1,540728
24,633087	1,542701
24,635865	1,559798
24,638642	1,577223
24,641420	1,578210
24,644198	1,563743
24,646976	1,548290
24,649753	1,531851
24,652531	1,518700
24,655309	1,505549
24,658087	1,489109
24,660864	1,505549
24,663642	1,583799
24,666420	1,766602
24,669198	2,066452
24,671975	2,434360
24,674753	2,846325
24,677531	3,182012
24,680309	3,196150
24,683086	3,198451
24,685864	3,199437
24,688642	3,197465
24,691420	3,192204
24,694197	3,119214
24,696975	2,695084
24,699753	2,092754
24,702531	1,546646
24,705308	1,181698
24,708086	1,009745
24,710864	0,980812
24,713642	1,046897
24,716419	1,154738
24,719197	1,269483
24,721975	1,364501
24,724753	1,426312
24,727531	1,441765
24,730308	1,444066
24,733086	1,448012
24,735864	1,462149
24,738641	1,478588
24,741419	1,478260
24,744197	1,466095
24,746975	1,457546
24,749752	1,463793
24,752530	1,481219
24,755308	1,504562
24,758086	1,509494
24,760863	1,498315
24,763641	1,482205
24,766419	1,487794
24,769197	1,507850
24,771974	1,534810
24,774752	1,543359
24,777530	1,539084
24,780308	1,535139
24,783085	1,543359
24,785863	1,568675
24,788641	1,591032
24,791419	1,602868
24,794196	1,596293
24,796974	1,592347
24,799752	1,597279
24,802530	1,623910
24,805307	1,648240
24,808085	1,660734
24,810863	1,654816
24,813641	1,648898
24,816418	1,653501
24,819196	1,671584
24,821974	1,691968
24,824752	1,697558
24,827529	1,689338
24,830307	1,677173
24,833085	1,684735
24,835863	1,702489
24,838640	1,725175
24,841418	1,732409
24,844196	1,737011
24,846974	1,747861
24,849751	1,780740
24,852529	1,822824
24,855307	1,861949
24,858085	1,881018
24,860862	1,882991
24,863640	1,886608
24,866418	1,904691
24,869196	1,931651
24,871973	1,956309
24,874751	1,960584
24,877529	1,946775
24,880307	1,929020
24,883084	1,920143
24,885862	1,919815
24,888640	1,917842
24,891418	1,902389
24,894195	1,862278
24,896973	1,817234
24,899751	1,781726
24,902529	1,757067
24,905306	1,736025
24,908084	1,694270
24,910862	1,631143
24,913640	1,565387
24,916417	1,520015
24,919195	1,489438
24,921973	1,472999
24,924751	1,444395
24,927528	1,409215
24,930306	1,386858
24,933084	1,385214
24,935862	1,403955
24,938639	1,426312
24,941417	1,433545
24,944195	1,420394
24,946973	1,411846
24,949750	1,415791
24,952528	1,432230
24,955306	1,446039
24,958084	1,448998
24,960862	1,433874
24,963639	1,421380
24,966417	1,421709
24,969195	1,435189
24,971972	1,454587
24,974750	1,456231
24,977528	1,446697
24,980306	1,430586
24,983083	1,434203
24,985861	1,450313
24,988639	1,468725
24,991417	1,471684
24,994194	1,460834
24,996972	1,445381
24,999750	1,449984
25,002528	1,465766
25,005305	1,483520
25,008083	1,487466
25,010861	1,472999
25,013639	1,462807
25,016416	1,463136
25,019194	1,478260
25,021972	1,492726
25,024750	1,498973
25,027527	1,480890
25,030305	1,471026
25,033083	1,472013
25,035861	1,487466
25,038638	1,504891
25,041416	1,509165
25,044194	1,495685
25,046972	1,478260
25,049749	1,479904
25,052527	1,490753
25,055305	1,510480
25,058083	1,514754
25,060860	1,502261
25,063638	1,485822
25,066416	1,489767
25,069194	1,503905
25,071972	1,523632
25,074749	1,526919
25,077527	1,511467
25,080305	1,499302
25,083082	1,499959
25,085860	1,514754
25,088638	1,532838
25,091416	1,536125
25,094193	1,521988
25,096971	1,509165
25,099749	1,507850
25,102527	1,525933
25,105304	1,545002
25,108082	1,548948
25,110860	1,533824
25,113638	1,520673
25,116415	1,520015
25,119193	1,533166
25,121971	1,552236
25,124749	1,553880
25,127526	1,540728
25,130304	1,526262
25,133082	1,531194
25,135860	1,543687
25,138637	1,559798
25,141415	1,559140
25,144193	1,545002
25,146971	1,529878
25,149748	1,533495
25,152526	1,548290
25,155304	1,563743
25,158082	1,568346
25,160859	1,554866
25,163637	1,541057
25,166415	1,539413
25,169193	1,555524
25,171970	1,569332
25,174748	1,575250
25,177526	1,559469
25,180304	1,545002
25,183082	1,546646
25,185859	1,562428
25,188637	1,577552
25,191415	1,581497
25,194192	1,570976
25,196970	1,557496
25,199748	1,560784
25,202526	1,570319
25,205303	1,586429
25,208081	1,588073
25,210859	1,573278
25,213637	1,560784
25,216414	1,562757
25,219192	1,576237
25,221970	1,593005
25,224748	1,595635
25,227525	1,581497
25,230303	1,569661
25,233081	1,568017
25,235859	1,579853
25,238636	1,596950
25,241414	1,601224
25,244192	1,585443
25,246970	1,572949
25,249747	1,572620
25,252525	1,587415
25,255303	1,606814
25,258081	1,611417
25,260858	1,596293
25,263636	1,581826
25,266414	1,600238
25,269192	1,650542
25,271969	1,716956
25,274747	1,768246
25,277525	1,796850
25,280303	1,818550
25,283080	1,842551
25,285858	1,871484
25,288636	1,899430
25,291414	1,912581
25,294192	1,904691
25,296969	1,891539
25,299747	1,887265
25,302525	1,890882
25,305302	1,889895
25,308080	1,867867
25,310858	1,824139
25,313636	1,776465
25,316413	1,740957
25,319191	1,719257
25,321969	1,698873
25,324747	1,663693
25,327524	1,617992
25,330302	1,578538
25,333080	1,560784
25,335858	1,560784
25,338635	1,568675
25,341413	1,568346
25,344191	1,553222
25,346969	1,535468
25,349746	1,536125
25,352524	1,550592
25,355302	1,566045
25,358080	1,567688
25,360857	1,553222
25,363635	1,537769
25,366413	1,537112
25,369191	1,551249
25,371968	1,569004
25,374746	1,574264
25,377524	1,560126
25,380302	1,548948
25,383079	1,547962
25,385857	1,561442
25,388635	1,576237
25,391413	1,577552
25,394190	1,557167
25,396968	1,524947
25,399746	1,497329
25,402524	1,484835
25,405302	1,497658
25,408079	1,552564
25,410857	1,674214
25,413635	1,879703
25,416412	2,203883
25,419190	2,598751
25,421968	3,012689
25,424746	3,194506
25,427523	3,196807
25,430301	3,197136
25,433079	3,197465
25,435857	3,194835
25,438634	3,186615
25,441412	2,996250
25,444190	2,460333
25,446968	1,846496
25,449745	1,346089
25,452523	1,069254
25,455301	0,986730
25,458079	1,026184
25,460856	1,112654
25,463634	1,208001
25,466412	1,300060
25,469190	1,381269
25,471967	1,444066
25,474745	1,467739
25,477523	1,463136
25,480301	1,447354
25,483078	1,448669
25,485856	1,463136
25,488634	1,483849
25,491412	1,489109
25,494189	1,481876
25,496967	1,470369
25,499745	1,474972
25,502523	1,493055
25,505300	1,507850
25,508078	1,511138
25,510856	1,501932
25,513634	1,493055
25,516412	1,497658
25,519189	1,519029
25,521967	1,541715
25,524745	1,557825
25,527522	1,553222
25,530300	1,547304
25,533078	1,553880
25,535856	1,576894
25,538633	1,605498
25,541411	1,618321
25,544189	1,613060
25,546967	1,605498
25,549744	1,612732
25,552522	1,634103
25,555300	1,662707
25,558078	1,671584
25,560855	1,665337
25,563633	1,655473
25,566411	1,659419
25,569189	1,676187
25,571966	1,698544
25,574744	1,705448
25,577522	1,695256
25,580300	1,687037
25,583077	1,692626
25,585855	1,713339
25,588633	1,741286
25,591411	1,765944
25,594188	1,781726
25,596966	1,799809
25,599744	1,822824
25,602522	1,854058
25,605299	1,886608
25,608077	1,905677
25,610855	1,910937
25,613633	1,915212
25,616410	1,925404
25,619188	1,945131
25,621966	1,962885
25,624744	1,964200
25,627522	1,942172
25,630299	1,914225
25,633077	1,891868
25,635855	1,885621
25,638632	1,882005
25,641410	1,859976
25,644188	1,815919
25,646966	1,766931
25,649743	1,731751
25,652521	1,702818
25,655299	1,671913
25,658077	1,623581
25,660854	1,557825
25,663632	1,497987
25,666410	1,457218
25,669188	1,442422
25,671965	1,430257
25,674743	1,419079
25,677521	1,399352
25,680299	1,387187
25,683076	1,391461
25,685854	1,410530
25,688632	1,432230
25,691410	1,435847
25,694187	1,426312
25,696965	1,409544
25,699743	1,412503
25,702521	1,425326
25,705298	1,445053
25,708076	1,447683
25,710854	1,436504
25,713632	1,424011
25,716409	1,429271
25,719187	1,442094
25,721965	1,461163
25,724743	1,463793
25,727520	1,447683
25,730298	1,433545
25,733076	1,434203
25,735854	1,450971
25,738631	1,466423
25,741409	1,471684
25,744187	1,457218
25,746965	1,448340
25,749742	1,450313
25,752520	1,467410
25,755298	1,481876
25,758076	1,486479
25,760853	1,470698
25,763631	1,457546
25,766409	1,459190
25,769187	1,473985
25,771964	1,495356
25,774742	1,499959
25,777520	1,489109
25,780298	1,473985
25,783075	1,472342
25,785853	1,483849
25,788631	1,501932
25,791409	1,502918
25,794186	1,489109
25,796964	1,475629
25,799742	1,479575
25,802520	1,498644
25,805297	1,520015
25,808075	1,523303
25,810853	1,508508
25,813631	1,497658
25,816408	1,496014
25,819186	1,512782
25,821964	1,526262
25,824742	1,529878
25,827519	1,515741
25,830297	1,504562
25,833075	1,503576
25,835853	1,519357
25,838630	1,537769
25,841408	1,541386
25,844186	1,527577
25,846964	1,511467
25,849741	1,512453
25,852519	1,524618
25,855297	1,543687
25,858075	1,546318
25,860852	1,538098
25,863630	1,520673
25,866408	1,521330
25,869186	1,535139
25,871963	1,552236
25,874741	1,555195
25,877519	1,541386
25,880297	1,528563
25,883074	1,528563
25,885852	1,543687
25,888630	1,559469
25,891408	1,566702
25,894185	1,551249
25,896963	1,536783
25,899741	1,535468
25,902519	1,550592
25,905296	1,569661
25,908074	1,574264
25,910852	1,555852
25,913630	1,540400
25,916407	1,538756
25,919185	1,552236
25,921963	1,573278
25,924741	1,577881
25,927518	1,566045
25,930296	1,550921
25,933074	1,550592
25,935852	1,561113
25,938629	1,579525
25,941407	1,580840
25,944185	1,568675
25,946963	1,555195
25,949740	1,554866
25,952518	1,567688
25,955296	1,584456
25,958074	1,585443
25,960851	1,571634
25,963629	1,561113
25,966407	1,560455
25,969185	1,577552
25,971963	1,594977
25,974740	1,597936
25,977518	1,582155
25,980296	1,569004
25,983073	1,567360
25,985851	1,582484
25,988629	1,601882
25,991407	1,604183
25,994184	1,591361
25,996962	1,577223
25,999740	1,577881
26,002518	1,589059
26,005295	1,604841
26,008073	1,605498
26,010851	1,598265
26,013629	1,609115
26,016406	1,651528
26,019184	1,713668
26,021962	1,785342
26,024740	1,833674
26,027517	1,852743
26,030295	1,857675
26,033073	1,869840
26,035851	1,890553
26,038628	1,915540
26,041406	1,920472
26,044184	1,904033
26,046962	1,882005
26,049739	1,864908
26,052517	1,859976
26,055295	1,852085
26,058073	1,824468
26,060850	1,777123
26,063628	1,726819
26,066406	1,688352
26,069184	1,661720
26,071961	1,644295
26,074739	1,618650
26,077517	1,581497
26,080295	1,552564
26,083073	1,542372
26,085850	1,550592
26,088628	1,566702
26,091406	1,568346
26,094183	1,545989
26,096961	1,529878
26,099739	1,527577
26,102517	1,542043
26,105294	1,559469
26,108072	1,565387
26,110850	1,551249
26,113628	1,537769
26,116405	1,537112
26,119183	1,551578
26,121961	1,573607
26,124739	1,578867
26,127516	1,565058
26,130294	1,549605
26,133072	1,547633
26,135850	1,559798
26,138627	1,577881
26,141405	1,566373
26,144183	1,526919
26,146961	1,484178
26,149738	1,466095
26,152516	1,498973
26,155294	1,592347
26,158072	1,771205
26,160849	2,022395
26,163627	2,349862
26,166405	2,756567
26,169183	3,152750
26,171960	3,194506
26,174738	3,196807
26,177516	3,197465
26,180294	3,197136
26,183071	3,193519
26,185849	3,155381
26,188627	2,797665
26,191405	2,203883
26,194183	1,616019
26,196960	1,189260
26,199738	0,990018
26,202516	0,974894
26,205293	1,064980
26,208071	1,175780
26,210849	1,265866
26,213627	1,330636
26,216404	1,389817
26,219182	1,435518
26,221960	1,468067
26,224738	1,475301
26,227515	1,461163
26,230293	1,445381
26,233071	1,446039
26,235849	1,463464
26,238626	1,485822
26,241404	1,495685
26,244182	1,484507
26,246960	1,477273
26,249737	1,479904
26,252515	1,494041
26,255293	1,512453
26,258071	1,520015
26,260848	1,509165
26,263626	1,503576
26,266404	1,513111
26,269182	1,531194
26,271959	1,560126
26,274737	1,572949
26,277515	1,567688
26,280293	1,558483
26,283070	1,568017
26,285848	1,588731
26,288626	1,617006
26,291404	1,629500
26,294181	1,625554
26,296959	1,618979
26,299737	1,628184
26,302515	1,651199
26,305292	1,672241
26,308070	1,681118
26,310848	1,671913
26,313626	1,664679
26,316403	1,667967
26,319181	1,687037
26,321959	1,704791
26,324737	1,713010
26,327514	1,703147
26,330292	1,696571
26,333070	1,705120
26,335848	1,740299
26,338625	1,783041
26,341403	1,819207
26,344181	1,831043
26,346959	1,836633
26,349736	1,849126
26,352514	1,879046
26,355292	1,911595
26,358070	1,933623
26,360847	1,933952
26,363625	1,930993
26,366403	1,936254
26,369181	1,950720
26,371958	1,963871
26,374736	1,953350
26,377514	1,919486
26,380292	1,883648
26,383069	1,863922
26,385847	1,856688
26,388625	1,847482
26,391403	1,818550
26,394180	1,768246
26,396958	1,717285
26,399736	1,672570
26,402514	1,635418
26,405291	1,599909
26,408069	1,554537
26,410847	1,493384
26,413625	1,440450
26,416402	1,410859
26,419180	1,401982
26,421958	1,411846
26,424736	1,415791
26,427513	1,407571
26,430291	1,394420
26,433069	1,399681
26,435847	1,412174
26,438624	1,433545
26,441402	1,437491
26,444180	1,424668
26,446958	1,410202
26,449735	1,410530
26,452513	1,427627
26,455291	1,443737
26,458069	1,450313
26,460846	1,436504
26,463624	1,426970
26,466402	1,425983
26,469180	1,439792
26,471957	1,455574
26,474735	1,460505
26,477513	1,446697
26,480291	1,437819
26,483068	1,440450
26,485846	1,456560
26,488624	1,476616
26,491402	1,478588
26,494179	1,465437
26,496957	1,448340
26,499735	1,448012
26,502513	1,459519
26,505290	1,479904
26,508068	1,482205
26,510846	1,470698
26,513624	1,454259
26,516401	1,455574
26,519179	1,472013
26,521957	1,492726
26,524735	1,497987
26,527513	1,486150
26,530290	1,474314
26,533068	1,474972
26,535846	1,491740
26,538623	1,505877
26,541401	1,510152
26,544179	1,495685
26,546957	1,483191
26,549734	1,483191
26,552512	1,501932
26,555290	1,518371
26,558068	1,522316
26,560845	1,508508
26,563623	1,492068
26,566401	1,495028
26,569179	1,507521
26,571956	1,527577
26,574734	1,528563
26,577512	1,516398
26,580290	1,498644
26,583067	1,502261
26,585845	1,514754
26,588623	1,532838
26,591401	1,536125
26,594178	1,522645
26,596956	1,507192
26,599734	1,507192
26,602512	1,521988
26,605289	1,539084
26,608067	1,545002
26,610845	1,530865
26,613623	1,521988
26,616400	1,521001
26,619178	1,536783
26,621956	1,549605
26,624734	1,556510
26,627511	1,542043
26,630289	1,528235
26,633067	1,529550
26,635845	1,543687
26,638622	1,564072
26,641400	1,566045
26,644178	1,555524
26,646956	1,540400
26,649733	1,540728
26,652511	1,552893
26,655289	1,569332
26,658067	1,570648
26,660844	1,557825
26,663622	1,543030
26,666400	1,544016
26,669178	1,561113
26,671955	1,578867
26,674733	1,583470
26,677511	1,569990
26,680289	1,554208
26,683066	1,549934
26,685844	1,565387
26,688622	1,581826
26,691400	1,586758
26,694177	1,575250
26,696955	1,560455
26,699733	1,558154
26,702511	1,571305
26,705288	1,589059
26,708066	1,594320
26,710844	1,583141
26,713622	1,569004
26,716399	1,569990
26,719177	1,580182
26,721955	1,595306
26,724733	1,595964
26,727510	1,581169
26,730288	1,565716
26,733066	1,567688
26,735844	1,581169
26,738621	1,600567
26,741399	1,603526
26,744177	1,588402
26,746955	1,573935
26,749732	1,574593
26,752510	1,587744
26,755288	1,605498
26,758066	1,621938
26,760843	1,642322
26,763621	1,676515
26,766399	1,727477
26,769177	1,787315
26,771954	1,841564
26,774732	1,872470
26,777510	1,874114
26,780288	1,870168
26,783065	1,878717
26,785843	1,897457
26,788621	1,916198
26,791399	1,913896
26,794176	1,890224
26,796954	1,859319
26,799732	1,835646
26,802510	1,820193
26,805287	1,804083
26,808065	1,771205
26,810843	1,720572
26,813621	1,668625
26,816398	1,632459
26,819176	1,615033
26,821954	1,608457
26,824732	1,592018
26,827509	1,565387
26,830287	1,542701
26,833065	1,534481
26,835843	1,546646
26,838620	1,562099
26,841398	1,564729
26,844176	1,551578
26,846954	1,538098
26,849731	1,537769
26,852509	1,554866
26,855287	1,574264
26,858065	1,576566
26,860842	1,565387
26,863620	1,549934
26,866398	1,548948
26,869176	1,561442
26,871954	1,576237
26,874731	1,579853
26,877509	1,568346
26,880287	1,554537
26,883064	1,553222
26,885842	1,562757
26,888620	1,557167
26,891398	1,530207
26,894175	1,489767
26,896953	1,466423
26,899731	1,513768
26,902509	1,646925
26,905286	1,869511
26,908064	2,188101
26,910842	2,546146
26,913620	2,929835
26,916397	3,189574
26,919175	3,196150
26,921953	3,198780
26,924731	3,199109
26,927508	3,196150
26,930286	3,189574
26,933064	3,026826
26,935842	2,534310
26,938619	1,939542
26,941397	1,421709
26,944175	1,092598
26,946953	0,959112
26,949730	0,982456
26,952508	1,091612
26,955286	1,214576
26,958064	1,313211
26,960841	1,368118
26,963619	1,403626
26,966397	1,427956
26,969175	1,453601
26,971952	1,473657
26,974730	1,477273
26,977508	1,463793
26,980286	1,452943
26,983064	1,453272
26,985841	1,470698
26,988619	1,492397
26,991397	1,497658
26,994174	1,487466
26,996952	1,473657
26,999730	1,474643
27,002508	1,491082
27,005285	1,517056
27,008063	1,524947
27,010841	1,524618
27,013619	1,517056
27,016396	1,525604
27,019174	1,548948
27,021952	1,573607
27,024730	1,584128
27,027507	1,578538
27,030285	1,575579
27,033063	1,585771
27,035841	1,609773
27,038618	1,633445
27,041396	1,645610
27,044174	1,639034
27,046952	1,632459
27,049729	1,637062
27,052507	1,658432
27,055285	1,679475
27,058063	1,690324
27,060840	1,682762
27,063618	1,673556
27,066396	1,679475
27,069174	1,696571
27,071951	1,719586
27,074729	1,729778
27,077507	1,722216
27,080285	1,715641
27,083062	1,734381
27,085840	1,774821
27,088618	1,823481
27,091396	1,851099
27,094174	1,857675
27,096951	1,857675
27,099729	1,872799
27,102507	1,903375
27,105284	1,936254
27,108062	1,953022
27,110840	1,947761
27,113618	1,935267
27,116395	1,934939
27,119173	1,940528
27,121951	1,944144
27,124729	1,929020
27,127506	1,894498
27,130284	1,859647
27,133062	1,834331
27,135840	1,817563
27,138617	1,801782
27,141395	1,771534
27,144173	1,715312
27,146951	1,652843
27,149728	1,602211
27,152506	1,561770
27,155284	1,534810
27,158062	1,494699
27,160839	1,445710
27,163617	1,403955
27,166395	1,389488
27,169173	1,398037
27,171950	1,418750
27,174728	1,424668
27,177506	1,412503
27,180284	1,403626
27,183061	1,400338
27,185839	1,418750
27,188617	1,435847
27,191395	1,443737
27,194172	1,428942
27,196950	1,414805
27,199728	1,414147
27,202506	1,431573
27,205284	1,448012
27,208061	1,452615
27,210839	1,442422
27,213617	1,427298
27,216394	1,428942
27,219172	1,443409
27,221950	1,464451
27,224728	1,468396
27,227505	1,457218
27,230283	1,440450
27,233061	1,442094
27,235839	1,455574
27,238616	1,474314
27,241394	1,478917
27,244172	1,466095
27,246950	1,452286
27,249727	1,453272
27,252505	1,469711
27,255283	1,486479
27,258061	1,494699
27,260838	1,481876
27,263616	1,469711
27,266394	1,467410
27,269172	1,481547
27,271949	1,497000
27,274727	1,503905
27,277505	1,489767
27,280283	1,475629
27,283060	1,476616
27,285838	1,491740
27,288616	1,511467
27,291394	1,514754
27,294171	1,501274
27,296949	1,485164
27,299727	1,487794
27,302505	1,499959
27,305282	1,521330
27,308060	1,522974
27,310838	1,511138
27,313616	1,495685
27,316393	1,496014
27,319171	1,510809
27,321949	1,528563
27,324727	1,533824
27,327504	1,521001
27,330282	1,507521
27,333060	1,503905
27,335838	1,520673
27,338615	1,540400
27,341393	1,546318
27,344171	1,534153
27,346949	1,521988
27,349726	1,518042
27,352504	1,532509
27,355282	1,549277
27,358060	1,553551
27,360837	1,540071
27,363615	1,524289
27,366393	1,521330
27,369171	1,533824
27,371948	1,553222
27,374726	1,554208
27,377504	1,543687
27,380282	1,526919
27,383059	1,529221
27,385837	1,544674
27,388615	1,562757
27,391393	1,566045
27,394170	1,552564
27,396948	1,535468
27,399726	1,533166
27,402504	1,548948
27,405281	1,567031
27,408059	1,574593
27,410837	1,560126
27,413615	1,546318
27,416392	1,544345
27,419170	1,559469
27,421948	1,574593
27,424726	1,579853
27,427504	1,565058
27,430281	1,553551
27,433059	1,555524
27,435837	1,569661
27,438614	1,585443
27,441392	1,587087
27,444170	1,572620
27,446948	1,558154
27,449725	1,561113
27,452503	1,573607
27,455281	1,593662
27,458059	1,595635
27,460836	1,578210
27,463614	1,564729
27,466392	1,564401
27,469170	1,577881
27,471947	1,594649
27,474725	1,596293
27,477503	1,581826
27,480281	1,571305
27,483058	1,571305
27,485836	1,586758
27,488614	1,603855
27,491392	1,606485
27,494169	1,588402
27,496947	1,573935
27,499725	1,573935
27,502503	1,594977
27,505280	1,636733
27,508058	1,678159
27,510836	1,711366
27,513614	1,747204
27,516391	1,788302
27,519169	1,832687
27,521947	1,871484
27,524725	1,887923
27,527502	1,884306
27,530280	1,878059
27,533058	1,885621
27,535836	1,900745
27,538613	1,912253
27,541391	1,901732
27,544169	1,869182
27,546947	1,829728
27,549724	1,799151
27,552502	1,781068
27,555280	1,761670
27,558058	1,726490
27,560835	1,674214
27,563613	1,622924
27,566391	1,590703
27,569169	1,582155
27,571946	1,584785
27,574724	1,577881
27,577502	1,555195
27,580280	1,536454
27,583057	1,533824
27,585835	1,544016
27,588613	1,560126
27,591391	1,565058
27,594168	1,553222
27,596946	1,539742
27,599724	1,540400
27,602502	1,555852
27,605279	1,571634
27,608057	1,575908
27,610835	1,559798
27,613613	1,545002
27,616390	1,543030
27,619168	1,557825
27,621946	1,575579
27,624724	1,581497
27,627501	1,567360
27,630279	1,554208
27,633057	1,544016
27,635835	1,532509
27,638612	1,518042
27,641390	1,498644
27,644168	1,492068
27,646946	1,544016
27,649723	1,707421
27,652501	1,969132
27,655279	2,324875
27,658057	2,732566
27,660834	3,110666
27,663612	3,194177
27,666390	3,198122
27,669168	3,199109
27,671945	3,199437
27,674723	3,194835
27,677501	3,170176
27,680279	2,844681
27,683056	2,264708
27,685834	1,693941
27,688612	1,265537
27,691390	1,036705
27,694167	0,968976
27,696945	1,016978
27,699723	1,120216
27,702501	1,237262
27,705278	1,340829
27,708056	1,408229
27,710834	1,435189
27,713612	1,435847
27,716389	1,439463
27,719167	1,454916
27,721945	1,474643
27,724723	1,480232
27,727500	1,471684
27,730278	1,461163
27,733056	1,463464
27,735834	1,478588
27,738611	1,499302
27,741389	1,508179
27,744167	1,497658
27,746945	1,483849
27,749722	1,484835
27,752500	1,505220
27,755278	1,524618
27,758056	1,536783
27,760833	1,529550
27,763611	1,527248
27,766389	1,535468
27,769167	1,557496
27,771944	1,582812
27,774722	1,596621
27,777500	1,591690
27,780278	1,585443
27,783055	1,596621
27,785833	1,618650
27,788611	1,644952
27,791389	1,658104
27,794166	1,652186
27,796944	1,641993
27,799722	1,648569
27,802500	1,665337
27,805277	1,688023
27,808055	1,694599
27,810833	1,688352
27,813611	1,678817
27,816388	1,686050
27,819166	1,703804
27,821944	1,726162
27,824722	1,736025
27,827499	1,736683
27,830277	1,745889
27,833055	1,776137
27,835833	1,817892
27,838610	1,857017
27,841388	1,880689
27,844166	1,882333
27,846944	1,883648
27,849721	1,901732
27,852499	1,933295
27,855277	1,960912
27,858055	1,967488
27,860832	1,956638
27,863610	1,939213
27,866388	1,925404
27,869166	1,921130
27,871943	1,919815
27,874721	1,906006
27,877499	1,867209
27,880277	1,823152
27,883055	1,789617
27,885832	1,765944
27,888610	1,746546
27,891388	1,707750
27,894165	1,645939
27,896943	1,581497
27,899721	1,530865
27,902499	1,501932
27,905276	1,480561
27,908054	1,455574
27,910832	1,415791
27,913610	1,388502
27,916387	1,383242
27,919165	1,400009
27,921943	1,418092
27,924721	1,426641
27,927498	1,417435
27,930276	1,405928
27,933054	1,406585
27,935832	1,420394
27,938609	1,437819
27,941387	1,440121
27,944165	1,429929
27,946943	1,415462
27,949720	1,419408
27,952498	1,433216
27,955276	1,455245
27,958054	1,461821
27,960831	1,453601
27,963609	1,441436
27,966387	1,438806
27,969165	1,451299
27,971942	1,466423
27,974720	1,470040
27,977498	1,453601
27,980276	1,442094
27,983053	1,441765
27,985831	1,458861
27,988609	1,474972
27,991387	1,480890
27,994164	1,466752
27,996942	1,456889
27,999720	1,455902
28,002498	1,473985
28,005275	1,495356
28,008053	1,498973
28,010831	1,484835
28,013609	1,468725
28,016386	1,468067
28,019164	1,477602
28,021942	1,497987
28,024720	1,500617
28,027497	1,494041
28,030275	1,479575
28,033053	1,480890
28,035831	1,493712
28,038608	1,514097
28,041386	1,516070
28,044164	1,501932
28,046942	1,488781
28,049719	1,488123
28,052497	1,504562
28,055275	1,519686
28,058053	1,524618
28,060830	1,510809
28,063608	1,497658
28,066386	1,496014
28,069164	1,514097
28,071941	1,529221
28,074719	1,535139
28,077497	1,520673
28,080275	1,505549
28,083052	1,506535
28,085830	1,524289
28,088608	1,542043
28,091386	1,545660
28,094163	1,533824
28,096941	1,514754
28,099719	1,517385
28,102497	1,531522
28,105274	1,551578
28,108052	1,555852
28,110830	1,542701
28,113608	1,526591
28,116385	1,527906
28,119163	1,542043
28,121941	1,558811
28,124719	1,564072
28,127496	1,548948
28,130274	1,535797
28,133052	1,535139
28,135830	1,549605
28,138607	1,562428
28,141385	1,567360
28,144163	1,552236
28,146941	1,541386
28,149718	1,542043
28,152496	1,557167
28,155274	1,576566
28,158052	1,579525
28,160829	1,565058
28,163607	1,549605
28,166385	1,548619
28,169163	1,558483
28,171940	1,577552
28,174718	1,580840
28,177496	1,568346
28,180274	1,554208
28,183051	1,555195
28,185829	1,568346
28,188607	1,585114
28,191385	1,587744
28,194162	1,574264
28,196940	1,562757
28,199718	1,559798
28,202496	1,576237
28,205273	1,593005
28,208051	1,598594
28,210829	1,584785
28,213607	1,572949
28,216384	1,571634
28,219162	1,588402
28,221940	1,604183
28,224718	1,608129
28,227495	1,593991
28,230273	1,577552
28,233051	1,574593
28,235829	1,588402
28,238606	1,605170
28,241384	1,609115
28,244162	1,598923
28,246940	1,584785
28,249717	1,596621
28,252495	1,638048
28,255273	1,700517
28,258051	1,754437
28,260828	1,789617
28,263606	1,812631
28,266384	1,836304
28,269162	1,866552
28,271939	1,894827
28,274717	1,905677
28,277495	1,898772
28,280273	1,888580
28,283050	1,883648
28,285828	1,887923
28,288606	1,890224
28,291384	1,871155
28,294161	1,831372
28,296939	1,783370
28,299717	1,745889
28,302495	1,726162
28,305272	1,707421
28,308050	1,675858
28,310828	1,626869
28,313606	1,582484
28,316383	1,562099
28,319161	1,563743
28,321939	1,573935
28,324717	1,569332
28,327494	1,551907
28,330272	1,536125
28,333050	1,534153
28,335828	1,548619
28,338605	1,568675
28,341383	1,574264
28,344161	1,558811
28,346939	1,543359
28,349716	1,539413
28,352494	1,551578
28,355272	1,569661
28,358050	1,575579
28,360827	1,566373
28,363605	1,555195
28,366383	1,555524
28,369161	1,567360
28,371938	1,582812
28,374716	1,583799
28,377494	1,567031
28,380272	1,535139
28,383049	1,505877
28,385827	1,491082
28,388605	1,496014
28,391383	1,536125
28,394160	1,625225
28,396938	1,804083
28,399716	2,102618
28,402494	2,475786
28,405271	2,896628
28,408049	3,190232
28,410827	3,195492
28,413605	3,197465
28,416382	3,198122
28,419160	3,195492
28,421938	3,191875
28,424716	3,092254
28,427493	2,632287
28,430271	2,013518
28,433049	1,470369
28,435827	1,128764
28,438604	0,994950
28,441382	1,003827
28,444160	1,078789
28,446938	1,169204
28,449715	1,270798
28,452493	1,359898
28,455271	1,431244
28,458049	1,464451
28,460826	1,461492
28,463604	1,448340
28,466382	1,448669
28,469160	1,462478
28,471937	1,478917
28,474715	1,487794
28,477493	1,474314
28,480271	1,466423
28,483048	1,470040
28,485826	1,490753
28,488604	1,511467
28,491382	1,518042
28,494159	1,502590
28,496937	1,492068
28,499715	1,496014
28,502493	1,517714
28,505270	1,545660
28,508048	1,558811
28,510826	1,558483
28,513604	1,552893
28,516381	1,560126
28,519159	1,575908
28,521937	1,604841
28,524715	1,616348
28,527492	1,609444
28,530270	1,600895
28,533048	1,607800
28,535826	1,627856
28,538603	1,655802
28,541381	1,667967
28,544159	1,663035
28,546937	1,655473
28,549714	1,657775
28,552492	1,673885
28,555270	1,693612
28,558048	1,700188
28,560825	1,691639
28,563603	1,683091
28,566381	1,686379
28,569159	1,706435
28,571936	1,731751
28,574714	1,756410
28,577492	1,771862
28,580270	1,789945
28,583047	1,817234
28,585825	1,850441
28,588603	1,881676
28,591381	1,902389
28,594158	1,905348
28,596936	1,909951
28,599714	1,923431
28,602492	1,942501
28,605269	1,959268
28,608047	1,962885
28,610825	1,943487
28,613603	1,920472
28,616380	1,903375
28,619158	1,897786
28,621936	1,895156
28,624714	1,872799
28,627491	1,826769
28,630269	1,776794
28,633047	1,738655
28,635825	1,709394
28,638602	1,681118
28,641380	1,637719
28,644158	1,572949
28,646936	1,510809
28,649713	1,468725
28,652491	1,444724
28,655269	1,436504
28,658047	1,419079
28,660824	1,398694
28,663602	1,383570
28,666380	1,391790
28,669158	1,409215
28,671935	1,436175
28,674713	1,439463
28,677491	1,428285
28,680269	1,413161
28,683046	1,414147
28,685824	1,425654
28,688602	1,444724
28,691380	1,447683
28,694157	1,433545
28,696935	1,421380
28,699713	1,419079
28,702491	1,437491
28,705268	1,455245
28,708046	1,461492
28,710824	1,445381
28,713602	1,433545
28,716379	1,431901
28,719157	1,446697
28,721935	1,464780
28,724713	1,471026
28,727490	1,462149
28,730268	1,448340
28,733046	1,448340
28,735824	1,463464
28,738601	1,485822
28,741379	1,486808
28,744157	1,475958
28,746935	1,457875
28,749712	1,459519
28,752490	1,472670
28,755268	1,492397
28,758046	1,496671
28,760823	1,486808
28,763601	1,472670
28,766379	1,474314
28,769157	1,490425
28,771934	1,504891
28,774712	1,511138
28,777490	1,494699
28,780268	1,481876
28,783046	1,479904
28,785823	1,494370
28,788601	1,509823
28,791379	1,517056
28,794156	1,505220
28,796934	1,492068
28,799712	1,489767
28,802490	1,503247
28,805267	1,521001
28,808045	1,525604
28,810823	1,512124
28,813601	1,495356
28,816378	1,498315
28,819156	1,510809
28,821934	1,530865
28,824712	1,533824
28,827489	1,520344
28,830267	1,505220
28,833045	1,508508
28,835823	1,519686
28,838600	1,538756
28,841378	1,543030
28,844156	1,531194
28,846934	1,520673
28,849711	1,517714
28,852489	1,533166
28,855267	1,549934
28,858045	1,552893
28,860822	1,538427
28,863600	1,524947
28,866378	1,524289
28,869156	1,541715
28,871933	1,559469
28,874711	1,561442
28,877489	1,546646
28,880267	1,533824
28,883044	1,535797
28,885822	1,550263
28,888600	1,570976
28,891378	1,571963
28,894156	1,557496
28,896933	1,540728
28,899711	1,541386
28,902489	1,555852
28,905266	1,573935
28,908044	1,575908
28,910822	1,562428
28,913600	1,545002
28,916377	1,543030
28,919155	1,559469
28,921933	1,576237
28,924711	1,581826
28,927488	1,572949
28,930266	1,560126
28,933044	1,556510
28,935822	1,570648
28,938599	1,586429
28,941377	1,590046
28,944155	1,576566
28,946933	1,559798
28,949710	1,560455
28,952488	1,575908
28,955266	1,594977
28,958044	1,599252
28,960821	1,586429
28,963599	1,569004
28,966377	1,569990
28,969155	1,579525
28,971932	1,599580
28,974710	1,604512
28,977488	1,592676
28,980266	1,577881
28,983043	1,575579
28,985821	1,585114
28,988599	1,601224
28,991377	1,606485
28,994154	1,593005
28,996932	1,600567
28,999710	1,637390
29,002488	1,699201
29,005265	1,767917
29,008043	1,814933
29,010821	1,834660
29,013599	1,842222
29,016376	1,855044
29,019154	1,877730
29,021932	1,905348
29,024710	1,916198
29,027487	1,904362
29,030265	1,882991
29,033043	1,871812
29,035821	1,865894
29,038598	1,859319
29,041376	1,832030
29,044154	1,785671
29,046932	1,734052
29,049709	1,696571
29,052487	1,673228
29,055265	1,653501
29,058043	1,626212
29,060820	1,588073
29,063598	1,558483
29,066376	1,547962
29,069154	1,554208
29,071931	1,566702
29,074709	1,569661
29,077487	1,556839
29,080265	1,543030
29,083042	1,538756
29,085820	1,552564
29,088598	1,568017
29,091376	1,569990
29,094153	1,557167
29,096931	1,542701
29,099709	1,543030
29,102487	1,555195
29,105264	1,571963
29,108042	1,574264
29,110820	1,560455
29,113598	1,543687
29,116375	1,545660
29,119153	1,560784
29,121931	1,577881
29,124709	1,572620
29,127486	1,539413
29,130264	1,493712
29,133042	1,471355
29,135820	1,486479
29,138597	1,562099
29,141375	1,713668
29,144153	1,928363
29,146931	2,245309
29,149708	2,637876
29,152486	3,045238
29,155264	3,193848
29,158042	3,197794
29,160819	3,197136
29,163597	3,197794
29,166375	3,194835
29,169153	3,182012
29,171930	2,935753
29,174708	2,382083
29,177486	1,775150
29,180264	1,286908
29,183041	1,028485
29,185819	0,967989
29,188597	1,038020
29,191375	1,146189
29,194152	1,238906
29,196930	1,313540
29,199708	1,376008
29,202486	1,432559
29,205263	1,470040
29,208041	1,478260
29,210819	1,460834
29,213597	1,449656
29,216374	1,446697
29,219152	1,466752
29,221930	1,488452
29,224708	1,494370
29,227485	1,486150
29,230263	1,475301
29,233041	1,479575
29,235819	1,491740
29,238596	1,509494
29,241374	1,511467
29,244152	1,504891
29,246930	1,496671
29,249707	1,506206
29,252485	1,529221
29,255263	1,557825
29,258041	1,571634
29,260818	1,567360
29,263596	1,560784
29,266374	1,569004
29,269152	1,594649
29,271929	1,617663
29,274707	1,629500
29,277485	1,623910
29,280263	1,619307
29,283040	1,626541
29,285818	1,650870
29,288596	1,673556
29,291374	1,682762
29,294151	1,673556
29,296929	1,662707
29,299707	1,663035
29,302485	1,677502
29,305262	1,696900
29,308040	1,706106
29,310818	1,699201
29,313596	1,689667
29,316373	1,697886
29,319151	1,725175
29,321929	1,765944
29,324707	1,801124
29,327484	1,817892
29,330262	1,825783
29,333040	1,838605
29,335818	1,863264
29,338595	1,897129
29,341373	1,921458
29,344151	1,926719
29,346929	1,925404
29,349706	1,931980
29,352484	1,949076
29,355262	1,963543
29,358040	1,955981
29,360817	1,924746
29,363595	1,892197
29,366373	1,872470
29,369151	1,863264
29,371928	1,851099
29,374706	1,822495
29,377484	1,773835
29,380262	1,724847
29,383039	1,683091
29,385817	1,648240
29,388595	1,617335
29,391373	1,568675
29,394150	1,509823
29,396928	1,453601
29,399706	1,419408
29,402484	1,407571
29,405261	1,409873
29,408039	1,408558
29,410817	1,401982
29,413595	1,395078
29,416372	1,398694
29,419150	1,418092
29,421928	1,434203
29,424706	1,441436
29,427483	1,426970
29,430261	1,413489
29,433039	1,414147
29,435817	1,432559
29,438594	1,449327
29,441372	1,455574
29,444150	1,445381
29,446928	1,429929
29,449705	1,430257
29,452483	1,445710
29,455261	1,463464
29,458039	1,467081
29,460816	1,455245
29,463594	1,439135
29,466372	1,443080
29,469150	1,455902
29,471927	1,475301
29,474705	1,478917
29,477483	1,466752
29,480261	1,451299
29,483038	1,455574
29,485816	1,470369
29,488594	1,489438
29,491372	1,497658
29,494149	1,482205
29,496927	1,468725
29,499705	1,465766
29,502483	1,481547
29,505260	1,497329
29,508038	1,504891
29,510816	1,490096
29,513594	1,476287
29,516371	1,472999
29,519149	1,485822
29,521927	1,504233
29,524705	1,510152
29,527482	1,497658
29,530260	1,483191
29,533038	1,483191
29,535816	1,494370
29,538593	1,514426
29,541371	1,515412
29,544149	1,503576
29,546927	1,489109
29,549704	1,489438
29,552482	1,501932
29,555260	1,522645
29,558038	1,527577
29,560815	1,516398
29,563593	1,504233
29,566371	1,503576
29,569149	1,519357
29,571926	1,533495
29,574704	1,537769
29,577482	1,522974
29,580260	1,508179
29,583037	1,506535
29,585815	1,523632
29,588593	1,541057
29,591371	1,548948
29,594148	1,539742
29,596926	1,526591
29,599704	1,523960
29,602482	1,538756
29,605259	1,555524
29,608037	1,558811
29,610815	1,547304
29,613593	1,531851
29,616370	1,532838
29,619148	1,545002
29,621926	1,562099
29,624704	1,566373
29,627481	1,556510
29,630259	1,538427
29,633037	1,537112
29,635815	1,549277
29,638592	1,564729
29,641370	1,568675
29,644148	1,555524
29,646926	1,543687
29,649703	1,541715
29,652481	1,554208
29,655259	1,567360
29,658037	1,571634
29,660814	1,559469
29,663592	1,546318
29,666370	1,548948
29,669148	1,563414
29,671925	1,580840
29,674703	1,585443
29,677481	1,571634
29,680259	1,556181
29,683037	1,555524
29,685814	1,569004
29,688592	1,586758
29,691370	1,590046
29,694147	1,579196
29,696925	1,564729
29,699703	1,565387
29,702481	1,577881
29,705258	1,595635
29,708036	1,598923
29,710814	1,583141
29,713592	1,568346
29,716369	1,566702
29,719147	1,582155
29,721925	1,601882
29,724703	1,606814
29,727480	1,593333
29,730258	1,578538
29,733036	1,572949
29,735814	1,584456
29,738591	1,602539
29,741369	1,615362
29,744147	1,631801
29,746925	1,662049
29,749702	1,710380
29,752480	1,773178
29,755258	1,832030
29,758036	1,865894
29,760813	1,870168
29,763591	1,866881
29,766369	1,875429
29,769147	1,898772
29,771924	1,920472
29,774702	1,922445
29,777480	1,899430
29,780258	1,871484
29,783035	1,851099
29,785813	1,837619
29,788591	1,822824
29,791369	1,791589
29,794146	1,741286
29,796924	1,688680
29,799702	1,649227
29,802480	1,624568
29,805257	1,611417
29,808035	1,595635
29,810813	1,569332
29,813591	1,546975
29,816368	1,543687
29,819146	1,554537
29,821924	1,568346
29,824702	1,569990
29,827479	1,554866
29,830257	1,536783
29,833035	1,534810
29,835813	1,549605
29,838590	1,566702
29,841368	1,571963
29,844146	1,557825
29,846924	1,544016
29,849701	1,540728
29,852479	1,554208
29,855257	1,573278
29,858035	1,579525
29,860812	1,565716
29,863590	1,552564
29,866368	1,553222
29,869146	1,563414
29,871923	1,567360
29,874701	1,544016
29,877479	1,500617
29,880257	1,467081
29,883034	1,491082
29,885812	1,587415
29,888590	1,790274
29,891368	2,074342
29,894145	2,410358
29,896923	2,800295
29,899701	3,168861
29,902479	3,194835
29,905256	3,198451
29,908034	3,198780
29,910812	3,197794
29,913590	3,193191
29,916367	3,127434
29,919145	2,726648
29,921923	2,135496
29,924701	1,571963
29,927478	1,170848
29,930256	0,977853
29,933034	0,963715
29,935812	1,061692
29,938589	1,185315
29,941367	1,288552
29,944145	1,355624
29,946923	1,396393
29,949700	1,429929
29,952478	1,458861
29,955256	1,478588
29,958034	1,479575
29,960811	1,468725
29,963589	1,455574
29,966367	1,460505
29,969145	1,477931
29,971922	1,498644
29,974700	1,503905
29,977478	1,493712
29,980256	1,479575
29,983033	1,478917
29,985811	1,494699
29,988589	1,514097
29,991367	1,525933
29,994144	1,520015
29,996922	1,514426
29,999700	1,521001
30,002478	1,544345
30,005255	1,569661
30,008033	1,583799
30,010811	1,577552
30,013589	1,574264
30,016366	1,582484
30,019144	1,603197
30,021922	1,632130
30,024700	1,644952
30,027477	1,639034
30,030255	1,633445
30,033033	1,641993
30,035811	1,658104
30,038588	1,681118
30,041366	1,687037
30,044144	1,676844
30,046922	1,665008
30,049699	1,669611
30,052477	1,687037
30,055255	1,711695
30,058033	1,717942
30,060810	1,709394
30,063588	1,703147
30,066366	1,720572
30,069144	1,760684
30,071921	1,810330
30,074699	1,843208
30,077477	1,850113
30,080255	1,850113
30,083032	1,864250
30,085810	1,894827
30,088588	1,930664
30,091366	1,951378
30,094143	1,949076
30,096921	1,937569
30,099699	1,935596
30,102477	1,943816
30,105254	1,946446
30,108032	1,929678
30,110810	1,895156
30,113588	1,860962
30,116365	1,837948
30,119143	1,824468
30,121921	1,811316
30,124699	1,779096
30,127476	1,728792
30,130254	1,669282
30,133032	1,617663
30,135810	1,577552
30,138587	1,543030
30,141365	1,505549
30,144143	1,454259
30,146921	1,412832
30,149698	1,390475
30,152476	1,397708
30,155254	1,413489
30,158032	1,425326
30,160809	1,413818
30,163587	1,403626
30,166365	1,406256
30,169143	1,421709
30,171920	1,442422
30,174698	1,446697
30,177476	1,437162
30,180254	1,420065
30,183031	1,423024
30,185809	1,433545
30,188587	1,456560
30,191365	1,459519
30,194142	1,446697
30,196920	1,432230
30,199698	1,433545
30,202476	1,445381
30,205253	1,464451
30,208031	1,469054
30,210809	1,454587
30,213587	1,442094
30,216364	1,443080
30,219142	1,457546
30,221920	1,476287
30,224698	1,485164
30,227475	1,465108
30,230253	1,455902
30,233031	1,452615
30,235809	1,472342
30,238586	1,488781
30,241364	1,494370
30,244142	1,479904
30,246920	1,465766
30,249697	1,462807
30,252475	1,476616
30,255253	1,495685
30,258031	1,498973
30,260808	1,491740
30,263586	1,475958
30,266364	1,479575
30,269142	1,490425
30,271919	1,508836
30,274697	1,510152
30,277475	1,500288
30,280253	1,484507
30,283030	1,483849
30,285808	1,497329
30,288586	1,514426
30,291364	1,518371
30,294141	1,505220
30,296919	1,494370
30,299697	1,492397
30,302475	1,511467
30,305252	1,529550
30,308030	1,536454
30,310808	1,522645
30,313586	1,508179
30,316363	1,507192
30,319141	1,520344
30,321919	1,537440
30,324697	1,544345
30,327474	1,532509
30,330252	1,518042
30,333030	1,521001
30,335808	1,533824
30,338585	1,551907
30,341363	1,554537
30,344141	1,543030
30,346919	1,527906
30,349696	1,527906
30,352474	1,538098
30,355252	1,554208
30,358030	1,558483
30,360807	1,544345
30,363585	1,531522
30,366363	1,529221
30,369141	1,545331
30,371918	1,564072
30,374696	1,569990
30,377474	1,554208
30,380252	1,543030
30,383029	1,542043
30,385807	1,556510
30,388585	1,574593
30,391363	1,580840
30,394140	1,567031
30,396918	1,553551
30,399696	1,552236
30,402474	1,563743
30,405251	1,581497
30,408029	1,584785
30,410807	1,574593
30,413585	1,558811
30,416362	1,555852
30,419140	1,568017
30,421918	1,586429
30,424696	1,587087
30,427473	1,576566
30,430251	1,563743
30,433029	1,565716
30,435807	1,580511
30,438584	1,597608
30,441362	1,601553
30,444140	1,587415
30,446918	1,575250
30,449695	1,573278
30,452473	1,586758
30,455251	1,601224
30,458029	1,602868
30,460806	1,589059
30,463584	1,573935
30,466362	1,574593
30,469140	1,590374
30,471917	1,608457
30,474695	1,611417
30,477473	1,597936
30,480251	1,580840
30,483028	1,581169
30,485806	1,597608
30,488584	1,631801
30,491362	1,669940
30,494139	1,704133
30,496917	1,740299
30,499695	1,784685
30,502473	1,828742
30,505250	1,866552
30,508028	1,884635
30,510806	1,883648
30,513584	1,879703
30,516361	1,887265
30,519139	1,903704
30,521917	1,916856
30,524695	1,910609
30,527472	1,880689
30,530250	1,843537
30,533028	1,815262
30,535806	1,794877
30,538583	1,773178
30,541361	1,739313
30,544139	1,685721
30,546917	1,628513
30,549694	1,592018
30,552472	1,579196
30,555250	1,583141
30,558028	1,577223
30,560805	1,555524
30,563583	1,535139
30,566361	1,530536
30,569139	1,542701
30,571916	1,558811
30,574694	1,562428
30,577472	1,549934
30,580250	1,536454
30,583028	1,535468
30,585805	1,548948
30,588583	1,566373
30,591361	1,569332
30,594138	1,553551
30,596916	1,540071
30,599694	1,539742
30,602472	1,555524
30,605249	1,575908
30,608027	1,577223
30,610805	1,566045
30,613583	1,551249
30,616360	1,545331
30,619138	1,539413
30,621916	1,526919
30,624694	1,504891
30,627471	1,485164
30,630249	1,519686
30,633027	1,645939
30,635805	1,874771
30,638582	2,214075
30,641360	2,597107
30,644138	2,980797
30,646916	3,192533
30,649693	3,197465
30,652471	3,198451
30,655249	3,199766
30,658027	3,196807
30,660804	3,186286
30,663582	2,984742
30,666360	2,463292
30,669138	1,873127
30,671915	1,384885
30,674693	1,090954
30,677471	0,975880
30,680249	0,992648
30,683026	1,091612
30,685804	1,209316
30,688582	1,322417
30,691360	1,396064
30,694137	1,427627
30,696915	1,435847
30,699693	1,445381
30,702471	1,458204
30,705248	1,476945
30,708026	1,482205
30,710804	1,467739
30,713582	1,453272
30,716359	1,455902
30,719137	1,474972
30,721915	1,496014
30,724693	1,507192
30,727470	1,495356
30,730248	1,483520
30,733026	1,484507
30,735804	1,505220
30,738581	1,528563
30,741359	1,539742
30,744137	1,530207
30,746915	1,522974
30,749692	1,530536
30,752470	1,550921
30,755248	1,580182
30,758026	1,592018
30,760803	1,594320
30,763581	1,586100
30,766359	1,594977
30,769137	1,615691
30,771914	1,641665
30,774692	1,649884
30,777470	1,645281
30,780248	1,637719
30,783025	1,644624
30,785803	1,667638
30,788581	1,686708
30,791359	1,691968
30,794136	1,683749
30,796914	1,673556
30,799692	1,676844
30,802470	1,698544
30,805247	1,721559
30,808025	1,734710
30,810803	1,732409
30,813581	1,739642
30,816358	1,767259
30,819136	1,811974
30,821914	1,854716
30,824692	1,879046
30,827469	1,880689
30,830247	1,883320
30,833025	1,900416
30,835803	1,929020
30,838580	1,957625
30,841358	1,965515
30,844136	1,954008
30,846914	1,939213
30,849691	1,928692
30,852469	1,927048
30,855247	1,926061
30,858025	1,909951
30,860802	1,876086
30,863580	1,835317
30,866358	1,804083
30,869136	1,783041
30,871913	1,766602
30,874691	1,727477
30,877469	1,661720
30,880247	1,597279
30,883024	1,544674
30,885802	1,513439
30,888580	1,489767
30,891358	1,457875
30,894135	1,415791
30,896913	1,385214
30,899691	1,380282
30,902469	1,393105
30,905246	1,418750
30,908024	1,426312
30,910802	1,419079
30,913580	1,406256
30,916357	1,408558
30,919135	1,424339
30,921913	1,443737
30,924691	1,448012
30,927468	1,438148
30,930246	1,424997
30,933024	1,422038
30,935802	1,435518
30,938579	1,451957
30,941357	1,459848
30,944135	1,448012
30,946913	1,438477
30,949690	1,435847
30,952468	1,454587
30,955246	1,470369
30,958024	1,474972
30,960801	1,461821
30,963579	1,448669
30,966357	1,450642
30,969135	1,464122
30,971912	1,481876
30,974690	1,482534
30,977468	1,472342
30,980246	1,454587
30,983023	1,456560
30,985801	1,469711
30,988579	1,490096
30,991357	1,493384
30,994134	1,481547
30,996912	1,463793
30,999690	1,465766
31,002468	1,478260
31,005245	1,497329
31,008023	1,502261
31,010801	1,490096
31,013579	1,479246
31,016356	1,479575
31,019134	1,496671
31,021912	1,510809
31,024690	1,517714
31,027467	1,499959
31,030245	1,487137
31,033023	1,486479
31,035801	1,502590
31,038578	1,523303
31,041356	1,528892
31,044134	1,514097
31,046912	1,500617
31,049689	1,500288
31,052467	1,509494
31,055245	1,527248
31,058023	1,530207
31,060800	1,519357
31,063578	1,503576
31,066356	1,507521
31,069134	1,519357
31,071911	1,536454
31,074689	1,539084
31,077467	1,526591
31,080245	1,513768
31,083022	1,514754
31,085800	1,526591
31,088578	1,543030
31,091356	1,547962
31,094133	1,532509
31,096911	1,524289
31,099689	1,523960
31,102467	1,540071
31,105244	1,557167
31,108022	1,558483
31,110800	1,544674
31,113578	1,530207
31,116355	1,530207
31,119133	1,542701
31,121911	1,562428
31,124689	1,565387
31,127466	1,554866
31,130244	1,540400
31,133022	1,543359
31,135800	1,557167
31,138577	1,574922
31,141355	1,576237
31,144133	1,562428
31,146911	1,546646
31,149688	1,546318
31,152466	1,562428
31,155244	1,577552
31,158022	1,579525
31,160799	1,567031
31,163577	1,552564
31,166355	1,551907
31,169133	1,565387
31,171910	1,580511
31,174688	1,584456
31,177466	1,569661
31,180244	1,557496
31,183021	1,559140
31,185799	1,574922
31,188577	1,591690
31,191355	1,594977
31,194132	1,581826
31,196910	1,566045
31,199688	1,565716
31,202466	1,575908
31,205243	1,595635
31,208021	1,600238
31,210799	1,589059
31,213577	1,573935
31,216354	1,574593
31,219132	1,584128
31,221910	1,601882
31,224688	1,605170
31,227465	1,591032
31,230243	1,574593
31,233021	1,578867
31,235799	1,617006
31,238576	1,676844
31,241354	1,730107
31,244132	1,766931
31,246910	1,794220
31,249687	1,822166
31,252465	1,855373
31,255243	1,887923
31,258021	1,903375
31,260798	1,898772
31,263576	1,889567
31,266354	1,885950
31,269132	1,891868
31,271909	1,892854
31,274687	1,876415
31,277465	1,836304
31,280243	1,790274
31,283020	1,753451
31,285798	1,733066
31,288576	1,716298
31,291354	1,683091
31,294131	1,634760
31,296909	1,589059
31,299687	1,567031
31,302465	1,563414
31,305242	1,566702
31,308020	1,560455
31,310798	1,544674
31,313576	1,529221
31,316353	1,526262
31,319131	1,541715
31,321909	1,560455
31,324687	1,565058
31,327464	1,551907
31,330242	1,535797
31,333020	1,536783
31,335798	1,548948
31,338575	1,566045
31,341353	1,568346
31,344131	1,556181
31,346909	1,540071
31,349686	1,542372
31,352464	1,555195
31,355242	1,572291
31,358020	1,575250
31,360797	1,560784
31,363575	1,536454
31,366353	1,514097
31,369131	1,497987
31,371908	1,493712
31,374686	1,512782
31,377464	1,572949
31,380242	1,731093
31,383019	1,987544
31,385797	2,340985
31,388575	2,760512
31,391353	3,145517
31,394130	3,194835
31,396908	3,198122
31,399686	3,198122
31,402464	3,197136
31,405241	3,192533
31,408019	3,159984
31,410797	2,801610
31,413575	2,199937
31,416352	1,626541
31,419130	1,218522
31,421908	1,025855
31,424686	0,992648
31,427463	1,047226
31,430241	1,139943
31,433019	1,239564
31,435797	1,335568
31,438574	1,414147
31,441352	1,455574
31,444130	1,458533
31,446908	1,449656
31,449685	1,446697
31,452463	1,461492
31,455241	1,477602
31,458019	1,482863
31,460796	1,473328
31,463574	1,462478
31,466352	1,466095
31,469130	1,485164
31,471907	1,506864
31,474685	1,510480
31,477463	1,501603
31,480241	1,488781
31,483018	1,494370
31,485796	1,512453
31,488574	1,537440
31,491352	1,547962
31,494129	1,545660
31,496907	1,541057
31,499685	1,551249
31,502463	1,574922
31,505240	1,600895
31,508018	1,613718
31,510796	1,605827
31,513574	1,600238
31,516351	1,607800
31,519129	1,627527
31,521907	1,652186
31,524685	1,663693
31,527462	1,656131
31,530240	1,647911
31,533018	1,652514
31,535796	1,671913
31,538573	1,694270
31,541351	1,704133
31,544129	1,693941
31,546907	1,682434
31,549684	1,685721
31,552462	1,704462
31,555240	1,731751
31,558018	1,753779
31,560795	1,762985
31,563573	1,777123
31,566351	1,806385
31,569129	1,845181
31,571906	1,881676
31,574684	1,897786
31,577462	1,900416
31,580240	1,903047
31,583017	1,919157
31,585795	1,944144
31,588573	1,968803
31,591351	1,972091
31,594128	1,951706
31,596906	1,921458
31,599684	1,902718
31,602462	1,898772
31,605239	1,895813
31,608017	1,874771
31,610795	1,833345
31,613573	1,787315
31,616350	1,752135
31,619128	1,730107
31,621906	1,705448
31,624684	1,659748
31,627461	1,597608
31,630239	1,530536
31,633017	1,484178
31,635795	1,460177
31,638572	1,447354
31,641350	1,426970
31,644128	1,403297
31,646906	1,386529
31,649683	1,392447
31,652461	1,413161
31,655239	1,433874
31,658017	1,440450
31,660794	1,428942
31,663572	1,413489
31,666350	1,410859
31,669128	1,425983
31,671905	1,441765
31,674683	1,448012
31,677461	1,432230
31,680239	1,421051
31,683016	1,423024
31,685794	1,439135
31,688572	1,457875
31,691350	1,462478
31,694127	1,450642
31,696905	1,433874
31,699683	1,436833
31,702461	1,447354
31,705238	1,467739
31,708016	1,472013
31,710794	1,461821
31,713572	1,446368
31,716349	1,449984
31,719127	1,462478
31,721905	1,482534
31,724683	1,484507
31,727460	1,469383
31,730238	1,457218
31,733016	1,458533
31,735794	1,474643
31,738571	1,493712
31,741349	1,501932
31,744127	1,486479
31,746905	1,472670
31,749682	1,469054
31,752460	1,484835
31,755238	1,503247
31,758016	1,509823
31,760793	1,495685
31,763571	1,483520
31,766349	1,485164
31,769127	1,497000
31,771904	1,515083
31,774682	1,517385
31,777460	1,505549
31,780238	1,489767
31,783015	1,494041
31,785793	1,505877
31,788571	1,528235
31,791349	1,531522
31,794126	1,518700
31,796904	1,503905
31,799682	1,504891
31,802460	1,519357
31,805237	1,536783
31,808015	1,540728
31,810793	1,527248
31,813571	1,514097
31,816348	1,512453
31,819126	1,526591
31,821904	1,543030
31,824682	1,549277
31,827459	1,535139
31,830237	1,522645
31,833015	1,518371
31,835793	1,533495
31,838570	1,547633
31,841348	1,550921
31,844126	1,541715
31,846904	1,526919
31,849681	1,528892
31,852459	1,540400
31,855237	1,557825
31,858015	1,559469
31,860792	1,545002
31,863570	1,527906
31,866348	1,530865
31,869126	1,546646
31,871903	1,566373
31,874681	1,570976
31,877459	1,557496
31,880237	1,542043
31,883014	1,540400
31,885792	1,553551
31,888570	1,570648
31,891348	1,575908
31,894125	1,558154
31,896903	1,545002
31,899681	1,548290
31,902459	1,564729
31,905236	1,578538
31,908014	1,580182
31,910792	1,566045
31,913570	1,552236
31,916347	1,556181
31,919125	1,570319
31,921903	1,590046
31,924681	1,592676
31,927458	1,575908
31,930236	1,561442
31,933014	1,561113
31,935792	1,576894
31,938569	1,596621
31,941347	1,596621
31,944125	1,583141
31,946903	1,568346
31,949680	1,565387
31,952458	1,580182
31,955236	1,596950
31,958014	1,600238
31,960791	1,585771
31,963569	1,574264
31,966347	1,573278
31,969125	1,589717
31,971902	1,606485
31,974680	1,608129
31,977458	1,593005
31,980236	1,591690
31,983013	1,622266
31,985791	1,681447
31,988569	1,750492
31,991347	1,800466
31,994124	1,826112
31,996902	1,834331
31,999680	1,849126
32,002458	1,875758
32,005235	1,904033
32,008013	1,915212
32,010791	1,905019
32,013569	1,884964
32,016346	1,873785
32,019124	1,872799
32,021902	1,867867
32,024680	1,844852
32,027457	1,797179
32,030235	1,746546
32,033013	1,711695
32,035791	1,687694
32,038568	1,666981
32,041346	1,638048
32,044124	1,597608
32,046902	1,565387
32,049679	1,554208
32,052457	1,557167
32,055235	1,567031
32,058013	1,567688
32,060790	1,552236
32,063568	1,537769
32,066346	1,536125
32,069124	1,547304
32,071901	1,564729
32,074679	1,564729
32,077457	1,548619
32,080235	1,532180
32,083012	1,534153
32,085790	1,551249
32,088568	1,572949
32,091346	1,578210
32,094123	1,563743
32,096901	1,549934
32,099679	1,547962
32,102457	1,560455
32,105234	1,576894
32,108012	1,572949
32,110790	1,541715
32,113568	1,500617
32,116346	1,472670
32,119123	1,475958
32,121901	1,538098
32,124679	1,650213
32,127457	1,837290
32,130234	2,130564
32,133012	2,495184
32,135790	2,910108
32,138568	3,190232
32,141345	3,195492
32,144123	3,197465
32,146901	3,197794
32,149679	3,196478
32,152456	3,189574
32,155234	3,063650
32,158012	2,586257
32,160789	1,966502
32,163567	1,421051
32,166345	1,088324
32,169123	0,972264
32,171900	1,005471
32,174678	1,101804
32,177456	1,195507
32,180234	1,276716
32,183011	1,346747
32,185789	1,415133
32,188567	1,460505
32,191345	1,473985
32,194122	1,460177
32,196900	1,443737
32,199678	1,446368
32,202456	1,462478
32,205233	1,483520
32,208011	1,491740
32,210789	1,481219
32,213567	1,468725
32,216344	1,474972
32,219122	1,489767
32,221900	1,509823
32,224678	1,514426
32,227455	1,501603
32,230233	1,493712
32,233011	1,501274
32,235789	1,524947
32,238566	1,553551
32,241344	1,569990
32,244122	1,562757
32,246900	1,557825
32,249677	1,565058
32,252455	1,587744
32,255233	1,612403
32,258011	1,623581
32,260788	1,616677
32,263566	1,611745
32,266344	1,619307
32,269122	1,641336
32,271899	1,666981
32,274677	1,676844
32,277455	1,670597
32,280233	1,660076
32,283010	1,664351
32,285788	1,680790
32,288566	1,704791
32,291344	1,711366
32,294121	1,703147
32,296899	1,692955
32,299677	1,700517
32,302455	1,725504
32,305232	1,764958
32,308010	1,796192
32,310788	1,810001
32,313566	1,821180
32,316343	1,842551
32,319121	1,873127
32,321899	1,906006
32,324677	1,924746
32,327454	1,925404
32,330232	1,920801
32,333010	1,928034
32,335788	1,946446
32,338566	1,964529
32,341343	1,961899
32,344121	1,932637
32,346899	1,898772
32,349677	1,878059
32,352454	1,871812
32,355232	1,861949
32,358010	1,832358
32,360788	1,785671
32,363565	1,737340
32,366343	1,698215
32,369121	1,668625
32,371899	1,635418
32,374676	1,585114
32,377454	1,521659
32,380232	1,464122
32,383009	1,425983
32,385787	1,413489
32,388565	1,410859
32,391343	1,409873
32,394120	1,397050
32,396898	1,390804
32,399676	1,394420
32,402454	1,414147
32,405231	1,431244
32,408009	1,437162
32,410787	1,423024
32,413565	1,411517
32,416342	1,411517
32,419120	1,427298
32,421898	1,448340
32,424676	1,453601
32,427453	1,441765
32,430231	1,426312
32,433009	1,429929
32,435787	1,443080
32,438564	1,465766
32,441342	1,466423
32,444120	1,452943
32,446898	1,439792
32,449675	1,442751
32,452453	1,458204
32,455231	1,474972
32,458009	1,476616
32,460786	1,459190
32,463564	1,449984
32,466342	1,450313
32,469120	1,465766
32,471897	1,482205
32,474675	1,489109
32,477453	1,473328
32,480231	1,458861
32,483008	1,456560
32,485786	1,474314
32,488564	1,494699
32,491342	1,497658
32,494119	1,488452
32,496897	1,472013
32,499675	1,473985
32,502453	1,489109
32,505230	1,509494
32,508008	1,510809
32,510786	1,498644
32,513564	1,483191
32,516341	1,484178
32,519119	1,496343
32,521897	1,514097
32,524675	1,519029
32,527452	1,507850
32,530230	1,494041
32,533008	1,491411
32,535786	1,506535
32,538563	1,522645
32,541341	1,530207
32,544119	1,515412
32,546897	1,503247
32,549674	1,504562
32,552452	1,524289
32,555230	1,540071
32,558008	1,542372
32,560786	1,523632
32,563563	1,505220
32,566341	1,508836
32,569119	1,522645
32,571897	1,544016
32,574674	1,547962
32,577452	1,539742
32,580230	1,524289
32,583008	1,526919
32,585785	1,537112
32,588563	1,554208
32,591341	1,554866
32,594119	1,542372
32,596896	1,529878
32,599674	1,530865
32,602452	1,545331
32,605230	1,564072
32,608007	1,569004
32,610785	1,554866
32,613563	1,543030
32,616340	1,540728
32,619118	1,554866
32,621896	1,569661
32,624674	1,574922
32,627451	1,560126
32,630229	1,545002
32,633007	1,544345
32,635785	1,558811
32,638562	1,578867
32,641340	1,581169
32,644118	1,569332
32,646896	1,556181
32,649673	1,555524
32,652451	1,568346
32,655229	1,588073
32,658007	1,588731
32,660784	1,576237
32,663562	1,559798
32,666340	1,561442
32,669118	1,576894
32,671895	1,596293
32,674673	1,600567
32,677451	1,586758
32,680229	1,568675
32,683006	1,567688
32,685784	1,583799
32,688562	1,601224
32,691340	1,605170
32,694117	1,589059
32,696895	1,573607
32,699673	1,572949
32,702451	1,588073
32,705228	1,602868
32,708006	1,606156
32,710784	1,593991
32,713562	1,578867
32,716339	1,579196
32,719117	1,592018
32,721895	1,611088
32,724673	1,616019
32,727450	1,623581
32,730228	1,647254
32,733006	1,696571
32,735784	1,761999
32,738561	1,825125
32,741339	1,862606
32,744117	1,868524
32,746895	1,866552
32,749672	1,876415
32,752450	1,896800
32,755228	1,919157
32,758006	1,920801
32,760783	1,898772
32,763561	1,872141
32,766339	1,856360
32,769117	1,846825
32,771894	1,833674
32,774672	1,800795
32,777450	1,747204
32,780228	1,694599
32,783006	1,654158
32,785783	1,628513
32,788561	1,619307
32,791339	1,603855
32,794117	1,578538
32,796894	1,552893
32,799672	1,543030
32,802450	1,550263
32,805228	1,565058
32,808005	1,563414
32,810783	1,545989
32,813561	1,531522
32,816339	1,530865
32,819116	1,549277
32,821894	1,568017
32,824672	1,570648
32,827450	1,557496
32,830227	1,544016
32,833005	1,543030
32,835783	1,557496
32,838560	1,574922
32,841338	1,576566
32,844116	1,564072
32,846894	1,550263
32,849671	1,549605
32,852449	1,566373
32,855227	1,573607
32,858005	1,552893
32,860782	1,507850
32,863560	1,466423
32,866338	1,473328
32,869116	1,551249
32,871893	1,727806
32,874671	1,972091
32,877449	2,292983
32,880227	2,676344
32,883004	3,065623
32,885782	3,194177
32,888560	3,197794
32,891338	3,198451
32,894115	3,199109
32,896893	3,196478
32,899671	3,178724
32,902449	2,899916
32,905226	2,338355
32,908004	1,744573
32,910782	1,269154
32,913560	1,012375
32,916337	0,955167
32,919115	1,025526
32,921893	1,150464
32,924671	1,256003
32,927448	1,328664
32,930226	1,374693
32,933004	1,414805
32,935782	1,445710
32,938559	1,470698
32,941337	1,472342
32,944115	1,457875
32,946893	1,448012
32,949670	1,452286
32,952448	1,473657
32,955226	1,497329
32,958004	1,504562
32,960781	1,491740
32,963559	1,479575
32,966337	1,480232
32,969115	1,495356
32,971892	1,515083
32,974670	1,522974
32,977448	1,514097
32,980226	1,506864
32,983003	1,513768
32,985781	1,539413
32,988559	1,568675
32,991337	1,578538
32,994114	1,572291
32,996892	1,564072
32,999670	1,573607
33,002448	1,595635
33,005226	1,624239
33,008003	1,636075
33,010781	1,630486
33,013559	1,621280
33,016337	1,631143
33,019114	1,655145
33,021892	1,681776
33,024670	1,688352
33,027448	1,677173
33,030225	1,665666
33,033003	1,666652
33,035781	1,685721
33,038559	1,707421
33,041336	1,716298
33,044114	1,709723
33,046892	1,703804
33,049670	1,718928
33,052447	1,755094
33,055225	1,798823
33,058003	1,832687
33,060780	1,843208
33,063558	1,848798
33,066336	1,865894
33,069114	1,895813
33,071891	1,930007
33,074669	1,948419
33,077447	1,943816
33,080225	1,933623
33,083002	1,933623
33,085780	1,946446
33,088558	1,955981
33,091336	1,939542
33,094113	1,904691
33,096891	1,869182
33,099669	1,847154
33,102447	1,832687
33,105224	1,820193
33,108002	1,786986
33,110780	1,736683
33,113558	1,682105
33,116335	1,632459
33,119113	1,595306
33,121891	1,560126
33,124669	1,518371
33,127446	1,462807
33,130224	1,416777
33,133002	1,391461
33,135780	1,394749
33,138557	1,409544
33,141335	1,413489
33,144113	1,403626
33,146891	1,394091
33,149668	1,399681
33,152446	1,411846
33,155224	1,433874
33,158002	1,432230
33,160779	1,420065
33,163557	1,405270
33,166335	1,409544
33,169113	1,427627
33,171890	1,449327
33,174668	1,451628
33,177446	1,435847
33,180224	1,421380
33,183001	1,420723
33,185779	1,438806
33,188557	1,455245
33,191335	1,461492
33,194112	1,449327
33,196890	1,440450
33,199668	1,440121
33,202446	1,459519
33,205223	1,474972
33,208001	1,478260
33,210779	1,464451
33,213557	1,449656
33,216334	1,452943
33,219112	1,465108
33,221890	1,483520
33,224668	1,484835
33,227445	1,472999
33,230223	1,458861
33,233001	1,466095
33,235779	1,480890
33,238557	1,499959
33,241334	1,502590
33,244112	1,486808
33,246890	1,470698
33,249668	1,472342
33,252445	1,491082
33,255223	1,511138
33,258001	1,516727
33,260779	1,501603
33,263556	1,489438
33,266334	1,488452
33,269112	1,504233
33,271890	1,519686
33,274667	1,524947
33,277445	1,508508
33,280223	1,497000
33,283000	1,496343
33,285778	1,510480
33,288556	1,530536
33,291334	1,534481
33,294111	1,521330
33,296889	1,505877
33,299667	1,507521
33,302445	1,518042
33,305222	1,537440
33,308000	1,537440
33,310778	1,526591
33,313556	1,515741
33,316333	1,517385
33,319111	1,533495
33,321889	1,551907
33,324667	1,555195
33,327444	1,537440
33,330222	1,524289
33,333000	1,520673
33,335778	1,535797
33,338555	1,550592
33,341333	1,553880
33,344111	1,541715
33,346889	1,532180
33,349666	1,532509
33,352444	1,549934
33,355222	1,565716
33,358000	1,569661
33,360777	1,555852
33,363555	1,540400
33,366333	1,541386
33,369111	1,553880
33,371888	1,570648
33,374666	1,572291
33,377444	1,561770
33,380222	1,546646
33,382999	1,549277
33,385777	1,562757
33,388555	1,582155
33,391333	1,584785
33,394110	1,569990
33,396888	1,554537
33,399666	1,555195
33,402444	1,571305
33,405221	1,587087
33,407999	1,589717
33,410777	1,572949
33,413555	1,561770
33,416332	1,563414
33,419110	1,578867
33,421888	1,593333
33,424666	1,597279
33,427443	1,580840
33,430221	1,567360
33,432999	1,567031
33,435777	1,577881
33,438554	1,593662
33,441332	1,596293
33,444110	1,582155
33,446888	1,569004
33,449665	1,571963
33,452443	1,586429
33,455221	1,607800
33,457999	1,610759
33,460777	1,594649
33,463554	1,582812
33,466332	1,584456
33,469110	1,595306
33,471888	1,620951
33,474665	1,654816
33,477443	1,686050
33,480221	1,722874
33,482999	1,770876
33,485776	1,822495
33,488554	1,863593
33,491332	1,880689
33,494110	1,880032
33,496887	1,877730
33,499665	1,888580
33,502443	1,907321
33,505221	1,921458
33,507998	1,913896
33,510776	1,884964
33,513554	1,855044
33,516331	1,830057
33,519109	1,811316
33,521887	1,791261
33,524665	1,754108
33,527442	1,700517
33,530220	1,649555
33,532998	1,616019
33,535776	1,604183
33,538553	1,599909
33,541331	1,587415
33,544109	1,560784
33,546887	1,538427
33,549664	1,534481
33,552442	1,544345
33,555220	1,560126
33,557998	1,562757
33,560775	1,550263
33,563553	1,539084
33,566331	1,540728
33,569109	1,554866
33,571886	1,571634
33,574664	1,573607
33,577442	1,560455
33,580220	1,548290
33,582997	1,551578
33,585775	1,561770
33,588553	1,578867
33,591331	1,579196
33,594108	1,565387
33,596886	1,551249
33,599664	1,553222
33,602442	1,550921
33,605219	1,538756
33,607997	1,512453
33,610775	1,481876
33,613553	1,503576
33,616330	1,598265
33,619108	1,800138
33,621886	2,106234
33,624664	2,462964
33,627441	2,859476
33,630219	3,185300
33,632997	3,196478
33,635775	3,198780
33,638552	3,199766
33,641330	3,198122
33,644108	3,192533
33,646886	3,098172
33,649663	2,660562
33,652441	2,064150
33,655219	1,526591
33,657997	1,161313
33,660774	0,987388
33,663552	0,976538
33,666330	1,061364
33,669108	1,181040
33,671885	1,297101
33,674663	1,374036
33,677441	1,411846
33,680219	1,427627
33,682997	1,438806
33,685774	1,458533
33,688552	1,475958
33,691330	1,479904
33,694108	1,468396
33,696885	1,457218
33,699663	1,458861
33,702441	1,477273
33,705219	1,498315
33,707996	1,504891
33,710774	1,495028
33,713552	1,481219
33,716330	1,483191
33,719107	1,498644
33,721885	1,522645
33,724663	1,533495
33,727441	1,530865
33,730218	1,526262
33,732996	1,537769
33,735774	1,557825
33,738551	1,580511
33,741329	1,588402
33,744107	1,583799
33,746885	1,580511
33,749662	1,592676
33,752440	1,620294
33,755218	1,645610
33,757996	1,654158
33,760773	1,646596
33,763551	1,639692
33,766329	1,645610
33,769107	1,665337
33,771884	1,683420
33,774662	1,690324
33,777440	1,680461
33,780218	1,672241
33,782995	1,676187
33,785773	1,693283
33,788551	1,715969
33,791329	1,726819
33,794106	1,720572
33,796884	1,728134
33,799662	1,757067
33,802440	1,800138
33,805217	1,842551
33,807995	1,862606
33,810773	1,864250
33,813551	1,867867
33,816328	1,887923
33,819106	1,922774
33,821884	1,955323
33,824662	1,965844
33,827439	1,956309
33,830217	1,939870
33,832995	1,933952
33,835773	1,933295
33,838550	1,930007
33,841328	1,908307
33,844106	1,872799
33,846884	1,836961
33,849661	1,810988
33,852439	1,794220
33,855217	1,775808
33,857995	1,735696
33,860772	1,675858
33,863550	1,608786
33,866328	1,555524
33,869106	1,522974
33,871883	1,499630
33,874661	1,464122
33,877439	1,425326
33,880217	1,390146
33,882994	1,383570
33,885772	1,397708
33,888550	1,419408
33,891328	1,425983
33,894105	1,417106
33,896883	1,404941
33,899661	1,407571
33,902439	1,424997
33,905216	1,441107
33,907994	1,447025
33,910772	1,433216
33,913550	1,423353
33,916328	1,422038
33,919105	1,437162
33,921883	1,448340
33,924661	1,451957
33,927439	1,436504
33,930216	1,426641
33,932994	1,431901
33,935772	1,448669
33,938550	1,469383
33,941327	1,472670
33,944105	1,460177
33,946883	1,442422
33,949661	1,446039
33,952438	1,457218
33,955216	1,477602
33,957994	1,479246
33,960771	1,471026
33,963549	1,458861
33,966327	1,460505
33,969105	1,471355
33,971882	1,485493
33,974660	1,486808
33,977438	1,469054
33,980216	1,460177
33,982993	1,462807
33,985771	1,481876
33,988549	1,499959
33,991327	1,505549
33,994104	1,488781
33,996882	1,476287
33,999660	1,476945
34,002438	1,492397
34,005215	1,507521
34,007993	1,508836
34,010771	1,497329
34,013549	1,485822
34,016326	1,488123
34,019104	1,501274
34,021882	1,522316
34,024660	1,521659
34,027437	1,510480
34,030215	1,497658
34,032993	1,500617
34,035771	1,513768
34,038548	1,529878
34,041326	1,527248
34,044104	1,513439
34,046882	1,499630
34,049659	1,503576
34,052437	1,522645
34,055215	1,538427
34,057993	1,539742
34,060770	1,527577
34,063548	1,518700
34,066326	1,518042
34,069104	1,532180
34,071881	1,545331
34,074659	1,549277
34,077437	1,533495
34,080215	1,521001
34,082992	1,521330
34,085770	1,537112
34,088548	1,553880
34,091326	1,555524
34,094103	1,545331
34,096881	1,532838
34,099659	1,537769
34,102437	1,549605
34,105214	1,566045
34,107992	1,565387
34,110770	1,549605
34,113548	1,531851
34,116325	1,533824
34,119103	1,547962
34,121881	1,566045
34,124659	1,571634
34,127436	1,556510
34,130214	1,546975
34,132992	1,548290
34,135770	1,562757
34,138548	1,577881
34,141325	1,581169
34,144103	1,564072
34,146881	1,552236
34,149659	1,552236
34,152436	1,568017
34,155214	1,584456
34,157992	1,587087
34,160770	1,574264
34,163547	1,562428
34,166325	1,567360
34,169103	1,579196
34,171881	1,594977
34,174658	1,592018
34,177436	1,579196
34,180214	1,565058
34,182991	1,569332
34,185769	1,584785
34,188547	1,601882
34,191325	1,601882
34,194102	1,586429
34,196880	1,574593
34,199658	1,572620
34,202436	1,588073
34,205213	1,602211
34,207991	1,601553
34,210769	1,587087
34,213547	1,574593
34,216324	1,576237
34,219102	1,612074
34,221880	1,663364
34,224658	1,711038
34,227435	1,748848
34,230213	1,781068
34,232991	1,817563
34,235769	1,854716
34,238546	1,885950
34,241324	1,898444
34,244102	1,895813
34,246880	1,887594
34,249657	1,889895
34,252435	1,897457
34,255213	1,900416
34,257991	1,885292
34,260768	1,847154
34,263546	1,805398
34,266324	1,771862
34,269102	1,747532
34,271879	1,726490
34,274657	1,691968
34,277435	1,640349
34,280213	1,597279
34,282990	1,573935
34,285768	1,569332
34,288546	1,572620
34,291324	1,564729
34,294101	1,545989
34,296879	1,531851
34,299657	1,534810
34,302435	1,550263
34,305212	1,567688
34,307990	1,567360
34,310768	1,552236
34,313546	1,536125
34,316323	1,535139
34,319101	1,545331
34,321879	1,562428
34,324657	1,565387
34,327434	1,554208
34,330212	1,545660
34,332990	1,549277
34,335768	1,566702
34,338545	1,585443
34,341323	1,585443
34,344101	1,567688
34,346879	1,542372
34,349656	1,523303
34,352434	1,510809
34,355212	1,505549
34,357990	1,502590
34,360768	1,544674
34,363545	1,673228
34,366323	1,897786
34,369101	2,240706
34,371879	2,646096
34,374656	3,041622
34,377434	3,194177
34,380212	3,198122
34,382990	3,199437
34,385767	3,198122
34,388545	3,195163
34,391323	3,184313
34,394101	2,945946
34,396878	2,389974
34,399656	1,794877
34,402434	1,326033
34,405212	1,067939
34,407989	0,983442
34,410767	1,013361
34,413545	1,100489
34,416322	1,205370
34,419100	1,311567
34,421878	1,395735
34,424656	1,441765
34,427433	1,452286
34,430211	1,447683
34,432989	1,450313
34,435767	1,463136
34,438544	1,481547
34,441322	1,484178
34,444100	1,475958
34,446878	1,465108
34,449655	1,472342
34,452433	1,490753
34,455211	1,512782
34,457989	1,515412
34,460766	1,501274
34,463544	1,490096
34,466322	1,495028
34,469100	1,511795
34,471877	1,531851
34,474655	1,541057
34,477433	1,534481
34,480211	1,536125
34,482988	1,551249
34,485766	1,574593
34,488544	1,599580
34,491322	1,610759
34,494099	1,604183
34,496877	1,603855
34,499655	1,614047
34,502433	1,636404
34,505210	1,659419
34,507988	1,665666
34,510766	1,657117
34,513544	1,648898
34,516321	1,657117
34,519099	1,674543
34,521877	1,697558
34,524655	1,704462
34,527432	1,696900
34,530210	1,688352
34,532988	1,694270
34,535766	1,708407
34,538543	1,728463
34,541321	1,741943
34,544099	1,750820
34,546877	1,769890
34,549654	1,803754
34,552432	1,841893
34,555210	1,876086
34,557988	1,890553
34,560765	1,890224
34,563543	1,895813
34,566321	1,916198
34,569099	1,942829
34,571876	1,962556
34,574654	1,964529
34,577432	1,946775
34,580210	1,925075
34,582988	1,913568
34,585765	1,912253
34,588543	1,907978
34,591321	1,886936
34,594099	1,846167
34,596876	1,800466
34,599654	1,768575
34,602432	1,743587
34,605210	1,716956
34,607987	1,667967
34,610765	1,607142
34,613543	1,542372
34,616321	1,498315
34,619098	1,474314
34,621876	1,455245
34,624654	1,434860
34,627432	1,404941
34,630209	1,391461
34,632987	1,390804
34,635765	1,410202
34,638542	1,428942
34,641320	1,435847
34,644098	1,422695
34,646876	1,411188
34,649653	1,412832
34,652431	1,426641
34,655209	1,443080
34,657987	1,441765
34,660764	1,429271
34,663542	1,418092
34,666320	1,425983
34,669098	1,441436
34,671875	1,462149
34,674653	1,460177
34,677431	1,448012
34,680209	1,433545
34,682986	1,438477
34,685764	1,450642
34,688542	1,467081
34,691320	1,468067
34,694097	1,455574
34,696875	1,446368
34,699653	1,447025
34,702431	1,466095
34,705208	1,482205
34,707986	1,487466
34,710764	1,472013
34,713542	1,463464
34,716319	1,462478
34,719097	1,477273
34,721875	1,490096
34,724653	1,490096
34,727430	1,477273
34,730208	1,466752
34,732986	1,472999
34,735764	1,489438
34,738541	1,505549
34,741319	1,503576
34,744097	1,493055
34,746875	1,480232
34,749652	1,485493
34,752430	1,498315
34,755208	1,515741
34,757986	1,515741
34,760763	1,505220
34,763541	1,494370
34,766319	1,497000
34,769097	1,510480
34,771874	1,523960
34,774652	1,525276
34,777430	1,508179
34,780208	1,496343
34,782985	1,499959
34,785763	1,517385
34,788541	1,532509
34,791319	1,533495
34,794096	1,517385
34,796874	1,505877
34,799652	1,508179
34,802430	1,523303
34,805207	1,541715
34,807985	1,541715
34,810763	1,528235
34,813541	1,516070
34,816319	1,522316
34,819096	1,536454
34,821874	1,555195
34,824652	1,553551
34,827430	1,539742
34,830207	1,523632
34,832985	1,530865
34,835763	1,546318
34,838541	1,564072
34,841318	1,562757
34,844096	1,547962
34,846874	1,537112
34,849652	1,536125
34,852429	1,552236
34,855207	1,567688
34,857985	1,569661
34,860762	1,556839
34,863540	1,544674
34,866318	1,546646
34,869096	1,563414
34,871873	1,579196
34,874651	1,581169
34,877429	1,565058
34,880207	1,551578
34,882984	1,551907
34,885762	1,566045
34,888540	1,582484
34,891318	1,580182
34,894095	1,567031
34,896873	1,554866
34,899651	1,559469
34,902429	1,572620
34,905206	1,590046
34,907984	1,591032
34,910762	1,577881
34,913540	1,564072
34,916317	1,568346
34,919095	1,584785
34,921873	1,598594
34,924651	1,597936
34,927428	1,580182
34,930206	1,568346
34,932984	1,571634
34,935762	1,587087
34,938539	1,598923
34,941317	1,599580
34,944095	1,583799
34,946873	1,572949
34,949650	1,577552
34,952428	1,595306
34,955206	1,610759
34,957984	1,612074
34,960761	1,597608
34,963539	1,589388
34,966317	1,618650
34,969095	1,674543
34,971872	1,738327
34,974650	1,788302
34,977428	1,814604
34,980206	1,831372
34,982983	1,854387
34,985761	1,883320
34,988539	1,908307
34,991317	1,916856
34,994094	1,905019
34,996872	1,889238
34,999650	1,881676
35,002428	1,879374
35,005205	1,875758
35,007983	1,851757
35,010761	1,807371
35,013539	1,761341
35,016316	1,726162
35,019094	1,702161
35,021872	1,679803
35,024650	1,644295
35,027427	1,598923
35,030205	1,564729
35,032983	1,554866
35,035761	1,557825
35,038539	1,568346
35,041316	1,562428
35,044094	1,546318
35,046872	1,531851
35,049650	1,533824
35,052427	1,550263
35,055205	1,566702
35,057983	1,562428
35,060761	1,546646
35,063538	1,533166
35,066316	1,536783
35,069094	1,552893
35,071872	1,568675
35,074649	1,571963
35,077427	1,558811
35,080205	1,548290
35,082982	1,547962
35,085760	1,562428
35,088538	1,575250
35,091316	1,574264
35,094093	1,546646
35,096871	1,506535
35,099649	1,479246
35,102427	1,477273
35,105204	1,515741
35,107982	1,598923
35,110760	1,762985
35,113538	2,024367
35,116315	2,376165
35,119093	2,798651
35,121871	3,178395
35,124649	3,194835
35,127426	3,198122
35,130204	3,197136
35,132982	3,197465
35,135760	3,192533
35,138537	3,147490
35,141315	2,763142
35,144093	2,153579
35,146871	1,573607
35,149648	1,175451
35,152426	0,995278
35,155204	0,990347
35,157982	1,063665
35,160759	1,157368
35,163537	1,248112
35,166315	1,333595
35,169093	1,409215
35,171870	1,463793
35,174648	1,473985
35,177426	1,459848
35,180204	1,443080
35,182981	1,448669
35,185759	1,463136
35,188537	1,481547
35,191315	1,485164
35,194092	1,473657
35,196870	1,466752
35,199648	1,473657
35,202426	1,496343
35,205203	1,514754
35,207981	1,515083
35,210759	1,501603
35,213537	1,493712
35,216314	1,499302
35,219092	1,521330
35,221870	1,546646
35,224648	1,555852
35,227425	1,554208
35,230203	1,552236
35,232981	1,562757
35,235759	1,586758
35,238536	1,613389
35,241314	1,617663
35,244092	1,613389
35,246870	1,606156
35,249647	1,616348
35,252425	1,641007
35,255203	1,665666
35,257981	1,670926
35,260759	1,664351
35,263536	1,656460
35,266314	1,663693
35,269092	1,681447
35,271870	1,700188
35,274647	1,704133
35,277425	1,693283
35,280203	1,684406
35,282981	1,690982
35,285758	1,717942
35,288536	1,752464
35,291314	1,779753
35,294092	1,795864
35,296869	1,810330
35,299647	1,834002
35,302425	1,862935
35,305203	1,897129
35,307980	1,912253
35,310758	1,913239
35,313536	1,918828
35,316313	1,930993
35,319091	1,951378
35,321869	1,968146
35,324647	1,964200
35,327424	1,939542
35,330202	1,910609
35,332980	1,892197
35,335758	1,884964
35,338535	1,873127
35,341313	1,840578
35,344091	1,792247
35,346869	1,743258
35,349646	1,710709
35,352424	1,686708
35,355202	1,652843
35,357980	1,602539
35,360757	1,533824
35,363535	1,475629
35,366313	1,435847
35,369091	1,425326
35,371868	1,421709
35,374646	1,412174
35,377424	1,400996
35,380202	1,393434
35,382979	1,401653
35,385757	1,419408
35,388535	1,437491
35,391313	1,435518
35,394090	1,423682
35,396868	1,408558
35,399646	1,414476
35,402424	1,428942
35,405201	1,448012
35,407979	1,446697
35,410757	1,433874
35,413535	1,422695
35,416312	1,426970
35,419090	1,446039
35,421868	1,459190
35,424646	1,458204
35,427423	1,441436
35,430201	1,432230
35,432979	1,435189
35,435757	1,455245
35,438534	1,469383
35,441312	1,471684
35,444090	1,456889
35,446868	1,448012
35,449645	1,452286
35,452423	1,469383
35,455201	1,485164
35,457979	1,483520
35,460756	1,467081
35,463534	1,455245
35,466312	1,462149
35,469090	1,476616
35,471867	1,495028
35,474645	1,497000
35,477423	1,485493
35,480201	1,471355
35,482978	1,477931
35,485756	1,492397
35,488534	1,507850
35,491312	1,506535
35,494090	1,489438
35,496867	1,481219
35,499645	1,484835
35,502423	1,503247
35,505201	1,518700
35,507978	1,522316
35,510756	1,506535
35,513534	1,497329
35,516312	1,499959
35,519089	1,514097
35,521867	1,530536
35,524645	1,527906
35,527423	1,512124
35,530200	1,500946
35,532978	1,505877
35,535756	1,520015
35,538533	1,539413
35,541311	1,535139
35,544089	1,521988
35,546867	1,507850
35,549644	1,511467
35,552422	1,525276
35,555200	1,541386
35,557978	1,538098
35,560755	1,525604
35,563533	1,517056
35,566311	1,521001
35,569089	1,540071
35,571866	1,556510
35,574644	1,555524
35,577422	1,539413
35,580200	1,530207
35,582977	1,531522
35,585755	1,548948
35,588533	1,562099
35,591311	1,563414
35,594088	1,548948
35,596866	1,538427
35,599644	1,541715
35,602422	1,559469
35,605199	1,573607
35,607977	1,569990
35,610755	1,555195
35,613533	1,540400
35,616310	1,545660
35,619088	1,559798
35,621866	1,575250
35,624644	1,572949
35,627421	1,559469
35,630199	1,545002
35,632977	1,548948
35,635755	1,565716
35,638532	1,582484
35,641310	1,582484
35,644088	1,568017
35,646866	1,555195
35,649643	1,556510
35,652421	1,572949
35,655199	1,589059
35,657977	1,590703
35,660754	1,573935
35,663532	1,561770
35,666310	1,566045
35,669088	1,580840
35,671865	1,596950
35,674643	1,598923
35,677421	1,583141
35,680199	1,570648
35,682976	1,574264
35,685754	1,587087
35,688532	1,601224
35,691310	1,598594
35,694087	1,583470
35,696865	1,572291
35,699643	1,578867
35,702421	1,593991
35,705198	1,610759
35,707976	1,607142
35,710754	1,608786
35,713532	1,632787
35,716310	1,683091
35,719087	1,748848
35,721865	1,809672
35,724643	1,844852
35,727421	1,855044
35,730198	1,859976
35,732976	1,874443
35,735754	1,898444
35,738532	1,919157
35,741309	1,918828
35,744087	1,899430
35,746865	1,876744
35,749643	1,865565
35,752420	1,859319
35,755198	1,847811
35,757976	1,812631
35,760753	1,758382
35,763531	1,705777
35,766309	1,669282
35,769087	1,643966
35,771864	1,624568
35,774642	1,600238
35,777420	1,571634
35,780198	1,548948
35,782975	1,543030
35,785753	1,554537
35,788531	1,563086
35,791309	1,559140
35,794086	1,542701
35,796864	1,531522
35,799642	1,536783
35,802420	1,552236
35,805197	1,564729
35,807975	1,564401
35,810753	1,549934
35,813531	1,540400
35,816308	1,545660
35,819086	1,561442
35,821864	1,577552
35,824642	1,574593
35,827419	1,556510
35,830197	1,541386
35,832975	1,546975
35,835753	1,562428
35,838530	1,575579
35,841308	1,558154
35,844086	1,512782
35,846864	1,474314
35,849641	1,471026
35,852419	1,535797
35,855197	1,675200
35,857975	1,886608
35,860752	2,191389
35,863530	2,556667
35,866308	2,958440
35,869086	3,191875
35,871863	3,196478
35,874641	3,197465
35,877419	3,196807
35,880197	3,196478
35,882974	3,188588
35,885752	3,017949
35,888530	2,512939
35,891308	1,902389
35,894085	1,375680
35,896863	1,060377
35,899641	0,953194
35,902419	0,999881
35,905196	1,116270
35,907974	1,223125
35,910752	1,304991
35,913530	1,362199
35,916307	1,408887
35,919085	1,448340
35,921863	1,471684
35,924641	1,471684
35,927418	1,455574
35,930196	1,445053
35,932974	1,449327
35,935752	1,473328
35,938530	1,493384
35,941307	1,497000
35,944085	1,485822
35,946863	1,478917
35,949641	1,486150
35,952418	1,501274
35,955196	1,517714
35,957974	1,517385
35,960752	1,509823
35,963529	1,505220
35,966307	1,520015
35,969085	1,543687
35,971863	1,568675
35,974640	1,574922
35,977418	1,568017
35,980196	1,562757
35,982973	1,575250
35,985751	1,597279
35,988529	1,623581
35,991307	1,632787
35,994084	1,626212
35,996862	1,626212
35,999640	1,639034
36,002418	1,662049
36,005195	1,682105
36,007973	1,685393
36,010751	1,671255
36,013529	1,664022
36,016306	1,671913
36,019084	1,693612
36,021862	1,713997
36,024640	1,716956
36,027417	1,706106
36,030195	1,700517
36,032973	1,713997
36,035751	1,749505
36,038528	1,794548
36,041306	1,821837
36,044084	1,830057
36,046862	1,835317
36,049639	1,853729
36,052417	1,886279
36,055195	1,922116
36,057973	1,936911
36,060750	1,937240
36,063528	1,930993
36,066306	1,934610
36,069084	1,948090
36,071861	1,957953
36,074639	1,942172
36,077417	1,908965
36,080195	1,877073
36,082972	1,858332
36,085750	1,845510
36,088528	1,826440
36,091306	1,789945
36,094083	1,740299
36,096861	1,687365
36,099639	1,645939
36,102417	1,611417
36,105194	1,575908
36,107972	1,527248
36,110750	1,473657
36,113528	1,425654
36,116305	1,407243
36,119083	1,402311
36,121861	1,414476
36,124639	1,414147
36,127416	1,408229
36,130194	1,398366
36,132972	1,407571
36,135750	1,423353
36,138527	1,439135
36,141305	1,436833
36,144083	1,420723
36,146861	1,409873
36,149638	1,413489
36,152416	1,433545
36,155194	1,449656
36,157972	1,452943
36,160749	1,437491
36,163527	1,426312
36,166305	1,428942
36,169083	1,447683
36,171861	1,466095
36,174638	1,467739
36,177416	1,452943
36,180194	1,442094
36,182972	1,448998
36,185749	1,465108
36,188527	1,482863
36,191305	1,480232
36,194083	1,464122
36,196860	1,450642
36,199638	1,456560
36,202416	1,470698
36,205193	1,491740
36,207971	1,489438
36,210749	1,475958
36,213527	1,465437
36,216304	1,470698
36,219082	1,489109
36,221860	1,503905
36,224638	1,502261
36,227415	1,483849
36,230193	1,472999
36,232971	1,475958
36,235749	1,494041
36,238526	1,510152
36,241304	1,509494
36,244082	1,495356
36,246860	1,485164
36,249637	1,490096
36,252415	1,508836
36,255193	1,525276
36,257971	1,519357
36,260748	1,506535
36,263526	1,492726
36,266304	1,498644
36,269082	1,514426
36,271859	1,531522
36,274637	1,526591
36,277415	1,516070
36,280193	1,502590
36,282970	1,508508
36,285748	1,524618
36,288526	1,538098
36,291304	1,536454
36,294081	1,518371
36,296859	1,510809
36,299637	1,516398
36,302415	1,534810
36,305192	1,547633
36,307970	1,547633
36,310748	1,531522
36,313526	1,522316
36,316303	1,524947
36,319081	1,540728
36,321859	1,556510
36,324637	1,553222
36,327414	1,538098
36,330192	1,526919
36,332970	1,534481
36,335748	1,549605
36,338525	1,566373
36,341303	1,563086
36,344081	1,548290
36,346859	1,535139
36,349636	1,542043
36,352414	1,557167
36,355192	1,573278
36,357970	1,569990
36,360747	1,553551
36,363525	1,543359
36,366303	1,549605
36,369081	1,569332
36,371858	1,583470
36,374636	1,579525
36,377414	1,561442
36,380192	1,554537
36,382969	1,557825
36,385747	1,572291
36,388525	1,585771
36,391303	1,582155
36,394081	1,567031
36,396858	1,555852
36,399636	1,560455
36,402414	1,577552
36,405192	1,593005
36,407969	1,587087
36,410747	1,571634
36,413525	1,559469
36,416303	1,563414
36,419080	1,580182
36,421858	1,595635
36,424636	1,589059
36,427414	1,575250
36,430191	1,565058
36,432969	1,572620
36,435747	1,590046
36,438524	1,602211
36,441302	1,599580
36,444080	1,582155
36,446858	1,570319
36,449635	1,574264
36,452413	1,591690
36,455191	1,610430
36,457969	1,634431
36,460746	1,660405
36,463524	1,698544
36,466302	1,752793
36,469080	1,810330
36,471857	1,854716
36,474635	1,872799
36,477413	1,871155
36,480191	1,870826
36,482968	1,885621
36,485746	1,901732
36,488524	1,911924
36,491302	1,903047
36,494079	1,876415
36,496857	1,848469
36,499635	1,830386
36,502413	1,815262
36,505190	1,797836
36,507968	1,757725
36,510746	1,700517
36,513524	1,650870
36,516301	1,620294
36,519079	1,606485
36,521857	1,598923
36,524635	1,583141
36,527412	1,554537
36,530190	1,536454
36,532968	1,537769
36,535746	1,550263
36,538523	1,563086
36,541301	1,559798
36,544079	1,544345
36,546857	1,536125
36,549634	1,543359
36,552412	1,558811
36,555190	1,575250
36,557968	1,571634
36,560745	1,556839
36,563523	1,545660
36,566301	1,551578
36,569079	1,569332
36,571856	1,584128
36,574634	1,581497
36,577412	1,565387
36,580190	1,554537
36,582967	1,555852
36,585745	1,559140
36,588523	1,550263
36,591301	1,516070
36,594078	1,480890
36,596856	1,482863
36,599634	1,561442
36,602412	1,751149
36,605189	2,022724
36,607967	2,360383
36,610745	2,749334
36,613523	3,123817
36,616301	3,194177
36,619078	3,198451
36,621856	3,200095
36,624634	3,198451
36,627412	3,194506
36,630189	3,164258
36,632967	2,824954
36,635745	2,245309
36,638523	1,673885
36,641300	1,241865
36,644078	1,007772
36,646856	0,958784
36,649634	1,031773
36,652411	1,159670
36,655189	1,277045
36,657967	1,356939
36,660744	1,399681
36,663522	1,426312
36,666300	1,446368
36,669078	1,466423
36,671855	1,479904
36,674633	1,478260
36,677411	1,465108
36,680189	1,457875
36,682966	1,471026
36,685744	1,490096
36,688522	1,507521
36,691300	1,506206
36,694077	1,492397
36,696855	1,481876
36,699633	1,489109
36,702411	1,509494
36,705188	1,530536
36,707966	1,533166
36,710744	1,524947
36,713522	1,523960
36,716299	1,539084
36,719077	1,568017
36,721855	1,590046
36,724633	1,593005
36,727410	1,583470
36,730188	1,585114
36,732966	1,596950
36,735744	1,620622
36,738521	1,641007
36,741299	1,643637
36,744077	1,635746
36,746855	1,635418
36,749632	1,647254
36,752410	1,670269
36,755188	1,688680
36,757966	1,686708
36,760743	1,674214
36,763521	1,667310
36,766299	1,678488
36,769077	1,699530
36,771854	1,722216
36,774632	1,721230
36,777410	1,713010
36,780188	1,718928
36,782965	1,748848
36,785743	1,793891
36,788521	1,834331
36,791299	1,853400
36,794076	1,856031
36,796854	1,861949
36,799632	1,882991
36,802410	1,918499
36,805187	1,950063
36,807965	1,956967
36,810743	1,947761
36,813521	1,937240
36,816298	1,935925
36,819076	1,940199
36,821854	1,938884
36,824632	1,916527
36,827409	1,880361
36,830187	1,846167
36,832965	1,823810
36,835743	1,808028
36,838521	1,786986
36,841298	1,746217
36,844076	1,688023
36,846854	1,624568
36,849632	1,578867
36,852409	1,543359
36,855187	1,509823
36,857965	1,468067
36,860743	1,423024
36,863520	1,393105
36,866298	1,387844
36,869076	1,404284
36,871854	1,420065
36,874631	1,422367
36,877409	1,406585
36,880187	1,402640
36,882964	1,409215
36,885742	1,429271
36,888520	1,443737
36,891298	1,439792
36,894075	1,422038
36,896853	1,412503
36,899631	1,417764
36,902409	1,433545
36,905186	1,450642
36,907964	1,445710
36,910742	1,435847
36,913520	1,425654
36,916297	1,433545
36,919075	1,449656
36,921853	1,466423
36,924631	1,460177
36,927408	1,447025
36,930186	1,438148
36,932964	1,445381
36,935742	1,463464
36,938519	1,476616
36,941297	1,472670
36,944075	1,458861
36,946853	1,452943
36,949630	1,459848
36,952408	1,479904
36,955186	1,489438
36,957964	1,487466
36,960741	1,473328
36,963519	1,468396
36,966297	1,475629
36,969075	1,493055
36,971852	1,503905
36,974630	1,497987
36,977408	1,483849
36,980186	1,472999
36,982963	1,483191
36,985741	1,499959
36,988519	1,517056
36,991297	1,509823
36,994074	1,496343
36,996852	1,481219
36,999630	1,489109
37,002408	1,503905
37,005185	1,521001
37,007963	1,520344
37,010741	1,506206
37,013519	1,496671
37,016296	1,501603
37,019074	1,516727
37,021852	1,525933
37,024630	1,523303
37,027407	1,506535
37,030185	1,500288
37,032963	1,507521
37,035741	1,525604
37,038518	1,540728
37,041296	1,540071
37,044074	1,522974
37,046852	1,514426
37,049629	1,520344
37,052407	1,534481
37,055185	1,550921
37,057963	1,545002
37,060740	1,531522
37,063518	1,520015
37,066296	1,525933
37,069074	1,539742
37,071852	1,555195
37,074629	1,547962
37,077407	1,533166
37,080185	1,525276
37,082963	1,529878
37,085740	1,545660
37,088518	1,557167
37,091296	1,551249
37,094074	1,535797
37,096851	1,528235
37,099629	1,537769
37,102407	1,558154
37,105184	1,568675
37,107962	1,568675
37,110740	1,550921
37,113518	1,540400
37,116295	1,545989
37,119073	1,563414
37,121851	1,576566
37,124629	1,572949
37,127406	1,558154
37,130184	1,545660
37,132962	1,552564
37,135740	1,570319
37,138517	1,585443
37,141295	1,579853
37,144073	1,568675
37,146851	1,554866
37,149628	1,562099
37,152406	1,578210
37,155184	1,593991
37,157962	1,586758
37,160739	1,569332
37,163517	1,561113
37,166295	1,568675
37,169073	1,588073
37,171850	1,601882
37,174628	1,599252
37,177406	1,581497
37,180184	1,571634
37,182961	1,577881
37,185739	1,595635
37,188517	1,609773
37,191295	1,605827
37,194072	1,589059
37,196850	1,579525
37,199628	1,587744
37,202406	1,616348
37,205183	1,665666
37,207961	1,704791
37,210739	1,738655
37,213517	1,775808
37,216294	1,820193
37,219072	1,861620
37,221850	1,890553
37,224628	1,898115
37,227405	1,890882
37,230183	1,888909
37,232961	1,896471
37,235739	1,906006
37,238516	1,908307
37,241294	1,889567
37,244072	1,853400
37,246850	1,816906
37,249627	1,789617
37,252405	1,769890
37,255183	1,746875
37,257961	1,702161
37,260738	1,648569
37,263516	1,605827
37,266294	1,582812
37,269072	1,579196
37,271849	1,580840
37,274627	1,565058
37,277405	1,543359
37,280183	1,531851
37,282960	1,535797
37,285738	1,550263
37,288516	1,565387
37,291294	1,560784
37,294072	1,548619
37,296849	1,541715
37,299627	1,546318
37,302405	1,561770
37,305183	1,572291
37,307960	1,567360
37,310738	1,553222
37,313516	1,543030
37,316294	1,549934
37,319071	1,570319
37,321849	1,582812
37,324627	1,578867
37,327405	1,564401
37,330182	1,551578
37,332960	1,540400
37,335738	1,526591
37,338515	1,508508
37,341293	1,487466
37,344071	1,512453
37,346849	1,614704
37,349626	1,825125
37,352404	2,151606
37,355182	2,530693
37,357960	2,926548
37,360737	3,190889
37,363515	3,197136
37,366293	3,198780
37,369071	3,198451
37,371848	3,196807
37,374626	3,189574
37,377404	3,050170
37,380182	2,566859
37,382959	1,964200
37,385737	1,447354
37,388515	1,124490
37,391293	0,985744
37,394070	0,985415
37,396848	1,068268
37,399626	1,183342
37,402404	1,296443
37,405181	1,385214
37,407959	1,432230
37,410737	1,443080
37,413515	1,443080
37,416292	1,449984
37,419070	1,466423
37,421848	1,480232
37,424626	1,476945
37,427403	1,467410
37,430181	1,461821
37,432959	1,470369
37,435737	1,491082
37,438514	1,508179
37,441292	1,505549
37,444070	1,493712
37,446848	1,489438
37,449625	1,497987
37,452403	1,519357
37,455181	1,535468
37,457959	1,536783
37,460736	1,532180
37,463514	1,535139
37,466292	1,551249
37,469070	1,576894
37,471847	1,595964
37,474625	1,599909
37,477403	1,596950
37,480181	1,595635
37,482958	1,613060
37,485736	1,636404
37,488514	1,658104
37,491292	1,660734
37,494069	1,652843
37,496847	1,645939
37,499625	1,656131
37,502403	1,674214
37,505180	1,692297
37,507958	1,692626
37,510736	1,680790
37,513514	1,675858
37,516292	1,686379
37,519069	1,708079
37,521847	1,727477
37,524625	1,735039
37,527403	1,738984
37,530180	1,759697
37,532958	1,794548
37,535736	1,835975
37,538514	1,868524
37,541291	1,879703
37,544069	1,881676
37,546847	1,892526
37,549625	1,917184
37,552402	1,946775
37,555180	1,964858
37,557958	1,962556
37,560735	1,946775
37,563513	1,928363
37,566291	1,919815
37,569069	1,918171
37,571846	1,913568
37,574624	1,887265
37,577402	1,844523
37,580180	1,804083
37,582957	1,777123
37,585735	1,756738
37,588513	1,726819
37,591291	1,678159
37,594068	1,612403
37,596846	1,553880
37,599624	1,511795
37,602402	1,489109
37,605179	1,464780
37,607957	1,430915
37,610735	1,396393
37,613513	1,382584
37,616290	1,389817
37,619068	1,408887
37,621846	1,428285
37,624624	1,427298
37,627401	1,416777
37,630179	1,409544
37,632957	1,417764
37,635735	1,434203
37,638512	1,448669
37,641290	1,442422
37,644068	1,428613
37,646846	1,417764
37,649623	1,426641
37,652401	1,442422
37,655179	1,454587
37,657957	1,449984
37,660734	1,435189
37,663512	1,428285
37,666290	1,434532
37,669068	1,452615
37,671845	1,462807
37,674623	1,462149
37,677401	1,448012
37,680179	1,441765
37,682956	1,448669
37,685734	1,469054
37,688512	1,482534
37,691290	1,479246
37,694067	1,464122
37,696845	1,455902
37,699623	1,465766
37,702401	1,481876
37,705178	1,498315
37,707956	1,490425
37,710734	1,474972
37,713512	1,462478
37,716289	1,473657
37,719067	1,492397
37,721845	1,507850
37,724623	1,502261
37,727400	1,487137
37,730178	1,479904
37,732956	1,487137
37,735734	1,502918
37,738512	1,516070
37,741289	1,514097
37,744067	1,497000
37,746845	1,491740
37,749623	1,497329
37,752400	1,515412
37,755178	1,526262
37,757956	1,522645
37,760734	1,503905
37,763511	1,497987
37,766289	1,502261
37,769067	1,519686
37,771845	1,531194
37,774622	1,523632
37,777400	1,512453
37,780178	1,506206
37,782955	1,515412
37,785733	1,530536
37,788511	1,546646
37,791289	1,537112
37,794066	1,524618
37,796844	1,517714
37,799622	1,527577
37,802400	1,545989
37,805177	1,558811
37,807955	1,550592
37,810733	1,537112
37,813511	1,531522
37,816288	1,535797
37,819066	1,553222
37,821844	1,563743
37,824622	1,561113
37,827399	1,543359
37,830177	1,538756
37,832955	1,543359
37,835733	1,561113
37,838510	1,572291
37,841288	1,567688
37,844066	1,553551
37,846844	1,545660
37,849621	1,557167
37,852399	1,571305
37,855177	1,581826
37,857955	1,571634
37,860732	1,556510
37,863510	1,546318
37,866288	1,551907
37,869066	1,567360
37,871843	1,581497
37,874621	1,576566
37,877399	1,560784
37,880177	1,553551
37,882954	1,559140
37,885732	1,574922
37,888510	1,584785
37,891288	1,582155
37,894065	1,565387
37,896843	1,558811
37,899621	1,564401
37,902399	1,582155
37,905176	1,594649
37,907954	1,588731
37,910732	1,569661
37,913510	1,563086
37,916287	1,571963
37,919065	1,589717
37,921843	1,605498
37,924621	1,600238
37,927398	1,585443
37,930176	1,574264
37,932954	1,579853
37,935732	1,592347
37,938509	1,604512
37,941287	1,597936
37,944065	1,584128
37,946843	1,579853
37,949620	1,608786
37,952398	1,663035
37,955176	1,722874
37,957954	1,769232
37,960731	1,796192
37,963509	1,818878
37,966287	1,847154
37,969065	1,877730
37,971843	1,903047
37,974620	1,908965
37,977398	1,898444
37,980176	1,888580
37,982954	1,886936
37,985731	1,889895
37,988509	1,883648
37,991287	1,852085
37,994065	1,804083
37,996842	1,761013
37,999620	1,731751
38,002398	1,712353
38,005175	1,688023
38,007953	1,645281
38,010731	1,597279
38,013509	1,563743
38,016286	1,556839
38,019064	1,563086
38,021842	1,568346
38,024620	1,561442
38,027397	1,542043
38,030175	1,530865
38,032953	1,540728
38,035731	1,554537
38,038508	1,565716
38,041286	1,561442
38,044064	1,542701
38,046842	1,536783
38,049619	1,546318
38,052397	1,562428
38,055175	1,573935
38,057953	1,570319
38,060730	1,555852
38,063508	1,550921
38,066286	1,559469
38,069064	1,574593
38,071841	1,586429
38,074619	1,577552
38,077397	1,548619
38,080175	1,518042
38,082952	1,494370
38,085730	1,488123
38,088508	1,508836
38,091286	1,568675
38,094063	1,711038
38,096841	1,945131
38,099619	2,287065
38,102397	2,704619
38,105174	3,106721
38,107952	3,195821
38,110730	3,197465
38,113508	3,198780
38,116285	3,198122
38,119063	3,194835
38,121841	3,179053
38,124619	2,898272
38,127396	2,315669
38,130174	1,720901
38,132952	1,269154
38,135730	1,038678
38,138507	0,989360
38,141285	1,039006
38,144063	1,129750
38,146841	1,223453
38,149618	1,317156
38,152396	1,399352
38,155174	1,451628
38,157952	1,463793
38,160729	1,452943
38,163507	1,443080
38,166285	1,447025
38,169063	1,466095
38,171840	1,479575
38,174618	1,479904
38,177396	1,471026
38,180174	1,469711
38,182951	1,481876
38,185729	1,503905
38,188507	1,516070
38,191285	1,510480
38,194063	1,495685
38,196840	1,490753
38,199618	1,504562
38,202396	1,526262
38,205174	1,545989
38,207951	1,551578
38,210729	1,549277
38,213507	1,549277
38,216285	1,562428
38,219062	1,584456
38,221840	1,607142
38,224618	1,610101
38,227396	1,601224
38,230173	1,603526
38,232951	1,617663
38,235729	1,643308
38,238506	1,663364
38,241284	1,664022
38,244062	1,653501
38,246840	1,653501
38,249617	1,664022
38,252395	1,686379
38,255173	1,700188
38,257951	1,700188
38,260728	1,687037
38,263506	1,684077
38,266284	1,694599
38,269062	1,717942
38,271839	1,746875
38,274617	1,763314
38,277395	1,778438
38,280173	1,800466
38,282950	1,831043
38,285728	1,867867
38,288506	1,896142
38,291284	1,904362
38,294061	1,908307
38,296839	1,916198
38,299617	1,935925
38,302395	1,955323
38,305172	1,968146
38,307950	1,959268
38,310728	1,933623
38,313506	1,908636
38,316283	1,897457
38,319061	1,894827
38,321839	1,881676
38,324617	1,846825
38,327394	1,797836
38,330172	1,754108
38,332950	1,725504
38,335728	1,702161
38,338505	1,663693
38,341283	1,604841
38,344061	1,536454
38,346839	1,480890
38,349616	1,452943
38,352394	1,437491
38,355172	1,428942
38,357950	1,407571
38,360727	1,390146
38,363505	1,385543
38,366283	1,401982
38,369061	1,420394
38,371838	1,435189
38,374616	1,428613
38,377394	1,414805
38,380172	1,407571
38,382949	1,415462
38,385727	1,433216
38,388505	1,444066
38,391283	1,442094
38,394060	1,428285
38,396838	1,426970
38,399616	1,436833
38,402394	1,456560
38,405171	1,465437
38,407949	1,458533
38,410727	1,438806
38,413505	1,432888
38,416283	1,441765
38,419060	1,459190
38,421838	1,473328
38,424616	1,467739
38,427394	1,454259
38,430171	1,448012
38,432949	1,460177
38,435727	1,476945
38,438505	1,491740
38,441282	1,480561
38,444060	1,465766
38,446838	1,460505
38,449616	1,470698
38,452393	1,488781
38,455171	1,499302
38,457949	1,491411
38,460726	1,475958
38,463504	1,471355
38,466282	1,478588
38,469060	1,498973
38,471837	1,510152
38,474615	1,505549
38,477393	1,485822
38,480171	1,479575
38,482948	1,488123
38,485726	1,508508
38,488504	1,519686
38,491282	1,511138
38,494059	1,496014
38,496837	1,490753
38,499615	1,500946
38,502393	1,517714
38,505170	1,529878
38,507948	1,520015
38,510726	1,506535
38,513504	1,498644
38,516281	1,508179
38,519059	1,527906
38,521837	1,540071
38,524615	1,534481
38,527392	1,519357
38,530170	1,514426
38,532948	1,523632
38,535726	1,543030
38,538503	1,549934
38,541281	1,541715
38,544059	1,523960
38,546837	1,520015
38,549614	1,530207
38,552392	1,549605
38,555170	1,558154
38,557948	1,551578
38,560725	1,533166
38,563503	1,527248
38,566281	1,537440
38,569059	1,553551
38,571836	1,564729
38,574614	1,557496
38,577392	1,542372
38,580170	1,532180
38,582947	1,542701
38,585725	1,559140
38,588503	1,573607
38,591281	1,563086
38,594058	1,547304
38,596836	1,539413
38,599614	1,547962
38,602392	1,563414
38,605169	1,575579
38,607947	1,567688
38,610725	1,551578
38,613503	1,548290
38,616280	1,556839
38,619058	1,573278
38,621836	1,580182
38,624614	1,573278
38,627391	1,558154
38,630169	1,555852
38,632947	1,563743
38,635725	1,583141
38,638503	1,593005
38,641280	1,581169
38,644058	1,566702
38,646836	1,563086
38,649614	1,572620
38,652391	1,591032
38,655169	1,601882
38,657947	1,590703
38,660725	1,574922
38,663502	1,566045
38,666280	1,575250
38,669058	1,590046
38,671836	1,602868
38,674613	1,597279
38,677391	1,583799
38,680169	1,576566
38,682946	1,584128
38,685724	1,601224
38,688502	1,610430
38,691280	1,601224
38,694057	1,592676
38,696835	1,616348
38,699613	1,668625
38,702391	1,736354
38,705168	1,793891
38,707946	1,825783
38,710724	1,837619
38,713502	1,851428
38,716279	1,872799
38,719057	1,901074
38,721835	1,917842
38,724613	1,910280
38,727390	1,885621
38,730168	1,867867
38,732946	1,863264
38,735724	1,861949
38,738501	1,848469
38,741279	1,805398
38,744057	1,752793
38,746835	1,711366
38,749612	1,682434
38,752390	1,663693
38,755168	1,641665
38,757946	1,605498
38,760723	1,568675
38,763501	1,549277
38,766279	1,544674
38,769057	1,554208
38,771834	1,562099
38,774612	1,552564
38,777390	1,535139
38,780168	1,527248
38,782945	1,533495
38,785723	1,553551
38,788501	1,566702
38,791279	1,557825
38,794056	1,544345
38,796834	1,541386
38,799612	1,550921
38,802390	1,566045
38,805167	1,574922
38,807945	1,566702
38,810723	1,552893
38,813501	1,547962
38,816278	1,555195
38,819056	1,573607
38,821834	1,578538
38,824612	1,554866
38,827389	1,514754
38,830167	1,478588
38,832945	1,470698
38,835723	1,521330
38,838500	1,627198
38,841278	1,810988
38,844056	2,092425
38,846834	2,444881
38,849611	2,854544
38,852389	3,186615
38,855167	3,196150
38,857945	3,197794
38,860722	3,198122
38,863500	3,197794
38,866278	3,191547
38,869056	3,109351
38,871834	2,677988
38,874611	2,064150
38,877389	1,497000
38,880167	1,127120
38,882945	0,975880
38,885722	0,995278
38,888500	1,090296
38,891278	1,192219
38,894056	1,274743
38,896833	1,345760
38,899611	1,406585
38,902389	1,452943
38,905166	1,474643
38,907944	1,467739
38,910722	1,449656
38,913500	1,444395
38,916277	1,456560
38,919055	1,477602
38,921833	1,495028
38,924611	1,490753
38,927388	1,480232
38,930166	1,473985
38,932944	1,484835
38,935722	1,497987
38,938499	1,510152
38,941277	1,504891
38,944055	1,495028
38,946833	1,497987
38,949610	1,517056
38,952388	1,545660
38,955166	1,566702
38,957944	1,568675
38,960721	1,559798
38,963499	1,564401
38,966277	1,580182
38,969055	1,608786
38,971832	1,622924
38,974610	1,620951
38,977388	1,611417
38,980166	1,614376
38,982943	1,631143
38,985721	1,659748
38,988499	1,677831
38,991277	1,675529
38,994054	1,664351
38,996832	1,662049
38,999610	1,674214
39,002388	1,697886
39,005165	1,710380
39,007943	1,704133
39,010721	1,693612
39,013499	1,692626
39,016276	1,713339
39,019054	1,752135
39,021832	1,791589
39,024610	1,813618
39,027387	1,825125
39,030165	1,835646
39,032943	1,858661
39,035721	1,890553
39,038498	1,918828
39,041276	1,929020
39,044054	1,931980
39,046832	1,936582
39,049609	1,948419
39,052387	1,966173
39,055165	1,966830
39,057943	1,943487
39,060720	1,908965
39,063498	1,885950
39,066276	1,875758
39,069054	1,869511
39,071831	1,846825
39,074609	1,804083
39,077387	1,750163
39,080165	1,703804
39,082942	1,670926
39,085720	1,636404
39,088498	1,595306
39,091276	1,539413
39,094054	1,485164
39,096831	1,443080
39,099609	1,423682
39,102387	1,420065
39,105165	1,420065
39,107942	1,411517
39,110720	1,398694
39,113498	1,403297
39,116276	1,412174
39,119053	1,432888
39,121831	1,441765
39,124609	1,433545
39,127387	1,416777
39,130164	1,414805
39,132942	1,424339
39,135720	1,445381
39,138497	1,456560
39,141275	1,447683
39,144053	1,431901
39,146831	1,426312
39,149608	1,438806
39,152386	1,455574
39,155164	1,466423
39,157942	1,451957
39,160719	1,438806
39,163497	1,435189
39,166275	1,451299
39,169053	1,470698
39,171830	1,480561
39,174608	1,469711
39,177386	1,454587
39,180164	1,449984
39,182941	1,457546
39,185719	1,479575
39,188497	1,486479
39,191275	1,481876
39,194052	1,465437
39,196830	1,463464
39,199608	1,472670
39,202386	1,491411
39,205163	1,497329
39,207941	1,490425
39,210719	1,476287
39,213497	1,469711
39,216274	1,480232
39,219052	1,497000
39,221830	1,510152
39,224608	1,502261
39,227385	1,488781
39,230163	1,481876
39,232941	1,498973
39,235719	1,516398
39,238496	1,528563
39,241274	1,516070
39,244052	1,496671
39,246830	1,491411
39,249607	1,501603
39,252385	1,516727
39,255163	1,526919
39,257941	1,522645
39,260718	1,508179
39,263496	1,507850
39,266274	1,515412
39,269052	1,535797
39,271829	1,540071
39,274607	1,528563
39,277385	1,509494
39,280163	1,507521
39,282940	1,516070
39,285718	1,536783
39,288496	1,548290
39,291274	1,539413
39,294051	1,525276
39,296829	1,520015
39,299607	1,532180
39,302385	1,546318
39,305162	1,555524
39,307940	1,542372
39,310718	1,529221
39,313496	1,523632
39,316274	1,535468
39,319051	1,554537
39,321829	1,561770
39,324607	1,553222
39,327385	1,537769
39,330162	1,533824
39,332940	1,542701
39,335718	1,562428
39,338496	1,570319
39,341273	1,558154
39,344051	1,542372
39,346829	1,540400
39,349607	1,552564
39,352384	1,573935
39,355162	1,581169
39,357940	1,572949
39,360717	1,556510
39,363495	1,552564
39,366273	1,563743
39,369051	1,580511
39,371828	1,585443
39,374606	1,574922
39,377384	1,560455
39,380162	1,554208
39,382939	1,566045
39,385717	1,583470
39,388495	1,593005
39,391273	1,583470
39,394050	1,567360
39,396828	1,561442
39,399606	1,571634
39,402384	1,589388
39,405161	1,597279
39,407939	1,589388
39,410717	1,572949
39,413495	1,573278
39,416272	1,583141
39,419050	1,600567
39,421828	1,605827
39,424606	1,594977
39,427383	1,576566
39,430161	1,571634
39,432939	1,582155
39,435717	1,601224
39,438494	1,611417
39,441272	1,622266
39,444050	1,645610
39,446828	1,692626
39,449605	1,752793
39,452383	1,812631
39,455161	1,851428
39,457939	1,861291
39,460716	1,859976
39,463494	1,867209
39,466272	1,886936
39,469050	1,910609
39,471827	1,919815
39,474605	1,903704
39,477383	1,876415
39,480161	1,858003
39,482938	1,844523
39,485716	1,832030
39,488494	1,805069
39,491272	1,758382
39,494049	1,703476
39,496827	1,661391
39,499605	1,634760
39,502383	1,624239
39,505160	1,608129
39,507938	1,581497
39,510716	1,555195
39,513494	1,542372
39,516271	1,546318
39,519049	1,559140
39,521827	1,561770
39,524605	1,546975
39,527382	1,532509
39,530160	1,530207
39,532938	1,543687
39,535716	1,562099
39,538494	1,569332
39,541271	1,559140
39,544049	1,544345
39,546827	1,538756
39,549605	1,548290
39,552382	1,568346
39,555160	1,573607
39,557938	1,562757
39,560716	1,545660
39,563493	1,542043
39,566271	1,557496
39,569049	1,569990
39,571827	1,559140
39,574604	1,517714
39,577382	1,477602
39,580160	1,472013
39,582937	1,539084
39,585715	1,698544
39,588493	1,934281
39,591271	2,252871
39,594048	2,627026
39,596826	3,017620
39,599604	3,193191
39,602382	3,197136
39,605159	3,199109
39,607937	3,199437
39,610715	3,195821
39,613493	3,182341
39,616270	2,943973
39,619048	2,406084
39,621826	1,812631
39,624604	1,322417
39,627381	1,038678
39,630159	0,956811
39,632937	1,015334
39,635715	1,136655
39,638492	1,251400
39,641270	1,328992
39,644048	1,380282
39,646826	1,419079
39,649603	1,449327
39,652381	1,474314
39,655159	1,482205
39,657937	1,470369
39,660714	1,456889
39,663492	1,454259
39,666270	1,469711
39,669048	1,493055
39,671825	1,506206
39,674603	1,497987
39,677381	1,484835
39,680159	1,482534
39,682936	1,493055
39,685714	1,514426
39,688492	1,522974
39,691270	1,521001
39,694047	1,512124
39,696825	1,515083
39,699603	1,534810
39,702381	1,564072
39,705158	1,577223
39,707936	1,573607
39,710714	1,567360
39,713492	1,573278
39,716269	1,595306
39,719047	1,621609
39,721825	1,640021
39,724603	1,638048
39,727380	1,631143
39,730158	1,635418
39,732936	1,655145
39,735714	1,676844
39,738491	1,687694
39,741269	1,678159
39,744047	1,664022
39,746825	1,665994
39,749602	1,684077
39,752380	1,704791
39,755158	1,715969
39,757936	1,709723
39,760713	1,700845
39,763491	1,712024
39,766269	1,745560
39,769047	1,791261
39,771825	1,825125
39,774602	1,837290
39,777380	1,840578
39,780158	1,854716
39,782936	1,884635
39,785713	1,924418
39,788491	1,949405
39,791269	1,953022
39,794047	1,943158
39,796824	1,938884
39,799602	1,946117
39,802380	1,953022
39,805157	1,942501
39,807935	1,910937
39,810713	1,876086
39,813491	1,850113
39,816268	1,835317
39,819046	1,820851
39,821824	1,794548
39,824602	1,748848
39,827379	1,689338
39,830157	1,637390
39,832935	1,595964
39,835713	1,563743
39,838490	1,523960
39,841268	1,476287
39,844046	1,421709
39,846824	1,397708
39,849601	1,394420
39,852379	1,412832
39,855157	1,424011
39,857935	1,415133
39,860712	1,403955
39,863490	1,402968
39,866268	1,415462
39,869046	1,435189
39,871823	1,444724
39,874601	1,433874
39,877379	1,422367
39,880157	1,416449
39,882934	1,428613
39,885712	1,443737
39,888490	1,454916
39,891268	1,441765
39,894045	1,428613
39,896823	1,425983
39,899601	1,437819
39,902379	1,459190
39,905156	1,468725
39,907934	1,464451
39,910712	1,447683
39,913490	1,446039
39,916267	1,452286
39,919045	1,471355
39,921823	1,475301
39,924601	1,465766
39,927378	1,448998
39,930156	1,451628
39,932934	1,468067
39,935712	1,486150
39,938489	1,495685
39,941267	1,485493
39,944045	1,469054
39,946823	1,466095
39,949600	1,480232
39,952378	1,495028
39,955156	1,504233
39,957934	1,489109
39,960711	1,477273
39,963489	1,474972
39,966267	1,488781
39,969045	1,504562
39,971822	1,515741
39,974600	1,507521
39,977378	1,490425
39,980156	1,489767
39,982933	1,498315
39,985711	1,516398
39,988489	1,521330
39,991267	1,512124
39,994045	1,494041
39,996822	1,493712
39,999600	1,503576
40,002378	1,520673
40,005156	1,527577
40,007933	1,516727
40,010711	1,503247
40,013489	1,501603
40,016267	1,515083
40,019044	1,531194
40,021822	1,540071
40,024600	1,529550
40,027378	1,517714
40,030155	1,517385
40,032933	1,531851
40,035711	1,547633
40,038488	1,553551
40,041266	1,540071
40,044044	1,524947
40,046822	1,521988
40,049599	1,532838
40,052377	1,552893
40,055155	1,558154
40,057933	1,550921
40,060710	1,535139
40,063488	1,535468
40,066266	1,544345
40,069044	1,562428
40,071821	1,565387
40,074599	1,555195
40,077377	1,538427
40,080155	1,536783
40,082932	1,548290
40,085710	1,564072
40,088488	1,570976
40,091266	1,562757
40,094043	1,549934
40,096821	1,548948
40,099599	1,562099
40,102377	1,576237
40,105154	1,581826
40,107932	1,568346
40,110710	1,555195
40,113488	1,553222
40,116265	1,564401
40,119043	1,579196
40,121821	1,584456
40,124599	1,573607
40,127376	1,557167
40,130154	1,557825
40,132932	1,569661
40,135710	1,590046
40,138487	1,597279
40,141265	1,586429
40,144043	1,566702
40,146821	1,567031
40,149598	1,577881
40,152376	1,595635
40,155154	1,600895
40,157932	1,589059
40,160709	1,575908
40,163487	1,574264
40,166265	1,583799
40,169043	1,599580
40,171820	1,606814
40,174598	1,592018
40,177376	1,580182
40,180154	1,579853
40,182931	1,593005
40,185709	1,617992
40,188487	1,653501
40,191265	1,684077
40,194042	1,714983
40,196820	1,760355
40,199598	1,810659
40,202376	1,855702
40,205153	1,878059
40,207931	1,879046
40,210709	1,872470
40,213487	1,877730
40,216265	1,895485
40,219042	1,913239
40,221820	1,911595
40,224598	1,887265
40,227376	1,851428
40,230153	1,824139
40,232931	1,802110
40,235709	1,784027
40,238487	1,750492
40,241264	1,699859
40,244042	1,649884
40,246820	1,614047
40,249598	1,598594
40,252375	1,593005
40,255153	1,584456
40,257931	1,561442
40,260708	1,539413
40,263486	1,532838
40,266264	1,543030
40,269042	1,557496
40,271819	1,563414
40,274597	1,553880
40,277375	1,537769
40,280153	1,539084
40,282930	1,550921
40,285708	1,568346
40,288486	1,574264
40,291264	1,561113
40,294041	1,541715
40,296819	1,542043
40,299597	1,554866
40,302375	1,570976
40,305152	1,576894
40,307930	1,564401
40,310708	1,550263
40,313486	1,548290
40,316263	1,545331
40,319041	1,535797
40,321819	1,514426
40,324597	1,482205
40,327374	1,489767
40,330152	1,573935
40,332930	1,767917
40,335708	2,061191
40,338485	2,414304
40,341263	2,808843
40,344041	3,169518
40,346819	3,195821
40,349596	3,198780
40,352374	3,199437
40,355152	3,198122
40,357930	3,193519
40,360707	3,135654
40,363485	2,740128
40,366263	2,146017
40,369041	1,593991
40,371818	1,201754
40,374596	1,001196
40,377374	0,970620
40,380152	1,044596
40,382929	1,165588
40,385707	1,283292
40,388485	1,367789
40,391263	1,411846
40,394040	1,430586
40,396818	1,441765
40,399596	1,455902
40,402374	1,472342
40,405151	1,476287
40,407929	1,467410
40,410707	1,454916
40,413485	1,460177
40,416262	1,474972
40,419040	1,496671
40,421818	1,506535
40,424596	1,502261
40,427373	1,489438
40,430151	1,488123
40,432929	1,501603
40,435707	1,522645
40,438484	1,533166
40,441262	1,528892
40,444040	1,525933
40,446818	1,535139
40,449596	1,557167
40,452373	1,577881
40,455151	1,587415
40,457929	1,581497
40,460707	1,576566
40,463484	1,585443
40,466262	1,608129
40,469040	1,633445
40,471818	1,647911
40,474595	1,643308
40,477373	1,634103
40,480151	1,639034
40,482928	1,655802
40,485706	1,680461
40,488484	1,689996
40,491262	1,682105
40,494039	1,667638
40,496817	1,672899
40,499595	1,690982
40,502373	1,715312
40,505150	1,727806
40,507928	1,723860
40,510706	1,727806
40,513484	1,752135
40,516261	1,792247
40,519039	1,834989
40,521817	1,862606
40,524595	1,868853
40,527372	1,872470
40,530150	1,888251
40,532928	1,918499
40,535706	1,948747
40,538483	1,962885
40,541261	1,953679
40,544039	1,940199
40,546817	1,934610
40,549594	1,935596
40,552372	1,933952
40,555150	1,915540
40,557928	1,883977
40,560705	1,846167
40,563483	1,818221
40,566261	1,800138
40,569039	1,780082
40,571816	1,741943
40,574594	1,686379
40,577372	1,619307
40,580150	1,566702
40,582927	1,531194
40,585705	1,502590
40,588483	1,469711
40,591261	1,424011
40,594038	1,388173
40,596816	1,378639
40,599594	1,395735
40,602372	1,415462
40,605149	1,426970
40,607927	1,417435
40,610705	1,405599
40,613483	1,404941
40,616260	1,418092
40,619038	1,436175
40,621816	1,443409
40,624594	1,436833
40,627371	1,421051
40,630149	1,423682
40,632927	1,434860
40,635705	1,453601
40,638482	1,453930
40,641260	1,445710
40,644038	1,430257
40,646816	1,435847
40,649593	1,449656
40,652371	1,466095
40,655149	1,470698
40,657927	1,458533
40,660704	1,446039
40,663482	1,444395
40,666260	1,457218
40,669038	1,472013
40,671816	1,477931
40,674593	1,465766
40,677371	1,453272
40,680149	1,452943
40,682927	1,468067
40,685704	1,483849
40,688482	1,490753
40,691260	1,474643
40,694038	1,459848
40,696815	1,460177
40,699593	1,473328
40,702371	1,493384
40,705148	1,497987
40,707926	1,488123
40,710704	1,472670
40,713482	1,476287
40,716259	1,486150
40,719037	1,507521
40,721815	1,508836
40,724593	1,495685
40,727370	1,482863
40,730148	1,484835
40,732926	1,500946
40,735704	1,520344
40,738481	1,524947
40,741259	1,511138
40,744037	1,499302
40,746815	1,498644
40,749592	1,515083
40,752370	1,529878
40,755148	1,536125
40,757926	1,522316
40,760703	1,508508
40,763481	1,507192
40,766259	1,522974
40,769037	1,540071
40,771814	1,545331
40,774592	1,534153
40,777370	1,516070
40,780148	1,517385
40,782925	1,527906
40,785703	1,546646
40,788481	1,550263
40,791259	1,540400
40,794036	1,525276
40,796814	1,526591
40,799592	1,539413
40,802370	1,558483
40,805147	1,564729
40,807925	1,550263
40,810703	1,533495
40,813481	1,531522
40,816258	1,544674
40,819036	1,560126
40,821814	1,566702
40,824592	1,551578
40,827369	1,540071
40,830147	1,539742
40,832925	1,556181
40,835703	1,571963
40,838480	1,576566
40,841258	1,559798
40,844036	1,545989
40,846814	1,548290
40,849591	1,562099
40,852369	1,580511
40,855147	1,582812
40,857925	1,571634
40,860702	1,555195
40,863480	1,557496
40,866258	1,567031
40,869036	1,586758
40,871813	1,592018
40,874591	1,576566
40,877369	1,559798
40,880147	1,562757
40,882924	1,575908
40,885702	1,593991
40,888480	1,598594
40,891258	1,584128
40,894036	1,571305
40,896813	1,568017
40,899591	1,581826
40,902369	1,599909
40,905147	1,605827
40,907924	1,590046
40,910702	1,575250
40,913480	1,575579
40,916258	1,590046
40,919035	1,606485
40,921813	1,608457
40,924591	1,596293
40,927369	1,582812
40,930146	1,586100
40,932924	1,614704
40,935702	1,665666
40,938479	1,713997
40,941257	1,749505
40,944035	1,777452
40,946813	1,811645
40,949590	1,849455
40,952368	1,880032
40,955146	1,894498
40,957924	1,890882
40,960701	1,882005
40,963479	1,882662
40,966257	1,891210
40,969035	1,898444
40,971812	1,886608
40,974590	1,850113
40,977368	1,808028
40,980146	1,773835
40,982923	1,749834
40,985701	1,732080
40,988479	1,699859
40,991257	1,649555
40,994034	1,600238
40,996812	1,573607
40,999590	1,567360
41,002368	1,573278
41,005145	1,570976
41,007923	1,553551
41,010701	1,536783
41,013479	1,535797
41,016256	1,544345
41,019034	1,560126
41,021812	1,562428
41,024590	1,549605
41,027367	1,538098
41,030145	1,540728
41,032923	1,555195
41,035701	1,569661
41,038478	1,572291
41,041256	1,557496
41,044034	1,544016
41,046812	1,543030
41,049589	1,555524
41,052367	1,574264
41,055145	1,577552
41,057923	1,562099
41,060700	1,542372
41,063478	1,524618
41,066256	1,509494
41,069034	1,501603
41,071811	1,496343
41,074589	1,534810
41,077367	1,647254
41,080145	1,857675
41,082922	2,191060
41,085700	2,585928
41,088478	2,986386
41,091256	3,192862
41,094033	3,196807
41,096811	3,198451
41,099589	3,198451
41,102367	3,196478
41,105144	3,186944
41,107922	2,996907
41,110700	2,472170
41,113478	1,871484
41,116255	1,379954
41,119033	1,093256
41,121811	0,987388
41,124589	1,004156
41,127367	1,085036
41,130144	1,194520
41,132922	1,304663
41,135700	1,395406
41,138478	1,443737
41,141255	1,454587
41,144033	1,447025
41,146811	1,448340
41,149589	1,459190
41,152366	1,475301
41,155144	1,480890
41,157922	1,470698
41,160699	1,461163
41,163477	1,467739
41,166255	1,485822
41,169033	1,508179
41,171810	1,515741
41,174588	1,502261
41,177366	1,490753
41,180144	1,493055
41,182921	1,510152
41,185699	1,531194
41,188477	1,544674
41,191255	1,541057
41,194032	1,538756
41,196810	1,550921
41,199588	1,567688
41,202366	1,593991
41,205143	1,603197
41,207921	1,596621
41,210699	1,590374
41,213477	1,601882
41,216254	1,620951
41,219032	1,647583
41,221810	1,659090
41,224588	1,652843
41,227365	1,644624
41,230143	1,652186
41,232921	1,668953
41,235699	1,691311
41,238476	1,699859
41,241254	1,690982
41,244032	1,684077
41,246810	1,689009
41,249587	1,710051
41,252365	1,733395
41,255143	1,746875
41,257921	1,756081
41,260698	1,770547
41,263476	1,798823
41,266254	1,835646
41,269032	1,871155
41,271809	1,887265
41,274587	1,887923
41,277365	1,890224
41,280143	1,908636
41,282920	1,937240
41,285698	1,962885
41,288476	1,965187
41,291254	1,948747
41,294031	1,926719
41,296809	1,913896
41,299587	1,910937
41,302365	1,909294
41,305142	1,890224
41,307920	1,850770
41,310698	1,803097
41,313476	1,767259
41,316253	1,744245
41,319031	1,717285
41,321809	1,678159
41,324587	1,613389
41,327364	1,548290
41,330142	1,502590
41,332920	1,476616
41,335698	1,454259
41,338475	1,432230
41,341253	1,400667
41,344031	1,381598
41,346809	1,387844
41,349587	1,406914
41,352364	1,430915
41,355142	1,436833
41,357920	1,426641
41,360698	1,409544
41,363475	1,414147
41,366253	1,425326
41,369031	1,444724
41,371809	1,446368
41,374586	1,435847
41,377364	1,421709
41,380142	1,427298
41,382919	1,443080
41,385697	1,458861
41,388475	1,462149
41,391253	1,446368
41,394030	1,436504
41,396808	1,437162
41,399586	1,452943
41,402364	1,469711
41,405141	1,474314
41,407919	1,458204
41,410697	1,446039
41,413475	1,448998
41,416252	1,464780
41,419030	1,483191
41,421808	1,484835
41,424586	1,475301
41,427363	1,459848
41,430141	1,461492
41,432919	1,473985
41,435697	1,495028
41,438474	1,496671
41,441252	1,487794
41,444030	1,473985
41,446808	1,476287
41,449585	1,489438
41,452363	1,505549
41,455141	1,506864
41,457919	1,495685
41,460696	1,482863
41,463474	1,484507
41,466252	1,500288
41,469030	1,515083
41,471807	1,520015
41,474585	1,504562
41,477363	1,493055
41,480141	1,495028
41,482918	1,513439
41,485696	1,528235
41,488474	1,531522
41,491252	1,516727
41,494029	1,501274
41,496807	1,504891
41,499585	1,519029
41,502363	1,537440
41,505140	1,538756
41,507918	1,528563
41,510696	1,510152
41,513474	1,515412
41,516251	1,527248
41,519029	1,546646
41,521807	1,549605
41,524585	1,534810
41,527362	1,518700
41,530140	1,521659
41,532918	1,536454
41,535696	1,552564
41,538473	1,557496
41,541251	1,541057
41,544029	1,531194
41,546807	1,533166
41,549584	1,545989
41,552362	1,557825
41,555140	1,560455
41,557918	1,542043
41,560695	1,532180
41,563473	1,534481
41,566251	1,549934
41,569029	1,568675
41,571807	1,569332
41,574584	1,557825
41,577362	1,546646
41,580140	1,552564
41,582918	1,563414
41,585695	1,579853
41,588473	1,576237
41,591251	1,560126
41,594029	1,547304
41,596806	1,551249
41,599584	1,566373
41,602362	1,584785
41,605139	1,587415
41,607917	1,572620
41,610695	1,560455
41,613473	1,562757
41,616250	1,579853
41,619028	1,594649
41,621806	1,593662
41,624584	1,577552
41,627361	1,565387
41,630139	1,565387
41,632917	1,581169
41,635695	1,594649
41,638472	1,592347
41,641250	1,576894
41,644028	1,563743
41,646806	1,567688
41,649583	1,580182
41,652361	1,597936
41,655139	1,598265
41,657917	1,587744
41,660694	1,570976
41,663472	1,576894
41,666250	1,590046
41,669028	1,607471
41,671805	1,606814
41,674583	1,593005
41,677361	1,583141
41,680139	1,611417
41,682916	1,665337
41,685694	1,729121
41,688472	1,780411
41,691250	1,808028
41,694027	1,826112
41,696805	1,848469
41,699583	1,877730
41,702361	1,905677
41,705138	1,916856
41,707916	1,906992
41,710694	1,891210
41,713472	1,885950
41,716249	1,886279
41,719027	1,881676
41,721805	1,856688
41,724583	1,810659
41,727360	1,761341
41,730138	1,728463
41,732916	1,702818
41,735694	1,678817
41,738471	1,641665
41,741249	1,598265
41,744027	1,565058
41,746805	1,554866
41,749582	1,559798
41,752360	1,568675
41,755138	1,564729
41,757916	1,549934
41,760693	1,538427
41,763471	1,538427
41,766249	1,551578
41,769027	1,564729
41,771804	1,565716
41,774582	1,550921
41,777360	1,539084
41,780138	1,544016
41,782915	1,561442
41,785693	1,575579
41,788471	1,571963
41,791249	1,556839
41,794027	1,545002
41,796804	1,550592
41,799582	1,565387
41,802360	1,583470
41,805138	1,583141
41,807915	1,560126
41,810693	1,520344
41,813471	1,489438
41,816249	1,482534
41,819026	1,511795
41,821804	1,589059
41,824582	1,745560
41,827359	1,990832
41,830137	2,334081
41,832915	2,752293
41,835693	3,149134
41,838470	3,195163
41,841248	3,197136
41,844026	3,197794
41,846804	3,197136
41,849581	3,193519
41,852359	3,169189
41,855137	2,835803
41,857915	2,232816
41,860692	1,643637
41,863470	1,219837
41,866248	1,015663
41,869026	0,990018
41,871803	1,056432
41,874581	1,150464
41,877359	1,238906
41,880137	1,324061
41,882914	1,399352
41,885692	1,451957
41,888470	1,470698
41,891248	1,457546
41,894025	1,445381
41,896803	1,449656
41,899581	1,464780
41,902359	1,483191
41,905136	1,487794
41,907914	1,474972
41,910692	1,468067
41,913470	1,476616
41,916247	1,496343
41,919025	1,514097
41,921803	1,514754
41,924581	1,504233
41,927358	1,497000
41,930136	1,506206
41,932914	1,525933
41,935692	1,549605
41,938469	1,554866
41,941247	1,552236
41,944025	1,550263
41,946803	1,560784
41,949580	1,585771
41,952358	1,611088
41,955136	1,618321
41,957914	1,611417
41,960691	1,608786
41,963469	1,620951
41,966247	1,646596
41,969025	1,667967
41,971802	1,674214
41,974580	1,662707
41,977358	1,654158
41,980136	1,660734
41,982913	1,678488
41,985691	1,696571
41,988469	1,700517
41,991247	1,690982
41,994024	1,684406
41,996802	1,695585
41,999580	1,717613
42,002358	1,750163
42,005135	1,772191
42,007913	1,788630
42,010691	1,804412
42,013469	1,831043
42,016246	1,861949
42,019024	1,891868
42,021802	1,906992
42,024580	1,910280
42,027358	1,912581
42,030135	1,926719
42,032913	1,946446
42,035691	1,965515
42,038469	1,963214
42,041246	1,939870
42,044024	1,909951
42,046802	1,893183
42,049580	1,885950
42,052357	1,874771
42,055135	1,845181
42,057913	1,795206
42,060690	1,746875
42,063468	1,714983
42,066246	1,690653
42,069024	1,658432
42,071801	1,606485
42,074579	1,543030
42,077357	1,481876
42,080135	1,447683
42,082912	1,428613
42,085690	1,423682
42,088468	1,407900
42,091246	1,395078
42,094023	1,384228
42,096801	1,391461
42,099579	1,408887
42,102357	1,427298
42,105134	1,427298
42,107912	1,412174
42,110690	1,401982
42,113468	1,404612
42,116245	1,425326
42,119023	1,440450
42,121801	1,441765
42,124579	1,424668
42,127356	1,416120
42,130134	1,422038
42,132912	1,441107
42,135690	1,455574
42,138467	1,454587
42,141245	1,441436
42,144023	1,428613
42,146801	1,433545
42,149578	1,448669
42,152356	1,467081
42,155134	1,466423
42,157912	1,454916
42,160689	1,439135
42,163467	1,445710
42,166245	1,461163
42,169023	1,477931
42,171800	1,476287
42,174578	1,458861
42,177356	1,448340
42,180134	1,454259
42,182911	1,475958
42,185689	1,489767
42,188467	1,491082
42,191245	1,473328
42,194022	1,465108
42,196800	1,469383
42,199578	1,485822
42,202356	1,498315
42,205133	1,500288
42,207911	1,485822
42,210689	1,475301
42,213467	1,481547
42,216244	1,495685
42,219022	1,514426
42,221800	1,514426
42,224578	1,499302
42,227355	1,485822
42,230133	1,492397
42,232911	1,503247
42,235689	1,521001
42,238466	1,519357
42,241244	1,506864
42,244022	1,497329
42,246800	1,501603
42,249578	1,517056
42,252355	1,538098
42,255133	1,538427
42,257911	1,520673
42,260689	1,506206
42,263466	1,507850
42,266244	1,524618
42,269022	1,538427
42,271800	1,539413
42,274577	1,524947
42,277355	1,520344
42,280133	1,523960
42,282910	1,541057
42,285688	1,555852
42,288466	1,554208
42,291244	1,539084
42,294021	1,525276
42,296799	1,527906
42,299577	1,539413
42,302355	1,556510
42,305132	1,554208
42,307910	1,543359
42,310688	1,530865
42,313466	1,537440
42,316243	1,554866
42,319021	1,570319
42,321799	1,569332
42,324577	1,553551
42,327354	1,539084
42,330132	1,544016
42,332910	1,563086
42,335688	1,577223
42,338465	1,578538
42,341243	1,563743
42,344021	1,551249
42,346799	1,553880
42,349576	1,570976
42,352354	1,581826
42,355132	1,580840
42,357910	1,564729
42,360687	1,552893
42,363465	1,559798
42,366243	1,575908
42,369021	1,591361
42,371798	1,590046
42,374576	1,574922
42,377354	1,559140
42,380132	1,566373
42,382909	1,579196
42,385687	1,595964
42,388465	1,593991
42,391243	1,580511
42,394020	1,568346
42,396798	1,576566
42,399576	1,591361
42,402354	1,607800
42,405131	1,607142
42,407909	1,592676
42,410687	1,583470
42,413465	1,586100
42,416242	1,601224
42,419020	1,612074
42,421798	1,610430
42,424576	1,604841
42,427353	1,625225
42,430131	1,674872
42,432909	1,743587
42,435687	1,807700
42,438464	1,842879
42,441242	1,853072
42,444020	1,858003
42,446798	1,873456
42,449575	1,898115
42,452353	1,920143
42,455131	1,920801
42,457909	1,902718
42,460686	1,881676
42,463464	1,870826
42,466242	1,865237
42,469020	1,852743
42,471798	1,817234
42,474575	1,764629
42,477353	1,715312
42,480131	1,682105
42,482909	1,660076
42,485686	1,639692
42,488464	1,612074
42,491242	1,578210
42,494020	1,553880
42,496797	1,547633
42,499575	1,558811
42,502353	1,568675
42,505130	1,560784
42,507908	1,545002
42,510686	1,533824
42,513464	1,541715
42,516241	1,555852
42,519019	1,569332
42,521797	1,567031
42,524575	1,553880
42,527352	1,543687
42,530130	1,550592
42,532908	1,565387
42,535686	1,577552
42,538463	1,574264
42,541241	1,559469
42,544019	1,546646
42,546797	1,552564
42,549574	1,568346
42,552352	1,575908
42,555130	1,557496
42,557908	1,514426
42,560685	1,478917
42,563463	1,474314
42,566241	1,531522
42,569019	1,652186
42,571796	1,846825
42,574574	2,133195
42,577352	2,486307
42,580130	2,895971
42,582907	3,189574
42,585685	3,196478
42,588463	3,198122
42,591241	3,198451
42,594018	3,198122
42,596796	3,191218
42,599574	3,070883
42,602352	2,607957
42,605129	1,997078
42,607907	1,447025
42,610685	1,099831
42,613463	0,968976
42,616240	1,000210
42,619018	1,106407
42,621796	1,211288
42,624574	1,293484
42,627351	1,355295
42,630129	1,409873
42,632907	1,454259
42,635685	1,480232
42,638462	1,473985
42,641240	1,461163
42,644018	1,450642
42,646796	1,458861
42,649573	1,478917
42,652351	1,499630
42,655129	1,498973
42,657907	1,489767
42,660684	1,482205
42,663462	1,489109
42,666240	1,505220
42,669018	1,519686
42,671795	1,521659
42,674573	1,512453
42,677351	1,507521
42,680129	1,521659
42,682906	1,548948
42,685684	1,571963
42,688462	1,577223
42,691240	1,567360
42,694018	1,566702
42,696795	1,580511
42,699573	1,606156
42,702351	1,625225
42,705129	1,631143
42,707906	1,622595
42,710684	1,619636
42,713462	1,634760
42,716240	1,658761
42,719017	1,678159
42,721795	1,680461
42,724573	1,670926
42,727350	1,664351
42,730128	1,677173
42,732906	1,694599
42,735684	1,710709
42,738461	1,711366
42,741239	1,701174
42,744017	1,696900
42,746795	1,712682
42,749572	1,748190
42,752350	1,788959
42,755128	1,813947
42,757906	1,824468
42,760683	1,832687
42,763461	1,854716
42,766239	1,888251
42,769017	1,921458
42,771794	1,937569
42,774572	1,934939
42,777350	1,930664
42,780128	1,938226
42,782905	1,954666
42,785683	1,962885
42,788461	1,945788
42,791239	1,909294
42,794016	1,876086
42,796794	1,859647
42,799572	1,852085
42,802350	1,837290
42,805127	1,799151
42,807905	1,748519
42,810683	1,694927
42,813461	1,655473
42,816238	1,620294
42,819016	1,582812
42,821794	1,530536
42,824572	1,475629
42,827349	1,428613
42,830127	1,406585
42,832905	1,407900
42,835683	1,414147
42,838460	1,413818
42,841238	1,401325
42,844016	1,397379
42,846794	1,403626
42,849571	1,423682
42,852349	1,436833
42,855127	1,434860
42,857905	1,419408
42,860682	1,410530
42,863460	1,418092
42,866238	1,436504
42,869016	1,453601
42,871793	1,449656
42,874571	1,435189
42,877349	1,420394
42,880127	1,431244
42,882904	1,446697
42,885682	1,462807
42,888460	1,455902
42,891238	1,443737
42,894015	1,435189
42,896793	1,443737
42,899571	1,459848
42,902349	1,475301
42,905126	1,474972
42,907904	1,456560
42,910682	1,448669
42,913460	1,453601
42,916237	1,472999
42,919015	1,486479
42,921793	1,484178
42,924571	1,464780
42,927349	1,456889
42,930126	1,458204
42,932904	1,476287
42,935682	1,492068
42,938460	1,489109
42,941237	1,475301
42,944015	1,464451
42,946793	1,475629
42,949571	1,491082
42,952348	1,508836
42,955126	1,502590
42,957904	1,489767
42,960681	1,480890
42,963459	1,486150
42,966237	1,498973
42,969015	1,511795
42,971792	1,508836
42,974570	1,496014
42,977348	1,492397
42,980126	1,499302
42,982903	1,519357
42,985681	1,531851
42,988459	1,529221
42,991237	1,515083
42,994014	1,508836
42,996792	1,512782
42,999570	1,531522
43,002348	1,541715
43,005125	1,539084
43,007903	1,521988
43,010681	1,510809
43,013459	1,517385
43,016236	1,534481
43,019014	1,548619
43,021792	1,545331
43,024570	1,532180
43,027347	1,518700
43,030125	1,525276
43,032903	1,539084
43,035681	1,553222
43,038458	1,550263
43,041236	1,537769
43,044014	1,527906
43,046792	1,536125
43,049569	1,551578
43,052347	1,563743
43,055125	1,560784
43,057903	1,544016
43,060680	1,535468
43,063458	1,538427
43,066236	1,556181
43,069014	1,568346
43,071791	1,570976
43,074569	1,554208
43,077347	1,545002
43,080125	1,549934
43,082902	1,567688
43,085680	1,580182
43,088458	1,574922
43,091236	1,558154
43,094013	1,544345
43,096791	1,550921
43,099569	1,563743
43,102347	1,578867
43,105124	1,573278
43,107902	1,561113
43,110680	1,556181
43,113458	1,565387
43,116235	1,582155
43,119013	1,595964
43,121791	1,589388
43,124569	1,571305
43,127346	1,564072
43,130124	1,569661
43,132902	1,587415
43,135680	1,600238
43,138457	1,593662
43,141235	1,575250
43,144013	1,567360
43,146791	1,571963
43,149569	1,589059
43,152346	1,602211
43,155124	1,599909
43,157902	1,583141
43,160680	1,572949
43,163457	1,581497
43,166235	1,599580
43,169013	1,616677
43,171791	1,634103
43,174568	1,658104
43,177346	1,694599
43,180124	1,750820
43,182901	1,810659
43,185679	1,855373
43,188457	1,871484
43,191235	1,872470
43,194012	1,873456
43,196790	1,888909
43,199568	1,909622
43,202346	1,920143
43,205123	1,907978
43,207901	1,881018
43,210679	1,856031
43,213457	1,836633
43,216234	1,821509
43,219012	1,800466
43,221790	1,763314
43,224568	1,708079
43,227345	1,660076
43,230123	1,627198
43,232901	1,611417
43,235679	1,600238
43,238456	1,578210
43,241234	1,552236
43,244012	1,534153
43,246790	1,540071
43,249567	1,550263
43,252345	1,561770
43,255123	1,557496
43,257901	1,539742
43,260678	1,531851
43,263456	1,539084
43,266234	1,558154
43,269012	1,572949
43,271789	1,568675
43,274567	1,550263
43,277345	1,541715
43,280123	1,546318
43,282900	1,566373
43,285678	1,579196
43,288456	1,571305
43,291234	1,554866
43,294011	1,549605
43,296789	1,557167
43,299567	1,564072
43,302345	1,552893
43,305122	1,514754
43,307900	1,476945
43,310678	1,473985
43,313456	1,543030
43,316233	1,713010
43,319011	1,960912
43,321789	2,287722
43,324567	2,666151
43,327344	3,047540
43,330122	3,194835
43,332900	3,198122
43,335678	3,199766
43,338455	3,198780
43,341233	3,196150
43,344011	3,178724
43,346789	2,902218
43,349566	2,343615
43,352344	1,761670
43,355122	1,293484
43,357900	1,027499
43,360677	0,950893
43,363455	1,011060
43,366233	1,130737
43,369011	1,248112
43,371789	1,331294
43,374566	1,381269
43,377344	1,412832
43,380122	1,440121
43,382900	1,462478
43,385677	1,475629
43,388455	1,471684
43,391233	1,455574
43,394011	1,446697
43,396788	1,457875
43,399566	1,478588
43,402344	1,495028
43,405121	1,495685
43,407899	1,484178
43,410677	1,476616
43,413455	1,482205
43,416232	1,501932
43,419010	1,520344
43,421788	1,521001
43,424566	1,510152
43,427343	1,510809
43,430121	1,528235
43,432899	1,557167
43,435677	1,580182
43,438454	1,580511
43,441232	1,572949
43,444010	1,571963
43,446788	1,586758
43,449565	1,611088
43,452343	1,635089
43,455121	1,636075
43,457899	1,631143
43,460676	1,631143
43,463454	1,642651
43,466232	1,664351
43,469010	1,682762
43,471787	1,680132
43,474565	1,669940
43,477343	1,666323
43,480121	1,677831
43,482898	1,701832
43,485676	1,719915
43,488454	1,720572
43,491232	1,710380
43,494009	1,715969
43,496787	1,744573
43,499565	1,794220
43,502343	1,836304
43,505120	1,852085
43,507898	1,852414
43,510676	1,858661
43,513454	1,881347
43,516231	1,918499
43,519009	1,948747
43,521787	1,954666
43,524565	1,942501
43,527342	1,935267
43,530120	1,939542
43,532898	1,947104
43,535676	1,946446
43,538453	1,923102
43,541231	1,885292
43,544009	1,849784
43,546787	1,826769
43,549564	1,810330
43,552342	1,789945
43,555120	1,749834
43,557898	1,692955
43,560675	1,637062
43,563453	1,592347
43,566231	1,560126
43,569009	1,522316
43,571786	1,479904
43,574564	1,427298
43,577342	1,394749
43,580120	1,391132
43,582897	1,405928
43,585675	1,421709
43,588453	1,419736
43,591231	1,408887
43,594008	1,401982
43,596786	1,412832
43,599564	1,428942
43,602342	1,445053
43,605120	1,438806
43,607897	1,424011
43,610675	1,414147
43,613453	1,425326
43,616231	1,443080
43,619008	1,456889
43,621786	1,449327
43,624564	1,432888
43,627341	1,428942
43,630119	1,437162
43,632897	1,459519
43,635675	1,470369
43,638452	1,467739
43,641230	1,448340
43,644008	1,441107
43,646786	1,445053
43,649563	1,467739
43,652341	1,479575
43,655119	1,473657
43,657897	1,459519
43,660674	1,454259
43,663452	1,463464
43,666230	1,479904
43,669008	1,493712
43,671785	1,485822
43,674563	1,472342
43,677341	1,464451
43,680119	1,473657
43,682896	1,491411
43,685674	1,503905
43,688452	1,496014
43,691230	1,484507
43,694007	1,476287
43,696785	1,486479
43,699563	1,504233
43,702341	1,513111
43,705118	1,505549
43,707896	1,488781
43,710674	1,484507
43,713452	1,491740
43,716229	1,513111
43,719007	1,521988
43,721785	1,517385
43,724563	1,500617
43,727340	1,494370
43,730118	1,503247
43,732896	1,521001
43,735674	1,533824
43,738451	1,528235
43,741229	1,511795
43,744007	1,500617
43,746785	1,511467
43,749562	1,528892
43,752340	1,545002
43,755118	1,540400
43,757896	1,527248
43,760673	1,517385
43,763451	1,526591
43,766229	1,538098
43,769007	1,549934
43,771784	1,542701
43,774562	1,525604
43,777340	1,522645
43,780118	1,531194
43,782895	1,550592
43,785673	1,562099
43,788451	1,557825
43,791229	1,537440
43,794006	1,533166
43,796784	1,537440
43,799562	1,555524
43,802340	1,566702
43,805117	1,559469
43,807895	1,542701
43,810673	1,534810
43,813451	1,543359
43,816228	1,559469
43,819006	1,571963
43,821784	1,562428
43,824562	1,549605
43,827340	1,542701
43,830117	1,552564
43,832895	1,570648
43,835673	1,583799
43,838451	1,572620
43,841228	1,557496
43,844006	1,549605
43,846784	1,559140
43,849562	1,580182
43,852339	1,590703
43,855117	1,584128
43,857895	1,567360
43,860672	1,561770
43,863450	1,567360
43,866228	1,586100
43,869006	1,594977
43,871783	1,589059
43,874561	1,570976
43,877339	1,565058
43,880117	1,573935
43,882894	1,593333
43,885672	1,605827
43,888450	1,597608
43,891228	1,581497
43,894005	1,569990
43,896783	1,577552
43,899561	1,594320
43,902339	1,604841
43,905116	1,595306
43,907894	1,582155
43,910672	1,574593
43,913450	1,585771
43,916227	1,610101
43,919005	1,651199
43,921783	1,689338
43,924561	1,722874
43,927338	1,762656
43,930116	1,811316
43,932894	1,857017
43,935672	1,884964
43,938449	1,890882
43,941227	1,884635
43,944005	1,886608
43,946783	1,897457
43,949560	1,910609
43,952338	1,910609
43,955116	1,887594
43,957894	1,851757
43,960671	1,818550
43,963449	1,792247
43,966227	1,776137
43,969005	1,749834
43,971782	1,703476
43,974560	1,648240
43,977338	1,606156
43,980116	1,586429
43,982893	1,584785
43,985671	1,586429
43,988449	1,567031
43,991227	1,543687
43,994004	1,535797
43,996782	1,542372
43,999560	1,559798
44,002338	1,566702
44,005115	1,558154
44,007893	1,540728
44,010671	1,537112
44,013449	1,547633
44,016226	1,566373
44,019004	1,573935
44,021782	1,564729
44,024560	1,547304
44,027337	1,541057
44,030115	1,551578
44,032893	1,572291
44,035671	1,583470
44,038448	1,575908
44,041226	1,560126
44,044004	1,548290
44,046782	1,543030
44,049560	1,533166
44,052337	1,513439
44,055115	1,486479
44,057893	1,499959
44,060671	1,584785
44,063448	1,779753
44,066226	2,083877
44,069004	2,446525
44,071782	2,843037
44,074559	3,180697
44,077337	3,195821
44,080115	3,198122
44,082892	3,198780
44,085670	3,197136
44,088448	3,192862
44,091226	3,110008
44,094003	2,683577
44,096781	2,083877
44,099559	1,541386
44,102337	1,172492
44,105114	0,992977
44,107892	0,972592
44,110670	1,050185
44,113448	1,167232
44,116225	1,282963
44,119003	1,370748
44,121781	1,417435
44,124559	1,435189
44,127336	1,444395
44,130114	1,458204
44,132892	1,474972
44,135670	1,484835
44,138447	1,476945
44,141225	1,462149
44,144003	1,462478
44,146781	1,475958
44,149558	1,501932
44,152336	1,516070
44,155114	1,508836
44,157892	1,491411
44,160669	1,487137
44,163447	1,498315
44,166225	1,520344
44,169003	1,537440
44,171780	1,534153
44,174558	1,528892
44,177336	1,531851
44,180114	1,550921
44,182891	1,576894
44,185669	1,595635
44,188447	1,597279
44,191225	1,590374
44,194002	1,592676
44,196780	1,609115
44,199558	1,635418
44,202336	1,651199
44,205113	1,652186
44,207891	1,646267
44,210669	1,647254
44,213447	1,661063
44,216224	1,683749
44,219002	1,697558
44,221780	1,695256
44,224558	1,686050
44,227335	1,684406
44,230113	1,698873
44,232891	1,722216
44,235669	1,736025
44,238446	1,735368
44,241224	1,737669
44,244002	1,758711
44,246780	1,794220
44,249557	1,836633
44,252335	1,865894
44,255113	1,872141
44,257891	1,875100
44,260668	1,888251
44,263446	1,915869
44,266224	1,948747
44,269002	1,966173
44,271780	1,956967
44,274557	1,940199
44,277335	1,928363
44,280113	1,924418
44,282891	1,923431
44,285668	1,916198
44,288446	1,888909
44,291224	1,848798
44,294002	1,813947
44,296779	1,789617
44,299557	1,770547
44,302335	1,741943
44,305112	1,691311
44,307890	1,623910
44,310668	1,567360
44,313446	1,529878
44,316223	1,499630
44,319001	1,473328
44,321779	1,431244
44,324557	1,397708
44,327334	1,383570
44,330112	1,395078
44,332890	1,416120
44,335668	1,434532
44,338445	1,426970
44,341223	1,412832
44,344001	1,409544
44,346779	1,418750
44,349556	1,439792
44,352334	1,448012
44,355112	1,439463
44,357890	1,422695
44,360667	1,418092
44,363445	1,427627
44,366223	1,450642
44,369001	1,460834
44,371778	1,455902
44,374556	1,440121
44,377334	1,435847
44,380112	1,445053
44,382889	1,463464
44,385667	1,474643
44,388445	1,464780
44,391223	1,451628
44,394000	1,446039
44,396778	1,458204
44,399556	1,475301
44,402334	1,486808
44,405111	1,477602
44,407889	1,461492
44,410667	1,456231
44,413445	1,469711
44,416222	1,486808
44,419000	1,497329
44,421778	1,492068
44,424556	1,475629
44,427333	1,472013
44,430111	1,481219
44,432889	1,499630
44,435667	1,506535
44,438444	1,501274
44,441222	1,481219
44,444000	1,478917
44,446778	1,486479
44,449555	1,503576
44,452333	1,515083
44,455111	1,505549
44,457889	1,491740
44,460666	1,488781
44,463444	1,502918
44,466222	1,518700
44,469000	1,530865
44,471777	1,517714
44,474555	1,500617
44,477333	1,492068
44,480111	1,504891
44,482888	1,520673
44,485666	1,530865
44,488444	1,521988
44,491222	1,507192
44,493999	1,504891
44,496777	1,516070
44,499555	1,536125
44,502333	1,544345
44,505111	1,537112
44,507888	1,518700
44,510666	1,515083
44,513444	1,523960
44,516222	1,546318
44,518999	1,553551
44,521777	1,545989
44,524555	1,528892
44,527332	1,521988
44,530110	1,529221
44,532888	1,547633
44,535666	1,558154
44,538443	1,548290
44,541221	1,537440
44,543999	1,531194
44,546777	1,541386
44,549554	1,557496
44,552332	1,567688
44,555110	1,556839
44,557888	1,544016
44,560665	1,538427
44,563443	1,547962
44,566221	1,564729
44,568999	1,572291
44,571776	1,563743
44,574554	1,545002
44,577332	1,540728
44,580110	1,552564
44,582887	1,575250
44,585665	1,579853
44,588443	1,574264
44,591221	1,557167
44,593998	1,553551
44,596776	1,563414
44,599554	1,580511
44,602332	1,584456
44,605109	1,573278
44,607887	1,560784
44,610665	1,558483
44,613443	1,574593
44,616220	1,590374
44,618998	1,598923
44,621776	1,587087
44,624554	1,572949
44,627331	1,568346
44,630109	1,577552
44,632887	1,592347
44,635665	1,602211
44,638442	1,590703
44,641220	1,576566
44,643998	1,573278
44,646776	1,583470
44,649553	1,599252
44,652331	1,606156
44,655109	1,599252
44,657887	1,581169
44,660664	1,578538
44,663442	1,603526
44,666220	1,656131
44,668998	1,709065
44,671775	1,750163
44,674553	1,779424
44,677331	1,812303
44,680109	1,846825
44,682886	1,881676
44,685664	1,902060
44,688442	1,901403
44,691220	1,893183
44,693997	1,888251
44,696775	1,891868
44,699553	1,897457
44,702331	1,889238
44,705108	1,854716
44,707886	1,809672
44,710664	1,771534
44,713442	1,746217
44,716219	1,728134
44,718997	1,699859
44,721775	1,651528
44,724553	1,603855
44,727331	1,575908
44,730108	1,567360
44,732886	1,577223
44,735664	1,573607
44,738442	1,559140
44,741219	1,542372
44,743997	1,532838
44,746775	1,539413
44,749553	1,556181
44,752330	1,566045
44,755108	1,556181
44,757886	1,540400
44,760663	1,535468
44,763441	1,547633
44,766219	1,564072
44,768997	1,572291
44,771774	1,563086
44,774552	1,549277
44,777330	1,544674
44,780108	1,555852
44,782885	1,572291
44,785663	1,580840
44,788441	1,570976
44,791219	1,545989
44,793996	1,521330
44,796774	1,499302
44,799552	1,493384
44,802330	1,495685
44,805107	1,541715
44,807885	1,659090
44,810663	1,871484
44,813441	2,205198
44,816218	2,604998
44,818996	3,009401
44,821774	3,193848
44,824552	3,196150
44,827329	3,197465
44,830107	3,197794
44,832885	3,195163
44,835663	3,185629
44,838440	2,970933
44,841218	2,428113
44,843996	1,827098
44,846774	1,341486
44,849551	1,073200
44,852329	0,984757
44,855107	1,010731
44,857885	1,096215
44,860662	1,200439
44,863440	1,304005
44,866218	1,396064
44,868996	1,448012
44,871773	1,458204
44,874551	1,448340
44,877329	1,442094
44,880107	1,451628
44,882884	1,468396
44,885662	1,476616
44,888440	1,468725
44,891218	1,457546
44,893995	1,457546
44,896773	1,476616
44,899551	1,500946
44,902329	1,510809
44,905106	1,499959
44,907884	1,487794
44,910662	1,488781
44,913440	1,508179
44,916217	1,536454
44,918995	1,548619
44,921773	1,546318
44,924551	1,539084
44,927328	1,544016
44,930106	1,560455
44,932884	1,586100
44,935662	1,603197
44,938439	1,602211
44,941217	1,595964
44,943995	1,602539
44,946773	1,622924
44,949551	1,651199
44,952328	1,666323
44,955106	1,663364
44,957884	1,654816
44,960662	1,655802
44,963439	1,669940
44,966217	1,688352
44,968995	1,698215
44,971773	1,690324
44,974550	1,678488
44,977328	1,678817
44,980106	1,693941
44,982883	1,716627
44,985661	1,738984
44,988439	1,750820
44,991217	1,768246
44,993994	1,795206
44,996772	1,831372
44,999550	1,867538
45,002328	1,888580
45,005105	1,892526
45,007883	1,896142
45,010661	1,909951
45,013439	1,933952
45,016216	1,959597
45,018994	1,968474
45,021772	1,955323
45,024550	1,930664
45,027327	1,912581
45,030105	1,905019
45,032883	1,902060
45,035661	1,884635
45,038438	1,846825
45,041216	1,796850
45,043994	1,759040
45,046772	1,736683
45,049549	1,713339
45,052327	1,675200
45,055105	1,613389
45,057883	1,546975
45,060660	1,494041
45,063438	1,463464
45,066216	1,447025
45,068994	1,425326
45,071771	1,400667
45,074549	1,380282
45,077327	1,380940
45,080105	1,396722
45,082882	1,424668
45,085660	1,435189
45,088438	1,428285
45,091216	1,410202
45,093993	1,407243
45,096771	1,418750
45,099549	1,439135
45,102327	1,447683
45,105104	1,439463
45,107882	1,425983
45,110660	1,422367
45,113438	1,436504
45,116215	1,452943
45,118993	1,461492
45,121771	1,447683
45,124549	1,433545
45,127326	1,428613
45,130104	1,443080
45,132882	1,462149
45,135660	1,472670
45,138437	1,462478
45,141215	1,447025
45,143993	1,448012
45,146771	1,461821
45,149548	1,481876
45,152326	1,487137
45,155104	1,477931
45,157882	1,461492
45,160659	1,465766
45,163437	1,476945
45,166215	1,494699
45,168993	1,498644
45,171770	1,487794
45,174548	1,471684
45,177326	1,472013
45,180104	1,485493
45,182882	1,503576
45,185659	1,512124
45,188437	1,497000
45,191215	1,484178
45,193993	1,482205
45,196770	1,496343
45,199548	1,514426
45,202326	1,523303
45,205103	1,509494
45,207881	1,497658
45,210659	1,493712
45,213437	1,507192
45,216214	1,526262
45,218992	1,530865
45,221770	1,518042
45,224548	1,502590
45,227325	1,499959
45,230103	1,508508
45,232881	1,529550
45,235659	1,533824
45,238436	1,524618
45,241214	1,510152
45,243992	1,511467
45,246770	1,521001
45,249547	1,539742
45,252325	1,542701
45,255103	1,528563
45,257881	1,514754
45,260658	1,510480
45,263436	1,526591
45,266214	1,543030
45,268992	1,550921
45,271769	1,542372
45,274547	1,531522
45,277325	1,526919
45,280103	1,541057
45,282880	1,557496
45,285658	1,564072
45,288436	1,552236
45,291214	1,537112
45,293991	1,538756
45,296769	1,551249
45,299547	1,571963
45,302325	1,577552
45,305102	1,566373
45,307880	1,545660
45,310658	1,545331
45,313436	1,557167
45,316213	1,575908
45,318991	1,581826
45,321769	1,571963
45,324547	1,555195
45,327324	1,552564
45,330102	1,565387
45,332880	1,580511
45,335658	1,585443
45,338435	1,570648
45,341213	1,556510
45,343991	1,553551
45,346769	1,566702
45,349546	1,583799
45,352324	1,590703
45,355102	1,579196
45,357880	1,567688
45,360657	1,566702
45,363435	1,578210
45,366213	1,595635
45,368991	1,599909
45,371768	1,588073
45,374546	1,572291
45,377324	1,571634
45,380102	1,582155
45,382879	1,600895
45,385657	1,603526
45,388435	1,592347
45,391213	1,577552
45,393990	1,575579
45,396768	1,586758
45,399546	1,606156
45,402324	1,609115
45,405102	1,593662
45,407879	1,584785
45,410657	1,609115
45,413435	1,666652
45,416213	1,731751
45,418990	1,787315
45,421768	1,816906
45,424546	1,829399
45,427323	1,844195
45,430101	1,869840
45,432879	1,898115
45,435657	1,913896
45,438434	1,906334
45,441212	1,889238
45,443990	1,879703
45,446768	1,878717
45,449545	1,878717
45,452323	1,859976
45,455101	1,817563
45,457879	1,766931
45,460656	1,729121
45,463434	1,698215
45,466212	1,678488
45,468990	1,648240
45,471767	1,605498
45,474545	1,568017
45,477323	1,552564
45,480101	1,555852
45,482878	1,565387
45,485656	1,567360
45,488434	1,553222
45,491212	1,535468
45,493989	1,533824
45,496767	1,546975
45,499545	1,564072
45,502323	1,571305
45,505100	1,558154
45,507878	1,540728
45,510656	1,541057
45,513434	1,553880
45,516211	1,573278
45,518989	1,579196
45,521767	1,563743
45,524545	1,548619
45,527322	1,548619
45,530100	1,560455
45,532878	1,578210
45,535656	1,582155
45,538433	1,556510
45,541211	1,517385
45,543989	1,486150
45,546767	1,478917
45,549544	1,514426
45,552322	1,596950
45,555100	1,759697
45,557878	2,009901
45,560655	2,351835
45,563433	2,771691
45,566211	3,164258
45,568989	3,196150
45,571766	3,197136
45,574544	3,197465
45,577322	3,198451
45,580100	3,194177
45,582877	3,159326
45,585655	2,800624
45,588433	2,192375
45,591211	1,604512
45,593988	1,190246
45,596766	1,002183
45,599544	0,992648
45,602322	1,069912
45,605099	1,166245
45,607877	1,253701
45,610655	1,332609
45,613433	1,404612
45,616210	1,454587
45,618988	1,473328
45,621766	1,463136
45,624544	1,446697
45,627322	1,445710
45,630099	1,461163
45,632877	1,481876
45,635655	1,491082
45,638433	1,483849
45,641210	1,472013
45,643988	1,473985
45,646766	1,489767
45,649544	1,511795
45,652321	1,518042
45,655099	1,508508
45,657877	1,495685
45,660654	1,500617
45,663432	1,520015
45,666210	1,545002
45,668988	1,561442
45,671765	1,557167
45,674543	1,549605
45,677321	1,556510
45,680099	1,580182
45,682876	1,606156
45,685654	1,620951
45,688432	1,614047
45,691210	1,608129
45,693987	1,615033
45,696765	1,637062
45,699543	1,661720
45,702321	1,672570
45,705098	1,663693
45,707876	1,655145
45,710654	1,658104
45,713432	1,675858
45,716209	1,699201
45,718987	1,707750
45,721765	1,700517
45,724543	1,691311
45,727320	1,695585
45,730098	1,715641
45,732876	1,750492
45,735654	1,778767
45,738431	1,794548
45,741209	1,806056
45,743987	1,825125
45,746765	1,851099
45,749542	1,884635
45,752320	1,906992
45,755098	1,916198
45,757876	1,920143
45,760653	1,932637
45,763431	1,951049
45,766209	1,968803
45,768987	1,965187
45,771764	1,937898
45,774542	1,904362
45,777320	1,884964
45,780098	1,878059
45,782875	1,872141
45,785653	1,850770
45,788431	1,805069
45,791209	1,753122
45,793986	1,715312
45,796764	1,687037
45,799542	1,655473
45,802320	1,606156
45,805097	1,543359
45,807875	1,478917
45,810653	1,441436
45,813431	1,423353
45,816208	1,424668
45,818986	1,419736
45,821764	1,407900
45,824542	1,394420
45,827319	1,399023
45,830097	1,416120
45,832875	1,432230
45,835653	1,438806
45,838430	1,423682
45,841208	1,413489
45,843986	1,412174
45,846764	1,431244
45,849542	1,449656
45,852319	1,455574
45,855097	1,440121
45,857875	1,427627
45,860653	1,430586
45,863430	1,443737
45,866208	1,462478
45,868986	1,464451
45,871764	1,451299
45,874541	1,436833
45,877319	1,439792
45,880097	1,450313
45,882874	1,471684
45,885652	1,474972
45,888430	1,461821
45,891208	1,447354
45,893985	1,450313
45,896763	1,463793
45,899541	1,483849
45,902319	1,486808
45,905096	1,471026
45,907874	1,458861
45,910652	1,459848
45,913430	1,479575
45,916207	1,495685
45,918985	1,499302
45,921763	1,481547
45,924541	1,470698
45,927318	1,469054
45,930096	1,485164
45,932874	1,502590
45,935652	1,506864
45,938429	1,494699
45,941207	1,481219
45,943985	1,483849
45,946763	1,499302
45,949540	1,519357
45,952318	1,520015
45,955096	1,509165
45,957874	1,494041
45,960651	1,496343
45,963429	1,509494
45,966207	1,527906
45,968985	1,528563
45,971762	1,516070
45,974540	1,500288
45,977318	1,502918
45,980096	1,519686
45,982873	1,533166
45,985651	1,535468
45,988429	1,518700
45,991207	1,508508
45,993984	1,509165
45,996762	1,527248
45,999540	1,542701
46,002318	1,545989
46,005095	1,533166
46,007873	1,519357
46,010651	1,522316
46,013429	1,536125
46,016206	1,552564
46,018984	1,552236
46,021762	1,537769
46,024540	1,521988
46,027317	1,527906
46,030095	1,544016
46,032873	1,563414
46,035651	1,563414
46,038428	1,550263
46,041206	1,535468
46,043984	1,538427
46,046762	1,554537
46,049539	1,573607
46,052317	1,572949
46,055095	1,556839
46,057873	1,543359
46,060650	1,544345
46,063428	1,561113
46,066206	1,578210
46,068984	1,581826
46,071761	1,566045
46,074539	1,555852
46,077317	1,556181
46,080095	1,573278
46,082873	1,588731
46,085650	1,590374
46,088428	1,574922
46,091206	1,561442
46,093984	1,560784
46,096761	1,571634
46,099539	1,591361
46,102317	1,591032
46,105094	1,577552
46,107872	1,562099
46,110650	1,566702
46,113428	1,581826
46,116205	1,601882
46,118983	1,603855
46,121761	1,591361
46,124539	1,574593
46,127316	1,573607
46,130094	1,589388
46,132872	1,606156
46,135650	1,606485
46,138427	1,589059
46,141205	1,576566
46,143983	1,578210
46,146761	1,593662
46,149538	1,609444
46,152316	1,610759
46,155094	1,609444
46,157872	1,627856
46,160649	1,675858
46,163427	1,743916
46,166205	1,809672
46,168983	1,850441
46,171760	1,858990
46,174538	1,858661
46,177316	1,869511
46,180094	1,893512
46,182871	1,916198
46,185649	1,917513
46,188427	1,896471
46,191205	1,871155
46,193982	1,858332
46,196760	1,852085
46,199538	1,841564
46,202316	1,806713
46,205093	1,754108
46,207871	1,705777
46,210649	1,669611
46,213427	1,646925
46,216204	1,631472
46,218982	1,606485
46,221760	1,571634
46,224538	1,549277
46,227315	1,541057
46,230093	1,550592
46,232871	1,565716
46,235649	1,565058
46,238426	1,549605
46,241204	1,535468
46,243982	1,536783
46,246760	1,549277
46,249537	1,569004
46,252315	1,569004
46,255093	1,556181
46,257871	1,545002
46,260648	1,546318
46,263426	1,559798
46,266204	1,577552
46,268982	1,576566
46,271759	1,558811
46,274537	1,545002
46,277315	1,544016
46,280093	1,559469
46,282870	1,571305
46,285648	1,556839
46,288426	1,513768
46,291204	1,473985
46,293981	1,463464
46,296759	1,525933
46,299537	1,661720
46,302315	1,867209
46,305093	2,161470
46,307870	2,517213
46,310648	2,918657
46,313426	3,192204
46,316204	3,196478
46,318981	3,199437
46,321759	3,198122
46,324537	3,197465
46,327314	3,190889
46,330092	3,043923
46,332870	2,560283
46,335648	1,949405
46,338425	1,410859
46,341203	1,076159
46,343981	0,957797
46,346759	0,999553
46,349536	1,111010
46,352314	1,221809
46,355092	1,301703
46,357870	1,358912
46,360647	1,409544
46,363425	1,451957
46,366203	1,474643
46,368981	1,475629
46,371758	1,460177
46,374536	1,448998
46,377314	1,454587
46,380092	1,472342
46,382869	1,494041
46,385647	1,496671
46,388425	1,485164
46,391203	1,475958
46,393980	1,482534
46,396758	1,495685
46,399536	1,514754
46,402314	1,520344
46,405091	1,509823
46,407869	1,502590
46,410647	1,509823
46,413425	1,534810
46,416202	1,562757
46,418980	1,571963
46,421758	1,564072
46,424536	1,559469
46,427313	1,570976
46,430091	1,595306
46,432869	1,621938
46,435647	1,632459
46,438424	1,629171
46,441202	1,621280
46,443980	1,633774
46,446758	1,657775
46,449535	1,680132
46,452313	1,683420
46,455091	1,672899
46,457869	1,661720
46,460646	1,667310
46,463424	1,684406
46,466202	1,705448
46,468980	1,708736
46,471757	1,699859
46,474535	1,694270
46,477313	1,707421
46,480091	1,742272
46,482868	1,786986
46,485646	1,817563
46,488424	1,826112
46,491202	1,834331
46,493979	1,852743
46,496757	1,884635
46,499535	1,919157
46,502313	1,936911
46,505090	1,934939
46,507868	1,931980
46,510646	1,937240
46,513424	1,950720
46,516201	1,958282
46,518979	1,941843
46,521757	1,907978
46,524535	1,876086
46,527313	1,857346
46,530090	1,848140
46,532868	1,834331
46,535646	1,800138
46,538424	1,748848
46,541201	1,693283
46,543979	1,651528
46,546757	1,615691
46,549534	1,579525
46,552312	1,533166
46,555090	1,476616
46,557868	1,431901
46,560645	1,406256
46,563423	1,404284
46,566201	1,412503
46,568979	1,415791
46,571756	1,403297
46,574534	1,397379
46,577312	1,403626
46,580090	1,420394
46,582867	1,438477
46,585645	1,438806
46,588423	1,426312
46,591201	1,413818
46,593978	1,419408
46,596756	1,436175
46,599534	1,455245
46,602312	1,452286
46,605089	1,437491
46,607867	1,422695
46,610645	1,427627
46,613423	1,443080
46,616200	1,465108
46,618978	1,465766
46,621756	1,453930
46,624534	1,444395
46,627311	1,448340
46,630089	1,466095
46,632867	1,482534
46,635645	1,480890
46,638422	1,464122
46,641200	1,453601
46,643978	1,452943
46,646756	1,473985
46,649533	1,489767
46,652311	1,491082
46,655089	1,476616
46,657867	1,463464
46,660644	1,469711
46,663422	1,487466
46,666200	1,506206
46,668978	1,504233
46,671755	1,490425
46,674533	1,472342
46,677311	1,479246
46,680089	1,493384
46,682866	1,509494
46,685644	1,507192
46,688422	1,494370
46,691200	1,480232
46,693977	1,483520
46,696755	1,498973
46,699533	1,516398
46,702311	1,518042
46,705088	1,503247
46,707866	1,492068
46,710644	1,495356
46,713422	1,515412
46,716199	1,530865
46,718977	1,536125
46,721755	1,518042
46,724533	1,507192
46,727310	1,508179
46,730088	1,521988
46,732866	1,537112
46,735644	1,534810
46,738421	1,522645
46,741199	1,512782
46,743977	1,519029
46,746755	1,533824
46,749533	1,553551
46,752310	1,549277
46,755088	1,534153
46,757866	1,520015
46,760644	1,524618
46,763421	1,538756
46,766199	1,557825
46,768977	1,555524
46,771755	1,539742
46,774532	1,528563
46,777310	1,531194
46,780088	1,551907
46,782865	1,567688
46,785643	1,565716
46,788421	1,547304
46,791199	1,535468
46,793976	1,536783
46,796754	1,553880
46,799532	1,571305
46,802310	1,571305
46,805087	1,558811
46,807865	1,546318
46,810643	1,552564
46,813421	1,567688
46,816198	1,582812
46,818976	1,575250
46,821754	1,561113
46,824532	1,545989
46,827309	1,552564
46,830087	1,569332
46,832865	1,588402
46,835643	1,584456
46,838420	1,568017
46,841198	1,554208
46,843976	1,557496
46,846754	1,572949
46,849531	1,587087
46,852309	1,586100
46,855087	1,568675
46,857865	1,558483
46,860642	1,564401
46,863420	1,583470
46,866198	1,595635
46,868976	1,596293
46,871753	1,578538
46,874531	1,569661
46,877309	1,573607
46,880087	1,589059
46,882864	1,601882
46,885642	1,599252
46,888420	1,583470
46,891198	1,571963
46,893975	1,579853
46,896753	1,596293
46,899531	1,615691
46,902309	1,635418
46,905086	1,658761
46,907864	1,691968
46,910642	1,748519
46,913420	1,807042
46,916197	1,852743
46,918975	1,871812
46,921753	1,870168
46,924531	1,867209
46,927308	1,882991
46,930086	1,906334
46,932864	1,923102
46,935642	1,914554
46,938419	1,885292
46,941197	1,855044
46,943975	1,831701
46,946753	1,816577
46,949530	1,796850
46,952308	1,756081
46,955086	1,702489
46,957864	1,654816
46,960641	1,624568
46,963419	1,611745
46,966197	1,604512
46,968975	1,583799
46,971752	1,557167
46,974530	1,537769
46,977308	1,538756
46,980086	1,551907
46,982864	1,562757
46,985641	1,555852
46,988419	1,541057
46,991197	1,529221
46,993975	1,535139
46,996752	1,552564
46,999530	1,565716
47,002308	1,564072
47,005085	1,548290
47,007863	1,536125
47,010641	1,541715
47,013419	1,559140
47,016196	1,574593
47,018974	1,573607
47,021752	1,558811
47,024530	1,548290
47,027307	1,554537
47,030085	1,558811
47,032863	1,550263
47,035641	1,515083
47,038418	1,477602
47,041196	1,472013
47,043974	1,547304
47,046752	1,724847
47,049529	1,987215
47,052307	2,318957
47,055085	2,703304
47,057863	3,080747
47,060640	3,195492
47,063418	3,197136
47,066196	3,198780
47,068974	3,198780
47,071751	3,194506
47,074529	3,170505
47,077307	2,858161
47,080085	2,291010
47,082862	1,718928
47,085640	1,272771
47,088418	1,022239
47,091196	0,957468
47,093973	1,020266
47,096751	1,141915
47,099529	1,262907
47,102307	1,342144
47,105084	1,388831
47,107862	1,414805
47,110640	1,441436
47,113418	1,466423
47,116195	1,483520
47,118973	1,476616
47,121751	1,459848
47,124529	1,451957
47,127306	1,462149
47,130084	1,483849
47,132862	1,502590
47,135640	1,504562
47,138417	1,490753
47,141195	1,481547
47,143973	1,485164
47,146751	1,504233
47,149528	1,523303
47,152306	1,525604
47,155084	1,517714
47,157862	1,517056
47,160639	1,532838
47,163417	1,560455
47,166195	1,581169
47,168973	1,581169
47,171750	1,575250
47,174528	1,575579
47,177306	1,592676
47,180084	1,618979
47,182861	1,642322
47,185639	1,643966
47,188417	1,636404
47,191195	1,633116
47,193972	1,648240
47,196750	1,672570
47,199528	1,691639
47,202306	1,689667
47,205084	1,675529
47,207861	1,668625
47,210639	1,678817
47,213417	1,702489
47,216195	1,723531
47,218972	1,727806
47,221750	1,718271
47,224528	1,721559
47,227305	1,748848
47,230083	1,793891
47,232861	1,834989
47,235639	1,853729
47,238416	1,852743
47,241194	1,858990
47,243972	1,881018
47,246750	1,917184
47,249527	1,948419
47,252305	1,955981
47,255083	1,945460
47,257861	1,933295
47,260638	1,935925
47,263416	1,942501
47,266194	1,942172
47,268972	1,919486
47,271749	1,884635
47,274527	1,851428
47,277305	1,829728
47,280083	1,813618
47,282860	1,792576
47,285638	1,750820
47,288416	1,691311
47,291194	1,631143
47,293971	1,583141
47,296749	1,551907
47,299527	1,521001
47,302305	1,477931
47,305082	1,427627
47,307860	1,393105
47,310638	1,386201
47,313416	1,400996
47,316193	1,420065
47,318971	1,420723
47,321749	1,412832
47,324527	1,402640
47,327304	1,413161
47,330082	1,431244
47,332860	1,449984
47,335638	1,442094
47,338415	1,424997
47,341193	1,411846
47,343971	1,415133
47,346749	1,434860
47,349526	1,449984
47,352304	1,449984
47,355082	1,435189
47,357860	1,427956
47,360637	1,433216
47,363415	1,456231
47,366193	1,468725
47,368971	1,465766
47,371748	1,447354
47,374526	1,437162
47,377304	1,443737
47,380082	1,462478
47,382859	1,478588
47,385637	1,477273
47,388415	1,466095
47,391193	1,458204
47,393970	1,468067
47,396748	1,478588
47,399526	1,491411
47,402304	1,482863
47,405081	1,468067
47,407859	1,455902
47,410637	1,468396
47,413415	1,489109
47,416192	1,506206
47,418970	1,501603
47,421748	1,485164
47,424526	1,478917
47,427304	1,486150
47,430081	1,504233
47,432859	1,515083
47,435637	1,511467
47,438415	1,492068
47,441192	1,484507
47,443970	1,488452
47,446748	1,506206
47,449525	1,519029
47,452303	1,516727
47,455081	1,503905
47,457859	1,498315
47,460636	1,505220
47,463414	1,521988
47,466192	1,534481
47,468970	1,525933
47,471747	1,511467
47,474525	1,499630
47,477303	1,507192
47,480081	1,526262
47,482858	1,543359
47,485636	1,537440
47,488414	1,523960
47,491192	1,515412
47,493969	1,521988
47,496747	1,540400
47,499525	1,552236
47,502303	1,548619
47,505080	1,529878
47,507858	1,522974
47,510636	1,527577
47,513414	1,549277
47,516191	1,560126
47,518969	1,556510
47,521747	1,539413
47,524525	1,533166
47,527302	1,540400
47,530080	1,558154
47,532858	1,569661
47,535636	1,563414
47,538413	1,548619
47,541191	1,538427
47,543969	1,549934
47,546747	1,564729
47,549524	1,578538
47,552302	1,573278
47,555080	1,559140
47,557858	1,544016
47,560635	1,553551
47,563413	1,569661
47,566191	1,584785
47,568969	1,579196
47,571746	1,561442
47,574524	1,551907
47,577302	1,558483
47,580080	1,575250
47,582857	1,587415
47,585635	1,584128
47,588413	1,566702
47,591191	1,562099
47,593968	1,567688
47,596746	1,586100
47,599524	1,597936
47,602302	1,593991
47,605079	1,578538
47,607857	1,571634
47,610635	1,579196
47,613413	1,593991
47,616190	1,607471
47,618968	1,597279
47,621746	1,579853
47,624524	1,568346
47,627301	1,577881
47,630079	1,594320
47,632857	1,609444
47,635635	1,604841
47,638412	1,590374
47,641190	1,580182
47,643968	1,585114
47,646746	1,613718
47,649524	1,657446
47,652301	1,696900
47,655079	1,728792
47,657857	1,765944
47,660635	1,812303
47,663412	1,856688
47,666190	1,884964
47,668968	1,890882
47,671746	1,883648
47,674523	1,884306
47,677301	1,896142
47,680079	1,912253
47,682856	1,914554
47,685634	1,890553
47,688412	1,852085
47,691190	1,813947
47,693967	1,787973
47,696745	1,772520
47,699523	1,751807
47,702301	1,707750
47,705078	1,653172
47,707856	1,608129
47,710634	1,588073
47,713412	1,586429
47,716189	1,589717
47,718967	1,573607
47,721745	1,549605
47,724523	1,538756
47,727300	1,544016
47,730078	1,559469
47,732856	1,569004
47,735634	1,565387
47,738411	1,546646
47,741189	1,538427
47,743967	1,544674
47,746745	1,561113
47,749522	1,571963
47,752300	1,568675
47,755078	1,554537
47,757856	1,548290
47,760633	1,559140
47,763411	1,575579
47,766189	1,587744
47,768967	1,576566
47,771744	1,555524
47,774522	1,543030
47,777300	1,535139
47,780078	1,527577
47,782855	1,513111
47,785633	1,491740
47,788411	1,507521
47,791189	1,597936
47,793966	1,798494
47,796744	2,115111
47,799522	2,488609
47,802300	2,889066
47,805077	3,188259
47,807855	3,195821
47,810633	3,198122
47,813411	3,199109
47,816188	3,197136
47,818966	3,191547
47,821744	3,089624
47,824522	2,640506
47,827299	2,039163
47,830077	1,507850
47,832855	1,160327
47,835633	0,995278
47,838410	0,979168
47,841188	1,053473
47,843966	1,168547
47,846744	1,286579
47,849521	1,377652
47,852299	1,427627
47,855077	1,443080
47,857855	1,448340
47,860632	1,457875
47,863410	1,476287
47,866188	1,487466
47,868966	1,479575
47,871743	1,463793
47,874521	1,457875
47,877299	1,472342
47,880077	1,496343
47,882855	1,512124
47,885632	1,509165
47,888410	1,493712
47,891188	1,487466
47,893966	1,502918
47,896743	1,523960
47,899521	1,542043
47,902299	1,540071
47,905076	1,530865
47,907854	1,531194
47,910632	1,547304
47,913410	1,572620
47,916187	1,596950
47,918965	1,600238
47,921743	1,589388
47,924521	1,590046
47,927298	1,605170
47,930076	1,631143
47,932854	1,651199
47,935632	1,653501
47,938409	1,643637
47,941187	1,644295
47,943965	1,658761
47,946743	1,683420
47,949520	1,699530
47,952298	1,696900
47,955076	1,685064
47,957854	1,681447
47,960631	1,694270
47,963409	1,716627
47,966187	1,735696
47,968965	1,738327
47,971742	1,740628
47,974520	1,760026
47,977298	1,799151
47,980076	1,845181
47,982853	1,878059
47,985631	1,883320
47,988409	1,881347
47,991187	1,888251
47,993964	1,914554
47,996742	1,948090
47,999520	1,970776
48,002298	1,969132
48,005075	1,952364
48,007853	1,936582
48,010631	1,929020
48,013409	1,926719
48,016186	1,918828
48,018964	1,890224
48,021742	1,847811
48,024520	1,810988
48,027297	1,784356
48,030075	1,765616
48,032853	1,735368
48,035631	1,683749
48,038408	1,616019
48,041186	1,556181
48,043964	1,519686
48,046742	1,490753
48,049519	1,465766
48,052297	1,428613
48,055075	1,394091
48,057853	1,375351
48,060630	1,387844
48,063408	1,410859
48,066186	1,427956
48,068964	1,427627
48,071741	1,413161
48,074519	1,408887
48,077297	1,417764
48,080075	1,435189
48,082852	1,444724
48,085630	1,438148
48,088408	1,420065
48,091186	1,411517
48,093963	1,420394
48,096741	1,440121
48,099519	1,454259
48,102297	1,452286
48,105075	1,437162
48,107852	1,431244
48,110630	1,444066
48,113408	1,460505
48,116186	1,473985
48,118963	1,465108
48,121741	1,447683
48,124519	1,440121
48,127296	1,450313
48,130074	1,469383
48,132852	1,487137
48,135630	1,480561
48,138407	1,460834
48,141185	1,453272
48,143963	1,459190
48,146741	1,478588
48,149518	1,490096
48,152296	1,485493
48,155074	1,467410
48,157852	1,463464
48,160629	1,470369
48,163407	1,492068
48,166185	1,501274
48,168963	1,494041
48,171740	1,478260
48,174518	1,474314
48,177296	1,483520
48,180074	1,501932
48,182851	1,512782
48,185629	1,502918
48,188407	1,490753
48,191185	1,483849
48,193962	1,495685
48,196740	1,515083
48,199518	1,527248
48,202296	1,518371
48,205073	1,502261
48,207851	1,491740
48,210629	1,503576
48,213407	1,523303
48,216184	1,536783
48,218962	1,532180
48,221740	1,513439
48,224518	1,508179
48,227295	1,514097
48,230073	1,536125
48,232851	1,543030
48,235629	1,536125
48,238406	1,515083
48,241184	1,508836
48,243962	1,517056
48,246740	1,538427
48,249517	1,549934
48,252295	1,544016
48,255073	1,528563
48,257851	1,521988
48,260628	1,530536
48,263406	1,544674
48,266184	1,556181
48,268962	1,548290
48,271739	1,534153
48,274517	1,527248
48,277295	1,540071
48,280073	1,558154
48,282850	1,573278
48,285628	1,564729
48,288406	1,546975
48,291184	1,539084
48,293961	1,546646
48,296739	1,565716
48,299517	1,574593
48,302295	1,568017
48,305072	1,547304
48,307850	1,543359
48,310628	1,550592
48,313406	1,571634
48,316183	1,580840
48,318961	1,572620
48,321739	1,554208
48,324517	1,548619
48,327294	1,559140
48,330072	1,578210
48,332850	1,590374
48,335628	1,580511
48,338406	1,568017
48,341183	1,559469
48,343961	1,571305
48,346739	1,588073
48,349516	1,598923
48,352294	1,586100
48,355072	1,572620
48,357850	1,564072
48,360627	1,573278
48,363405	1,595306
48,366183	1,606814
48,368961	1,597608
48,371738	1,580182
48,374516	1,571305
48,377294	1,578538
48,380072	1,602539
48,382849	1,611417
48,385627	1,604512
48,388405	1,585771
48,391183	1,581169
48,393960	1,610101
48,396738	1,666323
48,399516	1,722545
48,402294	1,768246
48,405071	1,795206
48,407849	1,823152
48,410627	1,853729
48,413405	1,885950
48,416182	1,907321
48,418960	1,906663
48,421738	1,893183
48,424516	1,886608
48,427293	1,888580
48,430071	1,892526
48,432849	1,885621
48,435627	1,851757
48,438404	1,807042
48,441182	1,768246
48,443960	1,741943
48,446738	1,723860
48,449515	1,696900
48,452293	1,650542
48,455071	1,599252
48,457849	1,569990
48,460626	1,561113
48,463404	1,570319
48,466182	1,569990
48,468960	1,556181
48,471737	1,536783
48,474515	1,532838
48,477293	1,542043
48,480071	1,562099
48,482848	1,574922
48,485626	1,563743
48,488404	1,545989
48,491182	1,538098
48,493959	1,546646
48,496737	1,565716
48,499515	1,577223
48,502293	1,565387
48,505070	1,549277
48,507848	1,540400
48,510626	1,549934
48,513404	1,571963
48,516181	1,582484
48,518959	1,572949
48,521737	1,548948
48,524515	1,521659
48,527292	1,499302
48,530070	1,496343
48,532848	1,505549
48,535626	1,555195
48,538403	1,682105
48,541181	1,902060
48,543959	2,238734
48,546737	2,645438
48,549515	3,048855
48,552292	3,193191
48,555070	3,196478
48,557848	3,197136
48,560626	3,198122
48,563403	3,194506
48,566181	3,183656
48,568959	2,938713
48,571737	2,377480
48,574514	1,777452
48,577292	1,307950
48,580070	1,057418
48,582847	0,985415
48,585625	1,024869
48,588403	1,109695
48,591181	1,209316
48,593958	1,310909
48,596736	1,396722
48,599514	1,447683
48,602292	1,459848
48,605069	1,446368
48,607847	1,441765
