LabVIEW Measurement	
Writer_Version	2
Reader_Version	2
Separator	Tab
Decimal_Separator	,
Multi_Headings	No
X_Columns	Multi
Time_Pref	Absolute
Operator	Alunos
Description	Cont Acq&Graph Voltage Int Clk - LVM71 - Data File
Date	2023/06/01
Time	12:08:32,9863741999427417308
***End_of_Header***	
	
Channels	1	
Samples	500	
Date	2023/06/01	
Time	12:08:32,9863741999427417308	
Y_Unit_Label	Volts	
X_Dimension	Time	
X0	0,0000000000000000E+0	
Delta_X	0,002778	
***End_of_Header***		
X_Value	Dev1/ai1	Comment
0,000000	1,535797
0,002778	1,521988
0,005555	1,524947
0,008333	1,538756
0,011111	1,554537
0,013889	1,555195
0,016667	1,541057
0,019444	1,525933
0,022222	1,528892
0,025000	1,545660
0,027777	1,567688
0,030555	1,570319
0,033333	1,554537
0,036111	1,541715
0,038888	1,542043
0,041666	1,556181
0,044444	1,571305
0,047222	1,569661
0,049999	1,556181
0,052777	1,542372
0,055555	1,545989
0,058333	1,563743
0,061110	1,580840
0,063888	1,581826
0,066666	1,566702
0,069444	1,551249
0,072221	1,552236
0,074999	1,566702
0,077777	1,582812
0,080555	1,582812
0,083332	1,565716
0,086110	1,552236
0,088888	1,554537
0,091666	1,571305
0,094443	1,588402
0,097221	1,591690
0,099999	1,579196
0,102777	1,562757
0,105554	1,566045
0,108332	1,580511
0,111110	1,598594
0,113888	1,598265
0,116665	1,582484
0,119443	1,568346
0,122221	1,571963
0,124999	1,587744
0,127776	1,604183
0,130554	1,604183
0,133332	1,586429
0,136110	1,571963
0,138887	1,576237
0,141665	1,589059
0,144443	1,606485
0,147221	1,605170
0,149998	1,590703
0,152776	1,575908
0,155554	1,578210
0,158332	1,593005
0,161109	1,612732
0,163887	1,614047
0,166665	1,598923
0,169443	1,586758
0,172220	1,588731
0,174998	1,600567
0,177776	1,617006
0,180554	1,617335
0,183331	1,599909
0,186109	1,588731
0,188887	1,590046
0,191665	1,604841
0,194442	1,619965
0,197220	1,621280
0,199998	1,603197
0,202776	1,592676
0,205553	1,594977
0,208331	1,611417
0,211109	1,628184
0,213887	1,627527
0,216664	1,612732
0,219442	1,599909
0,222220	1,601224
0,224998	1,615691
0,227775	1,633445
0,230553	1,630815
0,233331	1,615362
0,236109	1,599909
0,238886	1,602539
0,241664	1,617663
0,244442	1,635746
0,247220	1,636404
0,249997	1,620294
0,252775	1,606485
0,255553	1,605827
0,258331	1,621609
0,261108	1,637719
0,263886	1,638705
0,266664	1,621609
0,269442	1,607142
0,272220	1,609115
0,274997	1,627527
0,277775	1,642322
0,280553	1,641993
0,283330	1,627198
0,286108	1,612732
0,288886	1,615033
0,291664	1,627527
0,294441	1,643966
0,297219	1,644624
0,299997	1,630486
0,302775	1,615033
0,305553	1,617663
0,308330	1,631472
0,311108	1,647583
0,313886	1,646925
0,316663	1,628184
0,319441	1,612732
0,322219	1,615691
0,324997	1,630486
0,327774	1,645939
0,330552	1,647254
0,333330	1,629828
0,336108	1,620951
0,338886	1,621280
0,341663	1,637062
0,344441	1,650213
0,347219	1,649555
0,349996	1,632787
0,352774	1,620294
0,355552	1,623910
0,358330	1,641007
0,361107	1,660405
0,363885	1,657117
0,366663	1,638705
0,369441	1,620294
0,372218	1,623581
0,374996	1,637719
0,377774	1,656789
0,380552	1,656131
0,383329	1,642322
0,386107	1,626212
0,388885	1,628513
0,391663	1,644295
0,394440	1,661063
0,397218	1,661063
0,399996	1,645939
0,402774	1,634103
0,405551	1,633445
0,408329	1,647254
0,411107	1,658432
0,413885	1,655802
0,416662	1,641336
0,419440	1,630486
0,422218	1,632459
0,424996	1,649884
0,427773	1,667310
0,430551	1,666323
0,433329	1,647254
0,436107	1,630486
0,438884	1,632130
0,441662	1,644952
0,444440	1,661063
0,447218	1,658761
0,449995	1,643637
0,452773	1,629500
0,455551	1,634431
0,458329	1,650213
0,461106	1,667967
0,463884	1,667638
0,466662	1,649227
0,469440	1,632130
0,472217	1,633445
0,474995	1,650542
0,477773	1,666652
0,480551	1,666323
0,483328	1,646596
0,486106	1,633774
0,488884	1,635746
0,491662	1,651857
0,494439	1,669940
0,497217	1,670597
0,499995	1,651528
0,502773	1,637062
0,505551	1,638377
0,508328	1,650542
0,511106	1,664679
0,513884	1,661063
0,516661	1,644295
0,519439	1,629828
0,522217	1,635418
0,524995	1,651199
0,527772	1,668625
0,530550	1,665008
0,533328	1,647911
0,536106	1,633774
0,538883	1,635418
0,541661	1,652514
0,544439	1,667638
0,547217	1,666981
0,549994	1,650870
0,552772	1,634760
0,555550	1,633774
0,558328	1,651528
0,561105	1,665337
0,563883	1,665666
0,566661	1,651199
0,569439	1,639363
0,572217	1,640349
0,574994	1,655145
0,577772	1,670597
0,580550	1,668953
0,583327	1,653501
0,586105	1,637719
0,588883	1,639692
0,591661	1,652843
0,594438	1,668625
0,597216	1,666652
0,599994	1,654158
0,602772	1,638048
0,605549	1,641336
0,608327	1,656131
0,611105	1,672570
0,613883	1,672241
0,616660	1,655145
0,619438	1,637719
0,622216	1,637390
0,624994	1,652843
0,627771	1,667310
0,630549	1,668625
0,633327	1,652514
0,636105	1,641007
0,638882	1,643308
0,641660	1,657446
0,644438	1,670597
0,647216	1,667310
0,649994	1,648240
0,652771	1,635089
0,655549	1,638705
0,658327	1,654816
0,661104	1,671584
0,663882	1,671255
0,666660	1,653501
0,669438	1,637719
0,672215	1,640349
0,674993	1,654487
0,677771	1,669282
0,680549	1,666652
0,683326	1,649227
0,686104	1,636075
0,688882	1,639034
0,691660	1,654487
0,694437	1,667967
0,697215	1,666323
0,699993	1,648898
0,702771	1,637719
0,705548	1,639363
0,708326	1,656460
0,711104	1,673228
0,713882	1,673228
0,716660	1,656131
0,719437	1,641993
0,722215	1,643308
0,724993	1,657446
0,727770	1,674214
0,730548	1,671913
0,733326	1,655473
0,736104	1,638705
0,738881	1,638048
0,741659	1,651528
0,744437	1,667638
0,747215	1,666323
0,749992	1,653172
0,752770	1,640678
0,755548	1,645281
0,758326	1,659090
0,761103	1,672241
0,763881	1,670926
0,766659	1,653501
0,769437	1,639034
0,772214	1,638377
0,774992	1,652843
0,777770	1,666981
0,780548	1,666981
0,783326	1,649227
0,786103	1,635418
0,788881	1,637390
0,791659	1,653829
0,794436	1,668953
0,797214	1,669940
0,799992	1,653829
0,802770	1,638705
0,805547	1,638048
0,808325	1,649555
0,811103	1,665337
0,813881	1,665666
0,816658	1,651199
0,819436	1,639034
0,822214	1,640349
0,824992	1,654487
0,827769	1,670597
0,830547	1,668296
0,833325	1,652843
0,836103	1,637390
0,838880	1,638705
0,841658	1,655145
0,844436	1,670926
0,847214	1,672241
0,849991	1,656460
0,852769	1,641993
0,855547	1,643308
0,858325	1,658761
0,861102	1,674543
0,863880	1,670269
0,866658	1,649227
0,869436	1,631472
0,872213	1,634760
0,874991	1,652843
0,877769	1,670269
0,880547	1,668625
0,883324	1,654158
0,886102	1,639363
0,888880	1,639363
0,891658	1,650870
0,894435	1,665666
0,897213	1,662707
0,899991	1,646267
0,902769	1,631472
0,905546	1,633116
0,908324	1,650542
0,911102	1,668296
0,913880	1,670269
0,916657	1,653501
0,919435	1,640349
0,922213	1,641665
0,924991	1,657117
0,927768	1,670269
0,930546	1,667638
0,933324	1,651199
0,936102	1,635418
0,938879	1,636404
0,941657	1,650542
0,944435	1,666652
0,947213	1,665337
0,949990	1,647583
0,952768	1,631472
0,955546	1,633445
0,958324	1,647583
0,961101	1,664679
0,963879	1,664351
0,966657	1,649555
0,969435	1,634103
0,972212	1,635089
0,974990	1,647254
0,977768	1,662378
0,980546	1,663693
0,983323	1,648569
0,986101	1,634103
0,988879	1,633445
0,991657	1,647583
0,994434	1,662707
0,997212	1,664022
0,999990	1,647911
1,002768	1,635418
1,005545	1,635089
1,008323	1,648898
1,011101	1,668625
1,013879	1,667967
1,016656	1,650870
1,019434	1,635418
1,022212	1,639363
1,024990	1,652514
1,027767	1,668625
1,030545	1,664022
1,033323	1,645939
1,036101	1,631472
1,038879	1,633774
1,041656	1,650213
1,044434	1,665666
1,047212	1,663364
1,049989	1,645281
1,052767	1,630815
1,055545	1,629171
1,058323	1,643637
1,061101	1,659419
1,063878	1,660405
1,066656	1,645610
1,069434	1,633116
1,072211	1,633774
1,074989	1,648569
1,077767	1,663693
1,080545	1,661391
1,083322	1,646925
1,086100	1,630486
1,088878	1,631801
1,091656	1,644624
1,094433	1,661063
1,097211	1,658761
1,099989	1,645939
1,102767	1,629171
1,105544	1,632459
1,108322	1,642980
1,111100	1,659090
1,113878	1,657446
1,116656	1,642322
1,119433	1,629171
1,122211	1,631143
1,124989	1,647254
1,127766	1,662707
1,130544	1,664022
1,133322	1,645610
1,136100	1,630157
1,138877	1,628842
1,141655	1,644624
1,144433	1,659419
1,147211	1,659419
1,149988	1,641993
1,152766	1,627856
1,155544	1,630815
1,158322	1,644624
1,161099	1,663364
1,163877	1,660734
1,166655	1,643637
1,169433	1,627856
1,172210	1,631143
1,174988	1,642980
1,177766	1,660405
1,180544	1,659419
1,183321	1,644624
1,186099	1,630157
1,188877	1,631472
1,191655	1,643966
1,194433	1,658432
1,197210	1,658432
1,199988	1,640678
1,202766	1,627198
1,205543	1,627198
1,208321	1,641993
1,211099	1,657117
1,213877	1,656789
1,216654	1,641007
1,219432	1,628184
1,222210	1,627527
1,224988	1,643308
1,227765	1,659748
1,230543	1,658432
1,233321	1,643308
1,236099	1,627198
1,238876	1,630486
1,241654	1,643308
1,244432	1,661391
1,247210	1,660405
1,249988	1,643637
1,252765	1,628842
1,255543	1,630486
1,258321	1,645610
1,261098	1,660076
1,263876	1,657775
1,266654	1,640678
1,269432	1,627856
1,272209	1,631143
1,274987	1,647583
1,277765	1,662378
1,280543	1,660734
1,283320	1,641665
1,286098	1,628513
1,288876	1,626869
1,291654	1,639692
1,294431	1,653501
1,297209	1,654487
1,299987	1,641336
1,302765	1,628513
1,305542	1,632787
1,308320	1,644295
1,311098	1,657775
1,313876	1,654487
1,316653	1,638377
1,319431	1,622266
1,322209	1,626212
1,324987	1,639034
1,327765	1,656789
1,330542	1,654487
1,333320	1,638705
1,336098	1,626212
1,338875	1,628842
1,341653	1,643637
1,344431	1,663693
1,347209	1,687694
1,349986	1,711695
1,352764	1,745889
1,355542	1,797179
1,358320	1,852743
1,361097	1,896142
1,363875	1,913896
1,366653	1,910280
1,369431	1,907650
1,372208	1,918828
1,374986	1,938226
1,377764	1,953022
1,380542	1,944144
1,383319	1,913239
1,386097	1,878388
1,388875	1,854058
1,391653	1,839592
1,394430	1,823810
1,397208	1,788630
1,399986	1,735039
1,402764	1,680790
1,405541	1,643308
1,408319	1,626869
1,411097	1,620951
1,413875	1,605827
1,416652	1,580840
1,419430	1,559798
1,422208	1,558483
1,424986	1,578867
1,427763	1,591690
1,430541	1,586100
1,433319	1,563743
1,436097	1,547962
1,438874	1,549277
1,441652	1,567031
1,444430	1,583470
1,447208	1,582484
1,449985	1,568017
1,452763	1,554537
1,455541	1,559140
1,458319	1,576566
1,461097	1,593662
1,463874	1,591690
1,466652	1,574264
1,469430	1,557825
1,472207	1,559469
1,474985	1,561770
1,477763	1,552564
1,480541	1,521001
1,483318	1,485822
1,486096	1,486150
1,488874	1,564401
1,491652	1,751478
1,494429	2,028970
1,497207	2,370576
1,499985	2,759197
1,502763	3,131708
1,505540	3,197465
1,508318	3,200424
1,511096	3,201081
1,513874	3,201410
1,516652	3,196807
1,519429	3,161956
1,522207	2,809172
1,524985	2,224925
1,527762	1,659090
1,530540	1,232659
1,533318	1,007772
1,536096	0,959112
1,538873	1,031444
1,541651	1,157039
1,544429	1,282634
1,547207	1,365816
1,549984	1,409873
1,552762	1,429600
1,555540	1,442422
1,558318	1,459190
1,561095	1,476616
1,563873	1,478260
1,566651	1,462807
1,569429	1,455245
1,572207	1,460834
1,574984	1,483849
1,577762	1,502261
1,580540	1,503905
1,583317	1,488123
1,586095	1,473985
1,588873	1,476287
1,591651	1,496671
1,594428	1,519029
1,597206	1,525276
1,599984	1,519029
1,602762	1,514097
1,605539	1,525933
1,608317	1,550263
1,611095	1,572620
1,613873	1,580182
1,616650	1,574922
1,619428	1,570319
1,622206	1,579853
1,624984	1,604841
1,627761	1,627856
1,630539	1,636733
1,633317	1,631801
1,636095	1,629500
1,638872	1,641665
1,641650	1,663364
1,644428	1,681118
1,647206	1,682105
1,649983	1,667310
1,652761	1,658432
1,655539	1,665994
1,658317	1,685721
1,661094	1,708736
1,663872	1,716627
1,666650	1,711038
1,669428	1,714325
1,672206	1,740957
1,674983	1,784685
1,677761	1,828413
1,680539	1,850113
1,683316	1,848798
1,686094	1,849455
1,688872	1,866881
1,691650	1,901403
1,694427	1,933952
1,697205	1,946117
1,699983	1,936582
1,702761	1,925404
1,705538	1,922774
1,708316	1,925075
1,711094	1,923102
1,713872	1,901074
1,716649	1,865894
1,719427	1,829071
1,722205	1,804083
1,724983	1,787973
1,727761	1,768246
1,730538	1,729778
1,733316	1,670926
1,736094	1,607142
1,738871	1,557825
1,741649	1,524289
1,744427	1,497987
1,747205	1,459519
1,749982	1,413818
1,752760	1,379296
1,755538	1,370419
1,758316	1,386858
1,761093	1,404941
1,763871	1,409873
1,766649	1,394749
1,769427	1,386201
1,772204	1,389160
1,774982	1,407243
1,777760	1,421380
1,780538	1,421709
1,783316	1,407243
1,786093	1,396393
1,788871	1,401653
1,791649	1,419079
1,794426	1,435518
1,797204	1,436833
1,799982	1,423353
1,802760	1,411517
1,805537	1,416449
1,808315	1,430586
1,811093	1,448669
1,813871	1,448012
1,816648	1,436833
1,819426	1,422367
1,822204	1,427956
1,824982	1,445710
1,827759	1,462807
1,830537	1,464451
1,833315	1,447025
1,836093	1,434860
1,838871	1,439135
1,841648	1,456560
1,844426	1,472670
1,847204	1,474972
1,849981	1,459519
1,852759	1,449327
1,855537	1,449984
1,858315	1,465437
1,861092	1,483520
1,863870	1,484507
1,866648	1,468725
1,869426	1,457546
1,872203	1,461821
1,874981	1,478260
1,877759	1,498315
1,880537	1,496014
1,883315	1,483849
1,886092	1,469054
1,888870	1,471355
1,891648	1,483191
1,894426	1,503905
1,897203	1,501932
1,899981	1,489109
1,902759	1,478917
1,905536	1,482205
1,908314	1,499630
1,911092	1,516070
1,913870	1,516398
1,916647	1,497987
1,919425	1,488452
1,922203	1,488781
1,924981	1,506206
1,927758	1,520673
1,930536	1,519686
1,933314	1,502261
1,936092	1,494699
1,938870	1,499302
1,941647	1,517385
1,944425	1,535468
1,947203	1,533824
1,949980	1,521001
1,952758	1,503247
1,955536	1,505220
1,958314	1,518042
1,961091	1,534810
1,963869	1,533166
1,966647	1,524947
1,969425	1,510809
1,972202	1,517385
1,974980	1,530207
1,977758	1,545002
1,980536	1,546318
1,983313	1,530536
1,986091	1,516727
1,988869	1,517385
1,991647	1,537440
1,994425	1,554537
1,997202	1,559140
1,999980	1,540071
2,002758	1,528235
2,005535	1,529878
2,008313	1,544016
2,011091	1,559798
2,013869	1,557825
2,016646	1,540728
2,019424	1,527906
2,022202	1,531851
2,024980	1,546975
2,027757	1,566045
2,030535	1,567031
2,033313	1,551907
2,036091	1,536125
2,038868	1,541715
2,041646	1,554537
2,044424	1,573278
2,047202	1,572291
2,049980	1,558483
2,052757	1,546646
2,055535	1,549605
2,058313	1,566045
2,061090	1,583470
2,063868	1,585443
2,066646	1,569332
2,069424	1,558154
2,072201	1,557167
2,074979	1,572949
2,077757	1,586429
2,080535	1,586429
2,083312	1,570976
2,086090	1,558811
2,088868	1,561113
2,091646	1,578867
2,094423	1,596293
2,097201	1,594977
2,099979	1,577881
2,102757	1,563414
2,105535	1,566373
2,108312	1,582155
2,111090	1,600895
2,113868	1,595635
2,116645	1,580511
2,119423	1,564401
2,122201	1,567688
2,124979	1,583799
2,127756	1,600567
2,130534	1,601224
2,133312	1,585771
2,136090	1,572291
2,138867	1,574922
2,141645	1,594320
2,144423	1,613389
2,147201	1,616348
2,149979	1,598594
2,152756	1,584128
2,155534	1,585443
2,158312	1,602211
2,161089	1,615362
2,163867	1,616019
2,166645	1,599580
2,169423	1,586758
2,172200	1,590374
2,174978	1,603526
2,177756	1,619965
2,180534	1,618650
2,183311	1,601553
2,186089	1,588402
2,188867	1,593662
2,191645	1,606814
2,194422	1,621938
2,197200	1,617992
2,199978	1,602211
2,202756	1,589059
2,205534	1,595306
2,208311	1,613389
2,211089	1,630815
2,213867	1,629828
2,216644	1,612732
2,219422	1,597608
2,222200	1,596950
2,224978	1,612732
2,227755	1,631143
2,230533	1,632459
2,233311	1,616677
2,236089	1,603526
2,238866	1,604183
2,241644	1,620294
2,244422	1,638048
2,247200	1,636404
2,249977	1,621609
2,252755	1,609773
2,255533	1,609444
2,258311	1,622266
2,261089	1,636733
2,263866	1,634431
2,266644	1,620294
2,269422	1,608129
2,272199	1,609773
2,274977	1,625883
2,277755	1,643308
2,280533	1,639692
2,283310	1,620951
2,286088	1,606156
2,288866	1,610430
2,291644	1,631143
2,294421	1,647911
2,297199	1,648240
2,299977	1,631801
2,302755	1,617335
2,305532	1,617992
2,308310	1,633116
2,311088	1,645610
2,313866	1,645610
2,316644	1,630486
2,319421	1,614704
2,322199	1,620622
2,324977	1,634431
2,327754	1,651528
2,330532	1,651528
2,333310	1,637390
2,336088	1,620622
2,338865	1,625225
2,341643	1,637390
2,344421	1,651857
2,347199	1,648898
2,349976	1,632130
2,352754	1,619307
2,355532	1,622924
2,358310	1,637719
2,361088	1,651857
2,363865	1,650542
2,366643	1,635089
2,369421	1,623253
2,372198	1,624897
2,374976	1,641665
2,377754	1,661720
2,380532	1,661720
2,383309	1,644952
2,386087	1,630486
2,388865	1,630486
2,391643	1,643637
2,394420	1,658104
2,397198	1,656789
2,399976	1,639363
2,402754	1,627198
2,405531	1,629171
2,408309	1,644295
2,411087	1,662049
2,413865	1,657775
2,416643	1,639692
2,419420	1,624239
2,422198	1,625883
2,424976	1,643966
2,427754	1,662049
2,430531	1,659090
2,433309	1,641336
2,436087	1,625883
2,438864	1,627198
2,441642	1,643637
2,444420	1,659090
2,447198	1,657775
2,449975	1,644952
2,452753	1,630815
2,455531	1,632787
2,458309	1,648240
2,461086	1,665994
2,463864	1,664679
2,466642	1,648569
2,469420	1,632787
2,472198	1,634760
2,474975	1,647911
2,477753	1,662049
2,480531	1,661720
2,483308	1,647911
2,486086	1,635089
2,488864	1,634760
2,491642	1,646925
2,494419	1,661063
2,497197	1,661720
2,499975	1,645281
2,502753	1,632787
2,505530	1,634431
2,508308	1,648569
2,511086	1,663693
2,513864	1,662707
2,516641	1,645610
2,519419	1,630157
2,522197	1,632459
2,524975	1,645939
2,527753	1,661391
2,530530	1,660076
2,533308	1,644624
2,536086	1,630815
2,538863	1,634103
2,541641	1,647911
2,544419	1,666323
2,547197	1,666981
2,549974	1,650542
2,552752	1,637390
2,555530	1,637062
2,558308	1,648898
2,561085	1,662378
2,563863	1,662378
2,566641	1,644295
2,569419	1,634760
2,572196	1,637719
2,574974	1,654816
2,577752	1,669611
2,580530	1,669611
2,583308	1,654158
2,586085	1,640021
2,588863	1,639363
2,591641	1,650542
2,594418	1,667638
2,597196	1,665008
2,599974	1,650870
2,602752	1,637390
2,605529	1,641993
2,608307	1,656460
2,611085	1,672899
2,613863	1,667638
2,616640	1,651528
2,619418	1,637062
2,622196	1,639692
2,624974	1,654487
2,627752	1,670926
2,630529	1,670926
2,633307	1,656460
2,636085	1,641665
2,638863	1,641993
2,641640	1,659090
2,644418	1,670597
2,647196	1,669611
2,649973	1,649227
2,652751	1,635746
2,655529	1,639363
2,658307	1,654816
2,661084	1,670269
2,663862	1,669282
2,666640	1,653172
2,669418	1,638705
2,672195	1,640349
2,674973	1,654158
2,677751	1,670926
2,680529	1,669282
2,683307	1,655145
2,686084	1,638377
2,688862	1,641665
2,691640	1,655473
2,694417	1,672241
2,697195	1,671255
2,699973	1,654816
2,702751	1,640349
2,705528	1,641993
2,708306	1,655145
2,711084	1,671913
2,713862	1,672570
2,716639	1,653501
2,719417	1,640349
2,722195	1,642651
2,724973	1,661391
2,727750	1,677173
2,730528	1,676844
2,733306	1,658432
2,736084	1,643308
2,738862	1,642651
2,741639	1,655145
2,744417	1,671913
2,747195	1,671913
2,749972	1,653829
2,752750	1,639034
2,755528	1,643637
2,758306	1,659419
2,761083	1,677831
2,763861	1,674214
2,766639	1,657775
2,769417	1,641007
2,772194	1,641665
2,774972	1,658104
2,777750	1,673228
2,780528	1,672899
2,783305	1,656789
2,786083	1,642322
2,788861	1,641007
2,791639	1,656789
2,794416	1,670597
2,797194	1,670269
2,799972	1,654158
2,802750	1,640021
2,805527	1,641007
2,808305	1,657117
2,811083	1,671913
2,813861	1,670597
2,816638	1,656131
2,819416	1,641993
2,822194	1,644624
2,824972	1,659090
2,827749	1,674543
2,830527	1,672241
2,833305	1,655802
2,836083	1,640678
2,838861	1,642980
2,841638	1,658432
2,844416	1,676515
2,847194	1,678159
2,849971	1,661720
2,852749	1,646267
2,855527	1,645281
2,858305	1,658432
2,861082	1,671913
2,863860	1,670926
2,866638	1,653501
2,869416	1,640678
2,872193	1,640349
2,874971	1,656460
2,877749	1,672899
2,880527	1,670926
2,883304	1,651857
2,886082	1,636404
2,888860	1,638377
2,891638	1,650542
2,894416	1,667967
2,897193	1,667310
2,899971	1,649884
2,902749	1,631472
2,905526	1,632787
2,908304	1,645281
2,911082	1,664022
2,913860	1,664022
2,916637	1,649884
2,919415	1,638048
2,922193	1,641993
2,924971	1,655145
2,927748	1,666323
2,930526	1,665337
2,933304	1,651857
2,936082	1,641007
2,938859	1,643308
2,941637	1,658761
2,944415	1,673228
2,947193	1,671913
2,949971	1,652186
2,952748	1,637719
2,955526	1,638048
2,958304	1,654487
2,961081	1,668296
2,963859	1,665994
2,966637	1,650213
2,969415	1,635746
2,972192	1,639363
2,974970	1,653501
2,977748	1,669940
2,980526	1,667638
2,983303	1,652186
2,986081	1,634760
2,988859	1,635746
2,991637	1,647911
2,994414	1,664022
2,997192	1,663364
2,999970	1,648569
3,002748	1,635089
3,005525	1,635418
3,008303	1,651199
3,011081	1,665994
3,013859	1,664022
3,016636	1,645939
3,019414	1,632787
3,022192	1,633116
3,024970	1,648898
3,027747	1,665337
3,030525	1,666323
3,033303	1,647254
3,036081	1,632459
3,038858	1,633774
3,041636	1,646267
3,044414	1,661720
3,047192	1,661063
3,049969	1,646267
3,052747	1,630815
3,055525	1,633774
3,058303	1,647583
3,061080	1,662049
3,063858	1,660734
3,066636	1,644295
3,069414	1,631143
3,072191	1,632787
3,074969	1,645610
3,077747	1,659748
3,080525	1,658432
3,083302	1,642980
3,086080	1,629500
3,088858	1,629171
3,091636	1,643966
3,094413	1,663035
3,097191	1,664022
3,099969	1,647254
3,102747	1,630815
3,105524	1,631143
3,108302	1,644295
3,111080	1,660405
3,113858	1,659748
3,116635	1,644295
3,119413	1,632130
3,122191	1,631143
3,124969	1,641665
3,127746	1,653501
3,130524	1,651857
3,133302	1,637719
3,136080	1,626869
3,138857	1,628513
3,141635	1,645939
3,144413	1,660405
3,147191	1,659748
3,149968	1,643308
3,152746	1,627527
3,155524	1,628842
3,158302	1,644295
3,161079	1,659419
3,163857	1,659419
3,166635	1,642980
3,169413	1,627856
3,172190	1,628842
3,174968	1,642651
3,177746	1,659419
3,180524	1,657117
3,183301	1,641336
3,186079	1,625554
3,188857	1,628842
3,191635	1,642322
3,194412	1,657775
3,197190	1,656131
3,199968	1,637719
3,202746	1,623253
3,205523	1,626541
3,208301	1,643308
3,211079	1,659748
3,213857	1,661720
3,216634	1,641007
3,219412	1,625883
3,222190	1,626541
3,224968	1,640678
3,227745	1,657446
3,230523	1,658104
3,233301	1,642322
3,236079	1,629171
3,238856	1,629828
3,241634	1,641665
3,244412	1,657446
3,247190	1,657117
3,249967	1,639363
3,252745	1,625883
3,255523	1,628184
3,258301	1,641336
3,261078	1,656789
3,263856	1,653829
3,266634	1,641336
3,269412	1,626869
3,272189	1,630157
3,274967	1,646267
3,277745	1,661720
3,280523	1,660734
3,283300	1,642651
3,286078	1,628842
3,288856	1,627527
3,291634	1,643637
3,294411	1,659090
3,297189	1,659748
3,299967	1,644295
3,302745	1,629828
3,305522	1,628842
3,308300	1,642980
3,311078	1,657775
3,313856	1,655473
3,316634	1,640349
3,319411	1,625225
3,322189	1,627856
3,324967	1,640678
3,327744	1,656789
3,330522	1,655802
3,333300	1,643308
3,336078	1,652514
3,338855	1,693612
3,341633	1,754437
3,344411	1,822166
3,347189	1,865565
3,349966	1,880032
3,352744	1,887594
3,355522	1,903047
3,358300	1,929020
3,361077	1,953022
3,363855	1,960584
3,366633	1,943487
3,369411	1,920801
3,372189	1,908636
3,374966	1,906663
3,377744	1,896800
3,380522	1,864908
3,383299	1,813289
3,386077	1,759369
3,388855	1,722216
3,391633	1,700517
3,394410	1,682434
3,397188	1,650213
3,399966	1,614704
3,402744	1,582155
3,405521	1,574593
3,408299	1,578210
3,411077	1,592347
3,413855	1,588731
3,416632	1,570319
3,419410	1,553880
3,422188	1,553551
3,424966	1,568675
3,427744	1,585114
3,430521	1,588402
3,433299	1,573278
3,436077	1,563414
3,438854	1,563743
3,441632	1,582484
3,444410	1,595635
3,447188	1,594320
3,449965	1,577552
3,452743	1,565716
3,455521	1,565716
3,458299	1,581169
3,461076	1,597279
3,463854	1,582484
3,466632	1,543359
3,469410	1,493384
3,472187	1,473985
3,474965	1,494041
3,477743	1,577223
3,480521	1,735039
3,483298	1,965844
3,486076	2,287722
3,488854	2,691468
3,491632	3,095213
3,494409	3,200424
3,497187	3,201739
3,499965	3,202397
3,502743	3,201081
3,505520	3,196807
3,508298	3,180697
3,511076	2,903204
3,513854	2,328163
3,516631	1,722216
3,519409	1,254030
3,522187	1,011718
3,524965	0,968318
3,527742	1,043281
3,530520	1,153751
3,533298	1,244495
3,536076	1,318800
3,538853	1,384557
3,541631	1,434203
3,544409	1,469383
3,547187	1,473657
3,549964	1,459190
3,552742	1,443737
3,555520	1,449327
3,558298	1,465108
3,561075	1,486150
3,563853	1,491082
3,566631	1,477931
3,569409	1,468396
3,572186	1,471355
3,574964	1,488123
3,577742	1,502918
3,580520	1,510152
3,583297	1,497658
3,586075	1,491082
3,588853	1,497987
3,591631	1,519029
3,594408	1,545660
3,597186	1,556181
3,599964	1,549934
3,602742	1,547304
3,605519	1,559140
3,608297	1,582812
3,611075	1,608786
3,613853	1,617335
3,616630	1,609773
3,619408	1,601882
3,622186	1,613060
3,624964	1,637390
3,627741	1,663364
3,630519	1,668953
3,633297	1,660734
3,636075	1,651528
3,638852	1,657775
3,641630	1,676515
3,644408	1,699859
3,647186	1,704133
3,649963	1,693612
3,652741	1,685064
3,655519	1,693283
3,658297	1,723203
3,661074	1,761670
3,663852	1,794220
3,666630	1,808357
3,669408	1,817234
3,672185	1,836304
3,674963	1,866223
3,677741	1,897129
3,680519	1,915212
3,683296	1,914883
3,686074	1,912910
3,688852	1,918828
3,691630	1,936582
3,694407	1,952693
3,697185	1,943487
3,699963	1,908965
3,702741	1,874771
3,705518	1,856688
3,708296	1,847154
3,711074	1,837290
3,713852	1,806056
3,716629	1,754766
3,719407	1,705448
3,722185	1,665008
3,724963	1,633116
3,727740	1,598923
3,730518	1,550263
3,733296	1,486479
3,736074	1,436833
3,738851	1,404612
3,741629	1,397708
3,744407	1,400338
3,747185	1,400338
3,749962	1,387187
3,752740	1,380282
3,755518	1,386201
3,758296	1,405270
3,761073	1,423024
3,763851	1,422367
3,766629	1,407571
3,769407	1,395406
3,772184	1,397379
3,774962	1,412503
3,777740	1,431901
3,780518	1,432888
3,783295	1,422038
3,786073	1,410859
3,788851	1,412174
3,791629	1,427956
3,794406	1,442094
3,797184	1,443080
3,799962	1,427627
3,802740	1,414476
3,805517	1,416777
3,808295	1,434203
3,811073	1,452286
3,813851	1,456231
3,816628	1,444066
3,819406	1,431573
3,822184	1,433545
3,824962	1,448340
3,827739	1,463464
3,830517	1,463136
3,833295	1,450642
3,836073	1,439463
3,838850	1,443409
3,841628	1,461492
3,844406	1,479575
3,847184	1,482205
3,849961	1,470040
3,852739	1,455574
3,855517	1,457218
3,858295	1,469711
3,861072	1,485164
3,863850	1,487137
3,866628	1,471026
3,869406	1,459190
3,872183	1,463464
3,874961	1,480561
3,877739	1,499302
3,880517	1,501274
3,883294	1,483191
3,886072	1,468067
3,888850	1,470369
3,891628	1,484507
3,894405	1,502261
3,897183	1,505220
3,899961	1,493055
3,902739	1,481876
3,905516	1,486150
3,908294	1,499630
3,911072	1,519029
3,913850	1,519357
3,916627	1,503576
3,919405	1,491082
3,922183	1,491411
3,924961	1,506206
3,927738	1,524618
3,930516	1,524947
3,933294	1,511795
3,936072	1,501932
3,938849	1,502918
3,941627	1,517385
3,944405	1,534153
3,947183	1,533495
3,949960	1,519029
3,952738	1,506206
3,955516	1,508508
3,958294	1,524947
3,961071	1,544674
3,963849	1,544674
3,966627	1,529878
3,969405	1,516727
3,972182	1,520344
3,974960	1,534153
3,977738	1,552236
3,980516	1,548290
3,983293	1,531851
3,986071	1,519357
3,988849	1,525276
3,991627	1,544016
3,994404	1,560455
3,997182	1,561770
3,999960	1,547962
4,002738	1,531522
4,005515	1,532180
4,008293	1,548290
4,011071	1,566045
4,013849	1,568017
4,016627	1,549934
4,019404	1,539742
4,022182	1,541057
4,024960	1,558154
4,027737	1,576237
4,030515	1,577881
4,033293	1,563414
4,036071	1,546646
4,038848	1,548290
4,041626	1,561770
4,044404	1,580840
4,047182	1,580511
4,049959	1,568017
4,052737	1,553880
4,055515	1,558483
4,058293	1,573935
4,061070	1,594649
4,063848	1,594977
4,066626	1,574264
4,069404	1,558483
4,072182	1,559798
4,074959	1,574593
4,077737	1,590703
4,080515	1,593333
4,083292	1,577223
4,086070	1,566045
4,088848	1,568675
4,091626	1,584128
4,094403	1,598265
4,097181	1,598923
4,099959	1,584128
4,102737	1,569332
4,105514	1,571305
4,108292	1,581826
4,111070	1,600238
4,113848	1,600238
4,116625	1,586758
4,119403	1,572949
4,122181	1,576566
4,124959	1,591690
4,127737	1,609444
4,130514	1,608457
4,133292	1,593005
4,136070	1,578210
4,138847	1,580511
4,141625	1,600567
4,144403	1,618650
4,147181	1,619307
4,149958	1,600567
4,152736	1,586429
4,155514	1,585114
4,158292	1,600895
4,161069	1,616348
4,163847	1,617335
4,166625	1,600895
4,169403	1,587415
4,172180	1,587744
4,174958	1,603526
4,177736	1,616019
4,180514	1,616019
4,183292	1,600567
4,186069	1,585114
4,188847	1,587415
4,191625	1,601882
4,194402	1,621609
4,197180	1,623253
4,199958	1,615033
4,202736	1,598923
4,205513	1,603526
4,208291	1,617006
4,211069	1,634431
4,213847	1,633774
4,216624	1,616348
4,219402	1,599909
4,222180	1,600895
4,224958	1,614376
4,227735	1,628513
4,230513	1,630486
4,233291	1,615033
4,236069	1,605170
4,238846	1,607800
4,241624	1,621938
4,244402	1,635089
4,247180	1,636733
4,249957	1,617335
4,252735	1,602868
4,255513	1,606156
4,258291	1,620951
4,261068	1,640021
4,263846	1,639363
4,266624	1,623910
4,269402	1,609444
4,272180	1,614704
4,274957	1,627198
4,277735	1,646925
4,280513	1,647583
4,283290	1,630157
4,286068	1,617335
4,288846	1,616348
4,291624	1,628184
4,294401	1,642322
4,297179	1,641007
4,299957	1,626212
4,302735	1,614704
4,305512	1,615362
4,308290	1,631801
4,311068	1,647583
4,313846	1,648898
4,316623	1,631801
4,319401	1,618321
4,322179	1,618321
4,324957	1,634103
4,327735	1,650542
4,330512	1,650870
4,333290	1,637062
4,336068	1,618321
4,338845	1,620951
4,341623	1,631472
4,344401	1,650213
4,347179	1,649884
4,349956	1,635418
4,352734	1,618650
4,355512	1,624568
4,358290	1,640349
4,361067	1,657446
4,363845	1,656131
4,366623	1,638705
4,369401	1,625883
4,372178	1,625883
4,374956	1,640678
4,377734	1,654158
4,380512	1,656789
4,383290	1,639034
4,386067	1,628842
4,388845	1,628513
4,391623	1,642980
4,394400	1,658104
4,397178	1,661063
4,399956	1,644295
4,402734	1,627856
4,405511	1,629171
4,408289	1,639034
4,411067	1,655473
4,413845	1,656789
4,416622	1,642651
4,419400	1,627198
4,422178	1,628184
4,424956	1,639692
4,427733	1,657117
4,430511	1,657775
4,433289	1,641993
4,436067	1,626869
4,438845	1,628842
4,441622	1,641007
4,444400	1,657117
4,447178	1,659090
4,449955	1,644952
4,452733	1,631801
4,455511	1,631143
4,458289	1,644952
4,461066	1,659748
4,463844	1,659419
4,466622	1,641993
4,469400	1,629500
4,472177	1,628842
4,474955	1,643308
4,477733	1,660405
4,480511	1,661391
4,483288	1,647911
4,486066	1,633445
4,488844	1,634760
4,491622	1,647583
4,494400	1,664679
4,497177	1,662707
4,499955	1,644952
4,502733	1,626541
4,505510	1,629171
4,508288	1,644952
4,511066	1,662378
4,513844	1,663693
4,516621	1,648898
4,519399	1,634103
4,522177	1,635418
4,524955	1,652186
4,527732	1,666652
4,530510	1,669282
4,533288	1,652843
4,536066	1,640021
4,538843	1,641007
4,541621	1,656460
4,544399	1,671584
4,547177	1,668625
4,549955	1,651199
4,552732	1,634760
4,555510	1,636733
4,558288	1,648569
4,561065	1,666981
4,563843	1,666323
4,566621	1,651199
4,569399	1,633774
4,572176	1,634431
4,574954	1,647254
4,577732	1,661391
4,580510	1,663693
4,583287	1,647583
4,586065	1,633445
4,588843	1,635089
4,591621	1,647254
4,594398	1,663693
4,597176	1,665337
4,599954	1,648898
4,602732	1,638048
4,605510	1,639363
4,608287	1,654487
4,611065	1,672241
4,613843	1,673556
4,616620	1,656460
4,619398	1,642980
4,622176	1,645281
4,624954	1,656460
4,627731	1,669611
4,630509	1,667967
4,633287	1,653501
4,636065	1,638377
4,638842	1,641665
4,641620	1,656460
4,644398	1,672899
4,647176	1,670269
4,649953	1,651528
4,652731	1,635089
4,655509	1,635418
4,658287	1,650542
4,661065	1,667638
4,663842	1,672899
4,666620	1,659090
4,669398	1,644952
4,672175	1,642651
4,674953	1,656789
4,677731	1,671255
4,680509	1,670926
4,683286	1,655145
4,686064	1,640678
4,688842	1,643637
4,691620	1,660076
4,694397	1,676187
4,697175	1,677173
4,699953	1,662049
4,702731	1,646267
4,705508	1,645939
4,708286	1,658761
4,711064	1,673556
4,713842	1,670926
4,716620	1,651199
4,719397	1,636733
4,722175	1,640021
4,724953	1,657117
4,727730	1,673228
4,730508	1,674214
4,733286	1,655145
4,736064	1,639034
4,738841	1,637719
4,741619	1,652843
4,744397	1,670926
4,747175	1,672570
4,749953	1,656131
4,752730	1,640021
4,755508	1,640678
4,758286	1,653829
4,761063	1,670597
4,763841	1,669940
4,766619	1,653829
4,769397	1,639692
4,772175	1,640349
4,774952	1,653501
4,777730	1,669611
4,780508	1,668625
4,783285	1,652843
4,786063	1,641665
4,788841	1,643308
4,791619	1,658104
4,794396	1,673556
4,797174	1,671584
4,799952	1,652514
4,802730	1,636075
4,805508	1,634431
4,808285	1,650542
4,811063	1,668296
4,813841	1,670269
4,816618	1,653829
4,819396	1,639034
4,822174	1,639034
4,824952	1,651528
4,827730	1,668953
4,830507	1,668953
4,833285	1,654816
4,836063	1,636404
4,838840	1,637062
4,841618	1,650213
4,844396	1,667967
4,847174	1,667638
4,849951	1,653172
4,852729	1,636404
4,855507	1,637719
4,858285	1,652514
4,861063	1,666323
4,863840	1,666981
4,866618	1,650542
4,869396	1,636733
4,872173	1,634431
4,874951	1,650213
4,877729	1,663364
4,880507	1,664022
4,883285	1,649555
4,886062	1,636404
4,888840	1,637062
4,891618	1,651199
4,894395	1,667967
4,897173	1,669282
4,899951	1,652514
4,902729	1,637062
4,905506	1,640021
4,908284	1,654487
4,911062	1,670269
4,913840	1,668625
4,916618	1,652514
4,919395	1,635418
4,922173	1,637390
4,924951	1,648898
4,927728	1,665337
4,930506	1,663693
4,933284	1,647254
4,936062	1,633445
4,938839	1,636404
4,941617	1,650870
4,944395	1,667310
4,947173	1,669611
4,949950	1,652186
4,952728	1,639363
4,955506	1,636404
4,958284	1,649555
4,961061	1,663035
4,963839	1,663693
4,966617	1,647583
4,969395	1,633116
4,972173	1,633116
4,974950	1,647911
4,977728	1,663035
4,980506	1,661391
4,983283	1,647583
4,986061	1,636075
4,988839	1,639034
4,991617	1,651199
4,994394	1,668953
4,997172	1,667638
4,999950	1,652514
5,002728	1,634760
5,005505	1,634103
5,008283	1,647911
5,011061	1,663364
5,013839	1,662378
5,016616	1,647911
5,019394	1,633774
5,022172	1,631472
5,024950	1,649884
5,027728	1,663035
5,030505	1,665337
5,033283	1,649227
5,036061	1,635746
5,038838	1,635089
5,041616	1,648240
5,044394	1,661720
5,047172	1,661391
5,049949	1,645939
5,052727	1,632459
5,055505	1,637062
5,058283	1,650213
5,061060	1,667967
5,063838	1,667638
5,066616	1,649884
5,069394	1,632130
5,072171	1,634760
5,074949	1,645939
5,077727	1,661720
5,080505	1,663693
5,083282	1,650213
5,086060	1,637390
5,088838	1,637390
5,091616	1,647911
5,094393	1,660734
5,097171	1,662049
5,099949	1,643308
5,102727	1,630815
5,105504	1,631143
5,108282	1,647583
5,111060	1,663364
5,113838	1,664351
5,116615	1,646925
5,119393	1,631801
5,122171	1,630157
5,124949	1,642980
5,127726	1,660734
5,130504	1,660734
5,133282	1,646925
5,136060	1,632130
5,138837	1,633445
5,141615	1,643966
5,144393	1,659419
5,147171	1,659419
5,149948	1,644295
5,152726	1,629828
5,155504	1,628842
5,158282	1,642980
5,161059	1,659090
5,163837	1,659419
5,166615	1,642322
5,169393	1,628184
5,172170	1,628513
5,174948	1,646596
5,177726	1,662378
5,180504	1,664679
5,183281	1,649884
5,186059	1,634103
5,188837	1,636404
5,191615	1,652843
5,194392	1,668625
5,197170	1,666981
5,199948	1,648240
5,202726	1,628842
5,205503	1,628184
5,208281	1,639692
5,211059	1,657446
5,213837	1,658104
5,216614	1,644624
5,219392	1,627856
5,222170	1,631472
5,224948	1,644624
5,227726	1,662049
5,230503	1,664679
5,233281	1,648569
5,236059	1,635418
5,238836	1,634431
5,241614	1,647254
5,244392	1,661391
5,247170	1,662707
5,249947	1,645281
5,252725	1,630486
5,255503	1,629500
5,258281	1,644952
5,261058	1,663035
5,263836	1,664351
5,266614	1,648240
5,269392	1,630486
5,272169	1,629171
5,274947	1,641993
5,277725	1,659748
5,280503	1,659419
5,283281	1,644624
5,286058	1,630157
5,288836	1,629828
5,291614	1,643308
5,294391	1,659748
5,297169	1,659090
5,299947	1,644624
5,302725	1,630157
5,305502	1,628513
5,308280	1,640678
5,311058	1,656789
5,313836	1,657446
5,316613	1,641993
5,319391	1,627198
5,322169	1,627198
5,324947	1,661063
5,327724	1,712353
5,330502	1,760684
5,333280	1,797507
5,336058	1,828742
5,338835	1,861620
5,341613	1,898115
5,344391	1,930664
5,347169	1,941185
5,349946	1,936911
5,352724	1,925075
5,355502	1,926390
5,358280	1,934939
5,361057	1,940199
5,363835	1,923431
5,366613	1,883320
5,369391	1,839263
5,372168	1,806385
5,374946	1,783370
5,377724	1,761999
5,380502	1,725175
5,383279	1,672241
5,386057	1,625554
5,388835	1,600895
5,391613	1,597608
5,394390	1,601224
5,397168	1,592347
5,399946	1,569661
5,402724	1,551578
5,405501	1,549934
5,408279	1,562757
5,411057	1,579853
5,413835	1,583470
5,416612	1,568017
5,419390	1,552236
5,422168	1,554208
5,424946	1,568017
5,427723	1,588731
5,430501	1,591032
5,433279	1,576237
5,436057	1,561113
5,438834	1,562757
5,441612	1,578538
5,444390	1,596950
5,447168	1,597279
5,449945	1,580511
5,452723	1,557825
5,455501	1,538427
5,458279	1,520673
5,461056	1,513439
5,463834	1,514426
5,466612	1,554866
5,469390	1,683091
5,472167	1,908965
5,474945	2,250570
5,477723	2,656946
5,480501	3,054773
5,483278	3,196807
5,486056	3,200753
5,488834	3,201410
5,491612	3,202725
5,494389	3,199766
5,497167	3,187930
5,499945	2,948247
5,502723	2,389316
5,505501	1,791589
5,508278	1,323732
5,511056	1,069583
5,513834	0,989689
5,516611	1,023554
5,519389	1,112325
5,522167	1,215234
5,524945	1,317814
5,527722	1,399023
5,530500	1,443737
5,533278	1,452286
5,536056	1,445710
5,538833	1,447025
5,541611	1,465108
5,544389	1,483191
5,547167	1,486808
5,549944	1,478588
5,552722	1,465766
5,555500	1,471026
5,558278	1,487466
5,561056	1,507850
5,563833	1,508179
5,566611	1,495028
5,569389	1,478588
5,572166	1,487137
5,574944	1,509165
5,577722	1,535468
5,580500	1,547633
5,583277	1,544016
5,586055	1,540400
5,588833	1,547962
5,591611	1,568346
5,594388	1,589717
5,597166	1,600567
5,599944	1,591032
5,602722	1,586758
5,605499	1,594320
5,608277	1,617663
5,611055	1,645281
5,613833	1,657446
5,616611	1,646596
5,619388	1,636075
5,622166	1,640021
5,624944	1,656460
5,627721	1,682434
5,630499	1,688352
5,633277	1,680790
5,636055	1,669940
5,638832	1,674214
5,641610	1,691311
5,644388	1,718600
5,647166	1,733066
5,649944	1,741286
5,652721	1,756081
5,655499	1,784356
5,658277	1,819865
5,661054	1,854716
5,663832	1,871812
5,666610	1,874443
5,669388	1,880032
5,672165	1,898772
5,674943	1,923102
5,677721	1,945788
5,680499	1,949405
5,683276	1,933295
5,686054	1,910937
5,688832	1,895156
5,691610	1,891868
5,694387	1,888580
5,697165	1,869182
5,699943	1,827755
5,702721	1,782712
5,705499	1,745560
5,708276	1,720901
5,711054	1,695256
5,713832	1,649227
5,716609	1,588402
5,719387	1,522645
5,722165	1,479246
5,724943	1,454259
5,727720	1,438148
5,730498	1,414476
5,733276	1,383899
5,736054	1,362857
5,738831	1,362528
5,741609	1,383899
5,744387	1,401982
5,747165	1,412503
5,749942	1,397050
5,752720	1,385872
5,755498	1,386858
5,758276	1,403626
5,761054	1,420394
5,763831	1,426641
5,766609	1,412174
5,769387	1,398366
5,772164	1,402311
5,774942	1,417106
5,777720	1,439463
5,780498	1,441107
5,783275	1,430915
5,786053	1,417106
5,788831	1,420065
5,791609	1,430257
5,794386	1,450642
5,797164	1,452286
5,799942	1,436504
5,802720	1,424011
5,805497	1,424997
5,808275	1,442422
5,811053	1,461492
5,813831	1,467739
5,816608	1,452943
5,819386	1,441436
5,822164	1,442422
5,824942	1,457875
5,827719	1,474972
5,830497	1,476287
5,833275	1,461492
5,836053	1,450642
5,838830	1,450642
5,841608	1,465437
5,844386	1,483520
5,847164	1,486479
5,849941	1,477273
5,852719	1,462478
5,855497	1,463464
5,858275	1,474314
5,861052	1,494370
5,863830	1,497329
5,866608	1,488781
5,869386	1,476287
5,872163	1,476616
5,874941	1,490753
5,877719	1,507521
5,880497	1,510809
5,883274	1,496343
5,886052	1,480561
5,888830	1,479575
5,891608	1,495356
5,894385	1,510480
5,897163	1,515412
5,899941	1,502261
5,902719	1,488452
5,905496	1,488452
5,908274	1,504891
5,911052	1,522316
5,913830	1,527906
5,916607	1,513439
5,919385	1,499302
5,922163	1,503247
5,924941	1,517056
5,927718	1,537440
5,930496	1,538756
5,933274	1,525604
5,936052	1,510152
5,938829	1,513439
5,941607	1,525276
5,944385	1,541715
5,947163	1,543359
5,949940	1,527577
5,952718	1,515083
5,955496	1,515083
5,958274	1,530207
5,961051	1,549605
5,963829	1,553880
5,966607	1,537440
5,969385	1,523960
5,972162	1,520344
5,974940	1,535797
5,977718	1,553880
5,980496	1,559140
5,983273	1,543030
5,986051	1,530207
5,988829	1,529221
5,991607	1,541715
5,994384	1,561113
5,997162	1,563086
5,999940	1,550263
6,002718	1,538427
6,005495	1,542701
6,008273	1,558154
6,011051	1,578538
6,013829	1,577552
6,016606	1,560126
6,019384	1,543030
6,022162	1,541057
6,024940	1,557167
6,027717	1,574922
6,030495	1,577881
6,033273	1,565058
6,036051	1,552236
6,038828	1,554866
6,041606	1,569990
6,044384	1,587415
6,047162	1,591361
6,049939	1,577223
6,052717	1,561113
6,055495	1,562757
6,058273	1,578210
6,061050	1,595306
6,063828	1,595964
6,066606	1,581497
6,069384	1,566702
6,072161	1,569661
6,074939	1,585443
6,077717	1,602211
6,080495	1,601224
6,083272	1,584456
6,086050	1,570648
6,088828	1,571305
6,091606	1,587744
6,094383	1,603197
6,097161	1,605170
6,099939	1,586100
6,102717	1,571963
6,105494	1,574922
6,108272	1,590046
6,111050	1,607142
6,113828	1,611417
6,116605	1,594649
6,119383	1,579525
6,122161	1,579853
6,124939	1,595635
6,127717	1,614376
6,130494	1,617992
6,133272	1,599580
6,136050	1,582812
6,138827	1,581497
6,141605	1,593991
6,144383	1,611088
6,147161	1,613718
6,149938	1,600238
6,152716	1,585443
6,155494	1,588402
6,158272	1,602868
6,161049	1,619965
6,163827	1,620622
6,166605	1,605827
6,169383	1,590046
6,172160	1,591032
6,174938	1,605827
6,177716	1,626541
6,180494	1,631472
6,183272	1,616019
6,186049	1,599580
6,188827	1,598265
6,191605	1,611745
6,194382	1,628842
6,197160	1,627198
6,199938	1,611088
6,202716	1,594649
6,205493	1,596621
6,208271	1,615033
6,211049	1,633116
6,213827	1,634103
6,216604	1,618979
6,219382	1,601553
6,222160	1,601553
6,224938	1,616019
6,227715	1,633445
6,230493	1,635418
6,233271	1,621609
6,236049	1,607142
6,238827	1,607142
6,241604	1,620951
6,244382	1,635089
6,247160	1,638705
6,249937	1,623581
6,252715	1,611088
6,255493	1,611745
6,258271	1,623910
6,261048	1,638377
6,263826	1,643308
6,266604	1,627198
6,269382	1,611088
6,272159	1,612403
6,274937	1,627856
6,277715	1,646925
6,280493	1,647583
6,283270	1,632787
6,286048	1,617006
6,288826	1,616348
6,291604	1,627198
6,294382	1,645281
6,297159	1,646596
6,299937	1,629828
6,302715	1,616348
6,305492	1,616019
6,308270	1,628513
6,311048	1,642651
6,313826	1,646596
6,316603	1,630486
6,319381	1,615362
6,322159	1,613389
6,324937	1,625883
6,327714	1,641665
6,330492	1,645939
6,333270	1,633445
6,336048	1,620622
6,338825	1,619307
6,341603	1,632787
6,344381	1,650213
6,347159	1,651199
6,349937	1,635089
6,352714	1,619636
6,355492	1,620622
6,358270	1,637719
6,361047	1,657117
6,363825	1,658432
6,366603	1,643637
6,369381	1,627527
6,372158	1,626541
6,374936	1,641007
6,377714	1,658432
6,380492	1,659419
6,383269	1,643308
6,386047	1,630157
6,388825	1,628842
6,391603	1,643637
6,394380	1,657775
6,397158	1,659090
6,399936	1,642651
6,402714	1,630486
6,405491	1,630486
6,408269	1,644624
6,411047	1,660076
6,413825	1,662378
6,416602	1,647583
6,419380	1,632130
6,422158	1,632130
6,424936	1,644295
6,427713	1,661391
6,430491	1,660734
6,433269	1,642651
6,436047	1,624568
6,438824	1,625883
6,441602	1,638377
6,444380	1,655802
6,447158	1,659748
6,449935	1,644295
6,452713	1,628842
6,455491	1,628513
6,458269	1,641993
6,461046	1,657446
6,463824	1,660076
6,466602	1,643308
6,469380	1,630157
6,472157	1,628513
6,474935	1,645281
6,477713	1,661391
6,480491	1,664679
6,483268	1,649884
6,486046	1,634431
6,488824	1,632130
6,491602	1,643308
6,494379	1,662378
6,497157	1,664679
6,499935	1,651528
6,502713	1,635418
6,505490	1,636733
6,508268	1,647911
6,511046	1,667310
6,513824	1,670269
6,516601	1,655473
6,519379	1,636404
6,522157	1,634431
6,524935	1,649884
6,527712	1,667638
6,530490	1,671913
6,533268	1,655473
6,536046	1,639363
6,538823	1,637390
6,541601	1,651857
6,544379	1,665666
6,547157	1,668296
6,549934	1,652186
6,552712	1,638377
6,555490	1,635418
6,558268	1,649555
6,561045	1,667310
6,563823	1,670926
6,566601	1,658432
6,569379	1,641007
6,572156	1,638705
6,574934	1,647911
6,577712	1,665994
6,580490	1,669940
6,583267	1,656460
6,586045	1,636733
6,588823	1,636733
6,591601	1,646596
6,594378	1,664022
6,597156	1,669611
6,599934	1,658104
6,602712	1,643308
6,605489	1,644295
6,608267	1,659090
6,611045	1,673556
6,613823	1,676515
6,616600	1,656460
6,619378	1,641336
6,622156	1,641993
6,624934	1,656131
6,627711	1,672899
6,630489	1,677502
6,633267	1,664679
6,636045	1,649227
6,638822	1,648898
6,641600	1,656789
6,644378	1,673556
6,647156	1,673556
6,649933	1,657775
6,652711	1,640678
6,655489	1,642322
6,658267	1,653501
6,661044	1,669611
6,663822	1,670597
6,666600	1,655473
6,669378	1,640021
6,672155	1,638377
6,674933	1,650870
6,677711	1,668625
6,680489	1,670597
6,683266	1,655473
6,686044	1,642322
6,688822	1,639692
6,691600	1,654816
6,694377	1,669282
6,697155	1,670926
6,699933	1,655802
6,702711	1,640678
6,705488	1,638705
6,708266	1,651857
6,711044	1,669940
6,713822	1,673556
6,716599	1,662049
6,719377	1,646596
6,722155	1,643308
6,724933	1,651857
6,727710	1,667967
6,730488	1,669940
6,733266	1,657446
6,736044	1,640021
6,738821	1,638705
6,741599	1,649884
6,744377	1,665666
6,747155	1,668296
6,749932	1,653172
6,752710	1,637719
6,755488	1,636075
6,758266	1,649227
6,761043	1,665994
6,763821	1,669940
6,766599	1,656131
6,769377	1,640349
6,772154	1,641665
6,774932	1,653501
6,777710	1,668296
6,780488	1,668953
6,783265	1,651199
6,786043	1,634431
6,788821	1,634103
6,791599	1,645610
6,794376	1,665994
6,797154	1,668625
6,799932	1,653501
6,802710	1,638048
6,805487	1,639363
6,808265	1,649227
6,811043	1,666323
6,813821	1,668296
6,816598	1,655473
6,819376	1,642322
6,822154	1,641336
6,824932	1,654158
6,827709	1,669940
6,830487	1,671584
6,833265	1,653172
6,836043	1,636733
6,838820	1,632787
6,841598	1,647911
6,844376	1,666323
6,847154	1,672570
6,849931	1,658104
6,852709	1,640678
6,855487	1,638048
6,858265	1,648240
6,861042	1,665008
6,863820	1,665994
6,866598	1,653501
6,869376	1,638377
6,872153	1,637719
6,874931	1,652843
6,877709	1,669611
6,880487	1,668625
6,883264	1,653501
6,886042	1,635746
6,888820	1,633445
6,891598	1,647583
6,894375	1,664022
6,897153	1,667638
6,899931	1,652186
6,902709	1,634431
6,905486	1,632787
6,908264	1,647254
6,911042	1,665337
6,913820	1,670269
6,916597	1,655473
6,919375	1,638705
6,922153	1,635089
6,924931	1,646267
6,927708	1,663035
6,930486	1,666323
6,933264	1,654487
6,936042	1,639363
6,938819	1,636404
6,941597	1,646267
6,944375	1,662049
6,947153	1,664351
6,949930	1,647583
6,952708	1,632787
6,955486	1,631801
6,958264	1,644295
6,961041	1,663035
6,963819	1,667967
6,966597	1,650213
6,969375	1,635418
6,972152	1,633445
6,974930	1,644952
6,977708	1,664679
6,980486	1,668625
6,983263	1,650213
6,986041	1,632130
6,988819	1,629500
6,991597	1,642651
6,994374	1,663035
6,997152	1,666323
6,999930	1,653501
7,002708	1,638705
7,005485	1,635746
7,008263	1,645610
7,011041	1,661063
7,013819	1,662378
7,016596	1,646596
7,019374	1,632459
7,022152	1,632130
7,024930	1,645610
7,027707	1,663035
7,030485	1,664351
7,033263	1,648569
7,036041	1,634103
7,038818	1,631801
7,041596	1,646267
7,044374	1,663364
7,047152	1,666981
7,049929	1,649555
7,052707	1,631801
7,055485	1,629828
7,058263	1,643637
7,061040	1,662049
7,063818	1,665008
7,066596	1,650213
7,069374	1,632130
7,072151	1,631801
7,074929	1,647583
7,077707	1,665666
7,080485	1,670597
7,083263	1,657446
7,086040	1,638377
7,088818	1,635746
7,091596	1,648898
7,094373	1,665337
7,097151	1,669611
7,099929	1,653501
7,102707	1,636404
7,105484	1,635418
7,108262	1,648569
7,111040	1,663035
7,113818	1,667310
7,116595	1,651857
7,119373	1,637390
7,122151	1,635746
7,124929	1,650213
7,127706	1,668296
7,130484	1,668953
7,133262	1,649555
7,136040	1,629171
7,138818	1,628513
7,141595	1,641336
7,144373	1,660405
7,147151	1,664679
7,149928	1,651199
7,152706	1,634431
7,155484	1,634103
7,158262	1,644624
7,161039	1,664022
7,163817	1,667310
7,166595	1,650870
7,169373	1,633116
7,172150	1,628184
7,174928	1,640349
7,177706	1,658104
7,180484	1,662707
7,183261	1,647911
7,186039	1,633445
7,188817	1,630815
7,191595	1,643637
7,194372	1,659090
7,197150	1,661720
7,199928	1,645610
7,202706	1,632459
7,205483	1,630815
7,208261	1,641993
7,211039	1,658432
7,213817	1,659748
7,216594	1,646596
7,219372	1,630486
7,222150	1,629500
7,224928	1,640021
7,227705	1,658761
7,230483	1,661391
7,233261	1,646925
7,236039	1,626869
7,238816	1,622266
7,241594	1,634103
7,244372	1,651857
7,247150	1,655802
7,249927	1,640021
7,252705	1,624568
7,255483	1,623581
7,258261	1,639692
7,261038	1,655802
7,263816	1,659748
7,266594	1,644295
7,269372	1,629171
7,272149	1,626212
7,274927	1,639363
7,277705	1,656131
7,280483	1,660076
7,283260	1,643308
7,286038	1,624239
7,288816	1,623253
7,291594	1,633445
7,294371	1,651528
7,297149	1,653501
7,299927	1,641336
7,302705	1,625225
7,305482	1,627198
7,308260	1,639363
7,311038	1,659090
7,313816	1,678817
7,316593	1,695914
7,319371	1,724189
7,322149	1,771862
7,324927	1,828742
7,327704	1,881018
7,330482	1,910609
7,333260	1,911924
7,336038	1,908307
7,338815	1,915540
7,341593	1,932308
7,344371	1,948090
7,347149	1,946117
7,349926	1,920472
7,352704	1,888580
7,355482	1,863593
7,358260	1,850113
7,361037	1,834331
7,363815	1,801782
7,366593	1,751149
7,369371	1,696242
7,372148	1,658104
7,374926	1,633774
7,377704	1,628842
7,380482	1,613718
7,383259	1,591032
7,386037	1,563743
7,388815	1,555852
7,391593	1,569661
7,394370	1,585771
7,397148	1,588731
7,399926	1,570648
7,402704	1,555852
7,405481	1,552564
7,408259	1,566045
7,411037	1,582155
7,413815	1,587415
7,416592	1,574922
7,419370	1,562757
7,422148	1,560784
7,424926	1,575579
7,427703	1,592018
7,430481	1,596293
7,433259	1,581169
7,436037	1,564072
7,438814	1,564401
7,441592	1,571963
7,444370	1,572620
7,447148	1,542701
7,449925	1,502918
7,452703	1,477273
7,455481	1,528892
7,458259	1,667967
7,461036	1,899430
7,463814	2,224596
7,466592	2,591847
7,469370	2,974550
7,472147	3,194835
7,474925	3,198780
7,477703	3,201410
7,480481	3,201739
7,483258	3,199437
7,486036	3,190232
7,488814	3,001839
7,491592	2,489595
7,494369	1,899101
7,497147	1,397050
7,499925	1,082077
7,502703	0,961743
7,505480	0,990347
7,508258	1,101804
7,511036	1,228056
7,513814	1,327349
7,516591	1,385214
7,519369	1,413489
7,522147	1,436833
7,524925	1,455902
7,527702	1,473328
7,530480	1,475958
7,533258	1,464451
7,536036	1,450313
7,538813	1,453272
7,541591	1,471026
7,544369	1,492397
7,547147	1,501603
7,549924	1,489438
7,552702	1,477602
7,555480	1,476287
7,558258	1,492726
7,561035	1,513768
7,563813	1,523960
7,566591	1,518042
7,569369	1,511138
7,572146	1,518042
7,574924	1,542372
7,577702	1,571305
7,580480	1,580840
7,583257	1,575250
7,586035	1,568017
7,588813	1,577223
7,591591	1,599909
7,594368	1,628184
7,597146	1,638377
7,599924	1,633445
7,602702	1,625225
7,605479	1,632130
7,608257	1,649555
7,611035	1,669611
7,613813	1,676844
7,616590	1,668625
7,619368	1,657446
7,622146	1,662378
7,624924	1,681776
7,627701	1,703147
7,630479	1,711038
7,633257	1,707092
7,636035	1,703147
7,638812	1,722216
7,641590	1,763643
7,644368	1,809672
7,647146	1,837948
7,649923	1,842222
7,652701	1,840578
7,655479	1,855044
7,658257	1,888909
7,661034	1,925075
7,663812	1,942829
7,666590	1,937569
7,669368	1,925075
7,672145	1,922774
7,674923	1,926719
7,677701	1,928363
7,680479	1,912253
7,683256	1,876086
7,686034	1,838276
7,688812	1,810330
7,691590	1,792904
7,694367	1,777123
7,697145	1,745231
7,699923	1,690653
7,702701	1,629500
7,705478	1,575250
7,708256	1,535797
7,711034	1,506864
7,713812	1,472999
7,716589	1,425654
7,719367	1,382255
7,722145	1,363843
7,724923	1,372720
7,727700	1,394420
7,730478	1,405270
7,733256	1,398037
7,736034	1,386858
7,738811	1,387187
7,741589	1,400996
7,744367	1,416449
7,747145	1,421380
7,749922	1,411188
7,752700	1,396393
7,755478	1,396064
7,758256	1,412503
7,761033	1,432888
7,763811	1,438806
7,766589	1,424011
7,769367	1,408887
7,772144	1,408229
7,774922	1,425654
7,777700	1,445710
7,780478	1,451628
7,783255	1,437819
7,786033	1,420065
7,788811	1,420065
7,791589	1,432559
7,794366	1,451628
7,797144	1,458533
7,799922	1,445381
7,802700	1,430586
7,805477	1,433874
7,808255	1,448012
7,811033	1,468067
7,813811	1,475301
7,816588	1,461821
7,819366	1,447683
7,822144	1,446697
7,824922	1,461163
7,827699	1,476945
7,830477	1,483520
7,833255	1,468396
7,836033	1,455245
7,838810	1,450971
7,841588	1,465437
7,844366	1,484178
7,847144	1,492068
7,849921	1,477931
7,852699	1,466423
7,855477	1,467410
7,858255	1,479575
7,861032	1,500288
7,863810	1,504233
7,866588	1,492397
7,869366	1,477273
7,872143	1,475301
7,874921	1,488123
7,877699	1,508508
7,880477	1,513111
7,883254	1,500288
7,886032	1,484178
7,888810	1,482863
7,891588	1,498315
7,894365	1,517385
7,897143	1,521659
7,899921	1,508836
7,902699	1,496343
7,905476	1,493712
7,908254	1,509165
7,911032	1,524618
7,913810	1,529550
7,916587	1,518042
7,919365	1,504562
7,922143	1,502261
7,924921	1,519357
7,927698	1,538427
7,930476	1,541057
7,933254	1,530865
7,936032	1,512782
7,938809	1,514754
7,941587	1,526262
7,944365	1,545002
7,947143	1,549934
7,949920	1,535468
7,952698	1,517714
7,955476	1,517056
7,958254	1,531851
7,961031	1,551249
7,963809	1,557496
7,966587	1,543030
7,969365	1,527906
7,972142	1,527906
7,974920	1,544016
7,977698	1,559140
7,980476	1,564729
7,983253	1,547633
7,986031	1,532509
7,988809	1,530207
7,991587	1,545660
7,994364	1,565387
7,997142	1,571963
7,999920	1,559798
8,002698	1,545660
8,005475	1,547633
8,008253	1,558154
8,011031	1,579196
8,013809	1,586429
8,016586	1,575579
8,019364	1,558811
8,022142	1,559798
8,024920	1,573607
8,027698	1,595635
8,030475	1,599252
8,033253	1,584128
8,036031	1,564401
8,038809	1,559469
8,041586	1,569990
8,044364	1,587744
8,047142	1,593662
8,049919	1,580840
8,052697	1,567688
8,055475	1,563086
8,058253	1,580182
8,061030	1,598923
8,063808	1,605498
8,066586	1,592018
8,069364	1,575908
8,072141	1,572620
8,074919	1,586100
8,077697	1,605498
8,080475	1,606485
8,083253	1,593662
8,086030	1,574593
8,088808	1,573278
8,091586	1,585114
8,094364	1,604512
8,097141	1,606814
8,099919	1,597279
8,102697	1,579525
8,105474	1,579196
8,108252	1,592347
8,111030	1,610101
8,113808	1,617006
8,116585	1,603855
8,119363	1,588731
8,122141	1,586429
8,124919	1,600567
8,127696	1,615691
8,130474	1,620622
8,133252	1,604512
8,136030	1,590374
8,138808	1,588731
8,141585	1,601882
8,144363	1,618321
8,147141	1,623910
8,149919	1,610101
8,152696	1,592018
8,155474	1,592676
8,158252	1,601882
8,161029	1,622924
8,163807	1,628184
8,166585	1,612403
8,169363	1,594320
8,172140	1,592018
8,174918	1,603197
8,177696	1,623581
8,180474	1,629828
8,183251	1,616677
8,186029	1,603197
8,188807	1,600895
8,191585	1,613060
8,194363	1,631143
8,197140	1,636733
8,199918	1,624897
8,202696	1,611088
8,205474	1,607800
8,208251	1,619965
8,211029	1,634760
8,213807	1,639034
8,216584	1,624897
8,219362	1,609444
8,222140	1,605498
8,224918	1,617663
8,227695	1,636075
8,230473	1,639363
8,233251	1,630157
8,236029	1,614704
8,238806	1,613060
8,241584	1,623253
8,244362	1,641665
8,247140	1,644295
8,249917	1,629171
8,252695	1,610430
8,255473	1,608129
8,258251	1,619636
8,261029	1,637390
8,263806	1,642651
8,266584	1,629171
8,269362	1,612732
8,272139	1,610759
8,274917	1,625883
8,277695	1,642651
8,280473	1,647911
8,283250	1,634431
8,286028	1,616677
8,288806	1,615691
8,291584	1,629171
8,294361	1,648240
8,297139	1,653172
8,299917	1,641007
8,302695	1,624897
8,305472	1,624897
8,308250	1,636075
8,311028	1,653829
8,313806	1,655473
8,316584	1,640021
8,319361	1,621280
8,322139	1,619636
8,324917	1,633116
8,327694	1,652514
8,330472	1,659748
8,333250	1,646267
8,336028	1,629171
8,338805	1,623253
8,341583	1,633445
8,344361	1,651528
8,347139	1,656789
8,349916	1,640349
8,352694	1,624568
8,355472	1,621938
8,358250	1,634431
8,361027	1,651528
8,363805	1,657117
8,366583	1,641993
8,369361	1,627856
8,372139	1,625883
8,374916	1,636404
8,377694	1,656460
8,380472	1,662707
8,383249	1,647254
8,386027	1,630486
8,388805	1,625554
8,391583	1,638048
8,394360	1,657775
8,397138	1,663035
8,399916	1,649884
8,402694	1,633774
8,405471	1,631472
8,408249	1,643308
8,411027	1,660076
8,413805	1,661720
8,416582	1,649227
8,419360	1,632787
8,422138	1,628842
8,424916	1,640349
8,427694	1,657117
8,430471	1,663035
8,433249	1,647911
8,436027	1,630815
8,438804	1,625225
8,441582	1,638705
8,444360	1,656131
8,447138	1,662049
8,449915	1,650870
8,452693	1,636404
8,455471	1,633774
8,458249	1,645610
8,461026	1,660076
8,463804	1,664022
8,466582	1,647583
8,469360	1,629500
8,472137	1,625554
8,474915	1,639363
8,477693	1,656460
8,480471	1,664351
8,483249	1,649555
8,486026	1,633116
8,488804	1,632787
8,491582	1,646267
8,494359	1,666652
8,497137	1,674872
8,499915	1,660405
8,502693	1,642651
8,505470	1,641007
8,508248	1,651857
8,511026	1,669282
8,513804	1,674214
8,516581	1,658432
8,519359	1,642322
8,522137	1,639034
8,524915	1,648240
8,527692	1,666652
8,530470	1,670926
8,533248	1,659748
8,536026	1,642980
8,538804	1,638377
8,541581	1,648898
8,544359	1,666323
8,547137	1,672241
8,549914	1,659419
8,552692	1,642651
8,555470	1,637390
8,558248	1,646596
8,561025	1,664351
8,563803	1,669282
8,566581	1,656131
8,569359	1,640349
8,572136	1,636075
8,574914	1,646925
8,577692	1,662378
8,580470	1,665666
8,583247	1,654816
8,586025	1,635746
8,588803	1,634760
8,591581	1,645281
8,594359	1,664022
8,597136	1,667967
8,599914	1,657446
8,602692	1,641665
8,605469	1,638377
8,608247	1,650542
8,611025	1,665666
8,613803	1,669282
8,616580	1,655145
8,619358	1,641007
8,622136	1,637062
8,624914	1,649884
8,627691	1,665337
8,630469	1,669940
8,633247	1,657446
8,636025	1,641665
8,638802	1,638705
8,641580	1,648240
8,644358	1,664022
8,647136	1,669940
8,649914	1,655473
8,652691	1,638048
8,655469	1,636075
8,658247	1,645610
8,661024	1,663364
8,663802	1,668953
8,666580	1,657775
8,669358	1,640349
8,672135	1,638705
8,674913	1,648569
8,677691	1,667310
8,680469	1,673885
8,683246	1,658104
8,686024	1,641336
8,688802	1,638705
8,691580	1,651528
8,694357	1,668296
8,697135	1,675529
8,699913	1,656789
8,702691	1,639363
8,705469	1,632459
8,708246	1,646925
8,711024	1,664351
8,713802	1,670926
8,716579	1,655473
8,719357	1,641993
8,722135	1,640678
8,724913	1,650542
8,727690	1,669611
8,730468	1,673556
8,733246	1,660405
8,736024	1,641007
8,738801	1,635418
8,741579	1,643966
8,744357	1,664351
8,747135	1,668296
8,749912	1,656789
8,752690	1,641993
8,755468	1,640349
8,758246	1,652514
8,761024	1,668296
8,763801	1,672241
8,766579	1,659090
8,769357	1,640678
8,772134	1,633774
8,774912	1,646267
8,777690	1,662049
8,780468	1,668625
8,783245	1,654816
8,786023	1,638377
8,788801	1,634431
8,791579	1,646596
8,794356	1,664351
8,797134	1,669282
8,799912	1,652186
8,802690	1,630486
8,805467	1,628513
8,808245	1,643308
8,811023	1,662707
8,813801	1,667967
8,816579	1,656789
8,819356	1,639034
8,822134	1,637062
8,824912	1,647254
8,827689	1,663035
8,830467	1,665666
8,833245	1,651199
8,836023	1,634760
8,838800	1,631801
8,841578	1,643966
8,844356	1,660405
8,847134	1,666323
8,849911	1,650213
8,852689	1,634103
8,855467	1,629171
8,858245	1,642322
8,861022	1,661391
8,863800	1,667638
8,866578	1,654487
8,869356	1,640021
8,872134	1,637062
8,874911	1,646925
8,877689	1,665666
8,880467	1,671913
8,883244	1,659419
8,886022	1,642980
8,888800	1,637719
8,891578	1,645281
8,894355	1,665337
8,897133	1,670269
8,899911	1,657117
8,902689	1,639692
8,905466	1,636075
8,908244	1,644295
8,911022	1,660076
8,913800	1,664022
8,916577	1,649227
8,919355	1,634103
8,922133	1,629828
8,924911	1,644295
8,927688	1,658761
8,930466	1,663035
8,933244	1,649884
8,936022	1,636075
8,938800	1,634431
8,941577	1,646925
8,944355	1,664679
8,947133	1,669611
8,949910	1,654487
8,952688	1,634103
8,955466	1,630486
8,958244	1,642651
8,961021	1,663693
8,963799	1,669611
8,966577	1,655473
8,969355	1,634103
8,972132	1,630815
8,974910	1,640349
8,977688	1,657775
8,980466	1,663693
8,983244	1,650542
8,986021	1,634760
8,988799	1,632459
8,991577	1,647254
8,994355	1,665337
8,997132	1,669611
8,999910	1,654487
9,002688	1,638377
9,005465	1,632130
9,008243	1,640678
9,011021	1,656789
9,013799	1,662049
9,016576	1,649227
9,019354	1,635746
9,022132	1,634760
9,024910	1,646267
9,027687	1,663693
9,030465	1,670269
9,033243	1,655802
9,036021	1,635418
9,038798	1,630815
9,041576	1,640021
9,044354	1,661063
9,047132	1,666981
9,049910	1,655145
9,052687	1,637719
9,055465	1,634103
9,058243	1,645281
9,061020	1,665337
9,063798	1,670597
9,066576	1,654816
9,069354	1,637062
9,072131	1,630486
9,074909	1,643966
9,077687	1,664022
9,080465	1,671584
9,083242	1,656460
9,086020	1,638705
9,088798	1,631143
9,091576	1,643637
9,094353	1,660734
9,097131	1,666981
9,099909	1,652843
9,102687	1,634760
9,105465	1,629500
9,108242	1,641336
9,111020	1,658761
9,113798	1,660076
9,116575	1,647254
9,119353	1,630486
9,122131	1,628842
9,124909	1,640021
9,127686	1,656460
9,130464	1,661391
9,133242	1,647911
9,136020	1,632130
9,138797	1,628184
9,141575	1,641993
9,144353	1,658104
9,147131	1,664351
9,149908	1,649555
9,152686	1,631801
9,155464	1,626869
9,158242	1,636404
9,161020	1,653829
9,163797	1,661391
9,166575	1,646267
9,169353	1,629828
9,172130	1,629828
9,174908	1,642980
9,177686	1,661063
9,180464	1,665994
9,183241	1,651857
9,186019	1,632130
9,188797	1,627856
9,191575	1,639034
9,194352	1,656460
9,197130	1,664351
9,199908	1,650213
9,202686	1,633774
9,205463	1,629828
9,208241	1,641336
9,211019	1,657775
9,213797	1,664022
9,216575	1,649884
9,219352	1,633445
9,222130	1,628513
9,224908	1,638705
9,227685	1,654816
9,230463	1,661391
9,233241	1,648240
9,236019	1,633774
9,238796	1,629500
9,241574	1,639692
9,244352	1,658104
9,247130	1,664351
9,249907	1,648898
9,252685	1,630486
9,255463	1,625883
9,258241	1,638705
9,261018	1,657117
9,263796	1,663693
9,266574	1,650542
9,269352	1,631472
9,272130	1,625225
9,274907	1,635746
9,277685	1,652514
9,280463	1,658761
9,283240	1,644952
9,286018	1,628184
9,288796	1,621938
9,291574	1,634760
9,294351	1,653829
9,297129	1,661063
9,299907	1,649884
9,302685	1,642651
9,305462	1,670926
9,308240	1,728792
9,311018	1,795864
9,313796	1,848798
9,316573	1,871484
9,319351	1,880032
9,322129	1,892197
9,324907	1,914883
9,327685	1,940199
9,330462	1,953350
9,333240	1,944473
9,336018	1,924746
9,338795	1,910609
9,341573	1,906006
9,344351	1,899430
9,347129	1,877073
9,349906	1,831043
9,352684	1,776794
9,355462	1,735696
9,358240	1,709065
9,361017	1,687694
9,363795	1,659748
9,366573	1,619965
9,369351	1,586758
9,372128	1,573935
9,374906	1,575579
9,377684	1,590046
9,380462	1,591032
9,383240	1,577223
9,386017	1,560784
9,388795	1,558154
9,391573	1,568346
9,394350	1,588731
9,397128	1,595306
9,399906	1,579525
9,402684	1,565058
9,405461	1,562099
9,408239	1,573607
9,411017	1,589388
9,413795	1,594649
9,416572	1,580511
9,419350	1,567360
9,422128	1,563743
9,424906	1,578210
9,427683	1,593662
9,430461	1,593662
9,433239	1,560126
9,436017	1,514426
9,438795	1,483520
9,441572	1,484835
9,444350	1,548290
9,447128	1,663693
9,449905	1,853072
9,452683	2,147661
9,455461	2,513267
9,458239	2,926876
9,461016	3,195163
9,463794	3,200095
9,466572	3,201081
9,469350	3,200753
9,472127	3,199766
9,474905	3,192862
9,477683	3,068253
9,480461	2,593819
9,483238	1,974721
9,486016	1,425326
9,488794	1,090625
9,491572	0,971935
9,494350	1,005142
9,497127	1,107722
9,499905	1,201425
9,502683	1,284936
9,505460	1,354637
9,508238	1,419079
9,511016	1,462478
9,513794	1,478260
9,516571	1,466423
9,519349	1,446368
9,522127	1,446039
9,524905	1,456889
9,527682	1,481219
9,530460	1,492068
9,533238	1,484835
9,536016	1,470369
9,538793	1,470698
9,541571	1,480561
9,544349	1,500946
9,547127	1,509494
9,549905	1,501274
9,552682	1,493712
9,555460	1,498315
9,558238	1,520015
9,561015	1,548290
9,563793	1,564072
9,566571	1,554866
9,569349	1,546975
9,572126	1,548619
9,574904	1,572291
9,577682	1,599252
9,580460	1,615033
9,583237	1,610101
9,586015	1,600567
9,588793	1,604841
9,591571	1,626869
9,594348	1,651528
9,597126	1,664679
9,599904	1,660734
9,602682	1,647254
9,605460	1,646925
9,608237	1,661720
9,611015	1,685721
9,613793	1,695585
9,616570	1,688680
9,619348	1,674543
9,622126	1,678488
9,624904	1,697558
9,627681	1,735696
9,630459	1,774493
9,633237	1,794548
9,636015	1,805069
9,638792	1,821509
9,641570	1,850113
9,644348	1,886936
9,647126	1,912253
9,649903	1,917842
9,652681	1,914883
9,655459	1,916198
9,658237	1,929349
9,661015	1,946117
9,663792	1,946117
9,666570	1,920801
9,669348	1,886936
9,672125	1,863593
9,674903	1,854387
9,677681	1,847811
9,680459	1,823481
9,683236	1,778109
9,686014	1,722874
9,688792	1,678488
9,691570	1,645610
9,694347	1,614376
9,697125	1,569332
9,699903	1,508179
9,702681	1,449984
9,705458	1,408558
9,708236	1,392447
9,711014	1,393105
9,713792	1,398366
9,716569	1,387187
9,719347	1,379625
9,722125	1,379625
9,724903	1,394749
9,727680	1,415462
9,730458	1,421380
9,733236	1,406256
9,736014	1,391132
9,738791	1,389488
9,741569	1,401653
9,744347	1,423024
9,747125	1,429600
9,749902	1,421380
9,752680	1,406585
9,755458	1,405928
9,758236	1,419736
9,761013	1,441436
9,763791	1,447683
9,766569	1,438477
9,769347	1,420723
9,772125	1,416120
9,774902	1,430915
9,777680	1,453272
9,780458	1,463136
9,783235	1,452615
9,786013	1,436175
9,788791	1,428942
9,791569	1,441765
9,794346	1,458204
9,797124	1,469383
9,799902	1,457546
9,802680	1,444724
9,805457	1,442094
9,808235	1,458204
9,811013	1,476287
9,813791	1,482863
9,816568	1,473985
9,819346	1,457546
9,822124	1,457546
9,824902	1,469054
9,827679	1,486479
9,830457	1,492068
9,833235	1,482205
9,836013	1,464780
9,838790	1,464122
9,841568	1,475958
9,844346	1,495685
9,847124	1,503576
9,849901	1,492397
9,852679	1,477931
9,855457	1,474314
9,858235	1,485822
9,861012	1,504562
9,863790	1,513111
9,866568	1,499630
9,869346	1,485164
9,872123	1,484178
9,874901	1,497329
9,877679	1,516727
9,880457	1,524618
9,883234	1,512782
9,886012	1,497329
9,888790	1,495685
9,891568	1,504233
9,894346	1,521330
9,897123	1,527248
9,899901	1,516727
9,902679	1,501274
9,905456	1,501932
9,908234	1,512124
9,911012	1,527906
9,913790	1,537440
9,916567	1,527248
9,919345	1,514754
9,922123	1,509494
9,924901	1,523303
9,927678	1,541386
9,930456	1,546318
9,933234	1,533824
9,936012	1,519686
9,938789	1,518042
9,941567	1,533166
9,944345	1,551578
9,947123	1,557167
9,949901	1,544016
9,952678	1,525276
9,955456	1,519357
9,958234	1,530865
9,961011	1,552236
9,963789	1,561442
9,966567	1,553880
9,969345	1,537112
9,972122	1,533495
9,974900	1,543359
9,977678	1,559140
9,980456	1,565716
9,983233	1,555852
9,986011	1,540071
9,988789	1,535797
9,991567	1,548948
9,994344	1,566373
9,997122	1,576566
9,999900	1,567360
10,002678	1,551249
10,005456	1,547633
10,008233	1,560784
10,011011	1,578210
10,013789	1,586100
10,016566	1,574922
10,019344	1,560455
10,022122	1,557496
10,024900	1,567360
10,027677	1,583470
10,030455	1,589717
10,033233	1,576237
10,036011	1,559469
10,038788	1,557496
10,041566	1,566373
10,044344	1,586100
10,047122	1,595964
10,049899	1,584128
10,052677	1,570648
10,055455	1,565387
10,058233	1,575579
10,061011	1,594320
10,063788	1,601224
10,066566	1,587744
10,069344	1,573607
10,072121	1,568017
10,074899	1,582812
10,077677	1,602539
10,080455	1,608129
10,083232	1,596621
10,086010	1,581169
10,088788	1,575250
10,091566	1,586758
10,094343	1,608457
10,097121	1,613718
10,099899	1,601882
10,102677	1,581497
10,105454	1,577223
10,108232	1,588731
10,111010	1,609773
10,113788	1,618650
10,116566	1,607471
10,119343	1,589388
10,122121	1,585443
10,124899	1,596293
10,127676	1,612403
10,130454	1,620622
10,133232	1,607471
10,136010	1,591690
10,138787	1,589059
10,141565	1,601224
10,144343	1,619965
10,147121	1,628842
10,149898	1,617006
10,152676	1,599252
10,155454	1,594649
10,158232	1,603526
10,161009	1,620951
10,163787	1,629171
10,166565	1,619307
10,169343	1,602539
10,172121	1,600238
10,174898	1,610430
10,177676	1,628513
10,180454	1,637062
10,183231	1,628513
10,186009	1,611417
10,188787	1,607800
10,191565	1,613389
10,194342	1,630486
10,197120	1,637390
10,199898	1,625225
10,202676	1,607800
10,205453	1,603197
10,208231	1,613389
10,211009	1,630157
10,213787	1,639363
10,216564	1,624897
10,219342	1,611745
10,222120	1,607471
10,224898	1,619965
10,227676	1,637719
10,230453	1,644624
10,233231	1,631472
10,236009	1,614047
10,238786	1,610759
10,241564	1,620622
10,244342	1,641665
10,247120	1,646267
10,249897	1,635089
10,252675	1,615362
10,255453	1,610430
10,258231	1,620294
10,261008	1,640349
10,263786	1,648240
10,266564	1,638377
10,269342	1,621938
10,272119	1,617663
10,274897	1,628842
10,277675	1,644624
10,280453	1,650213
10,283231	1,636733
10,286008	1,622266
10,288786	1,616019
10,291564	1,629500
10,294341	1,644624
10,297119	1,652843
10,299897	1,641336
10,302675	1,624568
10,305452	1,620294
10,308230	1,631143
10,311008	1,650213
10,313786	1,656131
10,316563	1,643966
10,319341	1,625883
10,322119	1,621938
10,324897	1,633116
10,327674	1,652514
10,330452	1,657775
10,333230	1,648569
10,336008	1,630486
10,338786	1,624897
10,341563	1,635418
10,344341	1,653501
10,347119	1,660734
10,349896	1,648240
10,352674	1,631143
10,355452	1,628184
10,358230	1,640349
10,361007	1,656789
10,363785	1,665666
10,366563	1,649227
10,369341	1,631801
10,372118	1,625225
10,374896	1,637390
10,377674	1,654487
10,380452	1,661720
10,383229	1,647583
10,386007	1,631143
10,388785	1,626869
10,391563	1,637719
10,394341	1,657117
10,397118	1,663364
10,399896	1,652514
10,402674	1,633116
10,405451	1,629171
10,408229	1,638705
10,411007	1,656789
10,413785	1,662049
10,416562	1,649884
10,419340	1,634760
10,422118	1,630815
10,424896	1,642980
10,427673	1,658761
10,430451	1,664351
10,433229	1,652186
10,436007	1,638048
10,438784	1,629500
10,441562	1,641665
10,444340	1,657117
10,447118	1,666652
10,449896	1,655802
10,452673	1,638377
10,455451	1,631801
10,458229	1,641665
10,461006	1,659419
10,463784	1,667638
10,466562	1,657446
10,469340	1,639363
10,472117	1,635089
10,474895	1,645939
10,477673	1,665994
10,480451	1,672899
10,483228	1,663035
10,486006	1,642651
10,488784	1,638705
10,491562	1,648240
10,494339	1,664022
10,497117	1,669611
10,499895	1,656789
10,502673	1,641336
10,505451	1,635746
10,508228	1,648898
10,511006	1,665008
10,513784	1,672899
10,516561	1,660734
10,519339	1,643637
10,522117	1,636404
10,524895	1,646925
10,527672	1,665008
10,530450	1,673556
10,533228	1,659090
10,536006	1,641336
10,538783	1,637390
10,541561	1,645610
10,544339	1,665008
10,547117	1,671584
10,549894	1,659419
10,552672	1,641336
10,555450	1,637719
10,558228	1,646596
10,561006	1,666652
10,563783	1,673228
10,566561	1,659419
10,569339	1,641993
10,572116	1,637719
10,574894	1,649555
10,577672	1,665337
10,580450	1,671913
10,583227	1,656789
10,586005	1,638377
10,588783	1,633116
10,591561	1,645281
10,594338	1,664351
10,597116	1,670597
10,599894	1,659090
10,602672	1,641993
10,605449	1,636404
10,608227	1,648898
10,611005	1,669940
10,613783	1,675858
10,616560	1,661063
10,619338	1,642980
10,622116	1,636075
10,624894	1,645281
10,627671	1,664679
10,630449	1,674214
10,633227	1,664022
10,636005	1,645610
10,638782	1,639363
10,641560	1,648898
10,644338	1,667310
10,647116	1,674214
10,649893	1,661391
10,652671	1,642651
10,655449	1,635418
10,658227	1,648569
10,661004	1,666323
10,663782	1,675858
10,666560	1,663035
10,669338	1,644624
10,672116	1,638377
10,674893	1,646596
10,677671	1,661720
10,680449	1,667310
10,683226	1,656131
10,686004	1,639363
10,688782	1,637062
10,691560	1,649555
10,694337	1,667310
10,697115	1,673556
10,699893	1,660076
10,702671	1,641336
10,705448	1,636404
10,708226	1,645281
10,711004	1,663364
10,713782	1,671584
10,716559	1,656789
10,719337	1,641007
10,722115	1,636404
10,724893	1,646596
10,727670	1,663693
10,730448	1,670597
10,733226	1,657446
10,736004	1,639692
10,738781	1,635089
10,741559	1,642651
10,744337	1,661391
10,747115	1,670926
10,749892	1,663364
10,752670	1,646925
10,755448	1,641665
10,758226	1,651199
10,761003	1,669282
10,763781	1,675200
10,766559	1,663035
10,769337	1,642980
10,772114	1,635089
10,774892	1,644952
10,777670	1,664679
10,780448	1,672899
10,783226	1,660076
10,786003	1,642980
10,788781	1,635746
10,791559	1,644952
10,794336	1,658104
10,797114	1,665337
10,799892	1,656131
10,802670	1,641993
10,805447	1,636404
10,808225	1,646267
10,811003	1,664022
10,813781	1,668625
10,816558	1,658104
10,819336	1,638048
10,822114	1,634760
10,824892	1,644295
10,827669	1,662049
10,830447	1,667638
10,833225	1,656460
10,836003	1,637719
10,838780	1,633445
10,841558	1,642651
10,844336	1,661063
10,847114	1,669611
10,849892	1,657446
10,852669	1,639692
10,855447	1,633774
10,858225	1,644624
10,861002	1,660405
10,863780	1,670926
10,866558	1,658104
10,869336	1,641007
10,872113	1,636075
10,874891	1,647911
10,877669	1,665337
10,880447	1,672899
10,883224	1,660076
10,886002	1,642651
10,888780	1,639034
10,891558	1,647254
10,894335	1,665337
10,897113	1,671913
10,899891	1,661720
10,902669	1,641007
10,905447	1,634103
10,908224	1,641336
10,911002	1,659748
10,913780	1,668953
10,916557	1,654816
10,919335	1,637062
10,922113	1,632130
10,924891	1,642980
10,927668	1,660734
10,930446	1,669611
10,933224	1,656460
10,936002	1,640678
10,938779	1,632459
10,941557	1,642980
10,944335	1,656789
10,947113	1,662378
10,949890	1,648240
10,952668	1,632787
10,955446	1,626869
10,958224	1,638048
10,961002	1,658432
10,963779	1,666652
10,966557	1,657446
10,969335	1,638377
10,972112	1,634431
10,974890	1,642322
10,977668	1,660734
10,980446	1,666981
10,983223	1,655802
10,986001	1,638705
10,988779	1,633116
10,991557	1,644952
10,994334	1,663035
10,997112	1,672570
10,999890	1,660734
11,002668	1,642651
11,005445	1,633774
11,008223	1,643637
11,011001	1,660405
11,013779	1,671584
11,016557	1,659090
11,019334	1,639692
11,022112	1,630815
11,024890	1,640678
11,027667	1,658104
11,030445	1,666981
11,033223	1,653829
11,036001	1,633774
11,038778	1,627527
11,041556	1,634760
11,044334	1,653501
11,047112	1,661720
11,049889	1,652843
11,052667	1,634103
11,055445	1,631472
11,058223	1,639363
11,061000	1,655145
11,063778	1,664022
11,066556	1,651857
11,069334	1,634103
11,072112	1,625554
11,074889	1,635746
11,077667	1,652514
11,080445	1,665337
11,083222	1,654158
11,086000	1,640021
11,088778	1,631801
11,091556	1,641665
11,094333	1,657446
11,097111	1,664679
11,099889	1,650870
11,102667	1,633116
11,105444	1,625225
11,108222	1,633116
11,111000	1,653501
11,113778	1,662707
11,116555	1,653501
11,119333	1,634760
11,122111	1,628842
11,124889	1,637062
11,127667	1,655473
11,130444	1,663035
11,133222	1,653829
11,136000	1,634760
11,138777	1,629828
11,141555	1,639692
11,144333	1,657117
11,147111	1,665008
11,149888	1,653172
11,152666	1,636733
11,155444	1,628842
11,158222	1,640349
11,160999	1,653829
11,163777	1,661391
11,166555	1,649555
11,169333	1,633116
11,172110	1,625883
11,174888	1,636404
11,177666	1,651528
11,180444	1,659748
11,183222	1,647254
11,185999	1,626869
11,188777	1,621938
11,191555	1,630815
11,194332	1,649884
11,197110	1,657117
11,199888	1,648898
11,202666	1,631472
11,205443	1,626212
11,208221	1,633774
11,210999	1,650542
11,213777	1,658104
11,216554	1,645610
11,219332	1,628842
11,222110	1,625883
11,224888	1,635418
11,227665	1,651199
11,230443	1,660076
11,233221	1,646596
11,235999	1,630815
11,238777	1,623253
11,241554	1,632787
11,244332	1,648569
11,247110	1,656460
11,249887	1,643966
11,252665	1,628184
11,255443	1,624897
11,258221	1,634431
11,260998	1,654158
11,263776	1,661720
11,266554	1,652843
11,269332	1,634431
11,272109	1,627198
11,274887	1,632787
11,277665	1,649884
11,280443	1,654158
11,283220	1,642651
11,285998	1,626212
11,288776	1,620951
11,291554	1,641665
11,294331	1,689996
11,297109	1,744573
11,299887	1,784356
11,302665	1,813947
11,305442	1,845181
11,308220	1,880032
11,310998	1,912910
11,313776	1,935925
11,316553	1,936254
11,319331	1,926061
11,322109	1,920472
11,324887	1,927048
11,327664	1,935925
11,330442	1,928692
11,333220	1,899430
11,335998	1,855044
11,338775	1,816577
11,341553	1,789288
11,344331	1,771862
11,347109	1,740628
11,349887	1,692297
11,352664	1,639363
11,355442	1,604183
11,358220	1,595306
11,360997	1,598923
11,363775	1,598265
11,366553	1,579853
11,369331	1,558811
11,372108	1,552236
11,374886	1,560455
11,377664	1,576566
11,380442	1,586100
11,383219	1,574264
11,385997	1,559140
11,388775	1,555524
11,391553	1,568675
11,394330	1,587415
11,397108	1,596621
11,399886	1,583470
11,402664	1,566702
11,405441	1,562757
11,408219	1,570976
11,410997	1,590046
11,413775	1,598265
11,416552	1,588073
11,419330	1,569661
11,422108	1,546975
11,424886	1,528235
11,427663	1,518371
11,430441	1,513111
11,433219	1,533495
11,435997	1,613060
11,438774	1,796850
11,441552	2,096700
11,444330	2,469211
11,447108	2,882491
11,449885	3,189245
11,452663	3,199437
11,455441	3,201410
11,458219	3,202068
11,460997	3,201081
11,463774	3,196150
11,466552	3,112639
11,469330	2,673056
11,472107	2,059876
11,474885	1,514754
11,477663	1,160656
11,480441	1,002183
11,483218	0,990018
11,485996	1,059720
11,488774	1,164272
11,491552	1,279018
11,494329	1,373049
11,497107	1,436833
11,499885	1,456889
11,502663	1,450313
11,505440	1,443409
11,508218	1,452615
11,510996	1,468396
11,513774	1,481876
11,516551	1,474314
11,519329	1,462149
11,522107	1,458533
11,524885	1,472342
11,527662	1,495356
11,530440	1,509494
11,533218	1,502261
11,535996	1,484178
11,538773	1,481219
11,541551	1,496014
11,544329	1,522645
11,547107	1,537440
11,549884	1,536454
11,552662	1,529550
11,555440	1,533166
11,558218	1,548290
11,560995	1,574922
11,563773	1,595964
11,566551	1,595306
11,569329	1,589717
11,572106	1,593333
11,574884	1,610759
11,577662	1,635418
11,580440	1,653172
11,583217	1,647254
11,585995	1,636075
11,588773	1,635089
11,591551	1,649884
11,594328	1,672570
11,597106	1,689667
11,599884	1,687365
11,602662	1,675858
11,605439	1,672241
11,608217	1,685393
11,610995	1,710709
11,613773	1,728134
11,616550	1,737998
11,619328	1,746217
11,622106	1,767917
11,624884	1,801782
11,627661	1,842879
11,630439	1,869511
11,633217	1,876415
11,635995	1,877402
11,638772	1,892526
11,641550	1,919486
11,644328	1,945460
11,647106	1,955981
11,649883	1,946446
11,652661	1,921787
11,655439	1,903704
11,658217	1,896142
11,660994	1,892854
11,663772	1,884964
11,666550	1,851757
11,669328	1,803426
11,672105	1,762985
11,674883	1,735696
11,677661	1,712024
11,680439	1,676515
11,683216	1,619636
11,685994	1,550263
11,688772	1,499630
11,691550	1,466095
11,694327	1,446368
11,697105	1,426641
11,699883	1,397708
11,702661	1,368775
11,705438	1,363843
11,708216	1,378967
11,710994	1,402968
11,713772	1,418092
11,716549	1,408887
11,719327	1,395078
11,722105	1,387187
11,724883	1,400996
11,727660	1,417764
11,730438	1,432559
11,733216	1,420065
11,735994	1,405599
11,738771	1,400996
11,741549	1,414476
11,744327	1,434203
11,747105	1,443737
11,749882	1,435189
11,752660	1,417764
11,755438	1,412832
11,758216	1,420723
11,760993	1,442422
11,763771	1,453272
11,766549	1,445053
11,769327	1,425326
11,772104	1,422367
11,774882	1,432230
11,777660	1,453930
11,780438	1,463793
11,783215	1,456231
11,785993	1,442422
11,788771	1,435847
11,791549	1,448340
11,794326	1,469383
11,797104	1,480561
11,799882	1,470698
11,802660	1,454916
11,805438	1,447025
11,808215	1,459848
11,810993	1,476945
11,813771	1,489767
11,816548	1,480561
11,819326	1,465437
11,822104	1,458861
11,824882	1,468396
11,827659	1,487466
11,830437	1,496671
11,833215	1,489438
11,835993	1,470040
11,838770	1,467081
11,841548	1,473985
11,844326	1,494370
11,847104	1,501932
11,849881	1,496014
11,852659	1,477273
11,855437	1,473657
11,858215	1,484507
11,860993	1,504562
11,863770	1,516398
11,866548	1,506864
11,869326	1,489109
11,872103	1,484178
11,874881	1,499959
11,877659	1,515741
11,880437	1,528235
11,883214	1,516070
11,885992	1,501603
11,888770	1,494041
11,891548	1,504233
11,894325	1,522645
11,897103	1,535139
11,899881	1,527248
11,902659	1,511467
11,905436	1,508836
11,908214	1,516398
11,910992	1,536125
11,913770	1,544674
11,916548	1,535139
11,919325	1,516727
11,922103	1,512453
11,924881	1,521330
11,927658	1,545331
11,930436	1,555195
11,933214	1,545331
11,935992	1,530207
11,938769	1,523303
11,941547	1,535468
11,944325	1,553551
11,947103	1,566045
11,949880	1,550263
11,952658	1,536125
11,955436	1,525933
11,958214	1,539084
11,960991	1,559140
11,963769	1,571305
11,966547	1,562099
11,969325	1,545660
11,972103	1,539084
11,974880	1,546318
11,977658	1,568346
11,980436	1,575579
11,983213	1,567688
11,985991	1,551249
11,988769	1,546646
11,991547	1,556510
11,994324	1,577223
11,997102	1,586429
11,999880	1,576237
12,002658	1,556839
12,005435	1,548619
12,008213	1,555852
12,010991	1,574264
12,013769	1,589388
12,016546	1,582484
12,019324	1,566045
12,022102	1,561442
12,024880	1,574593
12,027658	1,589717
12,030435	1,600567
12,033213	1,589059
12,035991	1,574593
12,038768	1,569332
12,041546	1,578538
12,044324	1,595964
12,047102	1,605170
12,049879	1,596621
12,052657	1,578210
12,055435	1,574264
12,058213	1,585443
12,060990	1,604183
12,063768	1,613389
12,066546	1,603526
12,069324	1,580840
12,072101	1,575250
12,074879	1,583141
12,077657	1,599909
12,080435	1,612403
12,083213	1,604512
12,085990	1,589717
12,088768	1,582155
12,091546	1,591690
12,094323	1,609444
12,097101	1,618979
12,099879	1,607142
12,102657	1,588731
12,105434	1,581497
12,108212	1,589388
12,110990	1,609444
12,113768	1,618979
12,116545	1,609773
12,119323	1,593005
12,122101	1,585771
12,124879	1,595964
12,127656	1,615691
12,130434	1,624568
12,133212	1,614376
12,135990	1,598923
12,138768	1,590703
12,141545	1,600238
12,144323	1,619307
12,147101	1,626869
12,149878	1,618321
12,152656	1,601882
12,155434	1,595635
12,158212	1,602868
12,160989	1,617663
12,163767	1,625554
12,166545	1,619965
12,169323	1,606156
12,172100	1,597608
12,174878	1,608786
12,177656	1,625554
12,180434	1,634431
12,183211	1,624568
12,185989	1,606485
12,188767	1,600238
12,191545	1,608786
12,194323	1,626869
12,197100	1,634431
12,199878	1,627527
12,202656	1,607471
12,205433	1,600567
12,208211	1,612732
12,210989	1,633116
12,213767	1,643637
12,216544	1,635746
12,219322	1,617992
12,222100	1,608457
12,224878	1,616019
12,227655	1,630157
12,230433	1,642651
12,233211	1,632787
12,235989	1,617006
12,238766	1,610759
12,241544	1,619636
12,244322	1,637062
12,247100	1,647583
12,249878	1,637062
12,252655	1,618979
12,255433	1,615033
12,258211	1,623253
12,260988	1,642322
12,263766	1,650213
12,266544	1,640021
12,269322	1,621938
12,272099	1,614704
12,274877	1,623253
12,277655	1,641993
12,280433	1,651528
12,283210	1,638377
12,285988	1,622595
12,288766	1,615362
12,291544	1,626541
12,294321	1,646925
12,297099	1,657117
12,299877	1,645281
12,302655	1,628184
12,305432	1,619636
12,308210	1,629828
12,310988	1,645939
12,313766	1,655145
12,316543	1,645281
12,319321	1,627198
12,322099	1,618979
12,324877	1,628184
12,327654	1,647911
12,330432	1,659090
12,333210	1,650870
12,335988	1,633116
12,338765	1,626541
12,341543	1,634103
12,344321	1,652186
12,347099	1,656789
12,349876	1,648240
12,352654	1,629500
12,355432	1,624568
12,358210	1,636075
12,360988	1,654158
12,363765	1,666652
12,366543	1,657117
12,369321	1,639034
12,372098	1,628184
12,374876	1,634760
12,377654	1,650213
12,380432	1,661391
12,383209	1,651528
12,385987	1,635746
12,388765	1,629171
12,391543	1,638377
12,394320	1,654487
12,397098	1,664679
12,399876	1,655145
12,402654	1,635418
12,405431	1,630157
12,408209	1,636733
12,410987	1,653172
12,413765	1,661720
12,416542	1,652843
12,419320	1,634431
12,422098	1,628842
12,424876	1,636733
12,427653	1,653829
12,430431	1,663364
12,433209	1,653829
12,435987	1,636404
12,438764	1,627527
12,441542	1,640021
12,444320	1,657446
12,447098	1,671255
12,449875	1,660405
12,452653	1,643637
12,455431	1,631801
12,458209	1,639692
12,460986	1,656789
12,463764	1,666652
12,466542	1,653829
12,469320	1,635418
12,472097	1,626212
12,474875	1,633445
12,477653	1,654158
12,480431	1,666323
12,483208	1,656789
12,485986	1,638705
12,488764	1,631472
12,491542	1,637062
12,494319	1,657117
12,497097	1,665337
12,499875	1,658432
12,502653	1,641336
12,505430	1,633774
12,508208	1,642651
12,510986	1,659419
12,513764	1,669611
12,516541	1,658761
12,519319	1,641336
12,522097	1,631472
12,524875	1,642980
12,527652	1,659090
12,530430	1,672570
12,533208	1,660734
12,535986	1,642651
12,538763	1,634431
12,541541	1,643637
12,544319	1,659419
12,547097	1,669282
12,549874	1,660734
12,552652	1,641336
12,555430	1,633774
12,558208	1,641007
12,560985	1,660076
12,563763	1,669940
12,566541	1,662049
12,569319	1,642980
12,572096	1,635418
12,574874	1,642651
12,577652	1,659748
12,580430	1,671913
12,583207	1,661391
12,585985	1,643308
12,588763	1,634431
12,591541	1,642651
12,594318	1,660405
12,597096	1,674543
12,599874	1,665666
12,602652	1,649227
12,605429	1,639034
12,608207	1,643966
12,610985	1,656131
12,613763	1,665994
12,616540	1,655145
12,619318	1,639692
12,622096	1,633445
12,624874	1,641336
12,627651	1,660734
12,630429	1,671584
12,633207	1,665994
12,635985	1,648898
12,638762	1,641993
12,641540	1,645610
12,644318	1,660734
12,647096	1,666323
12,649873	1,656131
12,652651	1,638377
12,655429	1,633445
12,658207	1,643966
12,660984	1,661720
12,663762	1,672570
12,666540	1,661720
12,669318	1,645281
12,672095	1,634431
12,674873	1,642322
12,677651	1,657446
12,680429	1,665666
12,683206	1,654158
12,685984	1,634431
12,688762	1,625554
12,691540	1,637390
12,694317	1,657117
12,697095	1,668625
12,699873	1,661063
12,702651	1,641007
12,705429	1,631801
12,708206	1,637062
12,710984	1,652843
12,713762	1,662049
12,716539	1,654816
12,719317	1,636075
12,722095	1,630157
12,724873	1,638377
12,727650	1,660405
12,730428	1,674214
12,733206	1,664351
12,735984	1,644295
12,738761	1,634103
12,741539	1,644952
12,744317	1,661391
12,747095	1,673228
12,749872	1,662049
12,752650	1,644624
12,755428	1,636075
12,758206	1,643966
12,760984	1,660076
12,763761	1,670926
12,766539	1,658104
12,769317	1,639034
12,772094	1,632459
12,774872	1,638377
12,777650	1,655145
12,780428	1,664022
12,783205	1,656131
12,785983	1,639034
12,788761	1,633774
12,791539	1,639692
12,794316	1,658432
12,797094	1,669282
12,799872	1,660734
12,802650	1,643637
12,805427	1,636404
12,808205	1,644624
12,810983	1,662049
12,813761	1,669940
12,816539	1,657446
12,819316	1,639363
12,822094	1,630815
12,824872	1,642322
12,827649	1,662707
12,830427	1,673885
12,833205	1,663693
12,835983	1,646267
12,838760	1,636404
12,841538	1,643966
12,844316	1,663035
12,847094	1,675858
12,849871	1,665994
12,852649	1,644624
12,855427	1,633774
12,858205	1,642651
12,860982	1,660076
12,863760	1,667967
12,866538	1,662378
12,869316	1,643966
12,872093	1,636404
12,874871	1,642980
12,877649	1,659748
12,880427	1,670597
12,883204	1,661720
12,885982	1,641665
12,888760	1,631801
12,891538	1,641007
12,894315	1,657117
12,897093	1,666652
12,899871	1,660405
12,902649	1,641007
12,905426	1,630815
12,908204	1,639363
12,910982	1,656789
12,913760	1,668625
12,916537	1,658761
12,919315	1,638705
12,922093	1,631801
12,924871	1,638377
12,927649	1,655802
12,930426	1,666652
12,933204	1,657775
12,935982	1,640349
12,938759	1,633445
12,941537	1,638705
12,944315	1,654487
12,947093	1,663693
12,949870	1,653829
12,952648	1,639692
12,955426	1,631472
12,958204	1,638377
12,960981	1,656131
12,963759	1,667638
12,966537	1,658761
12,969315	1,643637
12,972092	1,634103
12,974870	1,639692
12,977648	1,659090
12,980426	1,667967
12,983203	1,659419
12,985981	1,642980
12,988759	1,635746
12,991537	1,642651
12,994314	1,660405
12,997092	1,669282
12,999870	1,659419
13,002648	1,641007
13,005425	1,631801
13,008203	1,639692
13,010981	1,654816
13,013759	1,667310
13,016536	1,659419
13,019314	1,643308
13,022092	1,634103
13,024870	1,643637
13,027647	1,659090
13,030425	1,670597
13,033203	1,661063
13,035981	1,641336
13,038758	1,631472
13,041536	1,638377
13,044314	1,654816
13,047092	1,665337
13,049869	1,658104
13,052647	1,638705
13,055425	1,632459
13,058203	1,638377
13,060980	1,654487
13,063758	1,664679
13,066536	1,658104
13,069314	1,639034
13,072091	1,629171
13,074869	1,635089
13,077647	1,654158
13,080425	1,665337
13,083202	1,657775
13,085980	1,641993
13,088758	1,635089
13,091536	1,641993
13,094313	1,655473
13,097091	1,664022
13,099869	1,653501
13,102647	1,636075
13,105424	1,630486
13,108202	1,640021
13,110980	1,657117
13,113758	1,666652
13,116535	1,654487
13,119313	1,635418
13,122091	1,627198
13,124869	1,636404
13,127646	1,655802
13,130424	1,665666
13,133202	1,656460
13,135980	1,639363
13,138757	1,632130
13,141535	1,638377
13,144313	1,652514
13,147091	1,662378
13,149868	1,653501
13,152646	1,636075
13,155424	1,628513
13,158202	1,638048
13,160979	1,655473
13,163757	1,664022
13,166535	1,652514
13,169313	1,634431
13,172090	1,627856
13,174868	1,637719
13,177646	1,654816
13,180424	1,666652
13,183201	1,659090
13,185979	1,640678
13,188757	1,630486
13,191535	1,637062
13,194312	1,655145
13,197090	1,664351
13,199868	1,655802
13,202646	1,637719
13,205423	1,630486
13,208201	1,637062
13,210979	1,653501
13,213757	1,661391
13,216534	1,654816
13,219312	1,636404
13,222090	1,625883
13,224868	1,632130
13,227645	1,648569
13,230423	1,658432
13,233201	1,649884
13,235979	1,633774
13,238756	1,623910
13,241534	1,631801
13,244312	1,642980
13,247090	1,654487
13,249867	1,645939
13,252645	1,630157
13,255423	1,621938
13,258201	1,630157
13,260978	1,644624
13,263756	1,657446
13,266534	1,649555
13,269312	1,634103
13,272089	1,628184
13,274867	1,631801
13,277645	1,649884
13,280423	1,663364
13,283200	1,683091
13,285978	1,707092
13,288756	1,748519
13,291534	1,802768
13,294311	1,861949
13,297089	1,901074
13,299867	1,910280
13,302645	1,905348
13,305422	1,906992
13,308200	1,924746
13,310978	1,946446
13,313756	1,954008
13,316533	1,935267
13,319311	1,903704
13,322089	1,874114
13,324867	1,858332
13,327644	1,843537
13,330422	1,820851
13,333200	1,776794
13,335978	1,719586
13,338755	1,671584
13,341533	1,643637
13,344311	1,633445
13,347089	1,622266
13,349866	1,601224
13,352644	1,571305
13,355422	1,557496
13,358200	1,558483
13,360977	1,577223
13,363755	1,583470
13,366533	1,577223
13,369311	1,559469
13,372088	1,550592
13,374866	1,559798
13,377644	1,574922
13,380422	1,585771
13,383199	1,578210
13,385977	1,562428
13,388755	1,554537
13,391533	1,566373
13,394310	1,581169
13,397088	1,593991
13,399866	1,580840
13,402644	1,564072
13,405421	1,555195
13,408199	1,565058
13,410977	1,571305
13,413755	1,562428
13,416532	1,525933
13,419310	1,485164
13,422088	1,496343
13,424866	1,580182
13,427643	1,780411
13,430421	2,057246
13,433199	2,394577
13,435977	2,784513
13,438754	3,154723
13,441532	3,196807
13,444310	3,200424
13,447088	3,200753
13,449865	3,200424
13,452643	3,197136
13,455421	3,145846
13,458199	2,762814
13,460976	2,175608
13,463754	1,616019
13,466532	1,201425
13,469310	0,987716
13,472087	0,955496
13,474865	1,039993
13,477643	1,167232
13,480421	1,283949
13,483198	1,357596
13,485976	1,398694
13,488754	1,424668
13,491532	1,442751
13,494309	1,463136
13,497087	1,471026
13,499865	1,467739
13,502643	1,451299
13,505420	1,449327
13,508198	1,459519
13,510976	1,481876
13,513754	1,497987
13,516531	1,496671
13,519309	1,481876
13,522087	1,474314
13,524865	1,480561
13,527642	1,501603
13,530420	1,519686
13,533198	1,518042
13,535976	1,508508
13,538753	1,507192
13,541531	1,527577
13,544309	1,552564
13,547087	1,576566
13,549864	1,578538
13,552642	1,571305
13,555420	1,569332
13,558198	1,586758
13,560975	1,612403
13,563753	1,631801
13,566531	1,632787
13,569309	1,624239
13,572086	1,625225
13,574864	1,638377
13,577642	1,663693
13,580420	1,681118
13,583197	1,676515
13,585975	1,660734
13,588753	1,656460
13,591531	1,668296
13,594308	1,690653
13,597086	1,707750
13,599864	1,705777
13,602642	1,697558
13,605419	1,706763
13,608197	1,740299
13,610975	1,789288
13,613753	1,828742
13,616530	1,841564
13,619308	1,840578
13,622086	1,847811
13,624864	1,870497
13,627641	1,905677
13,630419	1,936582
13,633197	1,940199
13,635975	1,926061
13,638752	1,919815
13,641530	1,924418
13,644308	1,930664
13,647086	1,923102
13,649863	1,895485
13,652641	1,856688
13,655419	1,823152
13,658197	1,804083
13,660975	1,792247
13,663752	1,768575
13,666530	1,722216
13,669308	1,660076
13,672085	1,599580
13,674863	1,555524
13,677641	1,524618
13,680419	1,493055
13,683196	1,448340
13,685974	1,401653
13,688752	1,370090
13,691530	1,371077
13,694307	1,389488
13,697085	1,406256
13,699863	1,404612
13,702641	1,391132
13,705418	1,384228
13,708196	1,393105
13,710974	1,412832
13,713752	1,425654
13,716530	1,421051
13,719307	1,404941
13,722085	1,397379
13,724863	1,407571
13,727640	1,427627
13,730418	1,441436
13,733196	1,437162
13,735974	1,420394
13,738751	1,410859
13,741529	1,418750
13,744307	1,434860
13,747085	1,450642
13,749862	1,445381
13,752640	1,424997
13,755418	1,414147
13,758196	1,423024
13,760973	1,442094
13,763751	1,458533
13,766529	1,454587
13,769307	1,437162
13,772085	1,431573
13,774862	1,440121
13,777640	1,460177
13,780418	1,471355
13,783195	1,467739
13,785973	1,449984
13,788751	1,444066
13,791529	1,452615
13,794306	1,472342
13,797084	1,485493
13,799862	1,475301
13,802640	1,461821
13,805417	1,453272
13,808195	1,463464
13,810973	1,482534
13,813751	1,497000
13,816528	1,489109
13,819306	1,473985
13,822084	1,464451
13,824862	1,472999
13,827640	1,492068
13,830417	1,507521
13,833195	1,502590
13,835973	1,488452
13,838750	1,481876
13,841528	1,489109
13,844306	1,508836
13,847084	1,518371
13,849861	1,512782
13,852639	1,493055
13,855417	1,483191
13,858195	1,490753
13,860972	1,513111
13,863750	1,523632
13,866528	1,520015
13,869306	1,503247
13,872083	1,493055
13,874861	1,501274
13,877639	1,516727
13,880417	1,529221
13,883194	1,524289
13,885972	1,512124
13,888750	1,501603
13,891528	1,511795
13,894305	1,529550
13,897083	1,544674
13,899861	1,538098
13,902639	1,519357
13,905416	1,509494
13,908194	1,519357
13,910972	1,538098
13,913750	1,551907
13,916527	1,546646
13,919305	1,526919
13,922083	1,519686
13,924861	1,525604
13,927638	1,545660
13,930416	1,558154
13,933194	1,553222
13,935972	1,532838
13,938750	1,525604
13,941527	1,532838
13,944305	1,552564
13,947083	1,566373
13,949860	1,557825
13,952638	1,542701
13,955416	1,535139
13,958194	1,544345
13,960971	1,561770
13,963749	1,579853
13,966527	1,571305
13,969305	1,558154
13,972082	1,548290
13,974860	1,556510
13,977638	1,571305
13,980416	1,583799
13,983193	1,577552
13,985971	1,561113
13,988749	1,553222
13,991527	1,558483
13,994304	1,578210
13,997082	1,588402
13,999860	1,582812
14,002638	1,565387
14,005415	1,558483
14,008193	1,564072
14,010971	1,585771
14,013749	1,596293
14,016526	1,591361
14,019304	1,574593
14,022082	1,566373
14,024860	1,574593
14,027637	1,589717
14,030415	1,601224
14,033193	1,592676
14,035971	1,576237
14,038748	1,565716
14,041526	1,578210
14,044304	1,595306
14,047082	1,608129
14,049859	1,602211
14,052637	1,588731
14,055415	1,579853
14,058193	1,586758
14,060970	1,602211
14,063748	1,612074
14,066526	1,607471
14,069304	1,586758
14,072081	1,578210
14,074859	1,581826
14,077637	1,599252
14,080415	1,609773
14,083192	1,609444
14,085970	1,591690
14,088748	1,584128
14,091526	1,589059
14,094303	1,606814
14,097081	1,621280
14,099859	1,612732
14,102637	1,595964
14,105414	1,584785
14,108192	1,594977
14,110970	1,611088
14,113748	1,627856
14,116525	1,616348
14,119303	1,597936
14,122081	1,587087
14,124859	1,593662
14,127636	1,612403
14,130414	1,628184
14,133192	1,622266
14,135970	1,603526
14,138747	1,593333
14,141525	1,598594
14,144303	1,618650
14,147081	1,632459
14,149858	1,628513
14,152636	1,609444
14,155414	1,601224
14,158192	1,605498
14,160969	1,625225
14,163747	1,637062
14,166525	1,632130
14,169303	1,615691
14,172080	1,606814
14,174858	1,611417
14,177636	1,629171
14,180414	1,642980
14,183191	1,636404
14,185969	1,620294
14,188747	1,607800
14,191525	1,613060
14,194302	1,629828
14,197080	1,643308
14,199858	1,635089
14,202636	1,618650
14,205413	1,606485
14,208191	1,614704
14,210969	1,635089
14,213747	1,645281
14,216524	1,640021
14,219302	1,619965
14,222080	1,611745
14,224858	1,620294
14,227635	1,639692
14,230413	1,650542
14,233191	1,644952
14,235969	1,626869
14,238746	1,616677
14,241524	1,623910
14,244302	1,639692
14,247080	1,651199
14,249857	1,642980
14,252635	1,624568
14,255413	1,611745
14,258191	1,620294
14,260968	1,635418
14,263746	1,647911
14,266524	1,637719
14,269302	1,620951
14,272079	1,610759
14,274857	1,621280
14,277635	1,639692
14,280413	1,655473
14,283190	1,650213
14,285968	1,629828
14,288746	1,619636
14,291524	1,620951
14,294301	1,638377
14,297079	1,651528
14,299857	1,643966
14,302635	1,624568
14,305412	1,616019
14,308190	1,620951
14,310968	1,641665
14,313746	1,655145
14,316523	1,651199
14,319301	1,634760
14,322079	1,622266
14,324857	1,625225
14,327634	1,642651
14,330412	1,657446
14,333190	1,651199
14,335968	1,634103
14,338745	1,622595
14,341523	1,628184
14,344301	1,645939
14,347079	1,659090
14,349856	1,653501
14,352634	1,635746
14,355412	1,624239
14,358190	1,631143
14,360967	1,648898
14,363745	1,661063
14,366523	1,655145
14,369301	1,636733
14,372078	1,627198
14,374856	1,633116
14,377634	1,649884
14,380412	1,661720
14,383189	1,652843
14,385967	1,636733
14,388745	1,627856
14,391523	1,635746
14,394300	1,651857
14,397078	1,663693
14,399856	1,658432
14,402634	1,639692
14,405411	1,628184
14,408189	1,636075
14,410967	1,654816
14,413745	1,669282
14,416522	1,665337
14,419300	1,649227
14,422078	1,638048
14,424856	1,643966
14,427633	1,659748
14,430411	1,672899
14,433189	1,666323
14,435967	1,647254
14,438744	1,637062
14,441522	1,639692
14,444300	1,655473
14,447078	1,666652
14,449855	1,660734
14,452633	1,643308
14,455411	1,635746
14,458189	1,644624
14,460966	1,661391
14,463744	1,672241
14,466522	1,664022
14,469300	1,645281
14,472077	1,632459
14,474855	1,637390
14,477633	1,654158
14,480411	1,669282
14,483188	1,664022
14,485966	1,647911
14,488744	1,636075
14,491522	1,641007
14,494299	1,657775
14,497077	1,666652
14,499855	1,658104
14,502633	1,641665
14,505410	1,632787
14,508188	1,638377
14,510966	1,656460
14,513744	1,668953
14,516521	1,665666
14,519299	1,648569
14,522077	1,634760
14,524855	1,639692
14,527632	1,653829
14,530410	1,666652
14,533188	1,661063
14,535966	1,646267
14,538743	1,636075
14,541521	1,644624
14,544299	1,661391
14,547077	1,677173
14,549854	1,667310
14,552632	1,648569
14,555410	1,635418
14,558188	1,642651
14,560965	1,658761
14,563743	1,669940
14,566521	1,665666
14,569299	1,647911
14,572076	1,637390
14,574854	1,642651
14,577632	1,659419
14,580410	1,671584
14,583187	1,665666
14,585965	1,649884
14,588743	1,639692
14,591521	1,644952
14,594298	1,660076
14,597076	1,672241
14,599854	1,666981
14,602632	1,650542
14,605409	1,641336
14,608187	1,647583
14,610965	1,661063
14,613743	1,672570
14,616521	1,661063
14,619298	1,643637
14,622076	1,631801
14,624854	1,636733
14,627631	1,655802
14,630409	1,671584
14,633187	1,668625
14,635965	1,651199
14,638742	1,640021
14,641520	1,645610
14,644298	1,663693
14,647076	1,675858
14,649853	1,670269
14,652631	1,651199
14,655409	1,640021
14,658187	1,643637
14,660964	1,661063
14,663742	1,670597
14,666520	1,664679
14,669298	1,649555
14,672075	1,638705
14,674853	1,644952
14,677631	1,660405
14,680409	1,673556
14,683186	1,665337
14,685964	1,649227
14,688742	1,638048
14,691520	1,644624
14,694297	1,660734
14,697075	1,674543
14,699853	1,669611
14,702631	1,652186
14,705408	1,637719
14,708186	1,641007
14,710964	1,656460
14,713742	1,668625
14,716519	1,667638
14,719297	1,650213
14,722075	1,641007
14,724853	1,645939
14,727630	1,661391
14,730408	1,669282
14,733186	1,664022
14,735964	1,644952
14,738741	1,634431
14,741519	1,639034
14,744297	1,655802
14,747075	1,670597
14,749852	1,665666
14,752630	1,648898
14,755408	1,637719
14,758186	1,645939
14,760963	1,658104
14,763741	1,670926
14,766519	1,663693
14,769297	1,645610
14,772074	1,632130
14,774852	1,639034
14,777630	1,655145
14,780408	1,668296
14,783185	1,663364
14,785963	1,644624
14,788741	1,633116
14,791519	1,635746
14,794296	1,652514
14,797074	1,663035
14,799852	1,658432
14,802630	1,641336
14,805407	1,633116
14,808185	1,635089
14,810963	1,651528
14,813741	1,665666
14,816518	1,658761
14,819296	1,644295
14,822074	1,636404
14,824852	1,643637
14,827629	1,657775
14,830407	1,671255
14,833185	1,660405
14,835963	1,644952
14,838740	1,633445
14,841518	1,641007
14,844296	1,655145
14,847074	1,668625
14,849851	1,659748
14,852629	1,641336
14,855407	1,626541
14,858185	1,630815
14,860962	1,652514
14,863740	1,667638
14,866518	1,666652
14,869296	1,647911
14,872073	1,637062
14,874851	1,641993
14,877629	1,657446
14,880407	1,668953
14,883184	1,665008
14,885962	1,647254
14,888740	1,634760
14,891518	1,641665
14,894295	1,658432
14,897073	1,671913
14,899851	1,665337
14,902629	1,649227
14,905406	1,637062
14,908184	1,643308
14,910962	1,657775
14,913740	1,672899
14,916517	1,665337
14,919295	1,646596
14,922073	1,635418
14,924851	1,643637
14,927628	1,657117
14,930406	1,668625
14,933184	1,662378
14,935962	1,643637
14,938739	1,633774
14,941517	1,637719
14,944295	1,656131
14,947073	1,666652
14,949850	1,659419
14,952628	1,638705
14,955406	1,629500
14,958184	1,633774
14,960961	1,652186
14,963739	1,665666
14,966517	1,658761
14,969295	1,642322
14,972072	1,629171
14,974850	1,635418
14,977628	1,650213
14,980406	1,665337
14,983183	1,656131
14,985961	1,638377
14,988739	1,627527
14,991517	1,632459
14,994294	1,649227
14,997072	1,664679
14,999850	1,658432
15,002628	1,641665
15,005405	1,629828
15,008183	1,633774
15,010961	1,652186
15,013739	1,663364
15,016516	1,659090
15,019294	1,641007
15,022072	1,632130
15,024850	1,636075
15,027627	1,652514
15,030405	1,664679
15,033183	1,659748
15,035961	1,641993
15,038738	1,629171
15,041516	1,635746
15,044294	1,651857
15,047072	1,663035
15,049849	1,659090
15,052627	1,641993
15,055405	1,628184
15,058183	1,633445
15,060960	1,648569
15,063738	1,662378
15,066516	1,655473
15,069294	1,636404
15,072071	1,623910
15,074849	1,630486
15,077627	1,648240
15,080405	1,661391
15,083182	1,657117
15,085960	1,638377
15,088738	1,625554
15,091516	1,628842
15,094293	1,645281
15,097071	1,658432
15,099849	1,655473
15,102627	1,640349
15,105404	1,629828
15,108182	1,637062
15,110960	1,652186
15,113738	1,665994
15,116515	1,659419
15,119293	1,641336
15,122071	1,629500
15,124849	1,635746
15,127626	1,648898
15,130404	1,663693
15,133182	1,658432
15,135960	1,640678
15,138737	1,629828
15,141515	1,638048
15,144293	1,653172
15,147071	1,666981
15,149848	1,660076
15,152626	1,641336
15,155404	1,630815
15,158182	1,635089
15,160959	1,651199
15,163737	1,662049
15,166515	1,654816
15,169293	1,635746
15,172070	1,623581
15,174848	1,628513
15,177626	1,644952
15,180404	1,658761
15,183181	1,652514
15,185959	1,635746
15,188737	1,623910
15,191515	1,626869
15,194292	1,642980
15,197070	1,658104
15,199848	1,653829
15,202626	1,638377
15,205403	1,625883
15,208181	1,630486
15,210959	1,644624
15,213737	1,658104
15,216514	1,653829
15,219292	1,637062
15,222070	1,624239
15,224848	1,629171
15,227625	1,644952
15,230403	1,658104
15,233181	1,658104
15,235959	1,640678
15,238736	1,629171
15,241514	1,631801
15,244292	1,647583
15,247070	1,660405
15,249847	1,654487
15,252625	1,636075
15,255403	1,622595
15,258181	1,629828
15,260958	1,644952
15,263736	1,658432
15,266514	1,654158
15,269292	1,640678
15,272069	1,652843
15,274847	1,696900
15,277625	1,760684
15,280403	1,824468
15,283180	1,861949
15,285958	1,873456
15,288736	1,881676
15,291514	1,899101
15,294291	1,927048
15,297069	1,952035
15,299847	1,954994
15,302625	1,937569
15,305402	1,919157
15,308180	1,909622
15,310958	1,906334
15,313736	1,893841
15,316513	1,856688
15,319291	1,805069
15,322069	1,756081
15,324847	1,723203
15,327624	1,703147
15,330402	1,682762
15,333180	1,645281
15,335958	1,607800
15,338735	1,580511
15,341513	1,574922
15,344291	1,579853
15,347069	1,588731
15,349846	1,580182
15,352624	1,562099
15,355402	1,555195
15,358180	1,559798
15,360957	1,579196
15,363735	1,590046
15,366513	1,586100
15,369291	1,569004
15,372068	1,558483
15,374846	1,561770
15,377624	1,576566
15,380402	1,587415
15,383179	1,583141
15,385957	1,567360
15,388735	1,559469
15,391513	1,569332
15,394290	1,586100
15,397068	1,602868
15,399846	1,584785
15,402624	1,545002
15,405401	1,499630
15,408179	1,484835
15,410957	1,508179
15,413735	1,589717
15,416512	1,749505
15,419290	1,984256
15,422068	2,311066
15,424846	2,719414
15,427623	3,119543
15,430401	3,198780
15,433179	3,200753
15,435957	3,200753
15,438734	3,200095
15,441512	3,196478
15,444290	3,176751
15,447068	2,877559
15,449845	2,289366
15,452623	1,687365
15,455401	1,232002
15,458179	1,007772
15,460956	0,972921
15,463734	1,052487
15,466512	1,156053
15,469290	1,243838
15,472067	1,315184
15,474845	1,384557
15,477623	1,436833
15,480401	1,471684
15,483178	1,469383
15,485956	1,453272
15,488734	1,441436
15,491512	1,447683
15,494289	1,466423
15,497067	1,486479
15,499845	1,486150
15,502623	1,472342
15,505400	1,468067
15,508178	1,475958
15,510956	1,497329
15,513734	1,509494
15,516511	1,507521
15,519289	1,493384
15,522067	1,489438
15,524845	1,501932
15,527622	1,531194
15,530400	1,554537
15,533178	1,557496
15,535956	1,548948
15,538733	1,544016
15,541511	1,558483
15,544289	1,584456
15,547067	1,609115
15,549844	1,613718
15,552622	1,608129
15,555400	1,601882
15,558178	1,617335
15,560955	1,639692
15,563733	1,661720
15,566511	1,664022
15,569289	1,654158
15,572066	1,648569
15,574844	1,659748
15,577622	1,679475
15,580400	1,697558
15,583177	1,697886
15,585955	1,684735
15,588733	1,679475
15,591511	1,689996
15,594288	1,723531
15,597066	1,759697
15,599844	1,786658
15,602622	1,801124
15,605399	1,815590
15,608177	1,840249
15,610955	1,872141
15,613733	1,899759
15,616510	1,912910
15,619288	1,912253
15,622066	1,911595
15,624844	1,923431
15,627621	1,943158
15,630399	1,955981
15,633177	1,941843
15,635955	1,907650
15,638732	1,877073
15,641510	1,861620
15,644288	1,854716
15,647066	1,841893
15,649843	1,804083
15,652621	1,750820
15,655399	1,701832
15,658177	1,663364
15,660954	1,633445
15,663732	1,594977
15,666510	1,541386
15,669288	1,477273
15,672065	1,430586
15,674843	1,402311
15,677621	1,397708
15,680399	1,400338
15,683176	1,392119
15,685954	1,381598
15,688732	1,377323
15,691510	1,388502
15,694287	1,408229
15,697065	1,424668
15,699843	1,415133
15,702621	1,400338
15,705398	1,388831
15,708176	1,398037
15,710954	1,415462
15,713732	1,431244
15,716509	1,430915
15,719287	1,417764
15,722065	1,410530
15,724843	1,416777
15,727620	1,435847
15,730398	1,446697
15,733176	1,443080
15,735954	1,424011
15,738731	1,414805
15,741509	1,421709
15,744287	1,443409
15,747065	1,458861
15,749842	1,456889
15,752620	1,439463
15,755398	1,428613
15,758176	1,433216
15,760953	1,449656
15,763731	1,465437
15,766509	1,459519
15,769287	1,445710
15,772064	1,435847
15,774842	1,445710
15,777620	1,462478
15,780398	1,480232
15,783175	1,478917
15,785953	1,466423
15,788731	1,453601
15,791509	1,459519
15,794286	1,472999
15,797064	1,488452
15,799842	1,484178
15,802620	1,467081
15,805397	1,456889
15,808175	1,461492
15,810953	1,482205
15,813731	1,497000
15,816508	1,495356
15,819286	1,478917
15,822064	1,472999
15,824842	1,477273
15,827619	1,494041
15,830397	1,507521
15,833175	1,503905
15,835953	1,488452
15,838730	1,478588
15,841508	1,487466
15,844286	1,504562
15,847064	1,522974
15,849841	1,516727
15,852619	1,503576
15,855397	1,493055
15,858175	1,497987
15,860952	1,518371
15,863730	1,534153
15,866508	1,531851
15,869286	1,516727
15,872063	1,504891
15,874841	1,508508
15,877619	1,526262
15,880397	1,539084
15,883174	1,536783
15,885952	1,518700
15,888730	1,506206
15,891508	1,510480
15,894285	1,529878
15,897063	1,544345
15,899841	1,542701
15,902619	1,527577
15,905396	1,515083
15,908174	1,522974
15,910952	1,542043
15,913730	1,557167
15,916507	1,551578
15,919285	1,535468
15,922063	1,524947
15,924841	1,531851
15,927618	1,547962
15,930396	1,563414
15,933174	1,560455
15,935952	1,543030
15,938729	1,531851
15,941507	1,537769
15,944285	1,553880
15,947063	1,566373
15,949840	1,562428
15,952618	1,545660
15,955396	1,537112
15,958174	1,542701
15,960951	1,560455
15,963729	1,575579
15,966507	1,572620
15,969285	1,555524
15,972062	1,545989
15,974840	1,548619
15,977618	1,563086
15,980396	1,579196
15,983173	1,574264
15,985951	1,559140
15,988729	1,549934
15,991507	1,556510
15,994284	1,574593
15,997062	1,588073
15,999840	1,582484
16,002618	1,565387
16,005395	1,554866
16,008173	1,558811
16,010951	1,575579
16,013729	1,590703
16,016506	1,587087
16,019284	1,572291
16,022062	1,561770
16,024840	1,565716
16,027617	1,583470
16,030395	1,600567
16,033173	1,595635
16,035951	1,580511
16,038728	1,568017
16,041506	1,571634
16,044284	1,588402
16,047062	1,606156
16,049839	1,601882
16,052617	1,587087
16,055395	1,575250
16,058173	1,583141
16,060951	1,600238
16,063728	1,611745
16,066506	1,605170
16,069284	1,586758
16,072062	1,575579
16,074839	1,581497
16,077617	1,600567
16,080395	1,613718
16,083172	1,610101
16,085950	1,593991
16,088728	1,581826
16,091506	1,587744
16,094283	1,604183
16,097061	1,618650
16,099839	1,612074
16,102617	1,594320
16,105394	1,583141
16,108172	1,588731
16,110950	1,605498
16,113728	1,621938
16,116505	1,618321
16,119283	1,604841
16,122061	1,593662
16,124839	1,599909
16,127616	1,612732
16,130394	1,625554
16,133172	1,620951
16,135950	1,604183
16,138727	1,591690
16,141505	1,597608
16,144283	1,616019
16,147061	1,633116
16,149838	1,629828
16,152616	1,609444
16,155394	1,598265
16,158172	1,598594
16,160949	1,615691
16,163727	1,631143
16,166505	1,631801
16,169283	1,614376
16,172061	1,605498
16,174838	1,609115
16,177616	1,624568
16,180394	1,637062
16,183172	1,631143
16,185949	1,616677
16,188727	1,604512
16,191505	1,608786
16,194282	1,622595
16,197060	1,639363
16,199838	1,636075
16,202616	1,621280
16,205393	1,607800
16,208171	1,615362
16,210949	1,631801
16,213727	1,644624
16,216504	1,638705
16,219282	1,619965
16,222060	1,609444
16,224838	1,615033
16,227615	1,632787
16,230393	1,645610
16,233171	1,643308
16,235949	1,625225
16,238726	1,613718
16,241504	1,617992
16,244282	1,635418
16,247060	1,647911
16,249837	1,644952
16,252615	1,628842
16,255393	1,616677
16,258171	1,619636
16,260948	1,635746
16,263726	1,653501
16,266504	1,650542
16,269282	1,633774
16,272059	1,619307
16,274837	1,623253
16,277615	1,634760
16,280393	1,647583
16,283171	1,641993
16,285948	1,626541
16,288726	1,615362
16,291504	1,621938
16,294282	1,639034
16,297059	1,655473
16,299837	1,655802
16,302615	1,638377
16,305392	1,625883
16,308170	1,627856
16,310948	1,641993
16,313726	1,652514
16,316503	1,650213
16,319281	1,633116
16,322059	1,621280
16,324837	1,624897
16,327614	1,641336
16,330392	1,656789
16,333170	1,652843
16,335948	1,635746
16,338725	1,622595
16,341503	1,627527
16,344281	1,643308
16,347059	1,661391
16,349836	1,656460
16,352614	1,639692
16,355392	1,627527
16,358170	1,630815
16,360947	1,647254
16,363725	1,664351
16,366503	1,659419
16,369281	1,642980
16,372058	1,629171
16,374836	1,633116
16,377614	1,653829
16,380392	1,666652
16,383169	1,664351
16,385947	1,646925
16,388725	1,634103
16,391503	1,637390
16,394281	1,654487
16,397058	1,668625
16,399836	1,665337
16,402614	1,647911
16,405392	1,634103
16,408169	1,638048
16,410947	1,655802
16,413725	1,669282
16,416502	1,663364
16,419280	1,647583
16,422058	1,631801
16,424836	1,637390
16,427613	1,650542
16,430391	1,666323
16,433169	1,663364
16,435947	1,646925
16,438724	1,634431
16,441502	1,640349
16,444280	1,654816
16,447058	1,667310
16,449835	1,664679
16,452613	1,646267
16,455391	1,634431
16,458169	1,637719
16,460946	1,653829
16,463724	1,665994
16,466502	1,663035
16,469280	1,644295
16,472057	1,632130
16,474835	1,638377
16,477613	1,654487
16,480391	1,669282
16,483168	1,666652
16,485946	1,649555
16,488724	1,636075
16,491502	1,641007
16,494279	1,654816
16,497057	1,671584
16,499835	1,665008
16,502613	1,650213
16,505390	1,637719
16,508168	1,642651
16,510946	1,658432
16,513724	1,675200
16,516502	1,670269
16,519279	1,650870
16,522057	1,638048
16,524835	1,640678
16,527613	1,656460
16,530390	1,672241
16,533168	1,667638
16,535946	1,647911
16,538723	1,638048
16,541501	1,638377
16,544279	1,654487
16,547057	1,667638
16,549834	1,664022
16,552612	1,649555
16,555390	1,635746
16,558168	1,638377
16,560945	1,652514
16,563723	1,667310
16,566501	1,661720
16,569279	1,646596
16,572056	1,632787
16,574834	1,640021
16,577612	1,656789
16,580390	1,670597
16,583167	1,666323
16,585945	1,650213
16,588723	1,637390
16,591501	1,641336
16,594278	1,657117
16,597056	1,671913
16,599834	1,670269
16,602612	1,652843
16,605389	1,639692
16,608167	1,645281
16,610945	1,660076
16,613723	1,673885
16,616501	1,672241
16,619278	1,654487
16,622056	1,640349
16,624834	1,646267
16,627612	1,659748
16,630389	1,672570
16,633167	1,667967
16,635945	1,650870
16,638723	1,638705
16,641500	1,644952
16,644278	1,658104
16,647056	1,670597
16,649833	1,665337
16,652611	1,645939
16,655389	1,633445
16,658167	1,638048
16,660944	1,656131
16,663722	1,672570
16,666500	1,670597
16,669278	1,650213
16,672055	1,636404
16,674833	1,637390
16,677611	1,651857
16,680389	1,667967
16,683166	1,667310
16,685944	1,653172
16,688722	1,641336
16,691500	1,642980
16,694277	1,657446
16,697055	1,672241
16,699833	1,665994
16,702611	1,648569
16,705388	1,637062
16,708166	1,642980
16,710944	1,658432
16,713722	1,671584
16,716499	1,664679
16,719277	1,649227
16,722055	1,639363
16,724833	1,645281
16,727610	1,662378
16,730388	1,676187
16,733166	1,671913
16,735944	1,654158
16,738722	1,640349
16,741499	1,641336
16,744277	1,656789
16,747055	1,669282
16,749833	1,665008
16,752610	1,646925
16,755388	1,634103
16,758166	1,639692
16,760943	1,656789
16,763721	1,670269
16,766499	1,665008
16,769277	1,646596
16,772054	1,631801
16,774832	1,638048
16,777610	1,654158
16,780388	1,668296
16,783165	1,665008
16,785943	1,650213
16,788721	1,639034
16,791499	1,642980
16,794276	1,655802
16,797054	1,668625
16,799832	1,663693
16,802610	1,642651
16,805387	1,631801
16,808165	1,636733
16,810943	1,654487
16,813721	1,669282
16,816498	1,666323
16,819276	1,646925
16,822054	1,635089
16,824832	1,638705
16,827609	1,654816
16,830387	1,670926
16,833165	1,665666
16,835943	1,646267
16,838720	1,631801
16,841498	1,637719
16,844276	1,650213
16,847054	1,666652
16,849832	1,662049
16,852609	1,644952
16,855387	1,631801
16,858165	1,633774
16,860943	1,648569
16,863720	1,665008
16,866498	1,660734
16,869276	1,643637
16,872053	1,630157
16,874831	1,634103
16,877609	1,654487
16,880387	1,672241
16,883164	1,669611
16,885942	1,650870
16,888720	1,634760
16,891498	1,636404
16,894275	1,653172
16,897053	1,665994
16,899831	1,662378
16,902609	1,646925
16,905386	1,634760
16,908164	1,639692
16,910942	1,654816
16,913720	1,668625
16,916497	1,662049
16,919275	1,645610
16,922053	1,633116
16,924831	1,640021
16,927608	1,652843
16,930386	1,665337
16,933164	1,660734
16,935942	1,646267
16,938719	1,631801
16,941497	1,638377
16,944275	1,656460
16,947053	1,668625
16,949830	1,665337
16,952608	1,646267
16,955386	1,633445
16,958164	1,635746
16,960942	1,651528
16,963719	1,662378
16,966497	1,657775
16,969275	1,638705
16,972053	1,626541
16,974830	1,632130
16,977608	1,647911
16,980386	1,661720
16,983163	1,654816
16,985941	1,638048
16,988719	1,623581
16,991497	1,630157
16,994274	1,647254
16,997052	1,663364
16,999830	1,660076
17,002608	1,642651
17,005385	1,627856
17,008163	1,628842
17,010941	1,645610
17,013719	1,663035
17,016496	1,661063
17,019274	1,644295
17,022052	1,635418
17,024830	1,638377
17,027607	1,655473
17,030385	1,668625
17,033163	1,664351
17,035941	1,644952
17,038718	1,633116
17,041496	1,633774
17,044274	1,647911
17,047052	1,661063
17,049829	1,655473
17,052607	1,638705
17,055385	1,625225
17,058163	1,628513
17,060940	1,645939
17,063718	1,663035
17,066496	1,659090
17,069274	1,644624
17,072052	1,630815
17,074829	1,635089
17,077607	1,649884
17,080385	1,664679
17,083163	1,660734
17,085940	1,646596
17,088718	1,632787
17,091496	1,634760
17,094273	1,649884
17,097051	1,659748
17,099829	1,657446
17,102607	1,640021
17,105384	1,630486
17,108162	1,630815
17,110940	1,648240
17,113718	1,659419
17,116495	1,659090
17,119273	1,641665
17,122051	1,630157
17,124829	1,635746
17,127606	1,648898
17,130384	1,663364
17,133162	1,657775
17,135940	1,641665
17,138717	1,626212
17,141495	1,630815
17,144273	1,642651
17,147051	1,658104
17,149828	1,654158
17,152606	1,639034
17,155384	1,626869
17,158162	1,632130
17,160939	1,647254
17,163717	1,660734
17,166495	1,656460
17,169273	1,636404
17,172050	1,624239
17,174828	1,625883
17,177606	1,643308
17,180384	1,658432
17,183162	1,656789
17,185939	1,641336
17,188717	1,631143
17,191495	1,631143
17,194273	1,643308
17,197050	1,656131
17,199828	1,651199
17,202606	1,636404
17,205383	1,624897
17,208161	1,630486
17,210939	1,646596
17,213717	1,663693
17,216494	1,660405
17,219272	1,642322
17,222050	1,624568
17,224828	1,627856
17,227605	1,641336
17,230383	1,656460
17,233161	1,654158
17,235939	1,640021
17,238716	1,631801
17,241494	1,634103
17,244272	1,648569
17,247050	1,661063
17,249827	1,657446
17,252605	1,639692
17,255383	1,629828
17,258161	1,635089
17,260938	1,670926
17,263716	1,721887
17,266494	1,765944
17,269272	1,798823
17,272049	1,829071
17,274827	1,865565
17,277605	1,904362
17,280383	1,933952
17,283160	1,942172
17,285938	1,934610
17,288716	1,926719
17,291494	1,930336
17,294272	1,941843
17,297049	1,942829
17,299827	1,920801
17,302605	1,877402
17,305383	1,836304
17,308160	1,806385
17,310938	1,782383
17,313716	1,761670
17,316493	1,722874
17,319271	1,668953
17,322049	1,627198
17,324827	1,607142
17,327604	1,606156
17,330382	1,608457
17,333160	1,598265
17,335938	1,576894
17,338715	1,561442
17,341493	1,560784
17,344271	1,572620
17,347049	1,586429
17,349826	1,584456
17,352604	1,569661
17,355382	1,559469
17,358160	1,564072
17,360937	1,578867
17,363715	1,595306
17,366493	1,592018
17,369271	1,573935
17,372048	1,563743
17,374826	1,567031
17,377604	1,582484
17,380382	1,597279
17,383159	1,592676
17,385937	1,575908
17,388715	1,557167
17,391493	1,540071
17,394270	1,524618
17,397048	1,513439
17,399826	1,509823
17,402604	1,552893
17,405382	1,690324
17,408159	1,927705
17,410937	2,275557
17,413715	2,685221
17,416493	3,074829
17,419270	3,195821
17,422048	3,200095
17,424826	3,201410
17,427604	3,201410
17,430381	3,198780
17,433159	3,185629
17,435937	2,934438
17,438714	2,367288
17,441492	1,771862
17,444270	1,311238
17,447048	1,063008
17,449825	0,986401
17,452603	1,019937
17,455381	1,111339
17,458159	1,220165
17,460936	1,323732
17,463714	1,404284
17,466492	1,444724
17,469270	1,449984
17,472047	1,444066
17,474825	1,446368
17,477603	1,461821
17,480381	1,477273
17,483158	1,476945
17,485936	1,463136
17,488714	1,454587
17,491492	1,461163
17,494269	1,482205
17,497047	1,502261
17,499825	1,502590
17,502603	1,486479
17,505380	1,476287
17,508158	1,485493
17,510936	1,506535
17,513714	1,530536
17,516491	1,538427
17,519269	1,533166
17,522047	1,532838
17,524825	1,543687
17,527603	1,565387
17,530380	1,585771
17,533158	1,591690
17,535936	1,583141
17,538714	1,585114
17,541491	1,600238
17,544269	1,625225
17,547047	1,648898
17,549824	1,651528
17,552602	1,643637
17,555380	1,636733
17,558158	1,644952
17,560935	1,666323
17,563713	1,684735
17,566491	1,684735
17,569269	1,672570
17,572046	1,665337
17,574824	1,673228
17,577602	1,695585
17,580380	1,718928
17,583157	1,730107
17,585935	1,738984
17,588713	1,758054
17,591491	1,788630
17,594268	1,826769
17,597046	1,857346
17,599824	1,870826
17,602602	1,873456
17,605379	1,880361
17,608157	1,900416
17,610935	1,927705
17,613713	1,950063
17,616490	1,950063
17,619268	1,931322
17,622046	1,908307
17,624824	1,895813
17,627601	1,892854
17,630379	1,887265
17,633157	1,862606
17,635935	1,821180
17,638713	1,777780
17,641490	1,747861
17,644268	1,727477
17,647046	1,700517
17,649824	1,648569
17,652601	1,580182
17,655379	1,518042
17,658157	1,478260
17,660934	1,458861
17,663712	1,441107
17,666490	1,415462
17,669268	1,381926
17,672045	1,367131
17,674823	1,371405
17,677601	1,395078
17,680379	1,415462
17,683156	1,418092
17,685934	1,401982
17,688712	1,391132
17,691490	1,393434
17,694267	1,408887
17,697045	1,427956
17,699823	1,426312
17,702601	1,412832
17,705378	1,400338
17,708156	1,405270
17,710934	1,419408
17,713712	1,439135
17,716489	1,434860
17,719267	1,420394
17,722045	1,406914
17,724823	1,415462
17,727600	1,432559
17,730378	1,449984
17,733156	1,448340
17,735934	1,429600
17,738711	1,420723
17,741489	1,424668
17,744267	1,446368
17,747045	1,462149
17,749823	1,461492
17,752600	1,445381
17,755378	1,437162
17,758156	1,441107
17,760934	1,460505
17,763711	1,474643
17,766489	1,474314
17,769267	1,460505
17,772044	1,445053
17,774822	1,450971
17,777600	1,467081
17,780378	1,485822
17,783155	1,481876
17,785933	1,470698
17,788711	1,455902
17,791489	1,462149
17,794266	1,473985
17,797044	1,490425
17,799822	1,489438
17,802600	1,478260
17,805377	1,469054
17,808155	1,477273
17,810933	1,494370
17,813711	1,507192
17,816488	1,507192
17,819266	1,488123
17,822044	1,478917
17,824822	1,481876
17,827599	1,498315
17,830377	1,512453
17,833155	1,512453
17,835933	1,495356
17,838710	1,486479
17,841488	1,493712
17,844266	1,510480
17,847044	1,529878
17,849821	1,526591
17,852599	1,511138
17,855377	1,496671
17,858155	1,501603
17,860933	1,516070
17,863710	1,536454
17,866488	1,533166
17,869266	1,519029
17,872044	1,506864
17,874821	1,512453
17,877599	1,528892
17,880377	1,543359
17,883154	1,537440
17,885932	1,520015
17,888710	1,510809
17,891488	1,512782
17,894265	1,532838
17,897043	1,550263
17,899821	1,551907
17,902599	1,536454
17,905376	1,527248
17,908154	1,527906
17,910932	1,545989
17,913710	1,559140
17,916487	1,557825
17,919265	1,543687
17,922043	1,529550
17,924821	1,534153
17,927598	1,550921
17,930376	1,568346
17,933154	1,561770
17,935932	1,548290
17,938709	1,533495
17,941487	1,541386
17,944265	1,556839
17,947043	1,573278
17,949820	1,570648
17,952598	1,553551
17,955376	1,538427
17,958154	1,542043
17,960931	1,559798
17,963709	1,577552
17,966487	1,578210
17,969265	1,562757
17,972043	1,551578
17,974820	1,552236
17,977598	1,568675
17,980376	1,582812
17,983154	1,584456
17,985931	1,569004
17,988709	1,560126
17,991487	1,564401
17,994264	1,580182
17,997042	1,595635
17,999820	1,592018
18,002598	1,576566
18,005375	1,561442
18,008153	1,567688
18,010931	1,582155
18,013709	1,598923
18,016486	1,595306
18,019264	1,579853
18,022042	1,565716
18,024820	1,571963
18,027597	1,586100
18,030375	1,601553
18,033153	1,601224
18,035931	1,584785
18,038708	1,576566
18,041486	1,575250
18,044264	1,592676
18,047042	1,606485
18,049819	1,605170
18,052597	1,590703
18,055375	1,581826
18,058153	1,585114
18,060930	1,600238
18,063708	1,615691
18,066486	1,613060
18,069264	1,595635
18,072041	1,582155
18,074819	1,585114
18,077597	1,601553
18,080375	1,618321
18,083153	1,616019
18,085930	1,603855
18,088708	1,591690
18,091486	1,594977
18,094264	1,611417
18,097041	1,625225
18,099819	1,622595
18,102597	1,607800
18,105374	1,595306
18,108152	1,599909
18,110930	1,616677
18,113708	1,627856
18,116485	1,625225
18,119263	1,609115
18,122041	1,596950
18,124819	1,599580
18,127596	1,617006
18,130374	1,630486
18,133152	1,630157
18,135930	1,614376
18,138707	1,601882
18,141485	1,608457
18,144263	1,623581
18,147041	1,640021
18,149818	1,636733
18,152596	1,620622
18,155374	1,604512
18,158152	1,610759
18,160929	1,627527
18,163707	1,645610
18,166485	1,643637
18,169263	1,625554
18,172040	1,609444
18,174818	1,612403
18,177596	1,629171
18,180374	1,642980
18,183151	1,640678
18,185929	1,620951
18,188707	1,610101
18,191485	1,613718
18,194263	1,630815
18,197040	1,645610
18,199818	1,645610
18,202596	1,628513
18,205374	1,617992
18,208151	1,622266
18,210929	1,637062
18,213707	1,652514
18,216484	1,648569
18,219262	1,632459
18,222040	1,620951
18,224818	1,623910
18,227595	1,635746
18,230373	1,650542
18,233151	1,647583
18,235929	1,632787
18,238706	1,619636
18,241484	1,620951
18,244262	1,637390
18,247040	1,652514
18,249817	1,649555
18,252595	1,633116
18,255373	1,621280
18,258151	1,621609
18,260928	1,638377
18,263706	1,653829
18,266484	1,653829
18,269262	1,639034
18,272039	1,626541
18,274817	1,629171
18,277595	1,643966
18,280373	1,655802
18,283150	1,648898
18,285928	1,631143
18,288706	1,617663
18,291484	1,620951
18,294261	1,638048
18,297039	1,653501
18,299817	1,654487
18,302595	1,640021
18,305372	1,623910
18,308150	1,625225
18,310928	1,640678
18,313706	1,655802
18,316484	1,653829
18,319261	1,638048
18,322039	1,624568
18,324817	1,629171
18,327594	1,646267
18,330372	1,660405
18,333150	1,660076
18,335928	1,641336
18,338705	1,627856
18,341483	1,629171
18,344261	1,642651
18,347039	1,656131
18,349816	1,652514
18,352594	1,638048
18,355372	1,626541
18,358150	1,634103
18,360927	1,649555
18,363705	1,665666
18,366483	1,662049
18,369261	1,644952
18,372038	1,628842
18,374816	1,629500
18,377594	1,641665
18,380372	1,656789
18,383149	1,653501
18,385927	1,638377
18,388705	1,626541
18,391483	1,628842
18,394260	1,645939
18,397038	1,661063
18,399816	1,659090
18,402594	1,641336
18,405371	1,630815
18,408149	1,631801
18,410927	1,646925
18,413705	1,659090
18,416482	1,657117
18,419260	1,641336
18,422038	1,627198
18,424816	1,630815
18,427594	1,647254
18,430371	1,663364
18,433149	1,661063
18,435927	1,646925
18,438705	1,631801
18,441482	1,636404
18,444260	1,649227
18,447038	1,661720
18,449815	1,658432
18,452593	1,644952
18,455371	1,633445
18,458149	1,635418
18,460926	1,652186
18,463704	1,665666
18,466482	1,662378
18,469260	1,641665
18,472037	1,628513
18,474815	1,632130
18,477593	1,651857
18,480371	1,666652
18,483148	1,665994
18,485926	1,651528
18,488704	1,638048
18,491482	1,641336
18,494259	1,654816
18,497037	1,669611
18,499815	1,667310
18,502593	1,650542
18,505370	1,636075
18,508148	1,639363
18,510926	1,652843
18,513704	1,670269
18,516481	1,669282
18,519259	1,653172
18,522037	1,639034
18,524815	1,642322
18,527592	1,655145
18,530370	1,670269
18,533148	1,666981
18,535926	1,647254
18,538704	1,636075
18,541481	1,639034
18,544259	1,659419
18,547037	1,676187
18,549815	1,674214
18,552592	1,652186
18,555370	1,637062
18,558148	1,636733
18,560925	1,650870
18,563703	1,665008
18,566481	1,663364
18,569259	1,648898
18,572036	1,637062
18,574814	1,641336
18,577592	1,653829
18,580370	1,668625
18,583147	1,660734
18,585925	1,644295
18,588703	1,629500
18,591481	1,634431
18,594258	1,651199
18,597036	1,669611
18,599814	1,667638
18,602592	1,652186
18,605369	1,637062
18,608147	1,636075
18,610925	1,651528
18,613703	1,666652
18,616480	1,665994
18,619258	1,648898
18,622036	1,638377
18,624814	1,641336
18,627591	1,657775
18,630369	1,672241
18,633147	1,669611
18,635925	1,650870
18,638702	1,635746
18,641480	1,638705
18,644258	1,654487
18,647036	1,669611
18,649814	1,665994
18,652591	1,648898
18,655369	1,633116
18,658147	1,635746
18,660925	1,648898
18,663702	1,666652
18,666480	1,665337
18,669258	1,648898
18,672035	1,638048
18,674813	1,640678
18,677591	1,653829
18,680369	1,667310
18,683146	1,665666
18,685924	1,647254
18,688702	1,636075
18,691480	1,638705
18,694257	1,655802
18,697035	1,668625
18,699813	1,666981
18,702591	1,648898
18,705368	1,638705
18,708146	1,641007
18,710924	1,656789
18,713702	1,671255
18,716479	1,666981
18,719257	1,650870
18,722035	1,636075
18,724813	1,641007
18,727590	1,654816
18,730368	1,669940
18,733146	1,668296
18,735924	1,652843
18,738701	1,639692
18,741479	1,639034
18,744257	1,651199
18,747035	1,664351
18,749812	1,660405
18,752590	1,645281
18,755368	1,633116
18,758146	1,635746
18,760924	1,654158
18,763701	1,670597
18,766479	1,668953
18,769257	1,649227
18,772035	1,635089
18,774812	1,635089
18,777590	1,652843
18,780368	1,666652
18,783145	1,663364
18,785923	1,645939
18,788701	1,631472
18,791479	1,635746
18,794256	1,650870
18,797034	1,665994
18,799812	1,660076
18,802590	1,641993
18,805367	1,628184
18,808145	1,633445
18,810923	1,649227
18,813701	1,664679
18,816478	1,662707
18,819256	1,647583
18,822034	1,633445
18,824812	1,635746
18,827589	1,651857
18,830367	1,666652
18,833145	1,664022
18,835923	1,645939
18,838700	1,632130
18,841478	1,635418
18,844256	1,651199
18,847034	1,667310
18,849811	1,664679
18,852589	1,645939
18,855367	1,629500
18,858145	1,633774
18,860922	1,649555
18,863700	1,664351
18,866478	1,660734
18,869256	1,644624
18,872034	1,631472
18,874811	1,636404
18,877589	1,651199
18,880367	1,667310
18,883145	1,660734
18,885922	1,642322
18,888700	1,629171
18,891478	1,633445
18,894255	1,649555
18,897033	1,665666
18,899811	1,660734
18,902589	1,643308
18,905366	1,629828
18,908144	1,632787
18,910922	1,649555
18,913700	1,664022
18,916477	1,661063
18,919255	1,642980
18,922033	1,630486
18,924811	1,632459
18,927588	1,649884
18,930366	1,664351
18,933144	1,661720
18,935922	1,646925
18,938699	1,633116
18,941477	1,635746
18,944255	1,651528
18,947033	1,666323
18,949810	1,663693
18,952588	1,646267
18,955366	1,632459
18,958144	1,635089
18,960921	1,647583
18,963699	1,661391
18,966477	1,660734
18,969255	1,646596
18,972032	1,636404
18,974810	1,637062
18,977588	1,652514
18,980366	1,667967
18,983144	1,663035
18,985921	1,643966
18,988699	1,629828
18,991477	1,634431
18,994255	1,649884
18,997032	1,665666
18,999810	1,663364
19,002588	1,646267
19,005365	1,633445
19,008143	1,638048
19,010921	1,652514
19,013699	1,666652
19,016476	1,663035
19,019254	1,645610
19,022032	1,632459
19,024810	1,636733
19,027587	1,653172
19,030365	1,667638
19,033143	1,665008
19,035921	1,644952
19,038698	1,631801
19,041476	1,633445
19,044254	1,646925
19,047032	1,661720
19,049809	1,658104
19,052587	1,640021
19,055365	1,627527
19,058143	1,630157
19,060920	1,647583
19,063698	1,662378
19,066476	1,659419
19,069254	1,639034
19,072031	1,625554
19,074809	1,629828
19,077587	1,644295
19,080365	1,658104
19,083142	1,654487
19,085920	1,639363
19,088698	1,625883
19,091476	1,629828
19,094254	1,646925
19,097031	1,665008
19,099809	1,658104
19,102587	1,639034
19,105365	1,624568
19,108142	1,626212
19,110920	1,644624
19,113698	1,659090
19,116475	1,659419
19,119253	1,645281
19,122031	1,630815
19,124809	1,632130
19,127586	1,645939
19,130364	1,660734
19,133142	1,657117
19,135920	1,639692
19,138697	1,627527
19,141475	1,629828
19,144253	1,645281
19,147031	1,660076
19,149808	1,655473
19,152586	1,637719
19,155364	1,620622
19,158142	1,623910
19,160919	1,639363
19,163697	1,654816
19,166475	1,654158
19,169253	1,639034
19,172030	1,624568
19,174808	1,629171
19,177586	1,644624
19,180364	1,658104
19,183141	1,659090
19,185919	1,641665
19,188697	1,629171
19,191475	1,629500
19,194252	1,643966
19,197030	1,658104
19,199808	1,656789
19,202586	1,638048
19,205363	1,625554
19,208141	1,627856
19,210919	1,641993
19,213697	1,657775
19,216475	1,653501
19,219252	1,638377
19,222030	1,624568
19,224808	1,626869
19,227585	1,639034
19,230363	1,656131
19,233141	1,653501
19,235919	1,641336
19,238696	1,628513
19,241474	1,633445
19,244252	1,648569
19,247030	1,662049
19,249807	1,672570
19,252585	1,689009
19,255363	1,725175
19,258141	1,778767
19,260918	1,840578
19,263696	1,888251
19,266474	1,909951
19,269252	1,909951
19,272029	1,910280
19,274807	1,923760
19,277585	1,946775
19,280363	1,960912
19,283140	1,953022
19,285918	1,926061
19,288696	1,894827
19,291474	1,872799
19,294251	1,856360
19,297029	1,835975
19,299807	1,798165
19,302585	1,746546
19,305362	1,695585
19,308140	1,660734
19,310918	1,643966
19,313696	1,635746
19,316473	1,614704
19,319251	1,584128
19,322029	1,565387
19,324807	1,564072
19,327585	1,579853
19,330362	1,588402
19,333140	1,583799
19,335918	1,560784
19,338696	1,550921
19,341473	1,553222
19,344251	1,572291
19,347029	1,589388
19,349806	1,589059
19,352584	1,572291
19,355362	1,560126
19,358140	1,566045
19,360917	1,580840
19,363695	1,597279
19,366473	1,593662
19,369251	1,574922
19,372028	1,560126
19,374806	1,564401
19,377584	1,571963
19,380362	1,570319
19,383139	1,537440
19,385917	1,498973
19,388695	1,478588
19,391473	1,531522
19,394250	1,673556
19,397028	1,903375
19,399806	2,225582
19,402584	2,590531
19,405361	2,974879
19,408139	3,195163
19,410917	3,198780
19,413695	3,200424
19,416472	3,200424
19,419250	3,198780
19,422028	3,189574
19,424806	2,999866
19,427583	2,488280
19,430361	1,897457
19,433139	1,386529
19,435917	1,072871
19,438695	0,954181
19,441472	0,993634
19,444250	1,108379
19,447028	1,234632
19,449806	1,323403
19,452583	1,380940
19,455361	1,409873
19,458139	1,438477
19,460916	1,461492
19,463694	1,480232
19,466472	1,475629
19,469250	1,461163
19,472027	1,448340
19,474805	1,457875
19,477583	1,480561
19,480361	1,496671
19,483138	1,501932
19,485916	1,486808
19,488694	1,475301
19,491472	1,476616
19,494249	1,495028
19,497027	1,512782
19,499805	1,520673
19,502583	1,510809
19,505360	1,508179
19,508138	1,525276
19,510916	1,551249
19,513694	1,576237
19,516471	1,578867
19,519249	1,572291
19,522027	1,566045
19,524805	1,581169
19,527582	1,603855
19,530360	1,630157
19,533138	1,633445
19,535916	1,626541
19,538693	1,620951
19,541471	1,632459
19,544249	1,653172
19,547027	1,673228
19,549805	1,678817
19,552582	1,664679
19,555360	1,659419
19,558138	1,664351
19,560916	1,685064
19,563693	1,704462
19,566471	1,706435
19,569249	1,695585
19,572026	1,695585
19,574804	1,719915
19,577582	1,764958
19,580360	1,812631
19,583137	1,833674
19,585915	1,836961
19,588693	1,839592
19,591471	1,859976
19,594248	1,895156
19,597026	1,929349
19,599804	1,938555
19,602582	1,930336
19,605359	1,919815
19,608137	1,921130
19,610915	1,928034
19,613693	1,930664
19,616470	1,908965
19,619248	1,870168
19,622026	1,835646
19,624804	1,812303
19,627581	1,796521
19,630359	1,778767
19,633137	1,742930
19,635915	1,687037
19,638692	1,626869
19,641470	1,578210
19,644248	1,542043
19,647026	1,509165
19,649803	1,468067
19,652581	1,419079
19,655359	1,381269
19,658137	1,367789
19,660915	1,379954
19,663692	1,399023
19,666470	1,401325
19,669248	1,391461
19,672026	1,382584
19,674803	1,389488
19,677581	1,406585
19,680359	1,424668
19,683136	1,421380
19,685914	1,405928
19,688692	1,396722
19,691470	1,403955
19,694247	1,420065
19,697025	1,436175
19,699803	1,434860
19,702581	1,417106
19,705358	1,406256
19,708136	1,413489
19,710914	1,429600
19,713692	1,446039
19,716469	1,445053
19,719247	1,428942
19,722025	1,419408
19,724803	1,427298
19,727580	1,441436
19,730358	1,459190
19,733136	1,456889
19,735914	1,440778
19,738691	1,430915
19,741469	1,437491
19,744247	1,456231
19,747025	1,474972
19,749802	1,475629
19,752580	1,460177
19,755358	1,448669
19,758136	1,450971
19,760913	1,468067
19,763691	1,486150
19,766469	1,486479
19,769247	1,470040
19,772025	1,458861
19,774802	1,463464
19,777580	1,482205
19,780358	1,499630
19,783136	1,499302
19,785913	1,485822
19,788691	1,471355
19,791469	1,473985
19,794246	1,488781
19,797024	1,505220
19,799802	1,502261
19,802580	1,489767
19,805357	1,477602
19,808135	1,483191
19,810913	1,502261
19,813691	1,518371
19,816468	1,516398
19,819246	1,500288
19,822024	1,488452
19,824802	1,492726
19,827579	1,508836
19,830357	1,522974
19,833135	1,523632
19,835913	1,508508
19,838690	1,497329
19,841468	1,500617
19,844246	1,517714
19,847024	1,533166
19,849801	1,532838
19,852579	1,518042
19,855357	1,506206
19,858135	1,513111
19,860912	1,526919
19,863690	1,543030
19,866468	1,539742
19,869246	1,524289
19,872023	1,510152
19,874801	1,517056
19,877579	1,530865
19,880357	1,547304
19,883134	1,545331
19,885912	1,529550
19,888690	1,519686
19,891468	1,524289
19,894246	1,541386
19,897023	1,553551
19,899801	1,551249
19,902579	1,532509
19,905356	1,524289
19,908134	1,526591
19,910912	1,546318
19,913690	1,560784
19,916467	1,559469
19,919245	1,541715
19,922023	1,532180
19,924801	1,535797
19,927578	1,551249
19,930356	1,569332
19,933134	1,567031
19,935912	1,553551
19,938689	1,541057
19,941467	1,545660
19,944245	1,560126
19,947023	1,579196
19,949800	1,572291
19,952578	1,557167
19,955356	1,543030
19,958134	1,548290
19,960911	1,566373
19,963689	1,582484
19,966467	1,581497
19,969245	1,566045
19,972022	1,554866
19,974800	1,556839
19,977578	1,575579
19,980356	1,590703
19,983133	1,590374
19,985911	1,572949
19,988689	1,560126
19,991467	1,564401
19,994244	1,581497
19,997022	1,595964
19,999800	1,593662
20,002578	1,577552
20,005356	1,566373
20,008133	1,572620
20,010911	1,588402
20,013689	1,604512
20,016466	1,601224
20,019244	1,587415
20,022022	1,573278
20,024800	1,579525
20,027577	1,593005
20,030355	1,609115
20,033133	1,605498
20,035911	1,589059
20,038688	1,575908
20,041466	1,580511
20,044244	1,597279
20,047022	1,611088
20,049799	1,611417
20,052577	1,594649
20,055355	1,584456
20,058133	1,588402
20,060910	1,604841
20,063688	1,617335
20,066466	1,612732
20,069244	1,594977
20,072021	1,584456
20,074799	1,587415
20,077577	1,604512
20,080355	1,624897
20,083132	1,622595
20,085910	1,605170
20,088688	1,588073
20,091466	1,591690
20,094243	1,603197
20,097021	1,620622
20,099799	1,617992
20,102577	1,605170
20,105354	1,591690
20,108132	1,595964
20,110910	1,611088
20,113688	1,626869
20,116466	1,625883
20,119243	1,612074
20,122021	1,600895
20,124799	1,601224
20,127576	1,617992
20,130354	1,630157
20,133132	1,630486
20,135910	1,614047
20,138687	1,603526
20,141465	1,604512
20,144243	1,620622
20,147021	1,636404
20,149798	1,636404
20,152576	1,620951
20,155354	1,603526
20,158132	1,605827
20,160909	1,619965
20,163687	1,634431
20,166465	1,630815
20,169243	1,616019
20,172020	1,600238
20,174798	1,608129
20,177576	1,623581
20,180354	1,637719
20,183131	1,634431
20,185909	1,619965
20,188687	1,609773
20,191465	1,613389
20,194242	1,627198
20,197020	1,638377
20,199798	1,637719
20,202576	1,619307
20,205353	1,610759
20,208131	1,613060
20,210909	1,630486
20,213687	1,644952
20,216464	1,642980
20,219242	1,624239
20,222020	1,613060
20,224798	1,616677
20,227576	1,631801
20,230353	1,644952
20,233131	1,641993
20,235909	1,624897
20,238687	1,614047
20,241464	1,619636
20,244242	1,633116
20,247020	1,650870
20,249797	1,648240
20,252575	1,634103
20,255353	1,621609
20,258131	1,623910
20,260908	1,637062
20,263686	1,651857
20,266464	1,648569
20,269242	1,634103
20,272019	1,622924
20,274797	1,627198
20,277575	1,642322
20,280353	1,656789
20,283130	1,652514
20,285908	1,634431
20,288686	1,623910
20,291464	1,625554
20,294241	1,643308
20,297019	1,657775
20,299797	1,656460
20,302575	1,643637
20,305352	1,631801
20,308130	1,635746
20,310908	1,650213
20,313686	1,664351
20,316463	1,661063
20,319241	1,646596
20,322019	1,630815
20,324797	1,635746
20,327574	1,649884
20,330352	1,664022
20,333130	1,662707
20,335908	1,646596
20,338686	1,634431
20,341463	1,635746
20,344241	1,649884
20,347019	1,663035
20,349797	1,661391
20,352574	1,644295
20,355352	1,632130
20,358130	1,637062
20,360907	1,653829
20,363685	1,669282
20,366463	1,666323
20,369241	1,648569
20,372018	1,634103
20,374796	1,638048
20,377574	1,654158
20,380352	1,667638
20,383129	1,664351
20,385907	1,646267
20,388685	1,634103
20,391463	1,638377
20,394240	1,650213
20,397018	1,661063
20,399796	1,656131
20,402574	1,637390
20,405351	1,625225
20,408129	1,630157
20,410907	1,648240
20,413685	1,665008
20,416462	1,664351
20,419240	1,647911
20,422018	1,636404
20,424796	1,636075
20,427573	1,649884
20,430351	1,666323
20,433129	1,661720
20,435907	1,643966
20,438684	1,631143
20,441462	1,634103
20,444240	1,649555
20,447018	1,665008
20,449796	1,661720
20,452573	1,646267
20,455351	1,633774
20,458129	1,635089
20,460907	1,649227
20,463684	1,663035
20,466462	1,659748
20,469240	1,643966
20,472017	1,631472
20,474795	1,636075
20,477573	1,653501
20,480351	1,669611
20,483128	1,667967
20,485906	1,652843
20,488684	1,640678
20,491462	1,641336
20,494239	1,655802
20,497017	1,669282
20,499795	1,667310
20,502573	1,649227
20,505350	1,636404
20,508128	1,640349
20,510906	1,657446
20,513684	1,673228
20,516461	1,672241
20,519239	1,657117
20,522017	1,640349
20,524795	1,642980
20,527572	1,655802
20,530350	1,668296
20,533128	1,666323
20,535906	1,650870
20,538683	1,640021
20,541461	1,642322
20,544239	1,655802
20,547017	1,669282
20,549794	1,668625
20,552572	1,649555
20,555350	1,636733
20,558128	1,640021
20,560906	1,655145
20,563683	1,668625
20,566461	1,667310
20,569239	1,652514
20,572017	1,641665
20,574794	1,646925
20,577572	1,659748
20,580350	1,673556
20,583127	1,669940
20,585905	1,654158
20,588683	1,642980
20,591461	1,647583
20,594238	1,661720
20,597016	1,676515
20,599794	1,673228
20,602572	1,655473
20,605349	1,641336
20,608127	1,645281
20,610905	1,661720
20,613683	1,677173
20,616460	1,671255
20,619238	1,653501
20,622016	1,641665
20,624794	1,643637
20,627571	1,659090
20,630349	1,672241
20,633127	1,668953
20,635905	1,652514
20,638682	1,643308
20,641460	1,643308
20,644238	1,657775
20,647016	1,671584
20,649793	1,669940
20,652571	1,651528
20,655349	1,635746
20,658127	1,637390
20,660904	1,652843
20,663682	1,667310
20,666460	1,665337
20,669238	1,650213
20,672015	1,636075
20,674793	1,639692
20,677571	1,655473
20,680349	1,668953
20,683127	1,666981
20,685904	1,650870
20,688682	1,637719
20,691460	1,641665
20,694237	1,655802
20,697015	1,669940
20,699793	1,665337
20,702571	1,649555
20,705348	1,637062
20,708126	1,637062
20,710904	1,652514
20,713682	1,665666
20,716459	1,665008
20,719237	1,650870
20,722015	1,638705
20,724793	1,641007
20,727570	1,651857
20,730348	1,664679
20,733126	1,661391
20,735904	1,645610
20,738681	1,632130
20,741459	1,636733
20,744237	1,649884
20,747015	1,666323
20,749792	1,666323
20,752570	1,651857
20,755348	1,640021
20,758126	1,643966
20,760903	1,657446
20,763681	1,670926
20,766459	1,666652
20,769237	1,649227
20,772014	1,638705
20,774792	1,639363
20,777570	1,654158
20,780348	1,666981
20,783125	1,664022
20,785903	1,646925
20,788681	1,636733
20,791459	1,641336
20,794237	1,658104
20,797014	1,673556
20,799792	1,669611
20,802570	1,651199
20,805347	1,635746
20,808125	1,640349
20,810903	1,656131
20,813681	1,670597
20,816458	1,666652
20,819236	1,652514
20,822014	1,638048
20,824792	1,640349
20,827569	1,653172
20,830347	1,665337
20,833125	1,662378
20,835903	1,648240
20,838680	1,636075
20,841458	1,638377
20,844236	1,655802
20,847014	1,667967
20,849791	1,666323
20,852569	1,647583
20,855347	1,635089
20,858125	1,634431
20,860902	1,649227
20,863680	1,663035
20,866458	1,662378
20,869236	1,645939
20,872013	1,635089
20,874791	1,638705
20,877569	1,652186
20,880347	1,664351
20,883124	1,660076
20,885902	1,645610
20,888680	1,632130
20,891458	1,638048
20,894235	1,650870
20,897013	1,665666
20,899791	1,663693
20,902569	1,648569
20,905347	1,637062
20,908124	1,641665
20,910902	1,652843
20,913680	1,665337
20,916457	1,663693
20,919235	1,645939
20,922013	1,636075
20,924791	1,638377
20,927568	1,651528
20,930346	1,665666
20,933124	1,664679
20,935902	1,647911
20,938679	1,637390
20,941457	1,640678
20,944235	1,655473
20,947013	1,671255
20,949790	1,667310
20,952568	1,649555
20,955346	1,635746
20,958124	1,636733
20,960901	1,647911
20,963679	1,662049
20,966457	1,656460
20,969235	1,641336
20,972012	1,629171
20,974790	1,635418
20,977568	1,650870
20,980346	1,662378
20,983123	1,655473
20,985901	1,637062
20,988679	1,623253
20,991457	1,626541
20,994234	1,643637
20,997012	1,658432
20,999790	1,659419
21,002568	1,644295
21,005345	1,633774
21,008123	1,635746
21,010901	1,647583
21,013679	1,658432
21,016457	1,654816
21,019234	1,640021
21,022012	1,628184
21,024790	1,630815
21,027567	1,643637
21,030345	1,657775
21,033123	1,656789
21,035901	1,641993
21,038678	1,627527
21,041456	1,633116
21,044234	1,645610
21,047012	1,658104
21,049789	1,654487
21,052567	1,638705
21,055345	1,625883
21,058123	1,631472
21,060900	1,644952
21,063678	1,659419
21,066456	1,658432
21,069234	1,640678
21,072011	1,630486
21,074789	1,634760
21,077567	1,648898
21,080345	1,660405
21,083122	1,656131
21,085900	1,638377
21,088678	1,628513
21,091456	1,631801
21,094233	1,646925
21,097011	1,660076
21,099789	1,655145
21,102567	1,637062
21,105344	1,620951
21,108122	1,628184
21,110900	1,644295
21,113678	1,659090
21,116455	1,656131
21,119233	1,640021
21,122011	1,627856
21,124789	1,631472
21,127567	1,645610
21,130344	1,660405
21,133122	1,657117
21,135900	1,639692
21,138677	1,626541
21,141455	1,627198
21,144233	1,643966
21,147011	1,656460
21,149788	1,655145
21,152566	1,641665
21,155344	1,630486
21,158122	1,634103
21,160899	1,648898
21,163677	1,662378
21,166455	1,658104
21,169233	1,641665
21,172010	1,628842
21,174788	1,632459
21,177566	1,645281
21,180344	1,658761
21,183121	1,656460
21,185899	1,641665
21,188677	1,629171
21,191455	1,632130
21,194232	1,645610
21,197010	1,658104
21,199788	1,655473
21,202566	1,638048
21,205343	1,627527
21,208121	1,630486
21,210899	1,644624
21,213677	1,657775
21,216454	1,656460
21,219232	1,640678
21,222010	1,627856
21,224788	1,629828
21,227565	1,642980
21,230343	1,655145
21,233121	1,654816
21,235899	1,639692
21,238677	1,640678
21,241454	1,677173
21,244232	1,737998
21,247010	1,803426
21,249788	1,847811
21,252565	1,866552
21,255343	1,877402
21,258121	1,897129
21,260898	1,924089
21,263676	1,948747
21,266454	1,954666
21,269232	1,940199
21,272009	1,923102
21,274787	1,914883
21,277565	1,914883
21,280343	1,904691
21,283120	1,873456
21,285898	1,822495
21,288676	1,775150
21,291454	1,740628
21,294231	1,718600
21,297009	1,698873
21,299787	1,661391
21,302565	1,620294
21,305342	1,588073
21,308120	1,577552
21,310898	1,581169
21,313676	1,591690
21,316453	1,584456
21,319231	1,563414
21,322009	1,551249
21,324787	1,553551
21,327564	1,569661
21,330342	1,583799
21,333120	1,581497
21,335898	1,567688
21,338675	1,555524
21,341453	1,558483
21,344231	1,574922
21,347009	1,588402
21,349787	1,584456
21,352564	1,566373
21,355342	1,554537
21,358120	1,560126
21,360898	1,578867
21,363675	1,593333
21,366453	1,586758
21,369231	1,553880
21,372008	1,512124
21,374786	1,490096
21,377564	1,492397
21,380342	1,547304
21,383119	1,654158
21,385897	1,839263
21,388675	2,134510
21,391453	2,503733
21,394230	2,924246
21,397008	3,194177
21,399786	3,199766
21,402564	3,200753
21,405341	3,200424
21,408119	3,199437
21,410897	3,192204
21,413675	3,073842
21,416452	2,598751
21,419230	1,975708
21,422008	1,432888
21,424786	1,100489
21,427563	0,982785
21,430341	1,013690
21,433119	1,104763
21,435897	1,194520
21,438674	1,280004
21,441452	1,355953
21,444230	1,420723
21,447008	1,464122
21,449785	1,470698
21,452563	1,454259
21,455341	1,440450
21,458119	1,446368
21,460896	1,462149
21,463674	1,483849
21,466452	1,483191
21,469230	1,473985
21,472008	1,467081
21,474785	1,475629
21,477563	1,493384
21,480341	1,509494
21,483118	1,507521
21,485896	1,495685
21,488674	1,491740
21,491452	1,499302
21,494229	1,525276
21,497007	1,548290
21,499785	1,558483
21,502563	1,549605
21,505340	1,545660
21,508118	1,554866
21,510896	1,581169
21,513674	1,606156
21,516451	1,612403
21,519229	1,606156
21,522007	1,600238
21,524785	1,612074
21,527562	1,636075
21,530340	1,657117
21,533118	1,659090
21,535896	1,652514
21,538673	1,644952
21,541451	1,656789
21,544229	1,676187
21,547007	1,693283
21,549784	1,694927
21,552562	1,681447
21,555340	1,672570
21,558118	1,684406
21,560895	1,712024
21,563673	1,747861
21,566451	1,775150
21,569229	1,788630
21,572007	1,801782
21,574784	1,824139
21,577562	1,854058
21,580340	1,883320
21,583118	1,900745
21,585895	1,902718
21,588673	1,907321
21,591451	1,920143
21,594228	1,939542
21,597006	1,952364
21,599784	1,941514
21,602562	1,910280
21,605339	1,878388
21,608117	1,862278
21,610895	1,858003
21,613673	1,848798
21,616450	1,814933
21,619228	1,763972
21,622006	1,714983
21,624784	1,681118
21,627561	1,651857
21,630339	1,617663
21,633117	1,563743
21,635895	1,497987
21,638672	1,448998
21,641450	1,413489
21,644228	1,402640
21,647006	1,396064
21,649783	1,387516
21,652561	1,373378
21,655339	1,367460
21,658117	1,375680
21,660894	1,399352
21,663672	1,414805
21,666450	1,413489
21,669228	1,399681
21,672005	1,388502
21,674783	1,393763
21,677561	1,407900
21,680339	1,424339
21,683116	1,420394
21,685894	1,408887
21,688672	1,397379
21,691450	1,403626
21,694228	1,420065
21,697005	1,436504
21,699783	1,437162
21,702561	1,422367
21,705338	1,409873
21,708116	1,416120
21,710894	1,435847
21,713672	1,451299
21,716449	1,451628
21,719227	1,436175
21,722005	1,428285
21,724783	1,432888
21,727560	1,452286
21,730338	1,464122
21,733116	1,465108
21,735894	1,448669
21,738671	1,437819
21,741449	1,442094
21,744227	1,456231
21,747005	1,473985
21,749782	1,474314
21,752560	1,460177
21,755338	1,448012
21,758116	1,455574
21,760893	1,469711
21,763671	1,485822
21,766449	1,481876
21,769227	1,467739
21,772004	1,458204
21,774782	1,463464
21,777560	1,480232
21,780338	1,497987
21,783115	1,498315
21,785893	1,485164
21,788671	1,477273
21,791449	1,478260
21,794226	1,493712
21,797004	1,506535
21,799782	1,503905
21,802560	1,487466
21,805338	1,478260
21,808115	1,481219
21,810893	1,499630
21,813671	1,515741
21,816448	1,513111
21,819226	1,497000
21,822004	1,487794
21,824782	1,494041
21,827559	1,508836
21,830337	1,522974
21,833115	1,516727
21,835893	1,502918
21,838670	1,491411
21,841448	1,498315
21,844226	1,516727
21,847004	1,533824
21,849781	1,531522
21,852559	1,519357
21,855337	1,508179
21,858115	1,511795
21,860892	1,529550
21,863670	1,541715
21,866448	1,540400
21,869226	1,526262
21,872003	1,517385
21,874781	1,521659
21,877559	1,539413
21,880337	1,551578
21,883114	1,552893
21,885892	1,536454
21,888670	1,524947
21,891448	1,529878
21,894225	1,546646
21,897003	1,561770
21,899781	1,561770
21,902559	1,546646
21,905336	1,533824
21,908114	1,539084
21,910892	1,555195
21,913670	1,570319
21,916448	1,564401
21,919225	1,545660
21,922003	1,531522
21,924781	1,536783
21,927558	1,554208
21,930336	1,573278
21,933114	1,572620
21,935892	1,557496
21,938669	1,548290
21,941447	1,554208
21,944225	1,568346
21,947003	1,581497
21,949780	1,578210
21,952558	1,561770
21,955336	1,552893
21,958114	1,560784
21,960891	1,577881
21,963669	1,593005
21,966447	1,589388
21,969225	1,576237
21,972002	1,564072
21,974780	1,568675
21,977558	1,582155
21,980336	1,595306
21,983113	1,591690
21,985891	1,574264
21,988669	1,563086
21,991447	1,568017
21,994224	1,587087
21,997002	1,603855
21,999780	1,601553
22,002558	1,584456
22,005335	1,572620
22,008113	1,573278
22,010891	1,591361
22,013669	1,604512
22,016446	1,601224
22,019224	1,585114
22,022002	1,572291
22,024780	1,577552
22,027558	1,594977
22,030335	1,610430
22,033113	1,606156
22,035891	1,590703
22,038668	1,577881
22,041446	1,580511
22,044224	1,596950
22,047002	1,610759
22,049779	1,609444
22,052557	1,595306
22,055335	1,585443
22,058113	1,589717
22,060890	1,606485
22,063668	1,619307
22,066446	1,616019
22,069224	1,599252
22,072001	1,587415
22,074779	1,590046
22,077557	1,605170
22,080335	1,618321
22,083112	1,617006
22,085890	1,604841
22,088668	1,597608
22,091446	1,603526
22,094223	1,616348
22,097001	1,629828
22,099779	1,626212
22,102557	1,610759
22,105334	1,597279
22,108112	1,600895
22,110890	1,615033
22,113668	1,630815
22,116445	1,627198
22,119223	1,613060
22,122001	1,602539
22,124779	1,606156
22,127556	1,620294
22,130334	1,632459
22,133112	1,626869
22,135890	1,609444
22,138667	1,598594
22,141445	1,602868
22,144223	1,621938
22,147001	1,638705
22,149779	1,637390
22,152556	1,619965
22,155334	1,606814
22,158112	1,608786
22,160889	1,623253
22,163667	1,638048
22,166445	1,633116
22,169223	1,618321
22,172000	1,607471
22,174778	1,615033
22,177556	1,631801
22,180334	1,646596
22,183111	1,640678
22,185889	1,625883
22,188667	1,612732
22,191445	1,617663
22,194222	1,633774
22,197000	1,650213
22,199778	1,646267
22,202556	1,630486
22,205333	1,618979
22,208111	1,623581
22,210889	1,641336
22,213667	1,654158
22,216444	1,651857
22,219222	1,633116
22,222000	1,620951
22,224778	1,621280
22,227555	1,634431
22,230333	1,647254
22,233111	1,643308
22,235889	1,626869
22,238666	1,617335
22,241444	1,624239
22,244222	1,637390
22,247000	1,652186
22,249778	1,648898
22,252555	1,634103
22,255333	1,620951
22,258111	1,627527
22,260889	1,641336
22,263666	1,655802
22,266444	1,651199
22,269222	1,636733
22,271999	1,626212
22,274777	1,631143
22,277555	1,645281
22,280333	1,658432
22,283110	1,654158
22,285888	1,634760
22,288666	1,623253
22,291444	1,625883
22,294221	1,644295
22,296999	1,657117
22,299777	1,655473
22,302555	1,639034
22,305332	1,631143
22,308110	1,634103
22,310888	1,648569
22,313666	1,662049
22,316443	1,658432
22,319221	1,643308
22,321999	1,631472
22,324777	1,636404
22,327554	1,649555
22,330332	1,663364
22,333110	1,654158
22,335888	1,638377
22,338665	1,624568
22,341443	1,630157
22,344221	1,644295
22,346999	1,659419
22,349776	1,656460
22,352554	1,642651
22,355332	1,633774
22,358110	1,636404
22,360887	1,651199
22,363665	1,659748
22,366443	1,654816
22,369221	1,639363
22,371999	1,629500
22,374776	1,631472
22,377554	1,647583
22,380332	1,660734
22,383109	1,658761
22,385887	1,643966
22,388665	1,632130
22,391443	1,637390
22,394220	1,653172
22,396998	1,668296
22,399776	1,663035
22,402554	1,646267
22,405331	1,633116
22,408109	1,639363
22,410887	1,651857
22,413665	1,664022
22,416442	1,659419
22,419220	1,643966
22,421998	1,634431
22,424776	1,639034
22,427553	1,652186
22,430331	1,663035
22,433109	1,658761
22,435887	1,642322
22,438664	1,631801
22,441442	1,638048
22,444220	1,654816
22,446998	1,670926
22,449775	1,669611
22,452553	1,652514
22,455331	1,641665
22,458109	1,643308
22,460886	1,656131
22,463664	1,669282
22,466442	1,662707
22,469220	1,646596
22,471997	1,634431
22,474775	1,643308
22,477553	1,659419
22,480331	1,673228
22,483109	1,667310
22,485886	1,651857
22,488664	1,637719
22,491442	1,641336
22,494219	1,654487
22,496997	1,668296
22,499775	1,664679
22,502553	1,649227
22,505330	1,639034
22,508108	1,641336
22,510886	1,659090
22,513664	1,672899
22,516441	1,667638
22,519219	1,649884
22,521997	1,636075
22,524775	1,639692
22,527552	1,656789
22,530330	1,669611
22,533108	1,665337
22,535886	1,648240
22,538663	1,636733
22,541441	1,641336
22,544219	1,657446
22,546997	1,671913
22,549774	1,665008
22,552552	1,648898
22,555330	1,634103
22,558108	1,639034
22,560885	1,655802
22,563663	1,671255
22,566441	1,666981
22,569219	1,649884
22,571996	1,638048
22,574774	1,642322
22,577552	1,659090
22,580330	1,673556
22,583107	1,668625
22,585885	1,649555
22,588663	1,636075
22,591441	1,640021
22,594219	1,655802
22,596996	1,668953
22,599774	1,663364
22,602552	1,644295
22,605329	1,632459
22,608107	1,640021
22,610885	1,655802
22,613663	1,668953
22,616440	1,664022
22,619218	1,648240
22,621996	1,636733
22,624774	1,642980
22,627551	1,658104
22,630329	1,673885
22,633107	1,668625
22,635885	1,650213
22,638662	1,636733
22,641440	1,640021
22,644218	1,652186
22,646996	1,666652
22,649773	1,662049
22,652551	1,646267
22,655329	1,636404
22,658107	1,640349
22,660884	1,654816
22,663662	1,668953
22,666440	1,663693
22,669218	1,645610
22,671995	1,634760
22,674773	1,637390
22,677551	1,653172
22,680329	1,665994
22,683106	1,662707
22,685884	1,645939
22,688662	1,633774
22,691440	1,636733
22,694217	1,649884
22,696995	1,665337
22,699773	1,663364
22,702551	1,651528
22,705329	1,641007
22,708106	1,641993
22,710884	1,656131
22,713662	1,666652
22,716439	1,663035
22,719217	1,647254
22,721995	1,636733
22,724773	1,641336
22,727550	1,655473
22,730328	1,665994
22,733106	1,661391
22,735884	1,643637
22,738661	1,632787
22,741439	1,635746
22,744217	1,649227
22,746995	1,662049
22,749772	1,658761
22,752550	1,643966
22,755328	1,634760
22,758106	1,641007
22,760883	1,655802
22,763661	1,669282
22,766439	1,665008
22,769217	1,647911
22,771994	1,633774
22,774772	1,636404
22,777550	1,650870
22,780328	1,664679
22,783105	1,663693
22,785883	1,650870
22,788661	1,641007
22,791439	1,644952
22,794216	1,659748
22,796994	1,671584
22,799772	1,665008
22,802550	1,645939
22,805327	1,636075
22,808105	1,639692
22,810883	1,654487
22,813661	1,668296
22,816439	1,662049
22,819216	1,644295
22,821994	1,630486
22,824772	1,635418
22,827549	1,652514
22,830327	1,668953
22,833105	1,665666
22,835883	1,649227
22,838660	1,635418
22,841438	1,636733
22,844216	1,649884
22,846994	1,662049
22,849771	1,658432
22,852549	1,642651
22,855327	1,632787
22,858105	1,634760
22,860882	1,651199
22,863660	1,662378
22,866438	1,658432
22,869216	1,642651
22,871993	1,632459
22,874771	1,636733
22,877549	1,653501
22,880327	1,668625
22,883104	1,665994
22,885882	1,649555
22,888660	1,637062
22,891438	1,640349
22,894215	1,654487
22,896993	1,665666
22,899771	1,658761
22,902549	1,641993
22,905326	1,630157
22,908104	1,637719
22,910882	1,654487
22,913660	1,670597
22,916437	1,664022
22,919215	1,643308
22,921993	1,628513
22,924771	1,631801
22,927549	1,648240
22,930326	1,663364
22,933104	1,662378
22,935882	1,643637
22,938659	1,633116
22,941437	1,635746
22,944215	1,649227
22,946993	1,660405
22,949770	1,658104
22,952548	1,639692
22,955326	1,630157
22,958104	1,634431
22,960881	1,647254
22,963659	1,660076
22,966437	1,653501
22,969215	1,637719
22,971992	1,627527
22,974770	1,633445
22,977548	1,648240
22,980326	1,664351
22,983103	1,658432
22,985881	1,642322
22,988659	1,629171
22,991437	1,635746
22,994214	1,651857
22,996992	1,665994
22,999770	1,660405
23,002548	1,641665
23,005325	1,630815
23,008103	1,633116
23,010881	1,651199
23,013659	1,666981
23,016436	1,663364
23,019214	1,644624
23,021992	1,630486
23,024770	1,632459
23,027547	1,649884
23,030325	1,665008
23,033103	1,661391
23,035881	1,644624
23,038659	1,631472
23,041436	1,632787
23,044214	1,645610
23,046992	1,657446
23,049770	1,652843
23,052547	1,641665
23,055325	1,632130
23,058103	1,639692
23,060880	1,652514
23,063658	1,666981
23,066436	1,659748
23,069214	1,644295
23,071991	1,631472
23,074769	1,634760
23,077547	1,648569
23,080325	1,658761
23,083102	1,656460
23,085880	1,638048
23,088658	1,627198
23,091436	1,630486
23,094213	1,648240
23,096991	1,660076
23,099769	1,657446
23,102547	1,639692
23,105324	1,628842
23,108102	1,632787
23,110880	1,647254
23,113658	1,660076
23,116435	1,655145
23,119213	1,639692
23,121991	1,626541
23,124769	1,635746
23,127546	1,649555
23,130324	1,665666
23,133102	1,660076
23,135880	1,641007
23,138657	1,626869
23,141435	1,633445
23,144213	1,648240
23,146991	1,661063
23,149769	1,655802
23,152546	1,637390
23,155324	1,627527
23,158102	1,628842
23,160880	1,645281
23,163657	1,657117
23,166435	1,653829
23,169213	1,634103
23,171990	1,625554
23,174768	1,628513
23,177546	1,646925
23,180324	1,660405
23,183101	1,654816
23,185879	1,637719
23,188657	1,622595
23,191435	1,626869
23,194212	1,641993
23,196990	1,657117
23,199768	1,652514
23,202546	1,636404
23,205323	1,624568
23,208101	1,631143
23,210879	1,646596
23,213657	1,660076
23,216434	1,652514
23,219212	1,635746
23,221990	1,624239
23,224768	1,628184
23,227545	1,655802
23,230323	1,696242
23,233101	1,737011
23,235879	1,767588
23,238656	1,803426
23,241434	1,849126
23,244212	1,892854
23,246990	1,927377
23,249767	1,937898
23,252545	1,932308
23,255323	1,927705
23,258101	1,931980
23,260879	1,942829
23,263656	1,947432
23,266434	1,929349
23,269212	1,891210
23,271990	1,853729
23,274767	1,823810
23,277545	1,803426
23,280323	1,784685
23,283100	1,742930
23,285878	1,689996
23,288656	1,643308
23,291434	1,617992
23,294211	1,613060
23,296989	1,610430
23,299767	1,597936
23,302545	1,571963
23,305322	1,557496
23,308100	1,557825
23,310878	1,572949
23,313656	1,586429
23,316433	1,583141
23,319211	1,566373
23,321989	1,556510
23,324767	1,563086
23,327544	1,580840
23,330322	1,595964
23,333100	1,590374
23,335878	1,573607
23,338655	1,561442
23,341433	1,567688
23,344211	1,583799
23,346989	1,596950
23,349766	1,592018
23,352544	1,574922
23,355322	1,562099
23,358100	1,553222
23,360877	1,543030
23,363655	1,529550
23,366433	1,506864
23,369211	1,516070
23,371988	1,596950
23,374766	1,790603
23,377544	2,094727
23,380322	2,460333
23,383100	2,858818
23,385877	3,184642
23,388655	3,197465
23,391433	3,199437
23,394210	3,201410
23,396988	3,200095
23,399766	3,195492
23,402544	3,116255
23,405321	2,683906
23,408099	2,081247
23,410877	1,533824
23,413655	1,170519
23,416432	0,998237
23,419210	0,979826
23,421988	1,051500
23,424766	1,167560
23,427543	1,285264
23,430321	1,375680
23,433099	1,426641
23,435877	1,440778
23,438654	1,440121
23,441432	1,448669
23,444210	1,463464
23,446988	1,476287
23,449765	1,477602
23,452543	1,466752
23,455321	1,461492
23,458099	1,468396
23,460876	1,486479
23,463654	1,502918
23,466432	1,500617
23,469210	1,483520
23,471987	1,473985
23,474765	1,482863
23,477543	1,503576
23,480321	1,526919
23,483098	1,532509
23,485876	1,527248
23,488654	1,529221
23,491432	1,541715
23,494210	1,564729
23,496987	1,586100
23,499765	1,591690
23,502543	1,586100
23,505320	1,585114
23,508098	1,597608
23,510876	1,621280
23,513654	1,643308
23,516431	1,646267
23,519209	1,637719
23,521987	1,634103
23,524765	1,643637
23,527542	1,665337
23,530320	1,680132
23,533098	1,680132
23,535876	1,668296
23,538653	1,663035
23,541431	1,676844
23,544209	1,701503
23,546987	1,723203
23,549764	1,725175
23,552542	1,726819
23,555320	1,738655
23,558098	1,772191
23,560875	1,814933
23,563653	1,851099
23,566431	1,861620
23,569209	1,861620
23,571986	1,869840
23,574764	1,893512
23,577542	1,922774
23,580320	1,946117
23,583097	1,945788
23,585875	1,932966
23,588653	1,917184
23,591431	1,907650
23,594208	1,904362
23,596986	1,896142
23,599764	1,871484
23,602542	1,831372
23,605320	1,790932
23,608097	1,764300
23,610875	1,743587
23,613653	1,720901
23,616430	1,670926
23,619208	1,605827
23,621986	1,542043
23,624764	1,501274
23,627541	1,471684
23,630319	1,450642
23,633097	1,416449
23,635875	1,379625
23,638652	1,361871
23,641430	1,369761
23,644208	1,391461
23,646986	1,409544
23,649763	1,410202
23,652541	1,394749
23,655319	1,385214
23,658097	1,391132
23,660874	1,409215
23,663652	1,424339
23,666430	1,423024
23,669208	1,407243
23,671985	1,402968
23,674763	1,409215
23,677541	1,426641
23,680319	1,443080
23,683096	1,438806
23,685874	1,425983
23,688652	1,417106
23,691430	1,424668
23,694207	1,443409
23,696985	1,458533
23,699763	1,451957
23,702541	1,439463
23,705318	1,429271
23,708096	1,435518
23,710874	1,451299
23,713652	1,464451
23,716430	1,461163
23,719207	1,446697
23,721985	1,439135
23,724763	1,443080
23,727540	1,463464
23,730318	1,474643
23,733096	1,471026
23,735874	1,452943
23,738651	1,443080
23,741429	1,445710
23,744207	1,464780
23,746985	1,481876
23,749762	1,481876
23,752540	1,471684
23,755318	1,460834
23,758096	1,467739
23,760873	1,481547
23,763651	1,496671
23,766429	1,493384
23,769207	1,481547
23,771984	1,470369
23,774762	1,478588
23,777540	1,494041
23,780318	1,510480
23,783095	1,504891
23,785873	1,487794
23,788651	1,479575
23,791429	1,487137
23,794206	1,504233
23,796984	1,515083
23,799762	1,512453
23,802540	1,494370
23,805317	1,486808
23,808095	1,490425
23,810873	1,509494
23,813651	1,522645
23,816428	1,522316
23,819206	1,505877
23,821984	1,497658
23,824762	1,502590
23,827540	1,516727
23,830317	1,530207
23,833095	1,525276
23,835873	1,511138
23,838650	1,502261
23,841428	1,511467
23,844206	1,527577
23,846984	1,545331
23,849761	1,538756
23,852539	1,525604
23,855317	1,514097
23,858095	1,518371
23,860872	1,533824
23,863650	1,546318
23,866428	1,544016
23,869206	1,529878
23,871983	1,520673
23,874761	1,523632
23,877539	1,542701
23,880317	1,554208
23,883094	1,551578
23,885872	1,534810
23,888650	1,527248
23,891428	1,530207
23,894205	1,550263
23,896983	1,564729
23,899761	1,560126
23,902539	1,547304
23,905316	1,538756
23,908094	1,548290
23,910872	1,565387
23,913650	1,579525
23,916427	1,570648
23,919205	1,555524
23,921983	1,540071
23,924761	1,548290
23,927538	1,565716
23,930316	1,581826
23,933094	1,579853
23,935872	1,565058
23,938649	1,553551
23,941427	1,560455
23,944205	1,580182
23,946983	1,592018
23,949760	1,585114
23,952538	1,563743
23,955316	1,554208
23,958094	1,558811
23,960871	1,576894
23,963649	1,586429
23,966427	1,585114
23,969205	1,569661
23,971982	1,563086
23,974760	1,569661
23,977538	1,584456
23,980316	1,597936
23,983093	1,592347
23,985871	1,576566
23,988649	1,563086
23,991427	1,572620
23,994204	1,586429
23,996982	1,601224
23,999760	1,593662
24,002538	1,577223
24,005315	1,569332
24,008093	1,579196
24,010871	1,597279
24,013649	1,609773
24,016426	1,602868
24,019204	1,585443
24,021982	1,578538
24,024760	1,579525
24,027537	1,597608
24,030315	1,614704
24,033093	1,610759
24,035871	1,594649
24,038648	1,586100
24,041426	1,589388
24,044204	1,606156
24,046982	1,617335
24,049759	1,612403
24,052537	1,597936
24,055315	1,588402
24,058093	1,596293
24,060871	1,611088
24,063648	1,624568
24,066426	1,616677
24,069204	1,600567
24,071981	1,586100
24,074759	1,590703
24,077537	1,606156
24,080315	1,622595
24,083092	1,618979
24,085870	1,606156
24,088648	1,595964
24,091426	1,601553
24,094203	1,615362
24,096981	1,627198
24,099759	1,623581
24,102537	1,606814
24,105314	1,596950
24,108092	1,603526
24,110870	1,620622
24,113648	1,631143
24,116425	1,626869
24,119203	1,609444
24,121981	1,599252
24,124759	1,607142
24,127536	1,623581
24,130314	1,637062
24,133092	1,631143
24,135870	1,614704
24,138647	1,602868
24,141425	1,608786
24,144203	1,625225
24,146981	1,638377
24,149758	1,633445
24,152536	1,617006
24,155314	1,607471
24,158092	1,612732
24,160869	1,628513
24,163647	1,642980
24,166425	1,638705
24,169203	1,619965
24,171981	1,609444
24,174758	1,612403
24,177536	1,628184
24,180314	1,645610
24,183091	1,641665
24,185869	1,625225
24,188647	1,615691
24,191425	1,619636
24,194202	1,636075
24,196980	1,647911
24,199758	1,641007
24,202536	1,624897
24,205313	1,617335
24,208091	1,621609
24,210869	1,637719
24,213647	1,650213
24,216424	1,642651
24,219202	1,625883
24,221980	1,617663
24,224758	1,624897
24,227535	1,642980
24,230313	1,654487
24,233091	1,648898
24,235869	1,632787
24,238646	1,622595
24,241424	1,628184
24,244202	1,644952
24,246980	1,659748
24,249757	1,655473
24,252535	1,637390
24,255313	1,623581
24,258091	1,625554
24,260868	1,639692
24,263646	1,651528
24,266424	1,645939
24,269202	1,632130
24,271979	1,621280
24,274757	1,626541
24,277535	1,642651
24,280313	1,657117
24,283091	1,652514
24,285868	1,636075
24,288646	1,624568
24,291424	1,630486
24,294201	1,643966
24,296979	1,656460
24,299757	1,651528
24,302535	1,634760
24,305312	1,624897
24,308090	1,630486
24,310868	1,645610
24,313646	1,657446
24,316423	1,652843
24,319201	1,634760
24,321979	1,622924
24,324757	1,629171
24,327534	1,645281
24,330312	1,658761
24,333090	1,654816
24,335868	1,638048
24,338645	1,629171
24,341423	1,638048
24,344201	1,654487
24,346979	1,669611
24,349756	1,662049
24,352534	1,643308
24,355312	1,630815
24,358090	1,634103
24,360867	1,651528
24,363645	1,667638
24,366423	1,664679
24,369201	1,648569
24,371978	1,639034
24,374756	1,641993
24,377534	1,658104
24,380312	1,667638
24,383089	1,659748
24,385867	1,643637
24,388645	1,635089
24,391423	1,639034
24,394201	1,655802
24,396978	1,669282
24,399756	1,665994
24,402534	1,651528
24,405311	1,639363
24,408089	1,643308
24,410867	1,657775
24,413645	1,668625
24,416422	1,659748
24,419200	1,645610
24,421978	1,636733
24,424756	1,642651
24,427533	1,657117
24,430311	1,669940
24,433089	1,664351
24,435867	1,645281
24,438644	1,632787
24,441422	1,635418
24,444200	1,653829
24,446978	1,665666
24,449755	1,663364
24,452533	1,648898
24,455311	1,639692
24,458089	1,643637
24,460866	1,660405
24,463644	1,671584
24,466422	1,665666
24,469200	1,647254
24,471977	1,635746
24,474755	1,642322
24,477533	1,655473
24,480311	1,669282
24,483088	1,663364
24,485866	1,647254
24,488644	1,638048
24,491422	1,644624
24,494199	1,656131
24,496977	1,669940
24,499755	1,663364
24,502533	1,644295
24,505311	1,634431
24,508088	1,641336
24,510866	1,659090
24,513644	1,673228
24,516421	1,668296
24,519199	1,651857
24,521977	1,642322
24,524755	1,646267
24,527532	1,662707
24,530310	1,673228
24,533088	1,665666
24,535866	1,646925
24,538643	1,638705
24,541421	1,643308
24,544199	1,659419
24,546977	1,669940
24,549754	1,663364
24,552532	1,646596
24,555310	1,635746
24,558088	1,640678
24,560865	1,656131
24,563643	1,669940
24,566421	1,661720
24,569199	1,647583
24,571976	1,636404
24,574754	1,645610
24,577532	1,664022
24,580310	1,675858
24,583087	1,667638
24,585865	1,649227
24,588643	1,638705
24,591421	1,643637
24,594198	1,661391
24,596976	1,672570
24,599754	1,665666
24,602532	1,648569
24,605309	1,640021
24,608087	1,644624
24,610865	1,662049
24,613643	1,671584
24,616421	1,666981
24,619198	1,649555
24,621976	1,637390
24,624754	1,643637
24,627531	1,661063
24,630309	1,673556
24,633087	1,666652
24,635865	1,652186
24,638642	1,641007
24,641420	1,646925
24,644198	1,659419
24,646976	1,673885
24,649753	1,666652
24,652531	1,650542
24,655309	1,638048
24,658087	1,644295
24,660864	1,658761
24,663642	1,669282
24,666420	1,663364
24,669198	1,645939
24,671975	1,638048
24,674753	1,644295
24,677531	1,659748
24,680309	1,670597
24,683086	1,664351
24,685864	1,643637
24,688642	1,635089
24,691420	1,639363
24,694197	1,656789
24,696975	1,669611
24,699753	1,665008
24,702531	1,649884
24,705308	1,639692
24,708086	1,645610
24,710864	1,660076
24,713642	1,673556
24,716419	1,665337
24,719197	1,649227
24,721975	1,636733
24,724753	1,639692
24,727531	1,654487
24,730308	1,667638
24,733086	1,662707
24,735864	1,648569
24,738641	1,639034
24,741419	1,641993
24,744197	1,659090
24,746975	1,667310
24,749752	1,659419
24,752530	1,642322
24,755308	1,635089
24,758086	1,640678
24,760863	1,657446
24,763641	1,668296
24,766419	1,660405
24,769197	1,642322
24,771974	1,631143
24,774752	1,638377
24,777530	1,655473
24,780308	1,666323
24,783085	1,659419
24,785863	1,644295
24,788641	1,632787
24,791419	1,639034
24,794196	1,654816
24,796974	1,665994
24,799752	1,658432
24,802530	1,641336
24,805307	1,629171
24,808085	1,635746
24,810863	1,651199
24,813641	1,663364
24,816418	1,661063
24,819196	1,644295
24,821974	1,634103
24,824752	1,640021
24,827529	1,654158
24,830307	1,663693
24,833085	1,658104
24,835863	1,641336
24,838640	1,634431
24,841418	1,640678
24,844196	1,657775
24,846974	1,670597
24,849751	1,664022
24,852529	1,646267
24,855307	1,637390
24,858085	1,641993
24,860862	1,655473
24,863640	1,666652
24,866418	1,658432
24,869196	1,641665
24,871973	1,631143
24,874751	1,636075
24,877529	1,653172
24,880307	1,665666
24,883084	1,657775
24,885862	1,640678
24,888640	1,631801
24,891418	1,637390
24,894195	1,655473
24,896973	1,666323
24,899751	1,657775
24,902529	1,642322
24,905306	1,632130
24,908084	1,637719
24,910862	1,654816
24,913640	1,666323
24,916417	1,659748
24,919195	1,643966
24,921973	1,634760
24,924751	1,641007
24,927528	1,658104
24,930306	1,670926
24,933084	1,662707
24,935862	1,645281
24,938639	1,632130
24,941417	1,636404
24,944195	1,651199
24,946973	1,663364
24,949750	1,658761
24,952528	1,641993
24,955306	1,631143
24,958084	1,635089
24,960862	1,650542
24,963639	1,661391
24,966417	1,659419
24,969195	1,643308
24,971972	1,634431
24,974750	1,639034
24,977528	1,653172
24,980306	1,663693
24,983083	1,657775
24,985861	1,638377
24,988639	1,625883
24,991417	1,631472
24,994194	1,647583
24,996972	1,662049
24,999750	1,656789
25,002528	1,639692
25,005305	1,628842
25,008083	1,632787
25,010861	1,646596
25,013639	1,657446
25,016416	1,649884
25,019194	1,635089
25,021972	1,628513
25,024750	1,636733
25,027527	1,652186
25,030305	1,663693
25,033083	1,654158
25,035861	1,638377
25,038638	1,630157
25,041416	1,635418
25,044194	1,651528
25,046972	1,662049
25,049749	1,654158
25,052527	1,637062
25,055305	1,628842
25,058083	1,636075
25,060860	1,652843
25,063638	1,664022
25,066416	1,654816
25,069194	1,636404
25,071972	1,625883
25,074749	1,629828
25,077527	1,643637
25,080305	1,655145
25,083082	1,647254
25,085860	1,634760
25,088638	1,627527
25,091416	1,633774
25,094193	1,654158
25,096971	1,665994
25,099749	1,659419
25,102527	1,640349
25,105304	1,628842
25,108082	1,635746
25,110860	1,652514
25,113638	1,662707
25,116415	1,652514
25,119193	1,636733
25,121971	1,627198
25,124749	1,636075
25,127526	1,652843
25,130304	1,665008
25,133082	1,656131
25,135860	1,638705
25,138637	1,625225
25,141415	1,631801
25,144193	1,645281
25,146971	1,654816
25,149748	1,647911
25,152526	1,631801
25,155304	1,623910
25,158082	1,632130
25,160859	1,649555
25,163637	1,659419
25,166415	1,650870
25,169193	1,631143
25,171970	1,621938
25,174748	1,625554
25,177526	1,643637
25,180304	1,655145
25,183082	1,650213
25,185859	1,633116
25,188637	1,624239
25,191415	1,631143
25,194192	1,649555
25,196970	1,662049
25,199748	1,653501
25,202526	1,637390
25,205303	1,628184
25,208081	1,636075
25,210859	1,651199
25,213637	1,663035
25,216414	1,656460
25,219192	1,666323
25,221970	1,699201
25,224748	1,755094
25,227525	1,820193
25,230303	1,872799
25,233081	1,892854
25,235859	1,894498
25,238636	1,898115
25,241414	1,916527
25,244192	1,943487
25,246970	1,963214
25,249747	1,955652
25,252525	1,928692
25,255303	1,904033
25,258081	1,889895
25,260858	1,881347
25,263636	1,859647
25,266414	1,817563
25,269192	1,764300
25,271969	1,714654
25,274747	1,682105
25,277525	1,663035
25,280303	1,646596
25,283080	1,619307
25,285858	1,589388
25,288636	1,566373
25,291414	1,566045
25,294192	1,578867
25,296969	1,590374
25,299747	1,582484
25,302525	1,565387
25,305302	1,553880
25,308080	1,561442
25,310858	1,579196
25,313636	1,590703
25,316413	1,587087
25,319191	1,568675
25,321969	1,561113
25,324747	1,562428
25,327524	1,582155
25,330302	1,593662
25,333080	1,588073
25,335858	1,570976
25,338635	1,561770
25,341413	1,566702
25,344191	1,581169
25,346969	1,579525
25,349746	1,545331
25,352524	1,499630
25,355302	1,468067
25,358080	1,495028
25,360857	1,586758
25,363635	1,776465
25,366413	2,035217
25,369191	2,361370
25,371968	2,758868
25,374746	3,148476
25,377524	3,198122
25,380302	3,200095
25,383079	3,201081
25,385857	3,199766
25,388635	3,195163
25,391413	3,158668
25,394190	2,804240
25,396968	2,216377
25,399746	1,633774
25,402524	1,196164
25,405302	0,984429
25,408079	0,959112
25,410857	1,054130
25,413635	1,174794
25,416412	1,271127
25,419190	1,339185
25,421968	1,390475
25,424746	1,433545
25,427523	1,464451
25,430301	1,482205
25,433079	1,470698
25,435857	1,459190
25,438634	1,447354
25,441412	1,457218
25,444190	1,475301
25,446968	1,490753
25,449745	1,490753
25,452523	1,478917
25,455301	1,472013
25,458079	1,478588
25,460856	1,499302
25,463634	1,512782
25,466412	1,514097
25,469190	1,502590
25,471967	1,499959
25,474745	1,512453
25,477523	1,540400
25,480301	1,560784
25,483078	1,565387
25,485856	1,556510
25,488634	1,554866
25,491412	1,570976
25,494189	1,595635
25,496967	1,617663
25,499745	1,621609
25,502523	1,615362
25,505300	1,614704
25,508078	1,634103
25,510856	1,655145
25,513634	1,672899
25,516412	1,671255
25,519189	1,661391
25,521967	1,657117
25,524745	1,667967
25,527522	1,685721
25,530300	1,699859
25,533078	1,699201
25,535856	1,688352
25,538633	1,687037
25,541411	1,712682
25,544189	1,754766
25,546967	1,798494
25,549744	1,821509
25,552522	1,828742
25,555300	1,835646
25,558078	1,855044
25,560855	1,885950
25,563633	1,914554
25,566411	1,923760
25,569189	1,917184
25,571966	1,913896
25,574744	1,921130
25,577522	1,936254
25,580300	1,938226
25,583077	1,912910
25,585855	1,875758
25,588633	1,845510
25,591411	1,828742
25,594188	1,816577
25,596966	1,796521
25,599744	1,752135
25,602522	1,698544
25,605299	1,647254
25,608077	1,603855
25,610855	1,570976
25,613633	1,532180
25,616410	1,482205
25,619188	1,428613
25,621966	1,387844
25,624744	1,373707
25,627522	1,379954
25,630299	1,388831
25,633077	1,388502
25,635855	1,382584
25,638632	1,377652
25,641410	1,387844
25,644188	1,407900
25,646966	1,419408
25,649743	1,413489
25,652521	1,397050
25,655299	1,388502
25,658077	1,401982
25,660854	1,422038
25,663632	1,436175
25,666410	1,430915
25,669188	1,414476
25,671965	1,406585
25,674743	1,417106
25,677521	1,436833
25,680299	1,448669
25,683076	1,444066
25,685854	1,425983
25,688632	1,417435
25,691410	1,424339
25,694187	1,444724
25,696965	1,457875
25,699743	1,453930
25,702521	1,435847
25,705298	1,428942
25,708076	1,438806
25,710854	1,455902
25,713632	1,470698
25,716409	1,464451
25,719187	1,450313
25,721965	1,442094
25,724743	1,449656
25,727520	1,469383
25,730298	1,483520
25,733076	1,479575
25,735854	1,463136
25,738631	1,454587
25,741409	1,460177
25,744187	1,476945
25,746965	1,488781
25,749742	1,483520
25,752520	1,468725
25,755298	1,462807
25,758076	1,470040
25,760853	1,489438
25,763631	1,501274
25,766409	1,496014
25,769187	1,481876
25,771964	1,474314
25,774742	1,483520
25,777520	1,503576
25,780298	1,516727
25,783075	1,509494
25,785853	1,495356
25,788631	1,485493
25,791409	1,495356
25,794186	1,513111
25,796964	1,524618
25,799742	1,517385
25,802520	1,500946
25,805297	1,491411
25,808075	1,500617
25,810853	1,521330
25,813631	1,532180
25,816408	1,528563
25,819186	1,511138
25,821964	1,499630
25,824742	1,504891
25,827519	1,521659
25,830297	1,533166
25,833075	1,529878
25,835853	1,514754
25,838630	1,506535
25,841408	1,515083
25,844186	1,534481
25,846964	1,548290
25,849741	1,541715
25,852519	1,525276
25,855297	1,516398
25,858075	1,525933
25,860852	1,541715
25,863630	1,557167
25,866408	1,550921
25,869186	1,532838
25,871963	1,525604
25,874741	1,532509
25,877519	1,548619
25,880297	1,560455
25,883074	1,554537
25,885852	1,536783
25,888630	1,532838
25,891408	1,542372
25,894185	1,561113
25,896963	1,571963
25,899741	1,564401
25,902519	1,543030
25,905296	1,534810
25,908074	1,542372
25,910852	1,562428
25,913630	1,577881
25,916407	1,571634
25,919185	1,556839
25,921963	1,546646
25,924741	1,555524
25,927518	1,569990
25,930296	1,584456
25,933074	1,576894
25,935852	1,563086
25,938629	1,553222
25,941407	1,560784
25,944185	1,577881
25,946963	1,590374
25,949740	1,584456
25,952518	1,569661
25,955296	1,562428
25,958074	1,566045
25,960851	1,585443
25,963629	1,594977
25,966407	1,590374
25,969185	1,574264
25,971963	1,569661
25,974740	1,576566
25,977518	1,593333
25,980296	1,603526
25,983073	1,596950
25,985851	1,579853
25,988629	1,570648
25,991407	1,579853
25,994184	1,595306
25,996962	1,607471
25,999740	1,601224
26,002518	1,588073
26,005295	1,578867
26,008073	1,588402
26,010851	1,602539
26,013629	1,613060
26,016406	1,607142
26,019184	1,590703
26,021962	1,582484
26,024740	1,591032
26,027517	1,609115
26,030295	1,622924
26,033073	1,618321
26,035851	1,599580
26,038628	1,594320
26,041406	1,599252
26,044184	1,614704
26,046962	1,623910
26,049739	1,617663
26,052517	1,600895
26,055295	1,591690
26,058073	1,598265
26,060850	1,613718
26,063628	1,628513
26,066406	1,622266
26,069184	1,606156
26,071961	1,595635
26,074739	1,599909
26,077517	1,614376
26,080295	1,628513
26,083073	1,620951
26,085850	1,608457
26,088628	1,602539
26,091406	1,611745
26,094183	1,626541
26,096961	1,639363
26,099739	1,629171
26,102517	1,610430
26,105294	1,603197
26,108072	1,608129
26,110850	1,625225
26,113628	1,634431
26,116405	1,629828
26,119183	1,612732
26,121961	1,607800
26,124739	1,617006
26,127516	1,639034
26,130294	1,649555
26,133072	1,642322
26,135850	1,622595
26,138627	1,611088
26,141405	1,618650
26,144183	1,637062
26,146961	1,650213
26,149738	1,639692
26,152516	1,626212
26,155294	1,617006
26,158072	1,630157
26,160849	1,641993
26,163627	1,653501
26,166405	1,644952
26,169183	1,626869
26,171960	1,616348
26,174738	1,622924
26,177516	1,638048
26,180294	1,649884
26,183071	1,645281
26,185849	1,629500
26,188627	1,624568
26,191405	1,630157
26,194183	1,646596
26,196960	1,655473
26,199738	1,648569
26,202516	1,628184
26,205293	1,620622
26,208071	1,626869
26,210849	1,642651
26,213627	1,653172
26,216404	1,644624
26,219182	1,627856
26,221960	1,619965
26,224738	1,628184
26,227515	1,644624
26,230293	1,656789
26,233071	1,646925
26,235849	1,629171
26,238626	1,621938
26,241404	1,632459
26,244182	1,646596
26,246960	1,657446
26,249737	1,650870
26,252515	1,634760
26,255293	1,626869
26,258071	1,630815
26,260848	1,648240
26,263626	1,656460
26,266404	1,652843
26,269182	1,636075
26,271959	1,630486
26,274737	1,635746
26,277515	1,652843
26,280293	1,660734
26,283070	1,653172
26,285848	1,635418
26,288626	1,622595
26,291404	1,629500
26,294181	1,646925
26,296959	1,656460
26,299737	1,648240
26,302515	1,633445
26,305292	1,628184
26,308070	1,638048
26,310848	1,654487
26,313626	1,664351
26,316403	1,655473
26,319181	1,637062
26,321959	1,626212
26,324737	1,636733
26,327514	1,657446
26,330292	1,670269
26,333070	1,664679
26,335848	1,644624
26,338625	1,636733
26,341403	1,641007
26,344181	1,657117
26,346959	1,665666
26,349736	1,657446
26,352514	1,638377
26,355292	1,631143
26,358070	1,641665
26,360847	1,657446
26,363625	1,666981
26,366403	1,657775
26,369181	1,639692
26,371958	1,629828
26,374736	1,641007
26,377514	1,658432
26,380292	1,670269
26,383069	1,662378
26,385847	1,646596
26,388625	1,638048
26,391403	1,646596
26,394180	1,663693
26,396958	1,673556
26,399736	1,665337
26,402514	1,647254
26,405291	1,638705
26,408069	1,644624
26,410847	1,660405
26,413625	1,672241
26,416402	1,665008
26,419180	1,647583
26,421958	1,639363
26,424736	1,643966
26,427513	1,659090
26,430291	1,668625
26,433069	1,661720
26,435847	1,645610
26,438624	1,639363
26,441402	1,645281
26,444180	1,660076
26,446958	1,669940
26,449735	1,664351
26,452513	1,649555
26,455291	1,639034
26,458069	1,643966
26,460846	1,658761
26,463624	1,666652
26,466402	1,658104
26,469180	1,641665
26,471957	1,634103
26,474735	1,642651
26,477513	1,658432
26,480291	1,669282
26,483068	1,661720
26,485846	1,644952
26,488624	1,634431
26,491402	1,641336
26,494179	1,656460
26,496957	1,664022
26,499735	1,658104
26,502513	1,641007
26,505290	1,629828
26,508068	1,636075
26,510846	1,651199
26,513624	1,663693
26,516401	1,658104
26,519179	1,643966
26,521957	1,636733
26,524735	1,642980
26,527513	1,657446
26,530290	1,666981
26,533068	1,658761
26,535846	1,639692
26,538623	1,631472
26,541401	1,639034
26,544179	1,657775
26,546957	1,670269
26,549734	1,662049
26,552512	1,639692
26,555290	1,628842
26,558068	1,636733
26,560845	1,656789
26,563623	1,669282
26,566401	1,662049
26,569179	1,643637
26,571956	1,637719
26,574734	1,644624
26,577512	1,660076
26,580290	1,670269
26,583067	1,660734
26,585845	1,642322
26,588623	1,632459
26,591401	1,640021
26,594178	1,657117
26,596956	1,670269
26,599734	1,662049
26,602512	1,646596
26,605289	1,637719
26,608067	1,643966
26,610845	1,664351
26,613623	1,674214
26,616400	1,667967
26,619178	1,649884
26,621956	1,637719
26,624734	1,636404
26,627511	1,650542
26,630289	1,659419
26,633067	1,654816
26,635845	1,641993
26,638622	1,635089
26,641400	1,642980
26,644178	1,657446
26,646956	1,668953
26,649733	1,661720
26,652511	1,647911
26,655289	1,637062
26,658067	1,644624
26,660844	1,658432
26,663622	1,665666
26,666400	1,655802
26,669178	1,641336
26,671955	1,635089
26,674733	1,643308
26,677511	1,660405
26,680289	1,669940
26,683066	1,663364
26,685844	1,642980
26,688622	1,634760
26,691400	1,642322
26,694177	1,661391
26,696955	1,672899
26,699733	1,665994
26,702511	1,644952
26,705288	1,634103
26,708066	1,641665
26,710844	1,657775
26,713622	1,668953
26,716399	1,659419
26,719177	1,641665
26,721955	1,634103
26,724733	1,644952
26,727510	1,659748
26,730288	1,671913
26,733066	1,662707
26,735844	1,645281
26,738621	1,636404
26,741399	1,642980
26,744177	1,659419
26,746955	1,669940
26,749732	1,660076
26,752510	1,639034
26,755288	1,634103
26,758066	1,641993
26,760843	1,663035
26,763621	1,671913
26,766399	1,665337
26,769177	1,644295
26,771954	1,634760
26,774732	1,638048
26,777510	1,656131
26,780288	1,664679
26,783065	1,656460
26,785843	1,642322
26,788621	1,632787
26,791399	1,639363
26,794176	1,655473
26,796954	1,666981
26,799732	1,656789
26,802510	1,641665
26,805287	1,630486
26,808065	1,639034
26,810843	1,654158
26,813621	1,665337
26,816398	1,658761
26,819176	1,642980
26,821954	1,634760
26,824732	1,640349
26,827509	1,658104
26,830287	1,665994
26,833065	1,657775
26,835843	1,640021
26,838620	1,632459
26,841398	1,639692
26,844176	1,657775
26,846954	1,669940
26,849731	1,664679
26,852509	1,646596
26,855287	1,635746
26,858065	1,642651
26,860842	1,656789
26,863620	1,668296
26,866398	1,657117
26,869176	1,640349
26,871954	1,631472
26,874731	1,641665
26,877509	1,656789
26,880287	1,668296
26,883064	1,659419
26,885842	1,640349
26,888620	1,631801
26,891398	1,641336
26,894175	1,656131
26,896953	1,666323
26,899731	1,656789
26,902509	1,638377
26,905286	1,632459
26,908064	1,639034
26,910842	1,658432
26,913620	1,668296
26,916397	1,660405
26,919175	1,639034
26,921953	1,630157
26,924731	1,635746
26,927508	1,653829
26,930286	1,664679
26,933064	1,656460
26,935842	1,639692
26,938619	1,632130
26,941397	1,638705
26,944175	1,651857
26,946953	1,663693
26,949730	1,653829
26,952508	1,640021
26,955286	1,631472
26,958064	1,639363
26,960841	1,654158
26,963619	1,664679
26,966397	1,652843
26,969175	1,634760
26,971952	1,627856
26,974730	1,635746
26,977508	1,654158
26,980286	1,661720
26,983064	1,652514
26,985841	1,635418
26,988619	1,628513
26,991397	1,637390
26,994174	1,654487
26,996952	1,663364
26,999730	1,654158
27,002508	1,637062
27,005285	1,628513
27,008063	1,636404
27,010841	1,654487
27,013619	1,664351
27,016396	1,654487
27,019174	1,637062
27,021952	1,624239
27,024730	1,634431
27,027507	1,650213
27,030285	1,663693
27,033063	1,657117
27,035841	1,639692
27,038618	1,630815
27,041396	1,637062
27,044174	1,653501
27,046952	1,664351
27,049729	1,654816
27,052507	1,635746
27,055285	1,629500
27,058063	1,636404
27,060840	1,655802
27,063618	1,667638
27,066396	1,658761
27,069174	1,636404
27,071951	1,627198
27,074729	1,632787
27,077507	1,647583
27,080285	1,657117
27,083062	1,649227
27,085840	1,632130
27,088618	1,625554
27,091396	1,632787
27,094174	1,648569
27,096951	1,660405
27,099729	1,652843
27,102507	1,636075
27,105284	1,625225
27,108062	1,632130
27,110840	1,648240
27,113618	1,658432
27,116395	1,649884
27,119173	1,634760
27,121951	1,626541
27,124729	1,632787
27,127506	1,649555
27,130284	1,658104
27,133062	1,647583
27,135840	1,630157
27,138617	1,624897
27,141395	1,631801
27,144173	1,650870
27,146951	1,660076
27,149728	1,650870
27,152506	1,633445
27,155284	1,625225
27,158062	1,632130
27,160839	1,649227
27,163617	1,659748
27,166395	1,650542
27,169173	1,635746
27,171950	1,624568
27,174728	1,632787
27,177506	1,649227
27,180284	1,659090
27,183061	1,653172
27,185839	1,635746
27,188617	1,626869
27,191395	1,633445
27,194172	1,649555
27,196950	1,661391
27,199728	1,653501
27,202506	1,636404
27,205284	1,630815
27,208061	1,660076
27,210839	1,716956
27,213617	1,776137
27,216394	1,820193
27,219172	1,845838
27,221950	1,868853
27,224728	1,896142
27,227505	1,924746
27,230283	1,946117
27,233061	1,944802
27,235839	1,932308
27,238616	1,922445
27,241394	1,924418
27,244172	1,930336
27,246950	1,924418
27,249727	1,893841
27,252505	1,846167
27,255283	1,800138
27,258061	1,767259
27,260838	1,745231
27,263616	1,719257
27,266394	1,677173
27,269172	1,628842
27,271949	1,598923
27,274727	1,592018
27,277505	1,597279
27,280283	1,599580
27,283060	1,585114
27,285838	1,564729
27,288616	1,554537
27,291394	1,559798
27,294171	1,577881
27,296949	1,589388
27,299727	1,581169
27,302505	1,566702
27,305282	1,558483
27,308060	1,566045
27,310838	1,583470
27,313616	1,593991
27,316393	1,584128
27,319171	1,569004
27,321949	1,559140
27,324727	1,565387
27,327504	1,584785
27,330282	1,592347
27,333060	1,586429
27,335838	1,562428
27,338615	1,534153
27,341393	1,511795
27,344171	1,507192
27,346949	1,523303
27,349726	1,580511
27,352504	1,720901
27,355282	1,953350
27,358060	2,295284
27,360837	2,711524
27,363615	3,111652
27,366393	3,197136
27,369171	3,200753
27,371948	3,202068
27,374726	3,202068
27,377504	3,199437
27,380282	3,182012
27,383059	2,901560
27,385837	2,316327
27,388615	1,717613
27,391393	1,269483
27,394170	1,042623
27,396948	0,991333
27,399726	1,039993
27,402504	1,127120
27,405281	1,225097
27,408059	1,318143
27,410837	1,402311
27,413615	1,449984
27,416392	1,459848
27,419170	1,447354
27,421948	1,442094
27,424726	1,451628
27,427504	1,471026
27,430281	1,487466
27,433059	1,483191
27,435837	1,471355
27,438614	1,466423
27,441392	1,477602
27,444170	1,497000
27,446948	1,510480
27,449725	1,499302
27,452503	1,483191
27,455281	1,480890
27,458059	1,496671
27,460836	1,523303
27,463614	1,542043
27,466392	1,545331
27,469170	1,537440
27,471947	1,540071
27,474725	1,552564
27,477503	1,581497
27,480281	1,598923
27,483058	1,600567
27,485836	1,593333
27,488614	1,598594
27,491392	1,613718
27,494169	1,638705
27,496947	1,656460
27,499725	1,653501
27,502503	1,641993
27,505280	1,636733
27,508058	1,652186
27,510836	1,676515
27,513614	1,694927
27,516391	1,691311
27,519169	1,679146
27,521947	1,674543
27,524725	1,688680
27,527502	1,711038
27,530280	1,734381
27,533058	1,747861
27,535836	1,761670
27,538613	1,783370
27,541391	1,815262
27,544169	1,849126
27,546947	1,877073
27,549724	1,885950
27,552502	1,890882
27,555280	1,901403
27,558058	1,921130
27,560835	1,941843
27,563613	1,953022
27,566391	1,942501
27,569169	1,914554
27,571946	1,892197
27,574724	1,881018
27,577502	1,881018
27,580280	1,869182
27,583057	1,835317
27,585835	1,784027
27,588613	1,737998
27,591391	1,710380
27,594168	1,685064
27,596946	1,649227
27,599724	1,587415
27,602502	1,522974
27,605279	1,468725
27,608057	1,438806
27,610835	1,422695
27,613613	1,407900
27,616390	1,386201
27,619168	1,370090
27,621946	1,370090
27,624724	1,382584
27,627501	1,407571
27,630279	1,417435
27,633057	1,412832
27,635835	1,398694
27,638612	1,397379
27,641390	1,404941
27,644168	1,425326
27,646946	1,435189
27,649723	1,426641
27,652501	1,412832
27,655279	1,405599
27,658057	1,417106
27,660834	1,436175
27,663612	1,448340
27,666390	1,438148
27,669168	1,423353
27,671945	1,415791
27,674723	1,428613
27,677501	1,448340
27,680279	1,460834
27,683056	1,453272
27,685834	1,439792
27,688612	1,430257
27,691390	1,439463
27,694167	1,460177
27,696945	1,469054
27,699723	1,465108
27,702501	1,448012
27,705278	1,445053
27,708056	1,452615
27,710834	1,469383
27,713612	1,476945
27,716389	1,470369
27,719167	1,455574
27,721945	1,451628
27,724723	1,464780
27,727500	1,481547
27,730278	1,493055
27,733056	1,482863
27,735834	1,470040
27,738611	1,462478
27,741389	1,474643
27,744167	1,490425
27,746945	1,502261
27,749722	1,494370
27,752500	1,480890
27,755278	1,475301
27,758056	1,484835
27,760833	1,500946
27,763611	1,511795
27,766389	1,500288
27,769167	1,481876
27,771944	1,478917
27,774722	1,486808
27,777500	1,508508
27,780278	1,519029
27,783055	1,514097
27,785833	1,498973
27,788611	1,493384
27,791389	1,497329
27,794166	1,512782
27,796944	1,523632
27,799722	1,517385
27,802500	1,501603
27,805277	1,495356
27,808055	1,503247
27,810833	1,521330
27,813611	1,534481
27,816388	1,525604
27,819166	1,510809
27,821944	1,503576
27,824722	1,516398
27,827499	1,537112
27,830277	1,548290
27,833055	1,539084
27,835833	1,521988
27,838610	1,514754
27,841388	1,525276
27,844166	1,545002
27,846944	1,554537
27,849721	1,547304
27,852499	1,529221
27,855277	1,523303
27,858055	1,530207
27,860832	1,546975
27,863610	1,556510
27,866388	1,548948
27,869166	1,532509
27,871943	1,524947
27,874721	1,535468
27,877499	1,552893
27,880277	1,563086
27,883055	1,555852
27,885832	1,539742
27,888610	1,531522
27,891388	1,539084
27,894165	1,553551
27,896943	1,565387
27,899721	1,560126
27,902499	1,547633
27,905276	1,544345
27,908054	1,553880
27,910832	1,568346
27,913610	1,575250
27,916387	1,567360
27,919165	1,550263
27,921943	1,546975
27,924721	1,554537
27,927498	1,571634
27,930276	1,581826
27,933054	1,572949
27,935832	1,556510
27,938609	1,551907
27,941387	1,562099
27,944165	1,580840
27,946943	1,593662
27,949720	1,586100
27,952498	1,570319
27,955276	1,561442
27,958054	1,567031
27,960831	1,584128
27,963609	1,594649
27,966387	1,586429
27,969165	1,572620
27,971942	1,567360
27,974720	1,574264
27,977498	1,592018
27,980276	1,602211
27,983053	1,593991
27,985831	1,579196
27,988609	1,573607
27,991387	1,582155
27,994164	1,600238
27,996942	1,609773
27,999720	1,601224
28,002498	1,585114
28,005275	1,580840
28,008053	1,589388
28,010831	1,608129
28,013609	1,618650
28,016386	1,607142
28,019164	1,588731
28,021942	1,580511
28,024720	1,589059
28,027497	1,605827
28,030275	1,615691
28,033053	1,607471
28,035831	1,592347
28,038608	1,584128
28,041386	1,593005
28,044164	1,611417
28,046942	1,619965
28,049719	1,614047
28,052497	1,598923
28,055275	1,592347
28,058053	1,599580
28,060830	1,614376
28,063608	1,624239
28,066386	1,616348
28,069164	1,598594
28,071941	1,592018
28,074719	1,599252
28,077497	1,615691
28,080275	1,628513
28,083052	1,621280
28,085830	1,604512
28,088608	1,597608
28,091386	1,606156
28,094163	1,621280
28,096941	1,631801
28,099719	1,622924
28,102497	1,606485
28,105274	1,599909
28,108052	1,608457
28,110830	1,626212
28,113608	1,634431
28,116385	1,624568
28,119163	1,609773
28,121941	1,606156
28,124719	1,613718
28,127496	1,633774
28,130274	1,642980
28,133052	1,635089
28,135830	1,615691
28,138607	1,610101
28,141385	1,617006
28,144163	1,635418
28,146941	1,645281
28,149718	1,637719
28,152496	1,620951
28,155274	1,612732
28,158052	1,622266
28,160829	1,639363
28,163607	1,652186
28,166385	1,642322
28,169163	1,626541
28,171940	1,615691
28,174718	1,621609
28,177496	1,638705
28,180274	1,649555
28,183051	1,640349
28,185829	1,625554
28,188607	1,618979
28,191385	1,624568
28,194162	1,644295
28,196940	1,650870
28,199718	1,641993
28,202496	1,622595
28,205273	1,614704
28,208051	1,622266
28,210829	1,641007
28,213607	1,650213
28,216384	1,644295
28,219162	1,628184
28,221940	1,620622
28,224718	1,629500
28,227495	1,644624
28,230273	1,655802
28,233051	1,646596
28,235829	1,629171
28,238606	1,619965
28,241384	1,630486
28,244162	1,644952
28,246940	1,656789
28,249717	1,648240
28,252495	1,631472
28,255273	1,624239
28,258051	1,632787
28,260828	1,647911
28,263606	1,655145
28,266384	1,646925
28,269162	1,629500
28,271939	1,626869
28,274717	1,637390
28,277495	1,656789
28,280273	1,667967
28,283050	1,657446
28,285828	1,637390
28,288606	1,628513
28,291384	1,632787
28,294161	1,650870
28,296939	1,663035
28,299717	1,655145
28,302495	1,641993
28,305272	1,633445
28,308050	1,640678
28,310828	1,656131
28,313606	1,666981
28,316383	1,657117
28,319161	1,642322
28,321939	1,633445
28,324717	1,642322
28,327494	1,660734
28,330272	1,669282
28,333050	1,657446
28,335828	1,640678
28,338605	1,634431
28,341383	1,644952
28,344161	1,663364
28,346939	1,670269
28,349716	1,660734
28,352494	1,642651
28,355272	1,635089
28,358050	1,642980
28,360827	1,661720
28,363605	1,670926
28,366383	1,663364
28,369161	1,647911
28,371938	1,640021
28,374716	1,646267
28,377494	1,661063
28,380272	1,670926
28,383049	1,660076
28,385827	1,643308
28,388605	1,633445
28,391383	1,642322
28,394160	1,657775
28,396938	1,668625
28,399716	1,659419
28,402494	1,641665
28,405271	1,633774
28,408049	1,642980
28,410827	1,661720
28,413605	1,671255
28,416382	1,662707
28,419160	1,643637
28,421938	1,638705
28,424716	1,646596
28,427493	1,663364
28,430271	1,672899
28,433049	1,665337
28,435827	1,645281
28,438604	1,637062
28,441382	1,640678
28,444160	1,658761
28,446938	1,668625
28,449715	1,661720
28,452493	1,648898
28,455271	1,642651
28,458049	1,651199
28,460826	1,665337
28,463604	1,673885
28,466382	1,661720
28,469160	1,645939
28,471937	1,636404
28,474715	1,644295
28,477493	1,661391
28,480271	1,671255
28,483048	1,660405
28,485826	1,645281
28,488604	1,639363
28,491382	1,646267
28,494159	1,662049
28,496937	1,670269
28,499715	1,662049
28,502493	1,645281
28,505270	1,639692
28,508048	1,646925
28,510826	1,664679
28,513604	1,672899
28,516381	1,663035
28,519159	1,647583
28,521937	1,640021
28,524715	1,646267
28,527492	1,662049
28,530270	1,669282
28,533048	1,657446
28,535826	1,643308
28,538603	1,633116
28,541381	1,642980
28,544159	1,659748
28,546937	1,668625
28,549714	1,660405
28,552492	1,643966
28,555270	1,636075
28,558048	1,642980
28,560825	1,657117
28,563603	1,663693
28,566381	1,654816
28,569159	1,638377
28,571936	1,634431
28,574714	1,643966
28,577492	1,664679
28,580270	1,674872
28,583047	1,667638
28,585825	1,647583
28,588603	1,639034
28,591381	1,646596
28,594158	1,662049
28,596936	1,669611
28,599714	1,658432
28,602492	1,639692
28,605269	1,629828
28,608047	1,638048
28,610825	1,652843
28,613603	1,664022
28,616380	1,655473
28,619158	1,637719
28,621936	1,632459
28,624714	1,640678
28,627491	1,658432
28,630269	1,668296
28,633047	1,660405
28,635825	1,643637
28,638602	1,637390
28,641380	1,643966
28,644158	1,663035
28,646936	1,673228
28,649713	1,664679
28,652491	1,649227
28,655269	1,640678
28,658047	1,647254
28,660824	1,663364
28,663602	1,673228
28,666380	1,665008
28,669158	1,646267
28,671935	1,638705
28,674713	1,646267
28,677491	1,664022
28,680269	1,673556
28,683046	1,663693
28,685824	1,643966
28,688602	1,633774
28,691380	1,641665
28,694157	1,658104
28,696935	1,666323
28,699713	1,657446
28,702491	1,641993
28,705268	1,636404
28,708046	1,645610
28,710824	1,664679
28,713602	1,672570
28,716379	1,664351
28,719157	1,647583
28,721935	1,638705
28,724713	1,648898
28,727490	1,666323
28,730268	1,671913
28,733046	1,659090
28,735824	1,638377
28,738601	1,632130
28,741379	1,642980
28,744157	1,659090
28,746935	1,667967
28,749712	1,659090
28,752490	1,639363
28,755268	1,631801
28,758046	1,640021
28,760823	1,656131
28,763601	1,667638
28,766379	1,658432
28,769157	1,639034
28,771934	1,632459
28,774712	1,640021
28,777490	1,656789
28,780268	1,666981
28,783046	1,658104
28,785823	1,640349
28,788601	1,632787
28,791379	1,641336
28,794156	1,658432
28,796934	1,668953
28,799712	1,661063
28,802490	1,643308
28,805267	1,634760
28,808045	1,643308
28,810823	1,660405
28,813601	1,669940
28,816378	1,660734
28,819156	1,643308
28,821934	1,634760
28,824712	1,642980
28,827489	1,661720
28,830267	1,670597
28,833045	1,658432
28,835823	1,641007
28,838600	1,630486
28,841378	1,637390
28,844156	1,654487
28,846934	1,662049
28,849711	1,652186
28,852489	1,633774
28,855267	1,627527
28,858045	1,634431
28,860822	1,652843
28,863600	1,661720
28,866378	1,651528
28,869156	1,635089
28,871933	1,627198
28,874711	1,637390
28,877489	1,653172
28,880267	1,664351
28,883044	1,654487
28,885822	1,639692
28,888600	1,632459
28,891378	1,641665
28,894156	1,657446
28,896933	1,664679
28,899711	1,654816
28,902489	1,636075
28,905266	1,627856
28,908044	1,638377
28,910822	1,654487
28,913600	1,665337
28,916377	1,658761
28,919155	1,637062
28,921933	1,629171
28,924711	1,636075
28,927488	1,653501
28,930266	1,660076
28,933044	1,652843
28,935822	1,635746
28,938599	1,629828
28,941377	1,639363
28,944155	1,653172
28,946933	1,664679
28,949710	1,654487
28,952488	1,636404
28,955266	1,624897
28,958044	1,636075
28,960821	1,653172
28,963599	1,665666
28,966377	1,654816
28,969155	1,637390
28,971932	1,627527
28,974710	1,634760
28,977488	1,652514
28,980266	1,662378
28,983043	1,652843
28,985821	1,634431
28,988599	1,628184
28,991377	1,635418
28,994154	1,656131
28,996932	1,664022
28,999710	1,654158
29,002488	1,634760
29,005265	1,630486
29,008043	1,638377
29,010821	1,655473
29,013599	1,665008
29,016376	1,653829
29,019154	1,636404
29,021932	1,629171
29,024710	1,640349
29,027487	1,659090
29,030265	1,669940
29,033043	1,658432
29,035821	1,641665
29,038598	1,629171
29,041376	1,636733
29,044154	1,652514
29,046932	1,659748
29,049709	1,649884
29,052487	1,633774
29,055265	1,626212
29,058043	1,634431
29,060820	1,650870
29,063598	1,658432
29,066376	1,652186
29,069154	1,635418
29,071931	1,629500
29,074709	1,637062
29,077487	1,655802
29,080265	1,663035
29,083042	1,653501
29,085820	1,637390
29,088598	1,631143
29,091376	1,641336
29,094153	1,658761
29,096931	1,668296
29,099709	1,658432
29,102487	1,640678
29,105264	1,631143
29,108042	1,639034
29,110820	1,652514
29,113598	1,660076
29,116375	1,649555
29,119153	1,635089
29,121931	1,628842
29,124709	1,639363
29,127486	1,656789
29,130264	1,667310
29,133042	1,657446
29,135820	1,637062
29,138597	1,626869
29,141375	1,631801
29,144153	1,650213
29,146931	1,657117
29,149708	1,650213
29,152486	1,634431
29,155264	1,628842
29,158042	1,637390
29,160819	1,651857
29,163597	1,659090
29,166375	1,648898
29,169153	1,631472
29,171930	1,623581
29,174708	1,631801
29,177486	1,646596
29,180264	1,657446
29,183041	1,647254
29,185819	1,632459
29,188597	1,624239
29,191375	1,633116
29,194152	1,651199
29,196930	1,679803
29,199708	1,704462
29,202486	1,736354
29,205263	1,780082
29,208041	1,834660
29,210819	1,885292
29,213597	1,915869
29,216374	1,922116
29,219152	1,917184
29,221930	1,919486
29,224708	1,930007
29,227485	1,947104
29,230263	1,950720
29,233041	1,931322
29,235819	1,897457
29,238596	1,866223
29,241374	1,845510
29,244152	1,827755
29,246930	1,799480
29,249707	1,753122
29,252485	1,699530
29,255263	1,655473
29,258041	1,635746
29,260818	1,628184
29,263596	1,622924
29,266374	1,600238
29,269152	1,572291
29,271929	1,559798
29,274707	1,568675
29,277485	1,584128
29,280263	1,592018
29,283040	1,583141
29,285818	1,560784
29,288596	1,556510
29,291374	1,564072
29,294151	1,583470
29,296929	1,593005
29,299707	1,586429
29,302485	1,567360
29,305262	1,562099
29,308040	1,569332
29,310818	1,585114
29,313596	1,595964
29,316373	1,587087
29,319151	1,570976
29,321929	1,564729
29,324707	1,565058
29,327484	1,563414
29,330262	1,540728
29,333040	1,504891
29,335818	1,486479
29,338595	1,533495
29,341373	1,682434
29,344151	1,922774
29,346929	2,259776
29,349706	2,637547
29,352484	3,016634
29,355262	3,195163
29,358040	3,198451
29,360817	3,199766
29,363595	3,200753
29,366373	3,198451
29,369151	3,187601
29,371928	2,964686
29,374706	2,426140
29,377484	1,837290
29,380262	1,350692
29,383039	1,060377
29,385817	0,954838
29,388595	0,992319
29,391373	1,105420
29,394150	1,229043
29,396928	1,332938
29,399706	1,392776
29,402484	1,420394
29,405261	1,435518
29,408039	1,452286
29,410817	1,468725
29,413595	1,476945
29,416372	1,468396
29,419150	1,454587
29,421928	1,452943
29,424706	1,469383
29,427483	1,491082
29,430261	1,505220
29,433039	1,500946
29,435817	1,482205
29,438594	1,473657
29,441372	1,481547
29,444150	1,501932
29,446928	1,517385
29,449705	1,515741
29,452483	1,508179
29,455261	1,512453
29,458039	1,535797
29,460816	1,560126
29,463594	1,578210
29,466372	1,578210
29,469150	1,570976
29,471927	1,571305
29,474705	1,590046
29,477483	1,617335
29,480261	1,637719
29,483038	1,639363
29,485816	1,633116
29,488594	1,632130
29,491372	1,646596
29,494149	1,667967
29,496927	1,680132
29,499705	1,673556
29,502483	1,660076
29,505260	1,659090
29,508038	1,672241
29,510816	1,695585
29,513594	1,707750
29,516371	1,705120
29,519149	1,702818
29,521927	1,721230
29,524705	1,761670
29,527482	1,810330
29,530260	1,843208
29,533038	1,852743
29,535816	1,851757
29,538593	1,861620
29,541371	1,887265
29,544149	1,920801
29,546927	1,944802
29,549704	1,944473
29,552482	1,932637
29,555260	1,924746
29,558038	1,923102
29,560815	1,923760
29,563593	1,912910
29,566371	1,883648
29,569149	1,843537
29,571926	1,811316
29,574704	1,790274
29,577482	1,773178
29,580260	1,746875
29,583037	1,695914
29,585815	1,632787
29,588593	1,575579
29,591371	1,533166
29,594148	1,503905
29,596926	1,476616
29,599704	1,435518
29,602482	1,395406
29,605259	1,372720
29,608037	1,380282
29,610815	1,398037
29,613593	1,415133
29,616370	1,409215
29,619148	1,394749
29,621926	1,389488
29,624704	1,400996
29,627481	1,419079
29,630259	1,428942
29,633037	1,423682
29,635815	1,405599
29,638592	1,401653
29,641370	1,407900
29,644148	1,429929
29,646926	1,437491
29,649703	1,429600
29,652481	1,414476
29,655259	1,412832
29,658037	1,424997
29,660814	1,443409
29,663592	1,454916
29,666370	1,444724
29,669148	1,430915
29,671925	1,424668
29,674703	1,433216
29,677481	1,447354
29,680259	1,461492
29,683037	1,451299
29,685814	1,439135
29,688592	1,432888
29,691370	1,445710
29,694147	1,465108
29,696925	1,475629
29,699703	1,466095
29,702481	1,449984
29,705258	1,443737
29,708036	1,452286
29,710814	1,473657
29,713592	1,482534
29,716369	1,475958
29,719147	1,458861
29,721925	1,451299
29,724703	1,458861
29,727480	1,482863
29,730258	1,495028
29,733036	1,490096
29,735814	1,476616
29,738591	1,469054
29,741369	1,476945
29,744147	1,493384
29,746925	1,507192
29,749702	1,499302
29,752480	1,486479
29,755258	1,476616
29,758036	1,489767
29,760813	1,507521
29,763591	1,518042
29,766369	1,507850
29,769147	1,492068
29,771924	1,488123
29,774702	1,498644
29,777480	1,515741
29,780258	1,525933
29,783035	1,521330
29,785813	1,503576
29,788591	1,500288
29,791369	1,507850
29,794146	1,526919
29,796924	1,537440
29,799702	1,530207
29,802480	1,511467
29,805257	1,506535
29,808035	1,514754
29,810813	1,531522
29,813591	1,542372
29,816368	1,533495
29,819146	1,520015
29,821924	1,512782
29,824702	1,523632
29,827479	1,538098
29,830257	1,549605
29,833035	1,536454
29,835813	1,524947
29,838590	1,519686
29,841368	1,533166
29,844146	1,551578
29,846924	1,560126
29,849701	1,549277
29,852479	1,532180
29,855257	1,529550
29,858035	1,537769
29,860812	1,559140
29,863590	1,564729
29,866368	1,556839
29,869146	1,537769
29,871923	1,532509
29,874701	1,539413
29,877479	1,559469
29,880257	1,570648
29,883034	1,562757
29,885812	1,545331
29,888590	1,537440
29,891368	1,550921
29,894145	1,571305
29,896923	1,582484
29,899701	1,573278
29,902479	1,559140
29,905256	1,549934
29,908034	1,561442
29,910812	1,579196
29,913590	1,590374
29,916367	1,581826
29,919145	1,567031
29,921923	1,562428
29,924701	1,570648
29,927478	1,587744
29,930256	1,594320
29,933034	1,586758
29,935812	1,570976
29,938589	1,566702
29,941367	1,574264
29,944145	1,590703
29,946923	1,598923
29,949700	1,590374
29,952478	1,572949
29,955256	1,567360
29,958034	1,575579
29,960811	1,590374
29,963589	1,600238
29,966367	1,589717
29,969145	1,575250
29,971922	1,570319
29,974700	1,584128
29,977478	1,602211
29,980256	1,614047
29,983033	1,600567
29,985811	1,582155
29,988589	1,575579
29,991367	1,582812
29,994144	1,600567
29,996922	1,611088
29,999700	1,602539
30,002478	1,587744
30,005255	1,585771
30,008033	1,593005
30,010811	1,613389
30,013589	1,621609
30,016366	1,611417
30,019144	1,592676
30,021922	1,587744
30,024700	1,592347
30,027477	1,610101
30,030255	1,619636
30,033033	1,609444
30,035811	1,594649
30,038588	1,591032
30,041366	1,600238
30,044144	1,619965
30,046922	1,629171
30,049699	1,617006
30,052477	1,598594
30,055255	1,589717
30,058033	1,600895
30,060810	1,618321
30,063588	1,627527
30,066366	1,620951
30,069144	1,606156
30,071921	1,598923
30,074699	1,604512
30,077477	1,616677
30,080255	1,623910
30,083032	1,617006
30,085810	1,602868
30,088588	1,599252
30,091366	1,610430
30,094143	1,627198
30,096921	1,636404
30,099699	1,629500
30,102477	1,610759
30,105254	1,604512
30,108032	1,613389
30,110810	1,630486
30,113588	1,642322
30,116365	1,633445
30,119143	1,615033
30,121921	1,605827
30,124699	1,613060
30,127476	1,629828
30,130254	1,644295
30,133032	1,635746
30,135810	1,617992
30,138587	1,610759
30,141365	1,618321
30,144143	1,636075
30,146921	1,645610
30,149698	1,638048
30,152476	1,618979
30,155254	1,614704
30,158032	1,619307
30,160809	1,635089
30,163587	1,641007
30,166365	1,631143
30,169143	1,615362
30,171920	1,612074
30,174698	1,622924
30,177476	1,641993
30,180254	1,648898
30,183031	1,637719
30,185809	1,621938
30,188587	1,617992
30,191365	1,627527
30,194142	1,644295
30,196920	1,656131
30,199698	1,645281
30,202476	1,626869
30,205253	1,618321
30,208031	1,625883
30,210809	1,643966
30,213587	1,652514
30,216364	1,642651
30,219142	1,625883
30,221920	1,618321
30,224698	1,625225
30,227475	1,641665
30,230253	1,648898
30,233031	1,641336
30,235809	1,626541
30,238586	1,622266
30,241364	1,633116
30,244142	1,651528
30,246920	1,664022
30,249697	1,654158
30,252475	1,634431
30,255253	1,625225
30,258031	1,629171
30,260808	1,644295
30,263586	1,653172
30,266364	1,644624
30,269142	1,629500
30,271919	1,623910
30,274697	1,632787
30,277475	1,647911
30,280253	1,657446
30,283030	1,650870
30,285808	1,632787
30,288586	1,625883
30,291364	1,632130
30,294141	1,650542
30,296919	1,658432
30,299697	1,649884
30,302475	1,633445
30,305252	1,627856
30,308030	1,638705
30,310808	1,657775
30,313586	1,668296
30,316363	1,654487
30,319141	1,632459
30,321919	1,625225
30,324697	1,635418
30,327474	1,653829
30,330252	1,665666
30,333030	1,656789
30,335808	1,640678
30,338585	1,633116
30,341363	1,638048
30,344141	1,653501
30,346919	1,660734
30,349696	1,651199
30,352474	1,636733
30,355252	1,631143
30,358030	1,641336
30,360807	1,660076
30,363585	1,668296
30,366363	1,659419
30,369141	1,640349
30,371918	1,632130
30,374696	1,639034
30,377474	1,657775
30,380252	1,666652
30,383029	1,657117
30,385807	1,641336
30,388585	1,633116
30,391363	1,645281
30,394140	1,664022
30,396918	1,674214
30,399696	1,662707
30,402474	1,644952
30,405251	1,636733
30,408029	1,646596
30,410807	1,663693
30,413585	1,672899
30,416362	1,664022
30,419140	1,646267
30,421918	1,636733
30,424696	1,642651
30,427473	1,658432
30,430251	1,666981
30,433029	1,660734
30,435807	1,641336
30,438584	1,634103
30,441362	1,639692
30,444140	1,658432
30,446918	1,665008
30,449695	1,657117
30,452473	1,639034
30,455251	1,633774
30,458029	1,643637
30,460806	1,658761
30,463584	1,668625
30,466362	1,659748
30,469140	1,644952
30,471917	1,638048
30,474695	1,646925
30,477473	1,660734
30,480251	1,671913
30,483028	1,662378
30,485806	1,646267
30,488584	1,641007
30,491362	1,649227
30,494139	1,660734
30,496917	1,667967
30,499695	1,658104
30,502473	1,641336
30,505250	1,636733
30,508028	1,642980
30,510806	1,661063
30,513584	1,666981
30,516361	1,660405
30,519139	1,645610
30,521917	1,641336
30,524695	1,647583
30,527472	1,665666
30,530250	1,671584
30,533028	1,658761
30,535806	1,642980
30,538583	1,637390
30,541361	1,647911
30,544139	1,664351
30,546917	1,676187
30,549694	1,665008
30,552472	1,647911
30,555250	1,638048
30,558028	1,644624
30,560805	1,659419
30,563583	1,670597
30,566361	1,661391
30,569139	1,646925
30,571916	1,639034
30,574694	1,644624
30,577472	1,660405
30,580250	1,668953
30,583028	1,662049
30,585805	1,645610
30,588583	1,640021
30,591361	1,645939
30,594138	1,664679
30,596916	1,672899
30,599694	1,663693
30,602472	1,646596
30,605249	1,640678
30,608027	1,647583
30,610805	1,660734
30,613583	1,669611
30,616360	1,661063
30,619138	1,646925
30,621916	1,640021
30,624694	1,650542
30,627471	1,665666
30,630249	1,676844
30,633027	1,667638
30,635805	1,652514
30,638582	1,646596
30,641360	1,653501
30,644138	1,668296
30,646916	1,675200
30,649693	1,664351
30,652471	1,645281
30,655249	1,638377
30,658027	1,645281
30,660804	1,662707
30,663582	1,671913
30,666360	1,665008
30,669138	1,647254
30,671915	1,641665
30,674693	1,649884
30,677471	1,665666
30,680249	1,673556
30,683026	1,663035
30,685804	1,645939
30,688582	1,636075
30,691360	1,646596
30,694137	1,664022
30,696915	1,674543
30,699693	1,661720
30,702471	1,645610
30,705248	1,638377
30,708026	1,646267
30,710804	1,660405
30,713582	1,666652
30,716359	1,652843
30,719137	1,639363
30,721915	1,635089
30,724693	1,645281
30,727470	1,664022
30,730248	1,670926
30,733026	1,660734
30,735804	1,641336
30,738581	1,632459
30,741359	1,637719
30,744137	1,654816
30,746915	1,662049
30,749692	1,651857
30,752470	1,635418
30,755248	1,629171
30,758026	1,640349
30,760803	1,656131
30,763581	1,666652
30,766359	1,656460
30,769137	1,640349
30,771914	1,632459
30,774692	1,643308
30,777470	1,659748
30,780248	1,670597
30,783025	1,661720
30,785803	1,645281
30,788581	1,637390
30,791359	1,645281
30,794136	1,660076
30,796914	1,666652
30,799692	1,657117
30,802470	1,638705
30,805247	1,631472
30,808025	1,639363
30,810803	1,656460
30,813581	1,667638
30,816358	1,663364
30,819136	1,644952
30,821914	1,640678
30,824692	1,649555
30,827469	1,663693
30,830247	1,671255
30,833025	1,661391
30,835803	1,642980
30,838580	1,636733
30,841358	1,645610
30,844136	1,659419
30,846914	1,671255
30,849691	1,663364
30,852469	1,646267
30,855247	1,639034
30,858025	1,646267
30,860802	1,659748
30,863580	1,667638
30,866358	1,654816
30,869136	1,637719
30,871913	1,631143
30,874691	1,640678
30,877469	1,658432
30,880247	1,668296
30,883024	1,661063
30,885802	1,644624
30,888580	1,636733
30,891358	1,641336
30,894135	1,658432
30,896913	1,663364
30,899691	1,650870
30,902469	1,635089
30,905246	1,630157
30,908024	1,640349
30,910802	1,657117
30,913580	1,667310
30,916357	1,657775
30,919135	1,641993
30,921913	1,632787
30,924691	1,639363
30,927468	1,655473
30,930246	1,663693
30,933024	1,655473
30,935802	1,641993
30,938579	1,635746
30,941357	1,644295
30,944135	1,660405
30,946913	1,668296
30,949690	1,656131
30,952468	1,637719
30,955246	1,631801
30,958024	1,638377
30,960801	1,656789
30,963579	1,667310
30,966357	1,659090
30,969135	1,642322
30,971912	1,634431
30,974690	1,642322
30,977468	1,655473
30,980246	1,666652
30,983023	1,659090
30,985801	1,642322
30,988579	1,634431
30,991357	1,639692
30,994134	1,655145
30,996912	1,664679
30,999690	1,655802
31,002468	1,640349
31,005245	1,635746
31,008023	1,643966
31,010801	1,660405
31,013579	1,666652
31,016356	1,652514
31,019134	1,633774
31,021912	1,626869
31,024690	1,636075
31,027467	1,652843
31,030245	1,664022
31,033023	1,654158
31,035801	1,635418
31,038578	1,629171
31,041356	1,636733
31,044134	1,653172
31,046912	1,663693
31,049689	1,652843
31,052467	1,635746
31,055245	1,627198
31,058023	1,637062
31,060800	1,654158
31,063578	1,664679
31,066356	1,654158
31,069134	1,635418
31,071911	1,625225
31,074689	1,630486
31,077467	1,649884
31,080245	1,660076
31,083022	1,650870
31,085800	1,635746
31,088578	1,629828
31,091356	1,636733
31,094133	1,655473
31,096911	1,663364
31,099689	1,651199
31,102467	1,634760
31,105244	1,624897
31,108022	1,635089
31,110800	1,652514
31,113578	1,659090
31,116355	1,646267
31,119133	1,629828
31,121911	1,620622
31,124689	1,633445
31,127466	1,652514
31,130244	1,666652
31,133022	1,657117
31,135800	1,638048
31,138577	1,629828
31,141355	1,637390
31,144133	1,653829
31,146911	1,663035
31,149688	1,656789
31,152466	1,637390
31,155244	1,630486
31,158022	1,635746
31,160799	1,652186
31,163577	1,659748
31,166355	1,651857
31,169133	1,633774
31,171910	1,627856
31,174688	1,636404
31,177466	1,650213
31,180244	1,656460
31,183021	1,647583
31,185799	1,647254
31,188577	1,673228
31,191355	1,729449
31,194132	1,795535
31,196910	1,851099
31,199688	1,876744
31,202466	1,884964
31,205243	1,892526
31,208021	1,913896
31,210799	1,942172
31,213577	1,961899
31,216354	1,953679
31,219132	1,933623
31,221910	1,916198
31,224688	1,906006
31,227465	1,899759
31,230243	1,879374
31,233021	1,836633
31,235799	1,783370
31,238576	1,741286
31,241354	1,710380
31,244132	1,690653
31,246910	1,663364
31,249687	1,627198
31,252465	1,595306
31,255243	1,575579
31,258021	1,576894
31,260798	1,586758
31,263576	1,595306
31,266354	1,582155
31,269132	1,566373
31,271909	1,559469
31,274687	1,571305
31,277465	1,585114
31,280243	1,593662
31,283020	1,582812
31,285798	1,565716
31,288576	1,558154
31,291354	1,565716
31,294131	1,585771
31,296909	1,593662
31,299687	1,588731
31,302465	1,570648
31,305242	1,565058
31,308020	1,572620
31,310798	1,591032
31,313576	1,593991
31,316353	1,568675
31,319131	1,520015
31,321909	1,487466
31,324687	1,484507
31,327464	1,545989
31,330242	1,668625
31,333020	1,864250
31,335798	2,161799
31,338575	2,527734
31,341353	2,939370
31,344131	3,196478
31,346909	3,200095
31,349686	3,202068
31,352464	3,201410
31,355242	3,199109
31,358020	3,192862
31,360797	3,055431
31,363575	2,570804
31,366353	1,951378
31,369131	1,407900
31,371908	1,081748
31,374686	0,964373
31,377464	1,005799
31,380242	1,110352
31,383019	1,210960
31,385797	1,289867
31,388575	1,354309
31,391353	1,410859
31,394130	1,455245
31,396908	1,474314
31,399686	1,465437
31,402464	1,451628
31,405241	1,445053
31,408019	1,457875
31,410797	1,479904
31,413575	1,496014
31,416352	1,486150
31,419130	1,477931
31,421908	1,471684
31,424686	1,485493
31,427463	1,502590
31,430241	1,512782
31,433019	1,507192
31,435797	1,497329
31,438574	1,497987
31,441352	1,511795
31,444130	1,540400
31,446908	1,559469
31,449685	1,560784
31,452463	1,550921
31,455241	1,553551
31,458019	1,572949
31,460796	1,599252
31,463574	1,614047
31,466352	1,614376
31,469130	1,601882
31,471907	1,603855
31,474685	1,622266
31,477463	1,648898
31,480241	1,667638
31,483018	1,666652
31,485796	1,656460
31,488574	1,650213
31,491352	1,662049
31,494129	1,678488
31,496907	1,691311
31,499685	1,686379
31,502463	1,676515
31,505240	1,678159
31,508018	1,699530
31,510796	1,737011
31,513574	1,774493
31,516351	1,794548
31,519129	1,802768
31,521907	1,816577
31,524685	1,840907
31,527462	1,873127
31,530240	1,902389
31,533018	1,913568
31,535796	1,912253
31,538573	1,911924
31,541351	1,922774
31,544129	1,938884
31,546907	1,942172
31,549684	1,919486
31,552462	1,883977
31,555240	1,856688
31,558018	1,844523
31,560795	1,837948
31,563573	1,816906
31,566351	1,776794
31,569129	1,724189
31,571906	1,670597
31,574684	1,633116
31,577462	1,601553
31,580240	1,560784
31,583017	1,504891
31,585795	1,447354
31,588573	1,405270
31,591351	1,385543
31,594128	1,388502
31,596906	1,392119
31,599684	1,389160
31,602462	1,379625
31,605239	1,380282
31,608017	1,391132
31,610795	1,409215
31,613573	1,418092
31,616350	1,409215
31,619128	1,391461
31,621906	1,386201
31,624684	1,398366
31,627461	1,420065
31,630239	1,431901
31,633017	1,425983
31,635795	1,411846
31,638572	1,405270
31,641350	1,416120
31,644128	1,434203
31,646906	1,447354
31,649683	1,440121
31,652461	1,422695
31,655239	1,417106
31,658017	1,424997
31,660794	1,441765
31,663572	1,452615
31,666350	1,448998
31,669128	1,428613
31,671905	1,424011
31,674683	1,433545
31,677461	1,452286
31,680239	1,462807
31,683016	1,456560
31,685794	1,441765
31,688572	1,438477
31,691350	1,448998
31,694127	1,468067
31,696905	1,479904
31,699683	1,472013
31,702461	1,457546
31,705238	1,451957
31,708016	1,461821
31,710794	1,478917
31,713572	1,490425
31,716349	1,481547
31,719127	1,466423
31,721905	1,462478
31,724683	1,474643
31,727460	1,492726
31,730238	1,504562
31,733016	1,496343
31,735794	1,479904
31,738571	1,473657
31,741349	1,477273
31,744127	1,495356
31,746905	1,505220
31,749682	1,496014
31,752460	1,479904
31,755238	1,474972
31,758016	1,487794
31,760793	1,507521
31,763571	1,520015
31,766349	1,512453
31,769127	1,497658
31,771904	1,492397
31,774682	1,500288
31,777460	1,516070
31,780238	1,524947
31,783015	1,517056
31,785793	1,503247
31,788571	1,497658
31,791349	1,508179
31,794126	1,527577
31,796904	1,538098
31,799682	1,533824
31,802460	1,515083
31,805237	1,507192
31,808015	1,514426
31,810793	1,534810
31,813571	1,545989
31,816348	1,539084
31,819126	1,521330
31,821904	1,513768
31,824682	1,522974
31,827459	1,539413
31,830237	1,549605
31,833015	1,541386
31,835793	1,526262
31,838570	1,519357
31,841348	1,530207
31,844126	1,547304
31,846904	1,563086
31,849681	1,554866
31,852459	1,538427
31,855237	1,532838
31,858015	1,542701
31,860792	1,563086
31,863570	1,575579
31,866348	1,569004
31,869126	1,549934
31,871903	1,542701
31,874681	1,547304
31,877459	1,566045
31,880237	1,574264
31,883014	1,566045
31,885792	1,548290
31,888570	1,543030
31,891348	1,553551
31,894125	1,572949
31,896903	1,583799
31,899681	1,573607
31,902459	1,558483
31,905236	1,549277
31,908014	1,559469
31,910792	1,578210
31,913570	1,591690
31,916347	1,582484
31,919125	1,568675
31,921903	1,560455
31,924681	1,567360
31,927458	1,583141
31,930236	1,593662
31,933014	1,584128
31,935792	1,569990
31,938569	1,563743
31,941347	1,572949
31,944125	1,594649
31,946903	1,604183
31,949680	1,597936
31,952458	1,579853
31,955236	1,573607
31,958014	1,578538
31,960791	1,598594
31,963569	1,607800
31,966347	1,600567
31,969125	1,585771
31,971902	1,579525
31,974680	1,588073
31,977458	1,601224
31,980236	1,612732
31,983013	1,601553
31,985791	1,585443
31,988569	1,577881
31,991347	1,592018
31,994124	1,607471
31,996902	1,619965
31,999680	1,613060
32,002458	1,596293
32,005235	1,588731
32,008013	1,597608
32,010791	1,612403
32,013569	1,621280
32,016346	1,612074
32,019124	1,593662
32,021902	1,589059
32,024680	1,596293
32,027457	1,616677
32,030235	1,626869
32,033013	1,622595
32,035791	1,604512
32,038568	1,597936
32,041346	1,602539
32,044124	1,620294
32,046902	1,629171
32,049679	1,618321
32,052457	1,600567
32,055235	1,594649
32,058013	1,607800
32,060790	1,623581
32,063568	1,633116
32,066346	1,620951
32,069124	1,607142
32,071901	1,598923
32,074679	1,607471
32,077457	1,623910
32,080235	1,633445
32,083012	1,623910
32,085790	1,610759
32,088568	1,606485
32,091346	1,616677
32,094123	1,632459
32,096901	1,641336
32,099679	1,636075
32,102457	1,618321
32,105234	1,612732
32,108012	1,616348
32,110790	1,633445
32,113568	1,640021
32,116346	1,631801
32,119123	1,616677
32,121901	1,609115
32,124679	1,618979
32,127457	1,638705
32,130234	1,651528
32,133012	1,641007
32,135790	1,624568
32,138568	1,612074
32,141345	1,621280
32,144123	1,637390
32,146901	1,645610
32,149679	1,635746
32,152456	1,622266
32,155234	1,617006
32,158012	1,628184
32,160789	1,646596
32,163567	1,657775
32,166345	1,650542
32,169123	1,629828
32,171900	1,619965
32,174678	1,624239
32,177456	1,639363
32,180234	1,649555
32,183011	1,642980
32,185789	1,624897
32,188567	1,620622
32,191345	1,629500
32,194122	1,645939
32,196900	1,656460
32,199678	1,646267
32,202456	1,626541
32,205233	1,617335
32,208011	1,624897
32,210789	1,641336
32,213567	1,652186
32,216344	1,643637
32,219122	1,628184
32,221900	1,623581
32,224678	1,632459
32,227455	1,649884
32,230233	1,660405
32,233011	1,652186
32,235789	1,637062
32,238566	1,633116
32,241344	1,638377
32,244122	1,655473
32,246900	1,664351
32,249677	1,655473
32,252455	1,635089
32,255233	1,627856
32,258011	1,635089
32,260788	1,655473
32,263566	1,665008
32,266344	1,653501
32,269122	1,638377
32,271899	1,629500
32,274677	1,638377
32,277455	1,655473
32,280233	1,664022
32,283010	1,654816
32,285788	1,638705
32,288566	1,627198
32,291344	1,634103
32,294121	1,651199
32,296899	1,661063
32,299677	1,654816
32,302455	1,639363
32,305232	1,629828
32,308010	1,640021
32,310788	1,658104
32,313566	1,665008
32,316343	1,655802
32,319121	1,635746
32,321899	1,629171
32,324677	1,638048
32,327454	1,656460
32,330232	1,665994
32,333010	1,657446
32,335788	1,638048
32,338566	1,632459
32,341343	1,641993
32,344121	1,658432
32,346899	1,669282
32,349677	1,661720
32,352454	1,644295
32,355232	1,635746
32,358010	1,642322
32,360788	1,657775
32,363565	1,668953
32,366343	1,662707
32,369121	1,648240
32,371899	1,641007
32,374676	1,647583
32,377454	1,662707
32,380232	1,672570
32,383009	1,663035
32,385787	1,644624
32,388565	1,636404
32,391343	1,641665
32,394120	1,655145
32,396898	1,663693
32,399676	1,658104
32,402454	1,644295
32,405231	1,639363
32,408009	1,645939
32,410787	1,663035
32,413565	1,672241
32,416342	1,661720
32,419120	1,644624
32,421898	1,636075
32,424676	1,641993
32,427453	1,659090
32,430231	1,667310
32,433009	1,655802
32,435787	1,639692
32,438564	1,633445
32,441342	1,642980
32,444120	1,659090
32,446898	1,666652
32,449675	1,654816
32,452453	1,637062
32,455231	1,630815
32,458009	1,640349
32,460786	1,658104
32,463564	1,668625
32,466342	1,660734
32,469120	1,641993
32,471897	1,634760
32,474675	1,641993
32,477453	1,657446
32,480231	1,666981
32,483008	1,660405
32,485786	1,645939
32,488564	1,637390
32,491342	1,646267
32,494119	1,661063
32,496897	1,669282
32,499675	1,659748
32,502453	1,641007
32,505230	1,633774
32,508008	1,643308
32,510786	1,661391
32,513564	1,671255
32,516341	1,662378
32,519119	1,643966
32,521897	1,636404
32,524675	1,642322
32,527452	1,660076
32,530230	1,670597
32,533008	1,663364
32,535786	1,645281
32,538563	1,640349
32,541341	1,647911
32,544119	1,662049
32,546897	1,670926
32,549674	1,662049
32,552452	1,644624
32,555230	1,636404
32,558008	1,645281
32,560786	1,664022
32,563563	1,672570
32,566341	1,659748
32,569119	1,641007
32,571897	1,630486
32,574674	1,638377
32,577452	1,658104
32,580230	1,670597
32,583008	1,662707
32,585785	1,644952
32,588563	1,637390
32,591341	1,640678
32,594119	1,657446
32,596896	1,666323
32,599674	1,659419
32,602452	1,642651
32,605230	1,636075
32,608007	1,642651
32,610785	1,662378
32,613563	1,671255
32,616340	1,662049
32,619118	1,645939
32,621896	1,635418
32,624674	1,643308
32,627451	1,659419
32,630229	1,669282
32,633007	1,662049
32,635785	1,648240
32,638562	1,637719
32,641340	1,646267
32,644118	1,657775
32,646896	1,666652
32,649673	1,657446
32,652451	1,642322
32,655229	1,634431
32,658007	1,644295
32,660784	1,664351
32,663562	1,674543
32,666340	1,665994
32,669118	1,644624
32,671895	1,636075
32,674673	1,642322
32,677451	1,659419
32,680229	1,667638
32,683006	1,660734
32,685784	1,642980
32,688562	1,636404
32,691340	1,645610
32,694117	1,659419
32,696895	1,669940
32,699673	1,662378
32,702451	1,646267
32,705228	1,640349
32,708006	1,647911
32,710784	1,661720
32,713562	1,669282
32,716339	1,654158
32,719117	1,638705
32,721895	1,631801
32,724673	1,642322
32,727450	1,659748
32,730228	1,668296
32,733006	1,657775
32,735784	1,639034
32,738561	1,634760
32,741339	1,641665
32,744117	1,660405
32,746895	1,668625
32,749672	1,660076
32,752450	1,642322
32,755228	1,636404
32,758006	1,643308
32,760783	1,662049
32,763561	1,673556
32,766339	1,664022
32,769117	1,645281
32,771894	1,635746
32,774672	1,642322
32,777450	1,659419
32,780228	1,670269
32,783006	1,660076
32,785783	1,646925
32,788561	1,637719
32,791339	1,647254
32,794117	1,664022
32,796894	1,673228
32,799672	1,663364
32,802450	1,643308
32,805228	1,632130
32,808005	1,636733
32,810783	1,654816
32,813561	1,664679
32,816339	1,660405
32,819116	1,643637
32,821894	1,640021
32,824672	1,647911
32,827450	1,666323
32,830227	1,674214
32,833005	1,664351
32,835783	1,643966
32,838560	1,635418
32,841338	1,642980
32,844116	1,657446
32,846894	1,667967
32,849671	1,658761
32,852449	1,643308
32,855227	1,634431
32,858005	1,644295
32,860782	1,659090
32,863560	1,669940
32,866338	1,659419
32,869116	1,642322
32,871893	1,632459
32,874671	1,640349
32,877449	1,655473
32,880227	1,664022
32,883004	1,657446
32,885782	1,640021
32,888560	1,635089
32,891338	1,639363
32,894115	1,655473
32,896893	1,663693
32,899671	1,659090
32,902449	1,641336
32,905226	1,633445
32,908004	1,637390
32,910782	1,652514
32,913560	1,664022
32,916337	1,655145
32,919115	1,640021
32,921893	1,631801
32,924671	1,638048
32,927448	1,652843
32,930226	1,663035
32,933004	1,650542
32,935782	1,636404
32,938559	1,630157
32,941337	1,641993
32,944115	1,658761
32,946893	1,670597
32,949670	1,659748
32,952448	1,642322
32,955226	1,633445
32,958004	1,640349
32,960781	1,660734
32,963559	1,666981
32,966337	1,659748
32,969115	1,643308
32,971892	1,635418
32,974670	1,641665
32,977448	1,658432
32,980226	1,666652
32,983003	1,657117
32,985781	1,639034
32,988559	1,628842
32,991337	1,636075
32,994114	1,653501
32,996892	1,666323
32,999670	1,659090
33,002448	1,643308
33,005226	1,635418
33,008003	1,644952
33,010781	1,659090
33,013559	1,669282
33,016337	1,659419
33,019114	1,640678
33,021892	1,630486
33,024670	1,638048
33,027448	1,652514
33,030225	1,661063
33,033003	1,654158
33,035781	1,636733
33,038559	1,631472
33,041336	1,638705
33,044114	1,654158
33,046892	1,662707
33,049670	1,655145
33,052447	1,634760
33,055225	1,627527
33,058003	1,634103
33,060780	1,651857
33,063558	1,661720
33,066336	1,653501
33,069114	1,637062
33,071891	1,629171
33,074669	1,637719
33,077447	1,651528
33,080225	1,659090
33,083002	1,646596
33,085780	1,633774
33,088558	1,626541
33,091336	1,636075
33,094113	1,652843
33,096891	1,661720
33,099669	1,651857
33,102447	1,633774
33,105224	1,624897
33,108002	1,631801
33,110780	1,650870
33,113558	1,661063
33,116335	1,653172
33,119113	1,634760
33,121891	1,626869
33,124669	1,635746
33,127446	1,655145
33,130224	1,665337
33,133002	1,658761
33,135780	1,641336
33,138557	1,629171
33,141335	1,636733
33,144113	1,650213
33,146891	1,661391
33,149668	1,653172
33,152446	1,635418
33,155224	1,626541
33,158002	1,637062
33,160779	1,652514
33,163557	1,662049
33,166335	1,652843
33,169113	1,635089
33,171890	1,627527
33,174668	1,646267
33,177446	1,694599
33,180224	1,750163
33,183001	1,791261
33,185779	1,822166
33,188557	1,851428
33,191335	1,885292
33,194112	1,915540
33,196890	1,938226
33,199668	1,940857
33,202446	1,931980
33,205223	1,926719
33,208001	1,928692
33,210779	1,933623
33,213557	1,930336
33,216334	1,900416
33,219112	1,854387
33,221890	1,812631
33,224668	1,785342
33,227445	1,769232
33,230223	1,741286
33,233001	1,694927
33,235779	1,642980
33,238557	1,606814
33,241334	1,593333
33,244112	1,598265
33,246890	1,600238
33,249668	1,586100
33,252445	1,565387
33,255223	1,555852
33,258001	1,560455
33,260779	1,578538
33,263556	1,589388
33,266334	1,579196
33,269112	1,564729
33,271890	1,556181
33,274667	1,563414
33,277445	1,580182
33,280223	1,592347
33,283000	1,584128
33,285778	1,568675
33,288556	1,558811
33,291334	1,566373
33,294111	1,586100
33,296889	1,598594
33,299667	1,591690
33,302445	1,572291
33,305222	1,549277
33,308000	1,527577
33,310778	1,515741
33,313556	1,508508
33,316333	1,535797
33,319111	1,619307
33,321889	1,807700
33,324667	2,115111
33,327444	2,492883
33,330222	2,909780
33,333000	3,191218
33,335778	3,198780
33,338555	3,200753
33,341333	3,201410
33,344111	3,200424
33,346889	3,195492
33,349666	3,098172
33,352444	2,639191
33,355222	2,023052
33,358000	1,480561
33,360777	1,136984
33,363555	0,996265
33,366333	0,993634
33,369111	1,066295
33,371888	1,169533
33,374666	1,279018
33,377444	1,372720
33,380222	1,436175
33,382999	1,458533
33,385777	1,450642
33,388555	1,444066
33,391333	1,448340
33,394110	1,466752
33,396888	1,480232
33,399666	1,479575
33,402444	1,467410
33,405221	1,463464
33,407999	1,472342
33,410777	1,492068
33,413555	1,505877
33,416332	1,497658
33,419110	1,483849
33,421888	1,480561
33,424666	1,495685
33,427443	1,518700
33,430221	1,540400
33,432999	1,538756
33,435777	1,531194
33,438554	1,530865
33,441332	1,544016
33,444110	1,569332
33,446888	1,587744
33,449665	1,589059
33,452443	1,581826
33,455221	1,586100
33,457999	1,600895
33,460777	1,628184
33,463554	1,648569
33,466332	1,649227
33,469110	1,636404
33,471888	1,634431
33,474665	1,645610
33,477443	1,668296
33,480221	1,684735
33,482999	1,681776
33,485776	1,671913
33,488554	1,668625
33,491332	1,684406
33,494110	1,706763
33,496887	1,726819
33,499665	1,737998
33,502443	1,747532
33,505221	1,765944
33,507998	1,801453
33,510776	1,842879
33,513554	1,868853
33,516331	1,879703
33,519109	1,882991
33,521887	1,893183
33,524665	1,914554
33,527442	1,937898
33,530220	1,950391
33,532998	1,943158
33,535776	1,920472
33,538553	1,898772
33,541331	1,887594
33,544109	1,883320
33,546887	1,875429
33,549664	1,847482
33,552442	1,803426
33,555220	1,765287
33,557998	1,734710
33,560775	1,710051
33,563553	1,677173
33,566331	1,617663
33,569109	1,549934
33,571886	1,492068
33,574664	1,458861
33,577442	1,437819
33,580220	1,422038
33,582997	1,394420
33,585775	1,372392
33,588553	1,367789
33,591331	1,380282
33,594108	1,403626
33,596886	1,418421
33,599664	1,414476
33,602442	1,397708
33,605219	1,391461
33,607997	1,399023
33,610775	1,420394
33,613553	1,430915
33,616330	1,424997
33,619108	1,406585
33,621886	1,398694
33,624664	1,404941
33,627441	1,426312
33,630219	1,441107
33,632997	1,437491
33,635775	1,422038
33,638552	1,412832
33,641330	1,424997
33,644108	1,442094
33,646886	1,454259
33,649663	1,443409
33,652441	1,428942
33,655219	1,418750
33,657997	1,431244
33,660774	1,451628
33,663552	1,464451
33,666330	1,457546
33,669108	1,441765
33,671885	1,435518
33,674663	1,445053
33,677441	1,464451
33,680219	1,474972
33,682997	1,469383
33,685774	1,452286
33,688552	1,445381
33,691330	1,454916
33,694108	1,474972
33,696885	1,487794
33,699663	1,485164
33,702441	1,469383
33,705219	1,462807
33,707996	1,470369
33,710774	1,486150
33,713552	1,498315
33,716330	1,489109
33,719107	1,474643
33,721885	1,469383
33,724663	1,482534
33,727441	1,499959
33,730218	1,514426
33,732996	1,505549
33,735774	1,489438
33,738551	1,480561
33,741329	1,490096
33,744107	1,507850
33,746885	1,520344
33,749662	1,511795
33,752440	1,496014
33,755218	1,493384
33,757996	1,499959
33,760773	1,521001
33,763551	1,531194
33,766329	1,525276
33,769107	1,504891
33,771884	1,495028
33,774662	1,498315
33,777440	1,520673
33,780218	1,533495
33,782995	1,526591
33,785773	1,514097
33,788551	1,505549
33,791329	1,511795
33,794106	1,526919
33,796884	1,537769
33,799662	1,528235
33,802440	1,514426
33,805217	1,503905
33,807995	1,511138
33,810773	1,530536
33,813551	1,544674
33,816328	1,538427
33,819106	1,523960
33,821884	1,517056
33,824662	1,527906
33,827439	1,552236
33,830217	1,563086
33,832995	1,553880
33,835773	1,536454
33,838550	1,528892
33,841328	1,535797
33,844106	1,553222
33,846884	1,562428
33,849661	1,558154
33,852439	1,541715
33,855217	1,534810
33,857995	1,545002
33,860772	1,561442
33,863550	1,574922
33,866328	1,568017
33,869106	1,551249
33,871883	1,543687
33,874661	1,554208
33,877439	1,571305
33,880217	1,581169
33,882994	1,572949
33,885772	1,555524
33,888550	1,550921
33,891328	1,560126
33,894105	1,577223
33,896883	1,587087
33,899661	1,577223
33,902439	1,557496
33,905216	1,552893
33,907994	1,561442
33,910772	1,581826
33,913550	1,595964
33,916328	1,589717
33,919105	1,570319
33,921883	1,563086
33,924661	1,570648
33,927439	1,587744
33,930216	1,600238
33,932994	1,590046
33,935772	1,574264
33,938550	1,566702
33,941327	1,574264
33,944105	1,591690
33,946883	1,604512
33,949661	1,597936
33,952438	1,581826
33,955216	1,573935
33,957994	1,578538
33,960771	1,597608
33,963549	1,607142
33,966327	1,601553
33,969105	1,584456
33,971882	1,576566
33,974660	1,581826
33,977438	1,601553
33,980216	1,610430
33,982993	1,604841
33,985771	1,590046
33,988549	1,580840
33,991327	1,588731
33,994104	1,607142
33,996882	1,618650
33,999660	1,611088
34,002438	1,594649
34,005215	1,584128
34,007993	1,591361
34,010771	1,608786
34,013549	1,619636
34,016326	1,614704
34,019104	1,601224
34,021882	1,591690
34,024660	1,599909
34,027437	1,616677
34,030215	1,626541
34,032993	1,619636
34,035771	1,600238
34,038548	1,591690
34,041326	1,598923
34,044104	1,620622
34,046882	1,632787
34,049659	1,628513
34,052437	1,610430
34,055215	1,600238
34,057993	1,604841
34,060770	1,619965
34,063548	1,630815
34,066326	1,622924
34,069104	1,608129
34,071881	1,603526
34,074659	1,612732
34,077437	1,626869
34,080215	1,637719
34,082992	1,626869
34,085770	1,612074
34,088548	1,604512
34,091326	1,615033
34,094103	1,633774
34,096881	1,646596
34,099659	1,638048
34,102437	1,619636
34,105214	1,613060
34,107992	1,618979
34,110770	1,635746
34,113548	1,644952
34,116325	1,638377
34,119103	1,621609
34,121881	1,615362
34,124659	1,620622
34,127436	1,638705
34,130214	1,648240
34,132992	1,638377
34,135770	1,622595
34,138548	1,613389
34,141325	1,622595
34,144103	1,638705
34,146881	1,649555
34,149659	1,641993
34,152436	1,625883
34,155214	1,615691
34,157992	1,624568
34,160770	1,642322
34,163547	1,656131
34,166325	1,649227
34,169103	1,632459
34,171881	1,621280
34,174658	1,623581
34,177436	1,640678
34,180214	1,649227
34,182991	1,643308
34,185769	1,628842
34,188547	1,623253
34,191325	1,630157
34,194102	1,648240
34,196880	1,658761
34,199658	1,652186
34,202436	1,631801
34,205213	1,621938
34,207991	1,630486
34,210769	1,647911
34,213547	1,660734
34,216324	1,653501
34,219102	1,637062
34,221880	1,624568
34,224658	1,630486
34,227435	1,642980
34,230213	1,655473
34,232991	1,646596
34,235769	1,632787
34,238546	1,625225
34,241324	1,632787
34,244102	1,650213
34,246880	1,662049
34,249657	1,656460
34,252435	1,637390
34,255213	1,630157
34,257991	1,635746
34,260768	1,654158
34,263546	1,664022
34,266324	1,655802
34,269102	1,638048
34,271879	1,630815
34,274657	1,635089
34,277435	1,654158
34,280213	1,666323
34,282990	1,659090
34,285768	1,643966
34,288546	1,634431
34,291324	1,640349
34,294101	1,655145
34,296879	1,665994
34,299657	1,653829
34,302435	1,639692
34,305212	1,631801
34,307990	1,641336
34,310768	1,656789
34,313546	1,667638
34,316323	1,658432
34,319101	1,640678
34,321879	1,629171
34,324657	1,635746
34,327434	1,653501
34,330212	1,662049
34,332990	1,654487
34,335768	1,638048
34,338545	1,630157
34,341323	1,633774
34,344101	1,651528
34,346879	1,661391
34,349656	1,654487
34,352434	1,635746
34,355212	1,627198
34,357990	1,634760
34,360768	1,652843
34,363545	1,665337
34,366323	1,658761
34,369101	1,645281
34,371879	1,636075
34,374656	1,641993
34,377434	1,656460
34,380212	1,665008
34,382990	1,656789
34,385767	1,638377
34,388545	1,626212
34,391323	1,629828
34,394101	1,647583
34,396878	1,662049
34,399656	1,660405
34,402434	1,642322
34,405212	1,635089
34,407989	1,640021
34,410767	1,658104
34,413545	1,666981
34,416322	1,657775
34,419100	1,640349
34,421878	1,632787
34,424656	1,638377
34,427433	1,654816
34,430211	1,667638
34,432989	1,658761
34,435767	1,642980
34,438544	1,633445
34,441322	1,640678
34,444100	1,655145
34,446878	1,667638
34,449655	1,660405
34,452433	1,645281
34,455211	1,636075
34,457989	1,642980
34,460766	1,660405
34,463544	1,672570
34,466322	1,665994
34,469100	1,647911
34,471877	1,637390
34,474655	1,640349
34,477433	1,657117
34,480211	1,667967
34,482988	1,663364
34,485766	1,648569
34,488544	1,641007
34,491322	1,645281
34,494099	1,662707
34,496877	1,672899
34,499655	1,662707
34,502433	1,645610
34,505210	1,638377
34,507988	1,644952
34,510766	1,662049
34,513544	1,674543
34,516321	1,666652
34,519099	1,648898
34,521877	1,636404
34,524655	1,642322
34,527432	1,657117
34,530210	1,667638
34,532988	1,660405
34,535766	1,645939
34,538543	1,637390
34,541321	1,642651
34,544099	1,658761
34,546877	1,668953
34,549654	1,661720
34,552432	1,644624
34,555210	1,638377
34,557988	1,646267
34,560765	1,662707
34,563543	1,672899
34,566321	1,665666
34,569099	1,647583
34,571876	1,639034
34,574654	1,646925
34,577432	1,664022
34,580210	1,677173
34,582988	1,669611
34,585765	1,652186
34,588543	1,639034
34,591321	1,646267
34,594099	1,662049
34,596876	1,671913
34,599654	1,663693
34,602432	1,647254
34,605210	1,638048
34,607987	1,643308
34,610765	1,658432
34,613543	1,670269
34,616321	1,662049
34,619098	1,646596
34,621876	1,637719
34,624654	1,643637
34,627432	1,658104
34,630209	1,666981
34,632987	1,658104
34,635765	1,641007
34,638542	1,634760
34,641320	1,643966
34,644098	1,662707
34,646876	1,674543
34,649653	1,665666
34,652431	1,648569
34,655209	1,637390
34,657987	1,643966
34,660764	1,660076
34,663542	1,671584
34,666320	1,664679
34,669098	1,648898
34,671875	1,638705
34,674653	1,646596
34,677431	1,663364
34,680209	1,671913
34,682986	1,665994
34,685764	1,650870
34,688542	1,640678
34,691320	1,645939
34,694097	1,664022
34,696875	1,673228
34,699653	1,664351
34,702431	1,645939
34,705208	1,636733
34,707986	1,641993
34,710764	1,657446
34,713542	1,669940
34,716319	1,663035
34,719097	1,644952
34,721875	1,635089
34,724653	1,642651
34,727430	1,657117
34,730208	1,667638
34,732986	1,656789
34,735764	1,639034
34,738541	1,633445
34,741319	1,642980
34,744097	1,660734
34,746875	1,671584
34,749652	1,663035
34,752430	1,644624
34,755208	1,637062
34,757986	1,641336
34,760763	1,658432
34,763541	1,671913
34,766319	1,665994
34,769097	1,645610
34,771874	1,632787
34,774652	1,635418
34,777430	1,650213
34,780208	1,660405
34,782985	1,652514
34,785763	1,637719
34,788541	1,632130
34,791319	1,638705
34,794096	1,655473
34,796874	1,669611
34,799652	1,663035
34,802430	1,647583
34,805207	1,637390
34,807985	1,644295
34,810763	1,659748
34,813541	1,669940
34,816319	1,661063
34,819096	1,643637
34,821874	1,634103
34,824652	1,639692
34,827430	1,658432
34,830207	1,669940
34,832985	1,662707
34,835763	1,642651
34,838541	1,633445
34,841318	1,638705
34,844096	1,656131
34,846874	1,666652
34,849652	1,662707
34,852429	1,647254
34,855207	1,639034
34,857985	1,645281
34,860762	1,661720
34,863540	1,670597
34,866318	1,662378
34,869096	1,644952
34,871873	1,631801
34,874651	1,637062
34,877429	1,652514
34,880207	1,665337
34,882984	1,659748
34,885762	1,642980
34,888540	1,632459
34,891318	1,638377
34,894095	1,653172
34,896873	1,664351
34,899651	1,659090
34,902429	1,641665
34,905206	1,635418
34,907984	1,641665
34,910762	1,656789
34,913540	1,666323
34,916317	1,660076
34,919095	1,640678
34,921873	1,633774
34,924651	1,639692
34,927428	1,655802
34,930206	1,664679
34,932984	1,656789
34,935762	1,642980
34,938539	1,633774
34,941317	1,640349
34,944095	1,654816
34,946873	1,669611
34,949650	1,660734
34,952428	1,643637
34,955206	1,631143
34,957984	1,635089
34,960761	1,648569
34,963539	1,658761
34,966317	1,651528
34,969095	1,636404
34,971872	1,631472
34,974650	1,639363
34,977428	1,656131
34,980206	1,665337
34,982983	1,657446
34,985761	1,636404
34,988539	1,627198
34,991317	1,631143
34,994094	1,649555
34,996872	1,657775
34,999650	1,648240
35,002428	1,631801
35,005205	1,624568
35,007983	1,631801
35,010761	1,647583
35,013539	1,660734
35,016316	1,651857
35,019094	1,638705
35,021872	1,629828
35,024650	1,637719
35,027427	1,650870
35,030205	1,661391
35,032983	1,653172
35,035761	1,638705
35,038539	1,629828
35,041316	1,636075
35,044094	1,650542
35,046872	1,657446
35,049650	1,651857
35,052427	1,633774
35,055205	1,630157
35,057983	1,637719
35,060761	1,654158
35,063538	1,664022
35,066316	1,659419
35,069094	1,639692
35,071872	1,630486
35,074649	1,635089
35,077427	1,650213
35,080205	1,661720
35,082982	1,654158
35,085760	1,637719
35,088538	1,628184
35,091316	1,638377
35,094093	1,654816
35,096871	1,668296
35,099649	1,661063
35,102427	1,644624
35,105204	1,631143
35,107982	1,635746
35,110760	1,650870
35,113538	1,664351
35,116315	1,657446
35,119093	1,638705
35,121871	1,628513
35,124649	1,632130
35,127426	1,648569
35,130204	1,659419
35,132982	1,655145
35,135760	1,637062
35,138537	1,627527
35,141315	1,632459
35,144093	1,650870
35,146871	1,662049
35,149648	1,655145
35,152426	1,636733
35,155204	1,625883
35,157982	1,631143
35,160759	1,647583
35,163537	1,668625
35,166315	1,689667
35,169093	1,716298
35,171870	1,756738
35,174648	1,812631
35,177426	1,869511
35,180204	1,908307
35,182981	1,916527
35,185759	1,913239
35,188537	1,916198
35,191315	1,932308
35,194092	1,948747
35,196870	1,956638
35,199648	1,943158
35,202426	1,913568
35,205203	1,882991
35,207981	1,863264
35,210759	1,844523
35,213537	1,818878
35,216314	1,776465
35,219092	1,720572
35,221870	1,675529
35,224648	1,644952
35,227425	1,632459
35,230203	1,625225
35,232981	1,605498
35,235759	1,578210
35,238536	1,560126
35,241314	1,568017
35,244092	1,579853
35,246870	1,592347
35,249647	1,581826
35,252425	1,562428
35,255203	1,554208
35,257981	1,561442
35,260759	1,578538
35,263536	1,590046
35,266314	1,584785
35,269092	1,568017
35,271870	1,559798
35,274647	1,565387
35,277425	1,582155
35,280203	1,595306
35,282981	1,590374
35,285758	1,570319
35,288536	1,561442
35,291314	1,564401
35,294092	1,563086
35,296869	1,549277
35,299647	1,514097
35,302425	1,484507
35,305203	1,504233
35,307980	1,599580
35,310758	1,797179
35,313536	2,090453
35,316313	2,433373
35,319091	2,823310
35,321869	3,178067
35,324647	3,198451
35,327424	3,199766
35,330202	3,201081
35,332980	3,200095
35,335758	3,195163
35,338535	3,131379
35,341313	2,729935
35,344091	2,137469
35,346869	1,580182
35,349646	1,184986
35,352424	0,985744
35,355202	0,965359
35,357980	1,050185
35,360757	1,176437
35,363535	1,288881
35,366313	1,362199
35,369091	1,403297
35,371868	1,427956
35,374646	1,448669
35,377424	1,467739
35,380202	1,476945
35,382979	1,469383
35,385757	1,453272
35,388535	1,448012
35,391313	1,459848
35,394090	1,480890
35,396868	1,497987
35,399646	1,497658
35,402424	1,483191
35,405201	1,474314
35,407979	1,482205
35,410757	1,499302
35,413535	1,517385
35,416312	1,520015
35,419090	1,511795
35,421868	1,513439
35,424646	1,530536
35,427423	1,557496
35,430201	1,577223
35,432979	1,578538
35,435757	1,569990
35,438534	1,570976
35,441312	1,586100
35,444090	1,610430
35,446868	1,631472
35,449645	1,634103
35,452423	1,626541
35,455201	1,627856
35,457979	1,641665
35,460756	1,663035
35,463534	1,678817
35,466312	1,675529
35,469090	1,663364
35,471867	1,658761
35,474645	1,666652
35,477423	1,687694
35,480201	1,703804
35,482978	1,703476
35,485756	1,696900
35,488534	1,707421
35,491312	1,739313
35,494090	1,787973
35,496867	1,828084
35,499645	1,845181
35,502423	1,846496
35,505201	1,854387
35,507978	1,877073
35,510756	1,911595
35,513534	1,937898
35,516312	1,940857
35,519089	1,929678
35,521867	1,920143
35,524645	1,923102
35,527423	1,926390
35,530200	1,920801
35,532978	1,894498
35,535756	1,856688
35,538533	1,819207
35,541311	1,798165
35,544089	1,783041
35,546867	1,761999
35,549644	1,719257
35,552422	1,659419
35,555200	1,600567
35,557978	1,551578
35,560755	1,520015
35,563533	1,488781
35,566311	1,448012
35,569089	1,402968
35,571866	1,374364
35,574644	1,372720
35,577422	1,387844
35,580200	1,404612
35,582977	1,406256
35,585755	1,396393
35,588533	1,388831
35,591311	1,397379
35,594088	1,411517
35,596866	1,428613
35,599644	1,425326
35,602422	1,410202
35,605199	1,400996
35,607977	1,407243
35,610755	1,422367
35,613533	1,435847
35,616310	1,430586
35,619088	1,413489
35,621866	1,408229
35,624644	1,415462
35,627421	1,435847
35,630199	1,450313
35,632977	1,445710
35,635755	1,429929
35,638532	1,424997
35,641310	1,433545
35,644088	1,453272
35,646866	1,466423
35,649643	1,458204
35,652421	1,441765
35,655199	1,430586
35,657977	1,439135
35,660754	1,456231
35,663532	1,472342
35,666310	1,466095
35,669088	1,453272
35,671865	1,444724
35,674643	1,451628
35,677421	1,468067
35,680199	1,483849
35,682976	1,479904
35,685754	1,466095
35,688532	1,454916
35,691310	1,461492
35,694087	1,481219
35,696865	1,491411
35,699643	1,488123
35,702421	1,471355
35,705198	1,467081
35,707976	1,475958
35,710754	1,495685
35,713532	1,505549
35,716310	1,500946
35,719087	1,486150
35,721865	1,476616
35,724643	1,484835
35,727421	1,500617
35,730198	1,514754
35,732976	1,507850
35,735754	1,492726
35,738532	1,481219
35,741309	1,490096
35,744087	1,505877
35,746865	1,523632
35,749643	1,518371
35,752420	1,502918
35,755198	1,495356
35,757976	1,502261
35,760753	1,517385
35,763531	1,529878
35,766309	1,526919
35,769087	1,509823
35,771864	1,504562
35,774642	1,510152
35,777420	1,529878
35,780198	1,541715
35,782975	1,539742
35,785753	1,522645
35,788531	1,512782
35,791309	1,520015
35,794086	1,535468
35,796864	1,548948
35,799642	1,542701
35,802420	1,527906
35,805197	1,518700
35,807975	1,528235
35,810753	1,544674
35,813531	1,561113
35,816308	1,554208
35,819086	1,538427
35,821864	1,529221
35,824642	1,537440
35,827419	1,550263
35,830197	1,562757
35,832975	1,555195
35,835753	1,539742
35,838530	1,532509
35,841308	1,537112
35,844086	1,560126
35,846864	1,574264
35,849641	1,570976
35,852419	1,553222
35,855197	1,543359
35,857975	1,544016
35,860752	1,561113
35,863530	1,571634
35,866308	1,569332
35,869086	1,556181
35,871863	1,547304
35,874641	1,554866
35,877419	1,570648
35,880197	1,582812
35,882974	1,573935
35,885752	1,561770
35,888530	1,549277
35,891308	1,558154
35,894085	1,572620
35,896863	1,587087
35,899641	1,584456
35,902419	1,570319
35,905196	1,560455
35,907974	1,566373
35,910752	1,583141
35,913530	1,595964
35,916307	1,592676
35,919085	1,575250
35,921863	1,567360
35,924641	1,571963
35,927418	1,588402
35,930196	1,600567
35,932974	1,597608
35,935752	1,582484
35,938530	1,573935
35,941307	1,580840
35,944085	1,595964
35,946863	1,610430
35,949641	1,602539
35,952418	1,585771
35,955196	1,575250
35,957974	1,582484
35,960752	1,597608
35,963529	1,613718
35,966307	1,608129
35,969085	1,594649
35,971863	1,584456
35,974640	1,589059
35,977418	1,603526
35,980196	1,618979
35,982973	1,613389
35,985751	1,596621
35,988529	1,588402
35,991307	1,592347
35,994084	1,611088
35,996862	1,625225
35,999640	1,619307
36,002418	1,603526
36,005195	1,594320
36,007973	1,597608
36,010751	1,614376
36,013529	1,625883
36,016306	1,618979
36,019084	1,603855
36,021862	1,593662
36,024640	1,600895
36,027417	1,616677
36,030195	1,627856
36,032973	1,621938
36,035751	1,609773
36,038528	1,598923
36,041306	1,605498
36,044084	1,620951
36,046862	1,629828
36,049639	1,622595
36,052417	1,608129
36,055195	1,597608
36,057973	1,602868
36,060750	1,621280
36,063528	1,636404
36,066306	1,630157
36,069084	1,612074
36,071861	1,602211
36,074639	1,608129
36,077417	1,625554
36,080195	1,638377
36,082972	1,635418
36,085750	1,616348
36,088528	1,607142
36,091306	1,613718
36,094083	1,629171
36,096861	1,641336
36,099639	1,635746
36,102417	1,619307
36,105194	1,608129
36,107972	1,611417
36,110750	1,624568
36,113528	1,639034
36,116305	1,634760
36,119083	1,618979
36,121861	1,610101
36,124639	1,617006
36,127416	1,633116
36,130194	1,644952
36,132972	1,639363
36,135750	1,622595
36,138527	1,613389
36,141305	1,618650
36,144083	1,635418
36,146861	1,648898
36,149638	1,643637
36,152416	1,625883
36,155194	1,616019
36,157972	1,620622
36,160749	1,637062
36,163527	1,651528
36,166305	1,646267
36,169083	1,628842
36,171861	1,616677
36,174638	1,620951
36,177416	1,635746
36,180194	1,647911
36,182972	1,642322
36,185749	1,629171
36,188527	1,620622
36,191305	1,627527
36,194083	1,645939
36,196860	1,657446
36,199638	1,652186
36,202416	1,632787
36,205193	1,622924
36,207971	1,630157
36,210749	1,649227
36,213527	1,660405
36,216304	1,656131
36,219082	1,638705
36,221860	1,625225
36,224638	1,628842
36,227415	1,643637
36,230193	1,656789
36,232971	1,654158
36,235749	1,637390
36,238526	1,626869
36,241304	1,634103
36,244082	1,649884
36,246860	1,663693
36,249637	1,658104
36,252415	1,639692
36,255193	1,627198
36,257971	1,632787
36,260748	1,649555
36,263526	1,660734
36,266304	1,655802
36,269082	1,638377
36,271859	1,630486
36,274637	1,636404
36,277415	1,653172
36,280193	1,663693
36,282970	1,657446
36,285748	1,636733
36,288526	1,625883
36,291304	1,631472
36,294081	1,648240
36,296859	1,661063
36,299637	1,656789
36,302415	1,639692
36,305192	1,631143
36,307970	1,638048
36,310748	1,653829
36,313526	1,666981
36,316303	1,659090
36,319081	1,640021
36,321859	1,628184
36,324637	1,634431
36,327414	1,650213
36,330192	1,664351
36,332970	1,660076
36,335748	1,643966
36,338525	1,635089
36,341303	1,637390
36,344081	1,654158
36,346859	1,664679
36,349636	1,658761
36,352414	1,642651
36,355192	1,631143
36,357970	1,633116
36,360747	1,651528
36,363525	1,665994
36,366303	1,662378
36,369081	1,647583
36,371858	1,637390
36,374636	1,643637
36,377414	1,655802
36,380192	1,668296
36,382969	1,661063
36,385747	1,644952
36,388525	1,632787
36,391303	1,641007
36,394081	1,657117
36,396858	1,669940
36,399636	1,664022
36,402414	1,648240
36,405192	1,637390
36,407969	1,642980
36,410747	1,659419
36,413525	1,671255
36,416303	1,665994
36,419080	1,646925
36,421858	1,636404
36,424636	1,640349
36,427414	1,656131
36,430191	1,668625
36,432969	1,665994
36,435747	1,645281
36,438524	1,635089
36,441302	1,641665
36,444080	1,660076
36,446858	1,676187
36,449635	1,669282
36,452413	1,651528
36,455191	1,640021
36,457969	1,647911
36,460746	1,662378
36,463524	1,676187
36,466302	1,667967
36,469080	1,651199
36,471857	1,637719
36,474635	1,640349
36,477413	1,652186
36,480191	1,664351
36,482968	1,658761
36,485746	1,644295
36,488524	1,636404
36,491302	1,641665
36,494079	1,660076
36,496857	1,673556
36,499635	1,668296
36,502413	1,648898
36,505190	1,638048
36,507968	1,643308
36,510746	1,661391
36,513524	1,671913
36,516301	1,665666
36,519079	1,649555
36,521857	1,639034
36,524635	1,642980
36,527412	1,658104
36,530190	1,671584
36,532968	1,663693
36,535746	1,646596
36,538523	1,631801
36,541301	1,640021
36,544079	1,656131
36,546857	1,671255
36,549634	1,665008
36,552412	1,649555
36,555190	1,638048
36,557968	1,642980
36,560745	1,658432
36,563523	1,669611
36,566301	1,665994
36,569079	1,648240
36,571856	1,635418
36,574634	1,640021
36,577412	1,657446
36,580190	1,670926
36,582967	1,667310
36,585745	1,647911
36,588523	1,635746
36,591301	1,639363
36,594078	1,656131
36,596856	1,669611
36,599634	1,665337
36,602412	1,647911
36,605189	1,635089
36,607967	1,641993
36,610745	1,656789
36,613523	1,668625
36,616301	1,661720
36,619078	1,645281
36,621856	1,632130
36,624634	1,636075
36,627412	1,651528
36,630189	1,667310
36,632967	1,663693
36,635745	1,645610
36,638523	1,637390
36,641300	1,641336
36,644078	1,658104
36,646856	1,672241
36,649634	1,665008
36,652411	1,647254
36,655189	1,636404
36,657967	1,637719
36,660744	1,653501
36,663522	1,668953
36,666300	1,667638
36,669078	1,654158
36,671855	1,641007
36,674633	1,641007
36,677411	1,653829
36,680189	1,666981
36,682966	1,662707
36,685744	1,650213
36,688522	1,635089
36,691300	1,639363
36,694077	1,654487
36,696855	1,667638
36,699633	1,664351
36,702411	1,649227
36,705188	1,637390
36,707966	1,639692
36,710744	1,656131
36,713522	1,668296
36,716299	1,663364
36,719077	1,645939
36,721855	1,634760
36,724633	1,638048
36,727410	1,653829
36,730188	1,664679
36,732966	1,662378
36,735744	1,647583
36,738521	1,634760
36,741299	1,638377
36,744077	1,654158
36,746855	1,667967
36,749632	1,664022
36,752410	1,647254
36,755188	1,635089
36,757966	1,641665
36,760743	1,657446
36,763521	1,671584
36,766299	1,665008
36,769077	1,646596
36,771854	1,633116
36,774632	1,639363
36,777410	1,654816
36,780188	1,668625
36,782965	1,664351
36,785743	1,644952
36,788521	1,634431
36,791299	1,640021
36,794076	1,654158
36,796854	1,665337
36,799632	1,661391
36,802410	1,644624
36,805187	1,636733
36,807965	1,642980
36,810743	1,660076
36,813521	1,672570
36,816298	1,665337
36,819076	1,647583
36,821854	1,636733
36,824632	1,640678
36,827409	1,654487
36,830187	1,667310
36,832965	1,660734
36,835743	1,644295
36,838521	1,633445
36,841298	1,637719
36,844076	1,654487
36,846854	1,669940
36,849632	1,664022
36,852409	1,648240
36,855187	1,637062
36,857965	1,640678
36,860743	1,655802
36,863520	1,667638
36,866298	1,662707
36,869076	1,645939
36,871854	1,633774
36,874631	1,637719
36,877409	1,650870
36,880187	1,661063
36,882964	1,656789
36,885742	1,643308
36,888520	1,633116
36,891298	1,637390
36,894075	1,651857
36,896853	1,666652
36,899631	1,659090
36,902409	1,641007
36,905186	1,626541
36,907964	1,631801
36,910742	1,647583
36,913520	1,662378
36,916297	1,661063
36,919075	1,645281
36,921853	1,633774
36,924631	1,636404
36,927408	1,652514
36,930186	1,665994
36,932964	1,663693
36,935742	1,645939
36,938519	1,634760
36,941297	1,637719
36,944075	1,652514
36,946853	1,665008
36,949630	1,661391
36,952408	1,643966
36,955186	1,631143
36,957964	1,638048
36,960741	1,651528
36,963519	1,665008
36,966297	1,660076
36,969075	1,642651
36,971852	1,632459
36,974630	1,638048
36,977408	1,651857
36,980186	1,663693
36,982963	1,659090
36,985741	1,640349
36,988519	1,628513
36,991297	1,631143
36,994074	1,646925
36,996852	1,660076
36,999630	1,658432
37,002408	1,644624
37,005185	1,636075
37,007963	1,637719
37,010741	1,652186
37,013519	1,664679
37,016296	1,659748
37,019074	1,642980
37,021852	1,631472
37,024630	1,637062
37,027407	1,651528
37,030185	1,664679
37,032963	1,658761
37,035741	1,644624
37,038518	1,632459
37,041296	1,634760
37,044074	1,650870
37,046852	1,665008
37,049629	1,657446
37,052407	1,637719
37,055185	1,626869
37,057963	1,631143
37,060740	1,649884
37,063518	1,664679
37,066296	1,662707
37,069074	1,645610
37,071852	1,632130
37,074629	1,631472
37,077407	1,647254
37,080185	1,656789
37,082963	1,654158
37,085740	1,637719
37,088518	1,627198
37,091296	1,633774
37,094074	1,647911
37,096851	1,660405
37,099629	1,655802
37,102407	1,640021
37,105184	1,625225
37,107962	1,631472
37,110740	1,644952
37,113518	1,658432
37,116295	1,650870
37,119073	1,631801
37,121851	1,620622
37,124629	1,626869
37,127406	1,644295
37,130184	1,659748
37,132962	1,657775
37,135740	1,639692
37,138517	1,627856
37,141295	1,629828
37,144073	1,643308
37,146851	1,654158
37,149628	1,652186
37,152406	1,639034
37,155184	1,654816
37,157962	1,700845
37,160739	1,765944
37,163517	1,832687
37,166295	1,871155
37,169073	1,882991
37,171850	1,889238
37,174628	1,904691
37,177406	1,929020
37,180184	1,950720
37,182961	1,951378
37,185739	1,933295
37,188517	1,914883
37,191295	1,908965
37,194072	1,907978
37,196850	1,895813
37,199628	1,854716
37,202406	1,802768
37,205183	1,753779
37,207961	1,721230
37,210739	1,700517
37,213517	1,677502
37,216294	1,642980
37,219072	1,605170
37,221850	1,581169
37,224628	1,571963
37,227405	1,581169
37,230183	1,588073
37,232961	1,581826
37,235739	1,564072
37,238516	1,551907
37,241294	1,559140
37,244072	1,573607
37,246850	1,588402
37,249627	1,583141
37,252405	1,570319
37,255183	1,556181
37,257961	1,563414
37,260738	1,575250
37,263516	1,591361
37,266294	1,585771
37,269072	1,571305
37,271849	1,562428
37,274627	1,569004
37,277405	1,587087
37,280183	1,598923
37,282960	1,586429
37,285738	1,540728
37,288516	1,500288
37,291294	1,482205
37,294072	1,513439
37,296849	1,599252
37,299627	1,769890
37,302405	2,013518
37,305183	2,346246
37,307960	2,757224
37,310738	3,155381
37,313516	3,198451
37,316294	3,201739
37,319071	3,201739
37,321849	3,201410
37,324627	3,197465
37,327405	3,170176
37,330182	2,834488
37,332960	2,236104
37,335738	1,638048
37,338515	1,201425
37,341293	0,994292
37,344071	0,974236
37,346849	1,060706
37,349626	1,166245
37,352404	1,251729
37,355182	1,325047
37,357960	1,385543
37,360737	1,440450
37,363515	1,469383
37,366293	1,472999
37,369071	1,455245
37,371848	1,445053
37,374626	1,447683
37,377404	1,465108
37,380182	1,481219
37,382959	1,482534
37,385737	1,474314
37,388515	1,468396
37,391293	1,475629
37,394070	1,494041
37,396848	1,511467
37,399626	1,508179
37,402404	1,499302
37,405181	1,492068
37,407959	1,503905
37,410737	1,529550
37,413515	1,557167
37,416292	1,564072
37,419070	1,556839
37,421848	1,551578
37,424626	1,565716
37,427403	1,591361
37,430181	1,612732
37,432959	1,620622
37,435737	1,612403
37,438514	1,610101
37,441292	1,620294
37,444070	1,643966
37,446848	1,663364
37,449625	1,669611
37,452403	1,659748
37,455181	1,653501
37,457959	1,661720
37,460736	1,680790
37,463514	1,699859
37,466292	1,702818
37,469070	1,690324
37,471847	1,681776
37,474625	1,691968
37,477403	1,723860
37,480181	1,764300
37,482958	1,790932
37,485736	1,801782
37,488514	1,812960
37,491292	1,834989
37,494069	1,866223
37,496847	1,898772
37,499625	1,915869
37,502403	1,916527
37,505180	1,915540
37,507958	1,923760
37,510736	1,937240
37,513514	1,947761
37,516292	1,931322
37,519069	1,897129
37,521847	1,867867
37,524625	1,853729
37,527403	1,848140
37,530180	1,834660
37,532958	1,800138
37,535736	1,746546
37,538514	1,695585
37,541291	1,655145
37,544069	1,620951
37,546847	1,587087
37,549625	1,533495
37,552402	1,473657
37,555180	1,423353
37,557958	1,395078
37,560735	1,387844
37,563513	1,395078
37,566291	1,391132
37,569069	1,380282
37,571846	1,376008
37,574624	1,383899
37,577402	1,402968
37,580180	1,419736
37,582957	1,421380
37,585735	1,406585
37,588513	1,395406
37,591291	1,399352
37,594068	1,416777
37,596846	1,429600
37,599624	1,427627
37,602402	1,414147
37,605179	1,403955
37,607957	1,411188
37,610735	1,428285
37,613513	1,445053
37,616290	1,441765
37,619068	1,427956
37,621846	1,415462
37,624624	1,421051
37,627401	1,435189
37,630179	1,449656
37,632957	1,448340
37,635735	1,434860
37,638512	1,425326
37,641290	1,430586
37,644068	1,447354
37,646846	1,463136
37,649623	1,459519
37,652401	1,443737
37,655179	1,435189
37,657957	1,441765
37,660734	1,460505
37,663512	1,479246
37,666290	1,480232
37,669068	1,466095
37,671845	1,456231
37,674623	1,458533
37,677401	1,472999
37,680179	1,488123
37,682956	1,484507
37,685734	1,470369
37,688512	1,461163
37,691290	1,466752
37,694067	1,483520
37,696845	1,499630
37,699623	1,498315
37,702401	1,484178
37,705178	1,473328
37,707956	1,477273
37,710734	1,494699
37,713512	1,509165
37,716289	1,506864
37,719067	1,493712
37,721845	1,485164
37,724623	1,488452
37,727400	1,506535
37,730178	1,521988
37,732956	1,520673
37,735734	1,508179
37,738512	1,495356
37,741289	1,497000
37,744067	1,512453
37,746845	1,529221
37,749623	1,526591
37,752400	1,515083
37,755178	1,503247
37,757956	1,507192
37,760734	1,523632
37,763511	1,539084
37,766289	1,537769
37,769067	1,522316
37,771845	1,509823
37,774622	1,513111
37,777400	1,527248
37,780178	1,541057
37,782955	1,541057
37,785733	1,524947
37,788511	1,511795
37,791289	1,515412
37,794066	1,531851
37,796844	1,549605
37,799622	1,548948
37,802400	1,535797
37,805177	1,525604
37,807955	1,530207
37,810733	1,543030
37,813511	1,558811
37,816288	1,557167
37,819066	1,544674
37,821844	1,531851
37,824622	1,536454
37,827399	1,550263
37,830177	1,567031
37,832955	1,565387
37,835733	1,551907
37,838510	1,541715
37,841288	1,545331
37,844066	1,559140
37,846844	1,573278
37,849621	1,570976
37,852399	1,557496
37,855177	1,550921
37,857955	1,551907
37,860732	1,570319
37,863510	1,583470
37,866288	1,582155
37,869066	1,565387
37,871843	1,555852
37,874621	1,558154
37,877399	1,575908
37,880177	1,589388
37,882954	1,587415
37,885732	1,572949
37,888510	1,562428
37,891288	1,565716
37,894065	1,579196
37,896843	1,593662
37,899621	1,586758
37,902399	1,574264
37,905176	1,561442
37,907954	1,568675
37,910732	1,588073
37,913510	1,605170
37,916287	1,603197
37,919065	1,586429
37,921843	1,573607
37,924621	1,572620
37,927398	1,587415
37,930176	1,601224
37,932954	1,604512
37,935732	1,588731
37,938509	1,578538
37,941287	1,581169
37,944065	1,595635
37,946843	1,608129
37,949620	1,608129
37,952398	1,591690
37,955176	1,577223
37,957954	1,581169
37,960731	1,595964
37,963509	1,612732
37,966287	1,608457
37,969065	1,593333
37,971843	1,579525
37,974620	1,587744
37,977398	1,603197
37,980176	1,618650
37,982954	1,615033
37,985731	1,599580
37,988509	1,586758
37,991287	1,587744
37,994065	1,602211
37,996842	1,617992
37,999620	1,618321
38,002398	1,602539
38,005175	1,594977
38,007953	1,598594
38,010731	1,615033
38,013509	1,629171
38,016286	1,630157
38,019064	1,613060
38,021842	1,599580
38,024620	1,601553
38,027397	1,619965
38,030175	1,635089
38,032953	1,630157
38,035731	1,615691
38,038508	1,604512
38,041286	1,609115
38,044064	1,621609
38,046842	1,636733
38,049619	1,630815
38,052397	1,617006
38,055175	1,604183
38,057953	1,609773
38,060730	1,627527
38,063508	1,643637
38,066286	1,642651
38,069064	1,628513
38,071841	1,615362
38,074619	1,617992
38,077397	1,631801
38,080175	1,644952
38,082952	1,642651
38,085730	1,626212
38,088508	1,615362
38,091286	1,615691
38,094063	1,631472
38,096841	1,641993
38,099619	1,641336
38,102397	1,626212
38,105174	1,613389
38,107952	1,617663
38,110730	1,634760
38,113508	1,649555
38,116285	1,645610
38,119063	1,629171
38,121841	1,614704
38,124619	1,619636
38,127396	1,632130
38,130174	1,646596
38,132952	1,644952
38,135730	1,627527
38,138507	1,615033
38,141285	1,620951
38,144063	1,636404
38,146841	1,651199
38,149618	1,649227
38,152396	1,633445
38,155174	1,623581
38,157952	1,625225
38,160729	1,641993
38,163507	1,656460
38,166285	1,655145
38,169063	1,636404
38,171840	1,624239
38,174618	1,625225
38,177396	1,641993
38,180174	1,657117
38,182951	1,654816
38,185729	1,639692
38,188507	1,627527
38,191285	1,633445
38,194063	1,646596
38,196840	1,662378
38,199618	1,661063
38,202396	1,647583
38,205174	1,635089
38,207951	1,639363
38,210729	1,651528
38,213507	1,666981
38,216285	1,663693
38,219062	1,646267
38,221840	1,634431
38,224618	1,635746
38,227396	1,651199
38,230173	1,664679
38,232951	1,662707
38,235729	1,646267
38,238506	1,633116
38,241284	1,632459
38,244062	1,648898
38,246840	1,662707
38,249617	1,662378
38,252395	1,645610
38,255173	1,631801
38,257951	1,635746
38,260728	1,650870
38,263506	1,665337
38,266284	1,661720
38,269062	1,645610
38,271839	1,631472
38,274617	1,634760
38,277395	1,649555
38,280173	1,663364
38,282950	1,661063
38,285728	1,644624
38,288506	1,631801
38,291284	1,637390
38,294061	1,650213
38,296839	1,661720
38,299617	1,659748
38,302395	1,643966
38,305172	1,634103
38,307950	1,639034
38,310728	1,655802
38,313506	1,669611
38,316283	1,667967
38,319061	1,648898
38,321839	1,635418
38,324617	1,636733
38,327394	1,650542
38,330172	1,663035
38,332950	1,661720
38,335728	1,645610
38,338505	1,635746
38,341283	1,639034
38,344061	1,653829
38,346839	1,668625
38,349616	1,666981
38,352394	1,651528
38,355172	1,638705
38,357950	1,640678
38,360727	1,653172
38,363505	1,666981
38,366283	1,663364
38,369061	1,646267
38,371838	1,636075
38,374616	1,638048
38,377394	1,654487
38,380172	1,668953
38,382949	1,667310
38,385727	1,652186
38,388505	1,638705
38,391283	1,641665
38,394060	1,656460
38,396838	1,668953
38,399616	1,666323
38,402394	1,651199
38,405171	1,636733
38,407949	1,638048
38,410727	1,652186
38,413505	1,667310
38,416283	1,664351
38,419060	1,646267
38,421838	1,632130
38,424616	1,636075
38,427394	1,653172
38,430171	1,667310
38,432949	1,665008
38,435727	1,650870
38,438505	1,641007
38,441282	1,644952
38,444060	1,661063
38,446838	1,672241
38,449616	1,669282
38,452393	1,652186
38,455171	1,640021
38,457949	1,643637
38,460726	1,658761
38,463504	1,671584
38,466282	1,667638
38,469060	1,649884
38,471837	1,635089
38,474615	1,640021
38,477393	1,655145
38,480171	1,672570
38,482948	1,669611
38,485726	1,652843
38,488504	1,638377
38,491282	1,642322
38,494059	1,656789
38,496837	1,669940
38,499615	1,667967
38,502393	1,651857
38,505170	1,641993
38,507948	1,645281
38,510726	1,659090
38,513504	1,671913
38,516281	1,666652
38,519059	1,648569
38,521837	1,637390
38,524615	1,640021
38,527392	1,655802
38,530170	1,671255
38,532948	1,668625
38,535726	1,652843
38,538503	1,639692
38,541281	1,640678
38,544059	1,654158
38,546837	1,669282
38,549614	1,665337
38,552392	1,650870
38,555170	1,637062
38,557948	1,640349
38,560725	1,655802
38,563503	1,671584
38,566281	1,667967
38,569059	1,650542
38,571836	1,637719
38,574614	1,638705
38,577392	1,652843
38,580170	1,664351
38,582947	1,664022
38,585725	1,649227
38,588503	1,641007
38,591281	1,642980
38,594058	1,655802
38,596836	1,666323
38,599614	1,663364
38,602392	1,645939
38,605169	1,631801
38,607947	1,635089
38,610725	1,649884
38,613503	1,665337
38,616280	1,665666
38,619058	1,651857
38,621836	1,637719
38,624614	1,641665
38,627391	1,654816
38,630169	1,668625
38,632947	1,665666
38,635725	1,648240
38,638503	1,636075
38,641280	1,638377
38,644058	1,651528
38,646836	1,664679
38,649614	1,663035
38,652391	1,647911
38,655169	1,637062
38,657947	1,640349
38,660725	1,654816
38,663502	1,669611
38,666280	1,670597
38,669058	1,653172
38,671836	1,641993
38,674613	1,644624
38,677391	1,658432
38,680169	1,674872
38,682946	1,673228
38,685724	1,657117
38,688502	1,641993
38,691280	1,642322
38,694057	1,651857
38,696835	1,667310
38,699613	1,665337
38,702391	1,650870
38,705168	1,639692
38,707946	1,641993
38,710724	1,656131
38,713502	1,672241
38,716279	1,668625
38,719057	1,651199
38,721835	1,636733
38,724613	1,635089
38,727390	1,650542
38,730168	1,666652
38,732946	1,665994
38,735724	1,650213
38,738501	1,637062
38,741279	1,637719
38,744057	1,651857
38,746835	1,665337
38,749612	1,661720
38,752390	1,644295
38,755168	1,628184
38,757946	1,630815
38,760723	1,647254
38,763501	1,664679
38,766279	1,663693
38,769057	1,648898
38,771834	1,633445
38,774612	1,638705
38,777390	1,651857
38,780168	1,665337
38,782945	1,660734
38,785723	1,644624
38,788501	1,631143
38,791279	1,635746
38,794056	1,648240
38,796834	1,660405
38,799612	1,658432
38,802390	1,641993
38,805167	1,632130
38,807945	1,635418
38,810723	1,651199
38,813501	1,664351
38,816278	1,661391
38,819056	1,643966
38,821834	1,632459
38,824612	1,635418
38,827389	1,648240
38,830167	1,664022
38,832945	1,661720
38,835723	1,645610
38,838500	1,629171
38,841278	1,632130
38,844056	1,646925
38,846834	1,662049
38,849611	1,659748
38,852389	1,645610
38,855167	1,632130
38,857945	1,633116
38,860722	1,647254
38,863500	1,663693
38,866278	1,660734
38,869056	1,643966
38,871834	1,631472
38,874611	1,631472
38,877389	1,648898
38,880167	1,662049
38,882945	1,659090
38,885722	1,641336
38,888500	1,630157
38,891278	1,631472
38,894056	1,645939
38,896833	1,661063
38,899611	1,660405
38,902389	1,644624
38,905166	1,628513
38,907944	1,629171
38,910722	1,641993
38,913500	1,657775
38,916277	1,655802
38,919055	1,643966
38,921833	1,634103
38,924611	1,637390
38,927388	1,649227
38,930166	1,663693
38,932944	1,660734
38,935722	1,644295
38,938499	1,631472
38,941277	1,634431
38,944055	1,650213
38,946833	1,664351
38,949610	1,665008
38,952388	1,650213
38,955166	1,635746
38,957944	1,635089
38,960721	1,651199
38,963499	1,664022
38,966277	1,666981
38,969055	1,648240
38,971832	1,634431
38,974610	1,635746
38,977388	1,649884
38,980166	1,665666
38,982943	1,665008
38,985721	1,646925
38,988499	1,631472
38,991277	1,634103
38,994054	1,646267
38,996832	1,664022
38,999610	1,661391
39,002388	1,647583
39,005165	1,633774
39,007943	1,635089
39,010721	1,648240
39,013499	1,663693
39,016276	1,663035
39,019054	1,645939
39,021832	1,634431
39,024610	1,639034
39,027387	1,653172
39,030165	1,666981
39,032943	1,663035
39,035721	1,644624
39,038498	1,630815
39,041276	1,632459
39,044054	1,647911
39,046832	1,664022
39,049609	1,664022
39,052387	1,646596
39,055165	1,632130
39,057943	1,631472
39,060720	1,643966
39,063498	1,659419
39,066276	1,657446
39,069054	1,643308
39,071831	1,629171
39,074609	1,630815
39,077387	1,641665
39,080165	1,654487
39,082942	1,650870
39,085720	1,634760
39,088498	1,621280
39,091276	1,624568
39,094054	1,643308
39,096831	1,659090
39,099609	1,659090
39,102387	1,643308
39,105165	1,628513
39,107942	1,626541
39,110720	1,638377
39,113498	1,652514
39,116276	1,651528
39,119053	1,636075
39,121831	1,622924
39,124609	1,624239
39,127387	1,638377
39,130164	1,653172
39,132942	1,653829
39,135720	1,640021
39,138497	1,629171
39,141275	1,634103
39,144053	1,668625
39,146831	1,720572
39,149608	1,767588
39,152386	1,801124
39,155164	1,828413
39,157942	1,861291
39,160719	1,897457
39,163497	1,927377
39,166275	1,939213
39,169053	1,935267
39,171830	1,928692
39,174608	1,930007
39,177386	1,936582
39,180164	1,937569
39,182941	1,917184
39,185719	1,876744
39,188497	1,834002
39,191275	1,802768
39,194052	1,780082
39,196830	1,758054
39,199608	1,719915
39,202386	1,667967
39,205163	1,623253
39,207941	1,601553
39,210719	1,599909
39,213497	1,606814
39,216274	1,597279
39,219052	1,577552
39,221830	1,561442
39,224608	1,559798
39,227385	1,573607
39,230163	1,585771
39,232941	1,583470
39,235719	1,566045
39,238496	1,555195
39,241274	1,557825
39,244052	1,571634
39,246830	1,583799
39,249607	1,583141
39,252385	1,569990
39,255163	1,556839
39,257941	1,559140
39,260718	1,574264
39,263496	1,591032
39,266274	1,589388
39,269052	1,574922
39,271829	1,550263
39,274607	1,530865
39,277385	1,515741
39,280163	1,508836
39,282940	1,513111
39,285718	1,560126
39,288496	1,703804
39,291274	1,947761
39,294051	2,295284
39,296829	2,707249
39,299607	3,096857
39,302385	3,196478
39,305162	3,198451
39,307940	3,200753
39,310718	3,199437
39,313496	3,197794
39,316274	3,182341
39,319051	2,893998
39,321829	2,313367
39,324607	1,723531
39,327385	1,276716
39,330162	1,048212
39,332940	0,984757
39,335718	1,027499
39,338496	1,118243
39,341273	1,227727
39,344051	1,325376
39,346829	1,407571
39,349607	1,447025
39,352384	1,451957
39,355162	1,443409
39,357940	1,444395
39,360717	1,456889
39,363495	1,472999
39,366273	1,476287
39,369051	1,466752
39,371828	1,460834
39,374606	1,464780
39,377384	1,485164
39,380162	1,502261
39,382939	1,505220
39,385717	1,488781
39,388495	1,480890
39,391273	1,484507
39,394050	1,503576
39,396828	1,525276
39,399606	1,534810
39,402384	1,533166
39,405161	1,530207
39,407939	1,541386
39,410717	1,562428
39,413495	1,587087
39,416272	1,593333
39,419050	1,587087
39,421828	1,584785
39,424606	1,597608
39,427383	1,617992
39,430161	1,641007
39,432939	1,647583
39,435717	1,641665
39,438494	1,634760
39,441272	1,641665
39,444050	1,662707
39,446828	1,683749
39,449605	1,688680
39,452383	1,678817
39,455161	1,670926
39,457939	1,676515
39,460716	1,697558
39,463494	1,720901
39,466272	1,735696
39,469050	1,742930
39,471827	1,756738
39,474605	1,784356
39,477383	1,821180
39,480161	1,856688
39,482938	1,873785
39,485716	1,875100
39,488494	1,881676
39,491272	1,899101
39,494049	1,924746
39,496827	1,947761
39,499605	1,949076
39,502383	1,932637
39,505160	1,910609
39,507938	1,897786
39,510716	1,891868
39,513494	1,885950
39,516271	1,861291
39,519049	1,818550
39,521827	1,771205
39,524605	1,738327
39,527382	1,718600
39,530160	1,693941
39,532938	1,647583
39,535716	1,578538
39,538494	1,517714
39,541271	1,472342
39,544049	1,447025
39,546827	1,428613
39,549605	1,402968
39,552382	1,376008
39,555160	1,358583
39,557938	1,367460
39,560716	1,385872
39,563493	1,411846
39,566271	1,412174
39,569049	1,402968
39,571827	1,389160
39,574604	1,394749
39,577382	1,410202
39,580160	1,429271
39,582937	1,429600
39,585715	1,414147
39,588493	1,403297
39,591271	1,402968
39,594048	1,421380
39,596826	1,435847
39,599604	1,441436
39,602382	1,427627
39,605159	1,416449
39,607937	1,417435
39,610715	1,435518
39,613493	1,451957
39,616270	1,455574
39,619048	1,445710
39,621826	1,430257
39,624604	1,431244
39,627381	1,443080
39,630159	1,461163
39,632937	1,459848
39,635715	1,448669
39,638492	1,434203
39,641270	1,440778
39,644048	1,454587
39,646826	1,473328
39,649603	1,474972
39,652381	1,463136
39,655159	1,448998
39,657937	1,451957
39,660714	1,465108
39,663492	1,479904
39,666270	1,480890
39,669048	1,467739
39,671825	1,461821
39,674603	1,468067
39,677381	1,486150
39,680159	1,502590
39,682936	1,503905
39,685714	1,484178
39,688492	1,469711
39,691270	1,470698
39,694047	1,483191
39,696825	1,499630
39,699603	1,501932
39,702381	1,490425
39,705158	1,479575
39,707936	1,487794
39,710714	1,500288
39,713492	1,517714
39,716269	1,516727
39,719047	1,504891
39,721825	1,492068
39,724603	1,493384
39,727380	1,507850
39,730158	1,526262
39,732936	1,526919
39,735714	1,511795
39,738491	1,502261
39,741269	1,500946
39,744047	1,516398
39,746825	1,530865
39,749602	1,531522
39,752380	1,513439
39,755158	1,502261
39,757936	1,502918
39,760713	1,522316
39,763491	1,540400
39,766269	1,542043
39,769047	1,528235
39,771825	1,514097
39,774602	1,516398
39,777380	1,532509
39,780158	1,547962
39,782936	1,546646
39,785713	1,532180
39,788491	1,520344
39,791269	1,526262
39,794047	1,542372
39,796824	1,559140
39,799602	1,559469
39,802380	1,545002
39,805157	1,532509
39,807935	1,536783
39,810713	1,551249
39,813491	1,566045
39,816268	1,568346
39,819046	1,552893
39,821824	1,540728
39,824602	1,542372
39,827379	1,558483
39,830157	1,574264
39,832935	1,576237
39,835713	1,560126
39,838490	1,544674
39,841268	1,543030
39,844046	1,555524
39,846824	1,571963
39,849601	1,574264
39,852379	1,562757
39,855157	1,552893
39,857935	1,557825
39,860712	1,570319
39,863490	1,584128
39,866268	1,583799
39,869046	1,567688
39,871823	1,553551
39,874601	1,556510
39,877379	1,570648
39,880157	1,587087
39,882934	1,590046
39,885712	1,577552
39,888490	1,567031
39,891268	1,567031
39,894045	1,579853
39,896823	1,595964
39,899601	1,597936
39,902379	1,580840
39,905156	1,566702
39,907934	1,566702
39,910712	1,578867
39,913490	1,596293
39,916267	1,597279
39,919045	1,585114
39,921823	1,572620
39,924601	1,577223
39,927378	1,593333
39,930156	1,609115
39,932934	1,607800
39,935712	1,592676
39,938489	1,578538
39,941267	1,579853
39,944045	1,595306
39,946823	1,612074
39,949600	1,613389
39,952378	1,600895
39,955156	1,589059
39,957934	1,585771
39,960711	1,600238
39,963489	1,614047
39,966267	1,614047
39,969045	1,600895
39,971822	1,589059
39,974600	1,589717
39,977378	1,603855
39,980156	1,617663
39,982933	1,618650
39,985711	1,605170
39,988489	1,589717
39,991267	1,593005
39,994045	1,605170
39,996822	1,617992
39,999600	1,617992
40,002378	1,608129
40,005156	1,595635
40,007933	1,600238
40,010711	1,616677
40,013489	1,632459
40,016267	1,635418
40,019044	1,618650
40,021822	1,603855
40,024600	1,600567
40,027378	1,610759
40,030155	1,625883
40,032933	1,627856
40,035711	1,613060
40,038488	1,600895
40,041266	1,603526
40,044044	1,620951
40,046822	1,640349
40,049599	1,639034
40,052377	1,623253
40,055155	1,607471
40,057933	1,607142
40,060710	1,618650
40,063488	1,640349
40,066266	1,641007
40,069044	1,628513
40,071821	1,614047
40,074599	1,612732
40,077377	1,623581
40,080155	1,638705
40,082932	1,640021
40,085710	1,625225
40,088488	1,610101
40,091266	1,607142
40,094043	1,622595
40,096821	1,639692
40,099599	1,641993
40,102377	1,627856
40,105154	1,616348
40,107932	1,616348
40,110710	1,629500
40,113488	1,644295
40,116265	1,645939
40,119043	1,630815
40,121821	1,617663
40,124599	1,619307
40,127376	1,631143
40,130154	1,647911
40,132932	1,647911
40,135710	1,634760
40,138487	1,617335
40,141265	1,618321
40,144043	1,631472
40,146821	1,647583
40,149598	1,650542
40,152376	1,635089
40,155154	1,621280
40,157932	1,621609
40,160709	1,635089
40,163487	1,654158
40,166265	1,656460
40,169043	1,642980
40,171820	1,632459
40,174598	1,632787
40,177376	1,645610
40,180154	1,658432
40,182931	1,659090
40,185709	1,643308
40,188487	1,626869
40,191265	1,627527
40,194042	1,639034
40,196820	1,653829
40,199598	1,652186
40,202376	1,638377
40,205153	1,622266
40,207931	1,624897
40,210709	1,636075
40,213487	1,653172
40,216265	1,655473
40,219042	1,640349
40,221820	1,626869
40,224598	1,629171
40,227376	1,641993
40,230153	1,656460
40,232931	1,657775
40,235709	1,640349
40,238487	1,627527
40,241264	1,625554
40,244042	1,641007
40,246820	1,654487
40,249598	1,654487
40,252375	1,641007
40,255153	1,630815
40,257931	1,631143
40,260708	1,644952
40,263486	1,662378
40,266264	1,664679
40,269042	1,649227
40,271819	1,630815
40,274597	1,630486
40,277375	1,643308
40,280153	1,659748
40,282930	1,658432
40,285708	1,646267
40,288486	1,629828
40,291264	1,631801
40,294041	1,646925
40,296819	1,663364
40,299597	1,664679
40,302375	1,647583
40,305152	1,632459
40,307930	1,633116
40,310708	1,647254
40,313486	1,664022
40,316263	1,666652
40,319041	1,652843
40,321819	1,636404
40,324597	1,632130
40,327374	1,645281
40,330152	1,659419
40,332930	1,660734
40,335708	1,643966
40,338485	1,631472
40,341263	1,633116
40,344041	1,646596
40,346819	1,661063
40,349596	1,664351
40,352374	1,652186
40,355152	1,635089
40,357930	1,634760
40,360707	1,642980
40,363485	1,658432
40,366263	1,658761
40,369041	1,645939
40,371818	1,631472
40,374596	1,634431
40,377374	1,647911
40,380152	1,663364
40,382929	1,664679
40,385707	1,649227
40,388485	1,637062
40,391263	1,635418
40,394040	1,650542
40,396818	1,665666
40,399596	1,667310
40,402374	1,650542
40,405151	1,637390
40,407929	1,634760
40,410707	1,649555
40,413485	1,665994
40,416262	1,668296
40,419040	1,652514
40,421818	1,637062
40,424596	1,636404
40,427373	1,649555
40,430151	1,669611
40,432929	1,670597
40,435707	1,659748
40,438484	1,642651
40,441262	1,644952
40,444040	1,656460
40,446818	1,670926
40,449596	1,668953
40,452373	1,654487
40,455151	1,640349
40,457929	1,639034
40,460707	1,655145
40,463484	1,670926
40,466262	1,673885
40,469040	1,660405
40,471818	1,645939
40,474595	1,642980
40,477373	1,656460
40,480151	1,670597
40,482928	1,671913
40,485706	1,658104
40,488484	1,641007
40,491262	1,640678
40,494039	1,654816
40,496817	1,670926
40,499595	1,670597
40,502373	1,653501
40,505150	1,637390
40,507928	1,638377
40,510706	1,650213
40,513484	1,666323
40,516261	1,669940
40,519039	1,657117
40,521817	1,643966
40,524595	1,642980
40,527372	1,653829
40,530150	1,668296
40,532928	1,669611
40,535706	1,652514
40,538483	1,639034
40,541261	1,638377
40,544039	1,652186
40,546817	1,667967
40,549594	1,670926
40,552372	1,654487
40,555150	1,640349
40,557928	1,638377
40,560705	1,649884
40,563483	1,665337
40,566261	1,665008
40,569039	1,650870
40,571816	1,635418
40,574594	1,635089
40,577372	1,647911
40,580150	1,665666
40,582927	1,666981
40,585705	1,652514
40,588483	1,638705
40,591261	1,638377
40,594038	1,650542
40,596816	1,666981
40,599594	1,668625
40,602372	1,653829
40,605149	1,640349
40,607927	1,636733
40,610705	1,649884
40,613483	1,663693
40,616260	1,665008
40,619038	1,652843
40,621816	1,640021
40,624594	1,638705
40,627371	1,651857
40,630149	1,665994
40,632927	1,667310
40,635705	1,654158
40,638482	1,639034
40,641260	1,640678
40,644038	1,653501
40,646816	1,670269
40,649593	1,670926
40,652371	1,656789
40,655149	1,641336
40,657927	1,640349
40,660704	1,651857
40,663482	1,665337
40,666260	1,667310
40,669038	1,653172
40,671816	1,639692
40,674593	1,638048
40,677371	1,650870
40,680149	1,663364
40,682927	1,666981
40,685704	1,651857
40,688482	1,638705
40,691260	1,638705
40,694038	1,651199
40,696815	1,667967
40,699593	1,669282
40,702371	1,653501
40,705148	1,637390
40,707926	1,638048
40,710704	1,651199
40,713482	1,669282
40,716259	1,671584
40,719037	1,657446
40,721815	1,640349
40,724593	1,638377
40,727370	1,647911
40,730148	1,665666
40,732926	1,667967
40,735704	1,653501
40,738481	1,640349
40,741259	1,639034
40,744037	1,652843
40,746815	1,668953
40,749592	1,670926
40,752370	1,653501
40,755148	1,637062
40,757926	1,633445
40,760703	1,646596
40,763481	1,663364
40,766259	1,663693
40,769037	1,649555
40,771814	1,635418
40,774592	1,637390
40,777370	1,651857
40,780148	1,668625
40,782925	1,669282
40,785703	1,654816
40,788481	1,638377
40,791259	1,636733
40,794036	1,649884
40,796814	1,664679
40,799592	1,666981
40,802370	1,650213
40,805147	1,635746
40,807925	1,633445
40,810703	1,645281
40,813481	1,660734
40,816258	1,663364
40,819036	1,649884
40,821814	1,635746
40,824592	1,633774
40,827369	1,646925
40,830147	1,660734
40,832925	1,663035
40,835703	1,649555
40,838480	1,633774
40,841258	1,632130
40,844036	1,640678
40,846814	1,655145
40,849591	1,657775
40,852369	1,644295
40,855147	1,627856
40,857925	1,630486
40,860702	1,643308
40,863480	1,663035
40,866258	1,667967
40,869036	1,654158
40,871813	1,636075
40,874591	1,633116
40,877369	1,643308
40,880147	1,659090
40,882924	1,661063
40,885702	1,648240
40,888480	1,637719
40,891258	1,639034
40,894036	1,651199
40,896813	1,665994
40,899591	1,665337
40,902369	1,647254
40,905147	1,631472
40,907924	1,628842
40,910702	1,640349
40,913480	1,656460
40,916258	1,659419
40,919035	1,645939
40,921813	1,631801
40,924591	1,631801
40,927369	1,643308
40,930146	1,661391
40,932924	1,661720
40,935702	1,646596
40,938479	1,629828
40,941257	1,629171
40,944035	1,638705
40,946813	1,654816
40,949590	1,658104
40,952368	1,646596
40,955146	1,632787
40,957924	1,629500
40,960701	1,641665
40,963479	1,654158
40,966257	1,656131
40,969035	1,641993
40,971812	1,631472
40,974590	1,632459
40,977368	1,646596
40,980146	1,663035
40,982923	1,666652
40,985701	1,651857
40,988479	1,633116
40,991257	1,631472
40,994034	1,641336
40,996812	1,657775
40,999590	1,658761
41,002368	1,646267
41,005145	1,628513
41,007923	1,628842
41,010701	1,640349
41,013479	1,656789
41,016256	1,658761
41,019034	1,642980
41,021812	1,625554
41,024590	1,624568
41,027367	1,638048
41,030145	1,653829
41,032923	1,656131
41,035701	1,641993
41,038478	1,630157
41,041256	1,628513
41,044034	1,643308
41,046812	1,656460
41,049589	1,660734
41,052367	1,644952
41,055145	1,632130
41,057923	1,629171
41,060700	1,637719
41,063478	1,652843
41,066256	1,656460
41,069034	1,644624
41,071811	1,631143
41,074589	1,632787
41,077367	1,643308
41,080145	1,660405
41,082922	1,660734
41,085700	1,646596
41,088478	1,630486
41,091256	1,629500
41,094033	1,639363
41,096811	1,657446
41,099589	1,660405
41,102367	1,646925
41,105144	1,632459
41,107922	1,633116
41,110700	1,646596
41,113478	1,658104
41,116255	1,660076
41,119033	1,643966
41,121811	1,631472
41,124589	1,628184
41,127367	1,642322
41,130144	1,657117
41,132922	1,677831
41,135700	1,700517
41,138478	1,734052
41,141255	1,783699
41,144033	1,841564
41,146811	1,890553
41,149589	1,915212
41,152366	1,914883
41,155144	1,910280
41,157922	1,917184
41,160699	1,936911
41,163477	1,953350
41,166255	1,950063
41,169033	1,925075
41,171810	1,893841
41,174588	1,869182
41,177366	1,853072
41,180144	1,834331
41,182921	1,799809
41,185699	1,748519
41,188477	1,693941
41,191255	1,658432
41,194032	1,644295
41,196810	1,637719
41,199588	1,626869
41,202366	1,596621
41,205143	1,570648
41,207921	1,564072
41,210699	1,573935
41,213477	1,587744
41,216254	1,588731
41,219032	1,575250
41,221810	1,557167
41,224588	1,557496
41,227365	1,569004
41,230143	1,586429
41,232921	1,588731
41,235699	1,573278
41,238476	1,557496
41,241254	1,558483
41,244032	1,570648
41,246810	1,589059
41,249587	1,591361
41,252365	1,576566
41,255143	1,563743
41,257921	1,563086
41,260698	1,568017
41,263476	1,564729
41,266254	1,537769
41,269032	1,496343
41,271809	1,481876
41,274587	1,532838
41,277365	1,684735
41,280143	1,923760
41,282920	2,253858
41,285698	2,629328
41,288476	3,010716
41,291254	3,196150
41,294031	3,199109
41,296809	3,202068
41,299587	3,201081
41,302365	3,198122
41,305142	3,186286
41,307920	2,968632
41,310698	2,437647
41,313476	1,850441
41,316253	1,360556
41,319031	1,067610
41,321809	0,961414
41,324587	1,000539
41,327364	1,115613
41,330142	1,238577
41,332920	1,335897
41,335698	1,391790
41,338475	1,421380
41,341253	1,441107
41,344031	1,462149
41,346809	1,476616
41,349587	1,481547
41,352364	1,469383
41,355142	1,453930
41,357920	1,457218
41,360698	1,472670
41,363475	1,492726
41,366253	1,499630
41,369031	1,490096
41,371809	1,477931
41,374586	1,478588
41,377364	1,492397
41,380142	1,515083
41,382919	1,524618
41,385697	1,518042
41,388475	1,510480
41,391253	1,522645
41,394030	1,546975
41,396808	1,571634
41,399586	1,580840
41,402364	1,574922
41,405141	1,568346
41,407919	1,577881
41,410697	1,598923
41,413475	1,623581
41,416252	1,635418
41,419030	1,630157
41,421808	1,622595
41,424586	1,627198
41,427363	1,645939
41,430141	1,669611
41,432919	1,677502
41,435697	1,669282
41,438474	1,658432
41,441252	1,660734
41,444030	1,678817
41,446808	1,702161
41,449585	1,710380
41,452363	1,702489
41,455141	1,700188
41,457919	1,719915
41,460696	1,762656
41,463474	1,809344
41,466252	1,837948
41,469030	1,846167
41,471807	1,848798
41,474585	1,861620
41,477363	1,892197
41,480141	1,925733
41,482918	1,944802
41,485696	1,939213
41,488474	1,926390
41,491252	1,921458
41,494029	1,926719
41,496807	1,929349
41,499585	1,913239
41,502363	1,880032
41,505140	1,840578
41,507918	1,810988
41,510696	1,789288
41,513474	1,769561
41,516251	1,737011
41,519029	1,684406
41,521807	1,625554
41,524585	1,575250
41,527362	1,538098
41,530140	1,504891
41,532918	1,469054
41,535696	1,419079
41,538473	1,380940
41,541251	1,362857
41,544029	1,372720
41,546807	1,393434
41,549584	1,406585
41,552362	1,396722
41,555140	1,385214
41,557918	1,389160
41,560695	1,403955
41,563473	1,421709
41,566251	1,426970
41,569029	1,412832
41,571807	1,397050
41,574584	1,399352
41,577362	1,409215
41,580140	1,428942
41,582918	1,432888
41,585695	1,420723
41,588473	1,407243
41,591251	1,408558
41,594029	1,422695
41,596806	1,442751
41,599584	1,448998
41,602362	1,435189
41,605139	1,423682
41,607917	1,424011
41,610695	1,441765
41,613473	1,460177
41,616250	1,468067
41,619028	1,455245
41,621806	1,440450
41,624584	1,436175
41,627361	1,447025
41,630139	1,464122
41,632917	1,470369
41,635695	1,458204
41,638472	1,443737
41,641250	1,444395
41,644028	1,456231
41,646806	1,476616
41,649583	1,479246
41,652361	1,470040
41,655139	1,455574
41,657917	1,456560
41,660694	1,469711
41,663472	1,486808
41,666250	1,488123
41,669028	1,475958
41,671805	1,462478
41,674583	1,461492
41,677361	1,478917
41,680139	1,496014
41,682916	1,504233
41,685694	1,489767
41,688472	1,475301
41,691250	1,473328
41,694027	1,488452
41,696805	1,503576
41,699583	1,509165
41,702361	1,499302
41,705138	1,485493
41,707916	1,486479
41,710694	1,499302
41,713472	1,519686
41,716249	1,524947
41,719027	1,511795
41,721805	1,494041
41,724583	1,495028
41,727360	1,505549
41,730138	1,524947
41,732916	1,529878
41,735694	1,518700
41,738471	1,501603
41,741249	1,503905
41,744027	1,516727
41,746805	1,533824
41,749582	1,539084
41,752360	1,523303
41,755138	1,510152
41,757916	1,506864
41,760693	1,524618
41,763471	1,541386
41,766249	1,548948
41,769027	1,535468
41,771804	1,520673
41,774582	1,518371
41,777360	1,531194
41,780138	1,547962
41,782915	1,549934
41,785693	1,539413
41,788471	1,526591
41,791249	1,528892
41,794027	1,540071
41,796804	1,558154
41,799582	1,560784
41,802360	1,550263
41,805138	1,534153
41,807915	1,535468
41,810693	1,548948
41,813471	1,566702
41,816249	1,571634
41,819026	1,557825
41,821804	1,542372
41,824582	1,539413
41,827359	1,560455
41,830137	1,578210
41,832915	1,584128
41,835693	1,568346
41,838470	1,552564
41,841248	1,549934
41,844026	1,566373
41,846804	1,583799
41,849581	1,588731
41,852359	1,577552
41,855137	1,561113
41,857915	1,558811
41,860692	1,569332
41,863470	1,587415
41,866248	1,592676
41,869026	1,579853
41,871803	1,561442
41,874581	1,562757
41,877359	1,574593
41,880137	1,593005
41,882914	1,598923
41,885692	1,587087
41,888470	1,567688
41,891248	1,566045
41,894025	1,579196
41,896803	1,596293
41,899581	1,603855
41,902359	1,588731
41,905136	1,575579
41,907914	1,572291
41,910692	1,587415
41,913470	1,604841
41,916247	1,613389
41,919025	1,600567
41,921803	1,587744
41,924581	1,582155
41,927358	1,591361
41,930136	1,606814
41,932914	1,611745
41,935692	1,600567
41,938469	1,588731
41,941247	1,587087
41,944025	1,595964
41,946803	1,614047
41,949580	1,617335
41,952358	1,608786
41,955136	1,593662
41,957914	1,594649
41,960691	1,605498
41,963469	1,622924
41,966247	1,624897
41,969025	1,608786
41,971802	1,593991
41,974580	1,593005
41,977358	1,606485
41,980136	1,623910
41,982913	1,629828
41,985691	1,616348
41,988469	1,600238
41,991247	1,593005
41,994024	1,606485
41,996802	1,622266
41,999580	1,626212
42,002358	1,614047
42,005135	1,596950
42,007913	1,593005
42,010691	1,604841
42,013469	1,621938
42,016246	1,628513
42,019024	1,619636
42,021802	1,601882
42,024580	1,602539
42,027358	1,614047
42,030135	1,629828
42,032913	1,633445
42,035691	1,622924
42,038469	1,608129
42,041246	1,607800
42,044024	1,621938
42,046802	1,639363
42,049580	1,645610
42,052357	1,629171
42,055135	1,613060
42,057913	1,608457
42,060690	1,620622
42,063468	1,637062
42,066246	1,642322
42,069024	1,630486
42,071801	1,616348
42,074579	1,615362
42,077357	1,627198
42,080135	1,643637
42,082912	1,647583
42,085690	1,633445
42,088468	1,616019
42,091246	1,612074
42,094023	1,619636
42,096801	1,635418
42,099579	1,639363
42,102357	1,626541
42,105134	1,610430
42,107912	1,610101
42,110690	1,622595
42,113468	1,643308
42,116245	1,650213
42,119023	1,634760
42,121801	1,617335
42,124579	1,612074
42,127356	1,624239
42,130134	1,643637
42,132912	1,649555
42,135690	1,637390
42,138467	1,622595
42,141245	1,619965
42,144023	1,631472
42,146801	1,649227
42,149578	1,653501
42,152356	1,638705
42,155134	1,621938
42,157912	1,621609
42,160689	1,636075
42,163467	1,653829
42,166245	1,659419
42,169023	1,645939
42,171800	1,628513
42,174578	1,624568
42,177356	1,636733
42,180134	1,652843
42,182911	1,658432
42,185689	1,645281
42,188467	1,628842
42,191245	1,626541
42,194022	1,639692
42,196800	1,657117
42,199578	1,663364
42,202356	1,648240
42,205133	1,631472
42,207911	1,629828
42,210689	1,641007
42,213467	1,656460
42,216244	1,662378
42,219022	1,650870
42,221800	1,631472
42,224578	1,630157
42,227355	1,641665
42,230133	1,659748
42,232911	1,668296
42,235689	1,656789
42,238466	1,639363
42,241244	1,633774
42,244022	1,641665
42,246800	1,655802
42,249578	1,661720
42,252355	1,651199
42,255133	1,639034
42,257911	1,637719
42,260689	1,647583
42,263466	1,661720
42,266244	1,666323
42,269022	1,651528
42,271800	1,635089
42,274577	1,629828
42,277355	1,639034
42,280133	1,657117
42,282910	1,666323
42,285688	1,655145
42,288466	1,640021
42,291244	1,634103
42,294021	1,640678
42,296799	1,659419
42,299577	1,665008
42,302355	1,656460
42,305132	1,641007
42,307910	1,637719
42,310688	1,648898
42,313466	1,664679
42,316243	1,670269
42,319021	1,658432
42,321799	1,642322
42,324577	1,638048
42,327354	1,646596
42,330132	1,661063
42,332910	1,667967
42,335688	1,655802
42,338465	1,639363
42,341243	1,635418
42,344021	1,646596
42,346799	1,664022
42,349576	1,671584
42,352354	1,657775
42,355132	1,640021
42,357910	1,637062
42,360687	1,644952
42,363465	1,663035
42,366243	1,667310
42,369021	1,657775
42,371798	1,640021
42,374576	1,638377
42,377354	1,647254
42,380132	1,664351
42,382909	1,670926
42,385687	1,657117
42,388465	1,642322
42,391243	1,639692
42,394020	1,649227
42,396798	1,664679
42,399576	1,672570
42,402354	1,660076
42,405131	1,643637
42,407909	1,638377
42,410687	1,647911
42,413465	1,661720
42,416242	1,671913
42,419020	1,656789
42,421798	1,640349
42,424576	1,635418
42,427353	1,644952
42,430131	1,662707
42,432909	1,669940
42,435687	1,659090
42,438464	1,642980
42,441242	1,636733
42,444020	1,645281
42,446798	1,662049
42,449575	1,666652
42,452353	1,653829
42,455131	1,637719
42,457909	1,634760
42,460686	1,645281
42,463464	1,662049
42,466242	1,666652
42,469020	1,656131
42,471798	1,641336
42,474575	1,637719
42,477353	1,646925
42,480131	1,663035
42,482909	1,668953
42,485686	1,655145
42,488464	1,639034
42,491242	1,634431
42,494020	1,643637
42,496797	1,658432
42,499575	1,667638
42,502353	1,655802
42,505130	1,639692
42,507908	1,637719
42,510686	1,649227
42,513464	1,667310
42,516241	1,670926
42,519019	1,660734
42,521797	1,639363
42,524575	1,634431
42,527352	1,643637
42,530130	1,662378
42,532908	1,668953
42,535686	1,658432
42,538463	1,641336
42,541241	1,633774
42,544019	1,645610
42,546797	1,662049
42,549574	1,669611
42,552352	1,656789
42,555130	1,639363
42,557908	1,634103
42,560685	1,648240
42,563463	1,663035
42,566241	1,668625
42,569019	1,654487
42,571796	1,638705
42,574574	1,635418
42,577352	1,644952
42,580130	1,661391
42,582907	1,666652
42,585685	1,656460
42,588463	1,640349
42,591241	1,639034
42,594018	1,648569
42,596796	1,668296
42,599574	1,673228
42,602352	1,659090
42,605129	1,641665
42,607907	1,635746
42,610685	1,645610
42,613463	1,664351
42,616240	1,672570
42,619018	1,661391
42,621796	1,645610
42,624574	1,637719
42,627351	1,646267
42,630129	1,661720
42,632907	1,669282
42,635685	1,656789
42,638462	1,642980
42,641240	1,636075
42,644018	1,646925
42,646796	1,665994
42,649573	1,671913
42,652351	1,658761
42,655129	1,640349
42,657907	1,635746
42,660684	1,645939
42,663462	1,663035
42,666240	1,665666
42,669018	1,656460
42,671795	1,638377
42,674573	1,634103
42,677351	1,644952
42,680129	1,662378
42,682906	1,669282
42,685684	1,660076
42,688462	1,643637
42,691240	1,637062
42,694018	1,648240
42,696795	1,664022
42,699573	1,669282
42,702351	1,656460
42,705129	1,641007
42,707906	1,636733
42,710684	1,646925
42,713462	1,662049
42,716240	1,668296
42,719017	1,655145
42,721795	1,636075
42,724573	1,631801
42,727350	1,639692
42,730128	1,658104
42,732906	1,663364
42,735684	1,655145
42,738461	1,637390
42,741239	1,635089
42,744017	1,642980
42,746795	1,659748
42,749572	1,665008
42,752350	1,655802
42,755128	1,640021
42,757906	1,636404
42,760683	1,645281
42,763461	1,661720
42,766239	1,670597
42,769017	1,659090
42,771794	1,641993
42,774572	1,637390
42,777350	1,646925
42,780128	1,663035
42,782905	1,670597
42,785683	1,655802
42,788461	1,640021
42,791239	1,633116
42,794016	1,641993
42,796794	1,659419
42,799572	1,666652
42,802350	1,656460
42,805127	1,643966
42,807905	1,637390
42,810683	1,643308
42,813461	1,657117
42,816238	1,660076
42,819016	1,650870
42,821794	1,636075
42,824572	1,629171
42,827349	1,639034
42,830127	1,658432
42,832905	1,668953
42,835683	1,657775
42,838460	1,640021
42,841238	1,634760
42,844016	1,645281
42,846794	1,660405
42,849571	1,665994
42,852349	1,654816
42,855127	1,635418
42,857905	1,629828
42,860682	1,642322
42,863460	1,658761
42,866238	1,666323
42,869016	1,654816
42,871793	1,635089
42,874571	1,629828
42,877349	1,638048
42,880127	1,654816
42,882904	1,663035
42,885682	1,653501
42,888460	1,636404
42,891238	1,633774
42,894015	1,642322
42,896793	1,657775
42,899571	1,665994
42,902349	1,653829
42,905126	1,636404
42,907904	1,628842
42,910682	1,636733
42,913460	1,653172
42,916237	1,659419
42,919015	1,646925
42,921793	1,632130
42,924571	1,628842
42,927349	1,638705
42,930126	1,655802
42,932904	1,662707
42,935682	1,650870
42,938460	1,634760
42,941237	1,630157
42,944015	1,639692
42,946793	1,658761
42,949571	1,666981
42,952348	1,655473
42,955126	1,638048
42,957904	1,632787
42,960681	1,640021
42,963459	1,655145
42,966237	1,661063
42,969015	1,649227
42,971792	1,631801
42,974570	1,628513
42,977348	1,641336
42,980126	1,659419
42,982903	1,665666
42,985681	1,652843
42,988459	1,635746
42,991237	1,628513
42,994014	1,636733
42,996792	1,653501
42,999570	1,664679
43,002348	1,655473
43,005125	1,638377
43,007903	1,632459
43,010681	1,640678
43,013459	1,655802
43,016236	1,660076
43,019014	1,649555
43,021792	1,632130
43,024570	1,627198
43,027347	1,635089
43,030125	1,649555
43,032903	1,655473
43,035681	1,645939
43,038458	1,631801
43,041236	1,630157
43,044014	1,641665
43,046792	1,657117
43,049569	1,664679
43,052347	1,652843
43,055125	1,633116
43,057903	1,624239
43,060680	1,633774
43,063458	1,651857
43,066236	1,660076
43,069014	1,650542
43,071791	1,632459
43,074569	1,626541
43,077347	1,633774
43,080125	1,650870
43,082902	1,658432
43,085680	1,646925
43,088458	1,626869
43,091236	1,618650
43,094013	1,625225
43,096791	1,645281
43,099569	1,656789
43,102347	1,648569
43,105124	1,631143
43,107902	1,625554
43,110680	1,634760
43,113458	1,651199
43,116235	1,658761
43,119013	1,645939
43,121791	1,644295
43,124569	1,670597
43,127346	1,727806
43,130124	1,794877
43,132902	1,850113
43,135680	1,876086
43,138457	1,883977
43,141235	1,893183
43,144013	1,915540
43,146791	1,942501
43,149569	1,955652
43,152346	1,943816
43,155124	1,922445
43,157902	1,907978
43,160680	1,902060
43,163457	1,897129
43,166235	1,876744
43,169013	1,831372
43,171791	1,779753
43,174568	1,739313
43,177346	1,713010
43,180124	1,695914
43,182901	1,670597
43,185679	1,635418
43,188457	1,600895
43,191235	1,579853
43,194012	1,581169
43,196790	1,591032
43,199568	1,598594
43,202346	1,583799
43,205123	1,565058
43,207901	1,554866
43,210679	1,565058
43,213457	1,581497
43,216234	1,592347
43,219012	1,583141
43,221790	1,566045
43,224568	1,561113
43,227345	1,571634
43,230123	1,587744
43,232901	1,594977
43,235679	1,584128
43,238456	1,562428
43,241234	1,559798
43,244012	1,566373
43,246790	1,585114
43,249567	1,588073
43,252345	1,561442
43,255123	1,512782
43,257901	1,480890
43,260678	1,480232
43,263456	1,542701
43,266234	1,667967
43,269012	1,864579
43,271789	2,159826
43,274567	2,525432
43,277345	2,937397
43,280123	3,194506
43,282900	3,198122
43,285678	3,201410
43,288456	3,201410
43,291234	3,199437
43,294011	3,192533
43,296789	3,049512
43,299567	2,561270
43,302345	1,941185
43,305122	1,399352
43,307900	1,075830
43,310678	0,963715
43,313456	1,010731
43,316233	1,115941
43,319011	1,214905
43,321789	1,293813
43,324567	1,359898
43,327344	1,414147
43,330122	1,457218
43,332900	1,474972
43,335678	1,466752
43,338455	1,451628
43,341233	1,444395
43,344011	1,457218
43,346789	1,475958
43,349566	1,491740
43,352344	1,483191
43,355122	1,473328
43,357900	1,471684
43,360677	1,486150
43,363455	1,505549
43,366233	1,516398
43,369011	1,507192
43,371789	1,493384
43,374566	1,496671
43,377344	1,515083
43,380122	1,542372
43,382900	1,557496
43,385677	1,556839
43,388455	1,543687
43,391233	1,549277
43,394011	1,565716
43,396788	1,592347
43,399566	1,611417
43,402344	1,614376
43,405121	1,606814
43,407899	1,612403
43,410677	1,631143
43,413455	1,654487
43,416232	1,671913
43,419010	1,665008
43,421788	1,652514
43,424566	1,651528
43,427343	1,666323
43,430121	1,684077
43,432899	1,699859
43,435677	1,695914
43,438454	1,685064
43,441232	1,686379
43,444010	1,707092
43,446788	1,745889
43,449565	1,782712
43,452343	1,799809
43,455121	1,807700
43,457899	1,820522
43,460676	1,844852
43,463454	1,877402
43,466232	1,906334
43,469010	1,917513
43,471787	1,915212
43,474565	1,915540
43,477343	1,925733
43,480121	1,945131
43,482898	1,948090
43,485676	1,924746
43,488454	1,889567
43,491232	1,863593
43,494009	1,853072
43,496787	1,845838
43,499565	1,824468
43,502343	1,781068
43,505120	1,727148
43,507898	1,677502
43,510676	1,640678
43,513454	1,607800
43,516231	1,566045
43,519009	1,511467
43,521787	1,454259
43,524565	1,411846
43,527342	1,395406
43,530120	1,394749
43,532898	1,398037
43,535676	1,393105
43,538453	1,379296
43,541231	1,378639
43,544009	1,389160
43,546787	1,408229
43,549564	1,419408
43,552342	1,408558
43,555120	1,392119
43,557898	1,389488
43,560675	1,403626
43,563453	1,422367
43,566231	1,435518
43,569009	1,424668
43,571786	1,406585
43,574564	1,400667
43,577342	1,411517
43,580120	1,429600
43,582897	1,442422
43,585675	1,437491
43,588453	1,422367
43,591231	1,419408
43,594008	1,429600
43,596786	1,449327
43,599564	1,459519
43,602342	1,450642
43,605120	1,434203
43,607897	1,432888
43,610675	1,442751
43,613453	1,461492
43,616231	1,472013
43,619008	1,465108
43,621786	1,453272
43,624564	1,449656
43,627341	1,457546
43,630119	1,474643
43,632897	1,484507
43,635675	1,473985
43,638452	1,457218
43,641230	1,449327
43,644008	1,459190
43,646786	1,478260
43,649563	1,490425
43,652341	1,481547
43,655119	1,463793
43,657897	1,460505
43,660674	1,471355
43,663452	1,493712
43,666230	1,502918
43,669008	1,493712
43,671785	1,476616
43,674563	1,469711
43,677341	1,479904
43,680119	1,499630
43,682896	1,510152
43,685674	1,501274
43,688452	1,485822
43,691230	1,478260
43,694007	1,487794
43,696785	1,506864
43,699563	1,519357
43,702341	1,512124
43,705118	1,496671
43,707896	1,489438
43,710674	1,500288
43,713452	1,515412
43,716229	1,525276
43,719007	1,517714
43,721785	1,500288
43,724563	1,497987
43,727340	1,507192
43,730118	1,523960
43,732896	1,529878
43,735674	1,525933
43,738451	1,509823
43,741229	1,506864
43,744007	1,517385
43,746785	1,534481
43,749562	1,545002
43,752340	1,537769
43,755118	1,522316
43,757896	1,517714
43,760673	1,526262
43,763451	1,541386
43,766229	1,553222
43,769007	1,545002
43,771784	1,529221
43,774562	1,523303
43,777340	1,530865
43,780118	1,546646
43,782895	1,560784
43,785673	1,553880
43,788451	1,539084
43,791229	1,532180
43,794006	1,539742
43,796784	1,556839
43,799562	1,565716
43,802340	1,559469
43,805117	1,544016
43,807895	1,539084
43,810673	1,545002
43,813451	1,564401
43,816228	1,572949
43,819006	1,564401
43,821784	1,549605
43,824562	1,544016
43,827340	1,553880
43,830117	1,573278
43,832895	1,582812
43,835673	1,572620
43,838451	1,561770
43,841228	1,553880
43,844006	1,564729
43,846784	1,581497
43,849562	1,593005
43,852339	1,585114
43,855117	1,570648
43,857895	1,564072
43,860672	1,572620
43,863450	1,586100
43,866228	1,595306
43,869006	1,586429
43,871783	1,567688
43,874561	1,561442
43,877339	1,572291
43,880117	1,590374
43,882894	1,600238
43,885672	1,596293
43,888450	1,576566
43,891228	1,571305
43,894005	1,578210
43,896783	1,595306
43,899561	1,604841
43,902339	1,596950
43,905116	1,579853
43,907894	1,572949
43,910672	1,583799
43,913450	1,598265
43,916227	1,609773
43,919005	1,600238
43,921783	1,585771
43,924561	1,578538
43,927338	1,587744
43,930116	1,605170
43,932894	1,617663
43,935672	1,608129
43,938449	1,589388
43,941227	1,581497
43,944005	1,586100
43,946783	1,605170
43,949560	1,616348
43,952338	1,611088
43,955116	1,592676
43,957894	1,589059
43,960671	1,596621
43,963449	1,615362
43,966227	1,622924
43,969005	1,611745
43,971782	1,592676
43,974560	1,588402
43,977338	1,596621
43,980116	1,615033
43,982893	1,623581
43,985671	1,613060
43,988449	1,597936
43,991227	1,587087
43,994004	1,602539
43,996782	1,618321
43,999560	1,629828
44,002338	1,620951
44,005115	1,609115
44,007893	1,601553
44,010671	1,609444
44,013449	1,626212
44,016226	1,637719
44,019004	1,630815
44,021782	1,615362
44,024560	1,610430
44,027337	1,615362
44,030115	1,633774
44,032893	1,640021
44,035671	1,631143
44,038448	1,610101
44,041226	1,605170
44,044004	1,614704
44,046782	1,633116
44,049560	1,643637
44,052337	1,632459
44,055115	1,613718
44,057893	1,604512
44,060671	1,616348
44,063448	1,631801
44,066226	1,644952
44,069004	1,638705
44,071782	1,624568
44,074559	1,614704
44,077337	1,625225
44,080115	1,639692
44,082892	1,650870
44,085670	1,641336
44,088448	1,622924
44,091226	1,614704
44,094003	1,621938
44,096781	1,641007
44,099559	1,650870
44,102337	1,644624
44,105114	1,627198
44,107892	1,621280
44,110670	1,627198
44,113448	1,645610
44,116225	1,652514
44,119003	1,645610
44,121781	1,627198
44,124559	1,620622
44,127336	1,628842
44,130114	1,648240
44,132892	1,659090
44,135670	1,649227
44,138447	1,632130
44,141225	1,625554
44,144003	1,633445
44,146781	1,649555
44,149558	1,661063
44,152336	1,650870
44,155114	1,636404
44,157892	1,626869
44,160669	1,635746
44,163447	1,652186
44,166225	1,661063
44,169003	1,652514
44,171780	1,635089
44,174558	1,628842
44,177336	1,635418
44,180114	1,653172
44,182891	1,660734
44,185669	1,650213
44,188447	1,632130
44,191225	1,623581
44,194002	1,632787
44,196780	1,650542
44,199558	1,663364
44,202336	1,655802
44,205113	1,636404
44,207891	1,625883
44,210669	1,633116
44,213447	1,650870
44,216224	1,661391
44,219002	1,651857
44,221780	1,634431
44,224558	1,627198
44,227335	1,639034
44,230113	1,655145
44,232891	1,666981
44,235669	1,657775
44,238446	1,639363
44,241224	1,631143
44,244002	1,636733
44,246780	1,653172
44,249557	1,663693
44,252335	1,658761
44,255113	1,640021
44,257891	1,633774
44,260668	1,640021
44,263446	1,656131
44,266224	1,666981
44,269002	1,655802
44,271780	1,639363
44,274557	1,631143
44,277335	1,639692
44,280113	1,657117
44,282891	1,670926
44,285668	1,660405
44,288446	1,644624
44,291224	1,637390
44,294002	1,644952
44,296779	1,661063
44,299557	1,668953
44,302335	1,658761
44,305112	1,643637
44,307890	1,634103
44,310668	1,640678
44,313446	1,656789
44,316223	1,667967
44,319001	1,658761
44,321779	1,643637
44,324557	1,637390
44,327334	1,645610
44,330112	1,662378
44,332890	1,671255
44,335668	1,660734
44,338445	1,643966
44,341223	1,637390
44,344001	1,644952
44,346779	1,662378
44,349556	1,671255
44,352334	1,660734
44,355112	1,642651
44,357890	1,633116
44,360667	1,641007
44,363445	1,658761
44,366223	1,669282
44,369001	1,660405
44,371778	1,644295
44,374556	1,637390
44,377334	1,646925
44,380112	1,663364
44,382889	1,673228
44,385667	1,665994
44,388445	1,646596
44,391223	1,639034
44,394000	1,643966
44,396778	1,661391
44,399556	1,670269
44,402334	1,663035
44,405111	1,645939
44,407889	1,638377
44,410667	1,645281
44,413445	1,660405
44,416222	1,670597
44,419000	1,660405
44,421778	1,642980
44,424556	1,635746
44,427333	1,643966
44,430111	1,661063
44,432889	1,670597
44,435667	1,663364
44,438444	1,646596
44,441222	1,639692
44,444000	1,646596
44,446778	1,664022
44,449555	1,674872
44,452333	1,665666
44,455111	1,648569
44,457889	1,642651
44,460666	1,648898
44,463444	1,664351
44,466222	1,672570
44,469000	1,662707
44,471777	1,643308
44,474555	1,633774
44,477333	1,641007
44,480111	1,659419
44,482888	1,670269
44,485666	1,659748
44,488444	1,643308
44,491222	1,635746
44,493999	1,642980
44,496777	1,659419
44,499555	1,670597
44,502333	1,660405
44,505111	1,646267
44,507888	1,636075
44,510666	1,644295
44,513444	1,660734
44,516222	1,670269
44,518999	1,660734
44,521777	1,644624
44,524555	1,637390
44,527332	1,644952
44,530110	1,663364
44,532888	1,673556
44,535666	1,665666
44,538443	1,646267
44,541221	1,636733
44,543999	1,642980
44,546777	1,657446
44,549554	1,665666
44,552332	1,659419
44,555110	1,643637
44,557888	1,636404
44,560665	1,646267
44,563443	1,662378
44,566221	1,674214
44,568999	1,665337
44,571776	1,648240
44,574554	1,638377
44,577332	1,647583
44,580110	1,662049
44,582887	1,668625
44,585665	1,658432
44,588443	1,641007
44,591221	1,632787
44,593998	1,641336
44,596776	1,657117
44,599554	1,666652
44,602332	1,660734
44,605109	1,642651
44,607887	1,635746
44,610665	1,642322
44,613443	1,655473
44,616220	1,666652
44,618998	1,658432
44,621776	1,641665
44,624554	1,631801
44,627331	1,636075
44,630109	1,650870
44,632887	1,663035
44,635665	1,655145
44,638442	1,640678
44,641220	1,632787
44,643998	1,642322
44,646776	1,661720
44,649553	1,674543
44,652331	1,665008
44,655109	1,647911
44,657887	1,637390
44,660664	1,642322
44,663442	1,658432
44,666220	1,667967
44,668998	1,661391
44,671775	1,646267
44,674553	1,637719
44,677331	1,641993
44,680109	1,660405
44,682886	1,667967
44,685664	1,658104
44,688442	1,639692
44,691220	1,631143
44,693997	1,638048
44,696775	1,657117
44,699553	1,667967
44,702331	1,659419
44,705108	1,643308
44,707886	1,632459
44,710664	1,639692
44,713442	1,655473
44,716219	1,668625
44,718997	1,659748
44,721775	1,642651
44,724553	1,631472
44,727331	1,638377
44,730108	1,653829
44,732886	1,665994
44,735664	1,658432
44,738442	1,641007
44,741219	1,634431
44,743997	1,641665
44,746775	1,657117
44,749553	1,666652
44,752330	1,660405
44,755108	1,639692
44,757886	1,632787
44,760663	1,638048
44,763441	1,654487
44,766219	1,665994
44,768997	1,659419
44,771774	1,643637
44,774552	1,635746
44,777330	1,643308
44,780108	1,656131
44,782885	1,667310
44,785663	1,654816
44,788441	1,636404
44,791219	1,626869
44,793996	1,637719
44,796774	1,652514
44,799552	1,664679
44,802330	1,654487
44,805107	1,637390
44,807885	1,629500
44,810663	1,636075
44,813441	1,653501
44,816218	1,662707
44,818996	1,654158
44,821774	1,634431
44,824552	1,628184
44,827329	1,635089
44,830107	1,655473
44,832885	1,664351
44,835663	1,657446
44,838440	1,641007
44,841218	1,631143
44,843996	1,634760
44,846774	1,652843
44,849551	1,665337
44,852329	1,659748
44,855107	1,641665
44,857885	1,630157
44,860662	1,637719
44,863440	1,654158
44,866218	1,668953
44,868996	1,660076
44,871773	1,641007
44,874551	1,628184
44,877329	1,633774
44,880107	1,648240
44,882884	1,661391
44,885662	1,656460
44,888440	1,641336
44,891218	1,632459
44,893995	1,639692
44,896773	1,653172
44,899551	1,663035
44,902329	1,656460
44,905106	1,636404
44,907884	1,628842
44,910662	1,633116
44,913440	1,650542
44,916217	1,662049
44,918995	1,656789
44,921773	1,641336
44,924551	1,631801
44,927328	1,639363
44,930106	1,654158
44,932884	1,667310
44,935662	1,658432
44,938439	1,642322
44,941217	1,632787
44,943995	1,642322
44,946773	1,658104
44,949551	1,669940
44,952328	1,660734
44,955106	1,642322
44,957884	1,632130
44,960662	1,636404
44,963439	1,650870
44,966217	1,660076
44,968995	1,651528
44,971773	1,634431
44,974550	1,625883
44,977328	1,632459
44,980106	1,650870
44,982883	1,663693
44,985661	1,655145
44,988439	1,637390
44,991217	1,628513
44,993994	1,632130
44,996772	1,649884
44,999550	1,662049
45,002328	1,653172
45,005105	1,635746
45,007883	1,624897
45,010661	1,631801
45,013439	1,646596
45,016216	1,659090
45,018994	1,651857
45,021772	1,635418
45,024550	1,622924
45,027327	1,630486
45,030105	1,649227
45,032883	1,658761
45,035661	1,651199
45,038438	1,635089
45,041216	1,626212
45,043994	1,633774
45,046772	1,654158
45,049549	1,666981
45,052327	1,659419
45,055105	1,639034
45,057883	1,626541
45,060660	1,631143
45,063438	1,648569
45,066216	1,662049
45,068994	1,655473
45,071771	1,639692
45,074549	1,629171
45,077327	1,637719
45,080105	1,651199
45,082882	1,663364
45,085660	1,655802
45,088438	1,638377
45,091216	1,627856
45,093993	1,635418
45,096771	1,651528
45,099549	1,662378
45,102327	1,654816
45,105104	1,636075
45,107882	1,627198
45,110660	1,644295
45,113438	1,690982
45,116215	1,747532
45,118993	1,789288
45,121771	1,820851
45,124549	1,851757
45,127326	1,885292
45,130104	1,917513
45,132882	1,940528
45,135660	1,942501
45,138437	1,934281
45,141215	1,927377
45,143993	1,931322
45,146771	1,938555
45,149548	1,933623
45,152326	1,904033
45,155104	1,860962
45,157882	1,815919
45,160659	1,786986
45,163437	1,770547
45,166215	1,746875
45,168993	1,704791
45,171770	1,652186
45,174548	1,612074
45,177326	1,596293
45,180104	1,600895
45,182882	1,602211
45,185659	1,590703
45,188437	1,570976
45,191215	1,559798
45,193993	1,563086
45,196770	1,577881
45,199548	1,587087
45,202326	1,579525
45,205103	1,563743
45,207881	1,555195
45,210659	1,562757
45,213437	1,580511
45,216214	1,595306
45,218992	1,590374
45,221770	1,573607
45,224548	1,562099
45,227325	1,569990
45,230103	1,586100
45,232881	1,597279
45,235659	1,589717
45,238436	1,568017
45,241214	1,541386
45,243992	1,518700
45,246770	1,507521
45,249547	1,504562
45,252325	1,534153
45,255103	1,617663
45,257881	1,803754
45,260658	2,107549
45,263436	2,484006
45,266214	2,899916
45,268992	3,191547
45,271769	3,198122
45,274547	3,199766
45,277325	3,199437
45,280103	3,199437
45,282880	3,193848
45,285658	3,098830
45,288436	2,647740
45,291214	2,035546
45,293991	1,493384
45,296769	1,148820
45,299547	1,006128
45,302325	1,001196
45,305102	1,067610
45,307880	1,166903
45,310658	1,273757
45,313436	1,368775
45,316213	1,433874
45,318991	1,458861
45,321769	1,450642
45,324547	1,446039
45,327324	1,447683
45,330102	1,466423
45,332880	1,477273
45,335658	1,474972
45,338435	1,464122
45,341213	1,460834
45,343991	1,470369
45,346769	1,491740
45,349546	1,505549
45,352324	1,497329
45,355102	1,483520
45,357880	1,477931
45,360657	1,491082
45,363435	1,515412
45,366213	1,538098
45,368991	1,542701
45,371768	1,540071
45,374546	1,537112
45,377324	1,550921
45,380102	1,574593
45,382879	1,595306
45,385657	1,601882
45,388435	1,592018
45,391213	1,592347
45,393990	1,605827
45,396768	1,630486
45,399546	1,647583
45,402324	1,650870
45,405102	1,639363
45,407879	1,636733
45,410657	1,647583
45,413435	1,668296
45,416213	1,684735
45,418990	1,681776
45,421768	1,668625
45,424546	1,662049
45,427323	1,675529
45,430101	1,699530
45,432879	1,726162
45,435657	1,741943
45,438434	1,755423
45,441212	1,776794
45,443990	1,812631
45,446768	1,846825
45,449545	1,875100
45,452323	1,884964
45,455101	1,884635
45,457879	1,891539
45,460656	1,912253
45,463434	1,937569
45,466212	1,952364
45,468990	1,948419
45,471767	1,929349
45,474545	1,908965
45,477323	1,895156
45,480101	1,889567
45,482878	1,879374
45,485656	1,846825
45,488434	1,799480
45,491212	1,757725
45,493989	1,729778
45,496767	1,706106
45,499545	1,678488
45,502323	1,620951
45,505100	1,553222
45,507878	1,494370
45,510656	1,457546
45,513434	1,433874
45,516211	1,420723
45,518989	1,394091
45,521767	1,373707
45,524545	1,366145
45,527322	1,380940
45,530100	1,404941
45,532878	1,420723
45,535656	1,417435
45,538433	1,401325
45,541211	1,392776
45,543989	1,395078
45,546767	1,415133
45,549544	1,425983
45,552322	1,425983
45,555100	1,410202
45,557878	1,405270
45,560655	1,412832
45,563433	1,433216
45,566211	1,447354
45,568989	1,441107
45,571766	1,426970
45,574544	1,414805
45,577322	1,424011
45,580100	1,440450
45,582877	1,455902
45,585655	1,450313
45,588433	1,435189
45,591211	1,422695
45,593988	1,433545
45,596766	1,449656
45,599544	1,465108
45,602322	1,459848
45,605099	1,443409
45,607877	1,435847
45,610655	1,443080
45,613433	1,460505
45,616210	1,474643
45,618988	1,472670
45,621766	1,452615
45,624544	1,447025
45,627322	1,451957
45,630099	1,471684
45,632877	1,487137
45,635655	1,483191
45,638433	1,466752
45,641210	1,459190
45,643988	1,466423
45,646766	1,483849
45,649544	1,499959
45,652321	1,492068
45,655099	1,474643
45,657877	1,465108
45,660654	1,475301
45,663432	1,489438
45,666210	1,507192
45,668988	1,502261
45,671765	1,487137
45,674543	1,476945
45,677321	1,484507
45,680099	1,503247
45,682876	1,519357
45,685654	1,513111
45,688432	1,495685
45,691210	1,486808
45,693987	1,488452
45,696765	1,508836
45,699543	1,522316
45,702321	1,519029
45,705098	1,505220
45,707876	1,498644
45,710654	1,506864
45,713432	1,525933
45,716209	1,539742
45,718987	1,534481
45,721765	1,517714
45,724543	1,503247
45,727320	1,509165
45,730098	1,528235
45,732876	1,544345
45,735654	1,540071
45,738431	1,525276
45,741209	1,512782
45,743987	1,521330
45,746765	1,537112
45,749542	1,549934
45,752320	1,547304
45,755098	1,529221
45,757876	1,519357
45,760653	1,526591
45,763431	1,542372
45,766209	1,557825
45,768987	1,556839
45,771764	1,541386
45,774542	1,533166
45,777320	1,538427
45,780098	1,553880
45,782875	1,565716
45,785653	1,558811
45,788431	1,539742
45,791209	1,533824
45,793986	1,542701
45,796764	1,562099
45,799542	1,579196
45,802320	1,573935
45,805097	1,558154
45,807875	1,544345
45,810653	1,549277
45,813431	1,565716
45,816208	1,583141
45,818986	1,577552
45,821764	1,561113
45,824542	1,552564
45,827319	1,559469
45,830097	1,576894
45,832875	1,591690
45,835653	1,584785
45,838430	1,566373
45,841208	1,554208
45,843986	1,561113
45,846764	1,578867
45,849542	1,593662
45,852319	1,588402
45,855097	1,570319
45,857875	1,559798
45,860653	1,565387
45,863430	1,583141
45,866208	1,600895
45,868986	1,595635
45,871764	1,580511
45,874541	1,570319
45,877319	1,575579
45,880097	1,591361
45,882874	1,606814
45,885652	1,602211
45,888430	1,584785
45,891208	1,574922
45,893985	1,579196
45,896763	1,599252
45,899541	1,612403
45,902319	1,607471
45,905096	1,587415
45,907874	1,574264
45,910652	1,580182
45,913430	1,599909
45,916207	1,614376
45,918985	1,611088
45,921763	1,596293
45,924541	1,585443
45,927318	1,591690
45,930096	1,606156
45,932874	1,620294
45,935652	1,616677
45,938429	1,598265
45,941207	1,585114
45,943985	1,590046
45,946763	1,606156
45,949540	1,622266
45,952318	1,619965
45,955096	1,604841
45,957874	1,594649
45,960651	1,598923
45,963429	1,615362
45,966207	1,629828
45,968985	1,626541
45,971762	1,604841
45,974540	1,592676
45,977318	1,597279
45,980096	1,614704
45,982873	1,630157
45,985651	1,627527
45,988429	1,610430
45,991207	1,598594
45,993984	1,603855
45,996762	1,615691
45,999540	1,629171
46,002318	1,623910
46,005095	1,609773
46,007873	1,599580
46,010651	1,607471
46,013429	1,625225
46,016206	1,641007
46,018984	1,634760
46,021762	1,616677
46,024540	1,605498
46,027317	1,608786
46,030095	1,624897
46,032873	1,638377
46,035651	1,634760
46,038428	1,616348
46,041206	1,606814
46,043984	1,613389
46,046762	1,632787
46,049539	1,646925
46,052317	1,644952
46,055095	1,626212
46,057873	1,614704
46,060650	1,619636
46,063428	1,634431
46,066206	1,644952
46,068984	1,638377
46,071761	1,623253
46,074539	1,612074
46,077317	1,621938
46,080095	1,638048
46,082873	1,652186
46,085650	1,643637
46,088428	1,623581
46,091206	1,611745
46,093984	1,618979
46,096761	1,637062
46,099539	1,652843
46,102317	1,650870
46,105094	1,629828
46,107872	1,617006
46,110650	1,620294
46,113428	1,638048
46,116205	1,657117
46,118983	1,656131
46,121761	1,635418
46,124539	1,623253
46,127316	1,627198
46,130094	1,642322
46,132872	1,654816
46,135650	1,650870
46,138427	1,631801
46,141205	1,618650
46,143983	1,625225
46,146761	1,639034
46,149538	1,654158
46,152316	1,649227
46,155094	1,635089
46,157872	1,623910
46,160649	1,630815
46,163427	1,645610
46,166205	1,661063
46,168983	1,654158
46,171760	1,636404
46,174538	1,623910
46,177316	1,629828
46,180094	1,646267
46,182871	1,659748
46,185649	1,655473
46,188427	1,636404
46,191205	1,624568
46,193982	1,626541
46,196760	1,641993
46,199538	1,656460
46,202316	1,656460
46,205093	1,638377
46,207871	1,628184
46,210649	1,633445
46,213427	1,649555
46,216204	1,663364
46,218982	1,658432
46,221760	1,639363
46,224538	1,623253
46,227315	1,630815
46,230093	1,647911
46,232871	1,664679
46,235649	1,659748
46,238426	1,643966
46,241204	1,629171
46,243982	1,634103
46,246760	1,648569
46,249537	1,662378
46,252315	1,656131
46,255093	1,640021
46,257871	1,630157
46,260648	1,635418
46,263426	1,650870
46,266204	1,664351
46,268982	1,661391
46,271759	1,643637
46,274537	1,631801
46,277315	1,633116
46,280093	1,648569
46,282870	1,660405
46,285648	1,658432
46,288426	1,642322
46,291204	1,632130
46,293981	1,637062
46,296759	1,651199
46,299537	1,667310
46,302315	1,662707
46,305093	1,646267
46,307870	1,633116
46,310648	1,636075
46,313426	1,649227
46,316204	1,665337
46,318981	1,661720
46,321759	1,644295
46,324537	1,633445
46,327314	1,636404
46,330092	1,653829
46,332870	1,670269
46,335648	1,667310
46,338425	1,646267
46,341203	1,632459
46,343981	1,634431
46,346759	1,652514
46,349536	1,665337
46,352314	1,662707
46,355092	1,646925
46,357870	1,638048
46,360647	1,641665
46,363425	1,657775
46,366203	1,670926
46,368981	1,665337
46,371758	1,647583
46,374536	1,636075
46,377314	1,640349
46,380092	1,654816
46,382869	1,669940
46,385647	1,665994
46,388425	1,648898
46,391203	1,633774
46,393980	1,638705
46,396758	1,653829
46,399536	1,670269
46,402314	1,663364
46,405091	1,643308
46,407869	1,628184
46,410647	1,633116
46,413425	1,652843
46,416202	1,667967
46,418980	1,666652
46,421758	1,650542
46,424536	1,637062
46,427313	1,640678
46,430091	1,657775
46,432869	1,671913
46,435647	1,670269
46,438424	1,650213
46,441202	1,636404
46,443980	1,641336
46,446758	1,657446
46,449535	1,671584
46,452313	1,665008
46,455091	1,649555
46,457869	1,636075
46,460646	1,642322
46,463424	1,655473
46,466202	1,669282
46,468980	1,665337
46,471757	1,648240
46,474535	1,637719
46,477313	1,641336
46,480091	1,656460
46,482868	1,670269
46,485646	1,667638
46,488424	1,647911
46,491202	1,635418
46,493979	1,638377
46,496757	1,654487
46,499535	1,668953
46,502313	1,666652
46,505090	1,649555
46,507868	1,636404
46,510646	1,640021
46,513424	1,654158
46,516201	1,669940
46,518979	1,664679
46,521757	1,649227
46,524535	1,637719
46,527313	1,641993
46,530090	1,656460
46,532868	1,671913
46,535646	1,667310
46,538424	1,650542
46,541201	1,637390
46,543979	1,642980
46,546757	1,660076
46,549534	1,675200
46,552312	1,668953
46,555090	1,651199
46,557868	1,635746
46,560645	1,638377
46,563423	1,654487
46,566201	1,669940
46,568979	1,666981
46,571756	1,650870
46,574534	1,638377
46,577312	1,641993
46,580090	1,659419
46,582867	1,674543
46,585645	1,669940
46,588423	1,652514
46,591201	1,636733
46,593978	1,641336
46,596756	1,657117
46,599534	1,669611
46,602312	1,666652
46,605089	1,648898
46,607867	1,633774
46,610645	1,635089
46,613423	1,649884
46,616200	1,665008
46,618978	1,663693
46,621756	1,646596
46,624534	1,634760
46,627311	1,639692
46,630089	1,654487
46,632867	1,670926
46,635645	1,670269
46,638422	1,651857
46,641200	1,637390
46,643978	1,637390
46,646756	1,650542
46,649533	1,666981
46,652311	1,662378
46,655089	1,646267
46,657867	1,635746
46,660644	1,640349
46,663422	1,656460
46,666200	1,672241
46,668978	1,669940
46,671755	1,650542
46,674533	1,638377
46,677311	1,643308
46,680089	1,657446
46,682866	1,669611
46,685644	1,665337
46,688422	1,648569
46,691200	1,638377
46,693977	1,640021
46,696755	1,654816
46,699533	1,667310
46,702311	1,664351
46,705088	1,649227
46,707866	1,639363
46,710644	1,641007
46,713422	1,653829
46,716199	1,665666
46,718977	1,661063
46,721755	1,644952
46,724533	1,631801
46,727310	1,634760
46,730088	1,649884
46,732866	1,664022
46,735644	1,658761
46,738421	1,642322
46,741199	1,629171
46,743977	1,633116
46,746755	1,649555
46,749533	1,665337
46,752310	1,661720
46,755088	1,645939
46,757866	1,633445
46,760644	1,636404
46,763421	1,652843
46,766199	1,667310
46,768977	1,666323
46,771755	1,647254
46,774532	1,631801
46,777310	1,633774
46,780088	1,648240
46,782865	1,663035
46,785643	1,662707
46,788421	1,648240
46,791199	1,634431
46,793976	1,639034
46,796754	1,655145
46,799532	1,669940
46,802310	1,665337
46,805087	1,648240
46,807865	1,631472
46,810643	1,635746
46,813421	1,650542
46,816198	1,667967
46,818976	1,663035
46,821754	1,645610
46,824532	1,632130
46,827309	1,634103
46,830087	1,649555
46,832865	1,663364
46,835643	1,662378
46,838420	1,645939
46,841198	1,635418
46,843976	1,638705
46,846754	1,651528
46,849531	1,665994
46,852309	1,664679
46,855087	1,647583
46,857865	1,634103
46,860642	1,635418
46,863420	1,648898
46,866198	1,664022
46,868976	1,660734
46,871753	1,643966
46,874531	1,628842
46,877309	1,635418
46,880087	1,652186
46,882864	1,669282
46,885642	1,665994
46,888420	1,648569
46,891198	1,631472
46,893975	1,633116
46,896753	1,649227
46,899531	1,663035
46,902309	1,661063
46,905086	1,643966
46,907864	1,632787
46,910642	1,633774
46,913420	1,649555
46,916197	1,664022
46,918975	1,661720
46,921753	1,642980
46,924531	1,630486
46,927308	1,633445
46,930086	1,648898
46,932864	1,663364
46,935642	1,661391
46,938419	1,645939
46,941197	1,629828
46,943975	1,633445
46,946753	1,648240
46,949530	1,665008
46,952308	1,661720
46,955086	1,646596
46,957864	1,630486
46,960641	1,634760
46,963419	1,646925
46,966197	1,659748
46,968975	1,656789
46,971752	1,640021
46,974530	1,625883
46,977308	1,628842
46,980086	1,644295
46,982864	1,660405
46,985641	1,661063
46,988419	1,641665
46,991197	1,629171
46,993975	1,632130
46,996752	1,648569
46,999530	1,662707
47,002308	1,657775
47,005085	1,639034
47,007863	1,626869
47,010641	1,631472
47,013419	1,645281
47,016196	1,661391
47,018974	1,657775
47,021752	1,641993
47,024530	1,626869
47,027307	1,630815
47,030085	1,645939
47,032863	1,663693
47,035641	1,659419
47,038418	1,641336
47,041196	1,627527
47,043974	1,631472
47,046752	1,649227
47,049529	1,665337
47,052307	1,663035
47,055085	1,645939
47,057863	1,632787
47,060640	1,632130
47,063418	1,647583
47,066196	1,663364
47,068974	1,664351
47,071751	1,646267
47,074529	1,633774
47,077307	1,634760
47,080085	1,649884
47,082862	1,662049
47,085640	1,657446
47,088418	1,640678
47,091196	1,624897
47,093973	1,629171
47,096751	1,645939
47,099529	1,669282
47,102307	1,694927
47,105084	1,721887
47,107862	1,752793
47,110640	1,802768
47,113418	1,856360
47,116195	1,902060
47,118973	1,921130
47,121751	1,919815
47,124529	1,917184
47,127306	1,927048
47,130084	1,945131
47,132862	1,956638
47,135640	1,947104
47,138417	1,916198
47,141195	1,885621
47,143973	1,863593
47,146751	1,844852
47,149528	1,822495
47,152306	1,784027
47,155084	1,729778
47,157862	1,681118
47,160639	1,648898
47,163417	1,635089
47,166195	1,630486
47,168973	1,612732
47,171750	1,581826
47,174528	1,558154
47,177306	1,558483
47,180084	1,572620
47,182861	1,591690
47,185639	1,589059
47,188417	1,573935
47,191195	1,561113
47,193972	1,561770
47,196750	1,576237
47,199528	1,592347
47,202306	1,589059
47,205084	1,570648
47,207861	1,557496
47,210639	1,558811
47,213417	1,578867
47,216195	1,596293
47,218972	1,596293
47,221750	1,579196
47,224528	1,567688
47,227305	1,567360
47,230083	1,568017
47,232861	1,557167
47,235639	1,523303
47,238416	1,489109
47,241194	1,500288
47,243972	1,589717
47,246750	1,786000
47,249527	2,076315
47,252305	2,421866
47,255083	2,813117
47,257861	3,171820
47,260638	3,199437
47,263416	3,201081
47,266194	3,200753
47,268972	3,199766
47,271749	3,195163
47,274527	3,140257
47,277305	2,750649
47,280083	2,158840
47,282860	1,603855
47,285638	1,203726
47,288416	0,995936
47,291194	0,962400
47,293971	1,047226
47,296749	1,170519
47,299527	1,285593
47,302305	1,363515
47,305082	1,405270
47,307860	1,427298
47,310638	1,446697
47,313416	1,462807
47,316193	1,479904
47,318971	1,478588
47,321749	1,461492
47,324527	1,446039
47,327304	1,453601
47,330082	1,471684
47,332860	1,494041
47,335638	1,495356
47,338415	1,480232
47,341193	1,466095
47,343971	1,470698
47,346749	1,493055
47,349526	1,521330
47,352304	1,530207
47,355082	1,518371
47,357860	1,511467
47,360637	1,521988
47,363415	1,547304
47,366193	1,571305
47,368971	1,575908
47,371748	1,568017
47,374526	1,566373
47,377304	1,579853
47,380082	1,605498
47,382859	1,632130
47,385637	1,639034
47,388415	1,631801
47,391193	1,627198
47,393970	1,634431
47,396748	1,652843
47,399526	1,671913
47,402304	1,676187
47,405081	1,666981
47,407859	1,660076
47,410637	1,667310
47,413415	1,687365
47,416192	1,707092
47,418970	1,710709
47,421748	1,700517
47,424526	1,704462
47,427304	1,732080
47,430081	1,777780
47,432859	1,821180
47,435637	1,846167
47,438415	1,846496
47,441192	1,850441
47,443970	1,869182
47,446748	1,902389
47,449525	1,932637
47,452303	1,940857
47,455081	1,927377
47,457859	1,915212
47,460636	1,915540
47,463414	1,919157
47,466192	1,918499
47,468970	1,899101
47,471747	1,864579
47,474525	1,827098
47,477303	1,798823
47,480081	1,781726
47,482858	1,761013
47,485636	1,721230
47,488414	1,662049
47,491192	1,598923
47,493969	1,550592
47,496747	1,516727
47,499525	1,488452
47,502303	1,449656
47,505080	1,402968
47,507858	1,371077
47,510636	1,367131
47,513414	1,379296
47,516191	1,400009
47,518969	1,401653
47,521747	1,391461
47,524525	1,381926
47,527302	1,389817
47,530080	1,406256
47,532858	1,425654
47,535636	1,423024
47,538413	1,406914
47,541191	1,392776
47,543969	1,396064
47,546747	1,415462
47,549524	1,435518
47,552302	1,437162
47,555080	1,422367
47,557858	1,411188
47,560635	1,413818
47,563413	1,433216
47,566191	1,451299
47,568969	1,452286
47,571746	1,436833
47,574524	1,424997
47,577302	1,426312
47,580080	1,445053
47,582857	1,463464
47,585635	1,460834
47,588413	1,448998
47,591191	1,433874
47,593968	1,436504
47,596746	1,450642
47,599524	1,470040
47,602302	1,469711
47,605079	1,455902
47,607857	1,442751
47,610635	1,446368
47,613413	1,463793
47,616190	1,482534
47,618968	1,484178
47,621746	1,468396
47,624524	1,455574
47,627301	1,457875
47,630079	1,474972
47,632857	1,488452
47,635635	1,493055
47,638412	1,476616
47,641190	1,466095
47,643968	1,470040
47,646746	1,487794
47,649524	1,503905
47,652301	1,505549
47,655079	1,488452
47,657857	1,474972
47,660635	1,479575
47,663412	1,496014
47,666190	1,515741
47,668968	1,513439
47,671746	1,499959
47,674523	1,488452
47,677301	1,495356
47,680079	1,508179
47,682856	1,526262
47,685634	1,523303
47,688412	1,506864
47,691190	1,492726
47,693967	1,494370
47,696745	1,510152
47,699523	1,528563
47,702301	1,531851
47,705078	1,514426
47,707856	1,503576
47,710634	1,504233
47,713412	1,521988
47,716189	1,537440
47,718967	1,538427
47,721745	1,521001
47,724523	1,509823
47,727300	1,513111
47,730078	1,530865
47,732856	1,547633
47,735634	1,545002
47,738411	1,530207
47,741189	1,515083
47,743967	1,521659
47,746745	1,537112
47,749522	1,556181
47,752300	1,553880
47,755078	1,537440
47,757856	1,523960
47,760633	1,527906
47,763411	1,546318
47,766189	1,564401
47,768967	1,565387
47,771744	1,551578
47,774522	1,538427
47,777300	1,538756
47,780078	1,556510
47,782855	1,569004
47,785633	1,574264
47,788411	1,560126
47,791189	1,549605
47,793966	1,550921
47,796744	1,567360
47,799522	1,580840
47,802300	1,581169
47,805077	1,563414
47,807855	1,548948
47,810633	1,554537
47,813411	1,569332
47,816188	1,586758
47,818966	1,583799
47,821744	1,570319
47,824522	1,556181
47,827299	1,562099
47,830077	1,576566
47,832855	1,594977
47,835633	1,593005
47,838410	1,577223
47,841188	1,566045
47,843966	1,568017
47,846744	1,580840
47,849521	1,595964
47,852299	1,593662
47,855077	1,573935
47,857855	1,564072
47,860632	1,564729
47,863410	1,583141
47,866188	1,599909
47,868966	1,600238
47,871743	1,583799
47,874521	1,572949
47,877299	1,574922
47,880077	1,588731
47,882855	1,605827
47,885632	1,603197
47,888410	1,588402
47,891188	1,575250
47,893966	1,579853
47,896743	1,596950
47,899521	1,615033
47,902299	1,615362
47,905076	1,599580
47,907854	1,583470
47,910632	1,583141
47,913410	1,598594
47,916187	1,615362
47,918965	1,615362
47,921743	1,601882
47,924521	1,586758
47,927298	1,588073
47,930076	1,603526
47,932854	1,620951
47,935632	1,621938
47,938409	1,603526
47,941187	1,585771
47,943965	1,585771
47,946743	1,603197
47,949520	1,621938
47,952298	1,623581
47,955076	1,607471
47,957854	1,592676
47,960631	1,594977
47,963409	1,607142
47,966187	1,625225
47,968965	1,625883
47,971742	1,610430
47,974520	1,596293
47,977298	1,600567
47,980076	1,616019
47,982853	1,631801
47,985631	1,631143
47,988409	1,615362
47,991187	1,599909
47,993964	1,599580
47,996742	1,612403
47,999520	1,629828
48,002298	1,633116
48,005075	1,617663
48,007853	1,604512
48,010631	1,603526
48,013409	1,617006
48,016186	1,632459
48,018964	1,633116
48,021742	1,617992
48,024520	1,607471
48,027297	1,608129
48,030075	1,620622
48,032853	1,638705
48,035631	1,638377
48,038408	1,624239
48,041186	1,610430
48,043964	1,612074
48,046742	1,626541
48,049519	1,644952
48,052297	1,646596
48,055075	1,629500
48,057853	1,614704
48,060630	1,614376
48,063408	1,627198
48,066186	1,645281
48,068964	1,644952
48,071741	1,627198
48,074519	1,615033
48,077297	1,616677
48,080075	1,631472
48,082852	1,647911
48,085630	1,649555
48,088408	1,636075
48,091186	1,621938
48,093963	1,623253
48,096741	1,637719
48,099519	1,650542
48,102297	1,648898
48,105075	1,632787
48,107852	1,620294
48,110630	1,623253
48,113408	1,636733
48,116186	1,652843
48,118963	1,653829
48,121741	1,638705
48,124519	1,622595
48,127296	1,624239
48,130074	1,639034
48,132852	1,654816
48,135630	1,659419
48,138407	1,644624
48,141185	1,631143
48,143963	1,630486
48,146741	1,645610
48,149518	1,661391
48,152296	1,660734
48,155074	1,640678
48,157852	1,626212
48,160629	1,626212
48,163407	1,640678
48,166185	1,656460
48,168963	1,658432
48,171740	1,644624
48,174518	1,629828
48,177296	1,630157
48,180074	1,642322
48,182851	1,659419
48,185629	1,661391
48,188407	1,645610
48,191185	1,630157
48,193962	1,630486
48,196740	1,644952
48,199518	1,661063
48,202296	1,663035
48,205073	1,644952
48,207851	1,630157
48,210629	1,630486
48,213407	1,644295
48,216184	1,660076
48,218962	1,660405
48,221740	1,643637
48,224518	1,631472
48,227295	1,631801
48,230073	1,645939
48,232851	1,663035
48,235629	1,662049
48,238406	1,647583
48,241184	1,633116
48,243962	1,636075
48,246740	1,649227
48,249517	1,666652
48,252295	1,664351
48,255073	1,649884
48,257851	1,632130
48,260628	1,632787
48,263406	1,649884
48,266184	1,665337
48,268962	1,667310
48,271739	1,650542
48,274517	1,635089
48,277295	1,633774
48,280073	1,649227
48,282850	1,665666
48,285628	1,666981
48,288406	1,651857
48,291184	1,639363
48,293961	1,638705
48,296739	1,652186
48,299517	1,666981
48,302295	1,669282
48,305072	1,651199
48,307850	1,633445
48,310628	1,635746
48,313406	1,648898
48,316183	1,667310
48,318961	1,667967
48,321739	1,651857
48,324517	1,636404
48,327294	1,637719
48,330072	1,649227
48,332850	1,665008
48,335628	1,664679
48,338406	1,646267
48,341183	1,631143
48,343961	1,630486
48,346739	1,644952
48,349516	1,661720
48,352294	1,665337
48,355072	1,649884
48,357850	1,636733
48,360627	1,635418
48,363405	1,650542
48,366183	1,667638
48,368961	1,668625
48,371738	1,649555
48,374516	1,635089
48,377294	1,636404
48,380072	1,651528
48,382849	1,671255
48,385627	1,671584
48,388405	1,657117
48,391183	1,640349
48,393960	1,641665
48,396738	1,650213
48,399516	1,667967
48,402294	1,667310
48,405071	1,654816
48,407849	1,639363
48,410627	1,640349
48,413405	1,654816
48,416182	1,670269
48,418960	1,668953
48,421738	1,653501
48,424516	1,639692
48,427293	1,636733
48,430071	1,648240
48,432849	1,662378
48,435627	1,665008
48,438404	1,648240
48,441182	1,635418
48,443960	1,635089
48,446738	1,649227
48,449515	1,663693
48,452293	1,665337
48,455071	1,651199
48,457849	1,634103
48,460626	1,635089
48,463404	1,644624
48,466182	1,661720
48,468960	1,662707
48,471737	1,650213
48,474515	1,634103
48,477293	1,637719
48,480071	1,649884
48,482848	1,666981
48,485626	1,667638
48,488404	1,649227
48,491182	1,633774
48,493959	1,636075
48,496737	1,652514
48,499515	1,670597
48,502293	1,671913
48,505070	1,653501
48,507848	1,640021
48,510626	1,637390
48,513404	1,649227
48,516181	1,665666
48,518959	1,668296
48,521737	1,652186
48,524515	1,637062
48,527292	1,637719
48,530070	1,652186
48,532848	1,668625
48,535626	1,669611
48,538403	1,657446
48,541181	1,641993
48,543959	1,643308
48,546737	1,656131
48,549515	1,673556
48,552292	1,671255
48,555070	1,654158
48,557848	1,636075
48,560626	1,635089
48,563403	1,649555
48,566181	1,668625
48,568959	1,672241
48,571737	1,657775
48,574514	1,643966
48,577292	1,638705
48,580070	1,653829
48,582847	1,671255
48,585625	1,672241
48,588403	1,654816
48,591181	1,637062
48,593958	1,636075
48,596736	1,651857
48,599514	1,670269
48,602292	1,674543
48,605069	1,659748
48,607847	1,640349
48,610625	1,640021
48,613403	1,652186
48,616180	1,668625
48,618958	1,668953
48,621736	1,657117
48,624514	1,640021
48,627291	1,639363
48,630069	1,652514
48,632847	1,667310
48,635625	1,668953
48,638402	1,653501
48,641180	1,639363
48,643958	1,637062
48,646736	1,652843
48,649513	1,668296
48,652291	1,669940
48,655069	1,654158
48,657847	1,636733
48,660624	1,635746
48,663402	1,651199
48,666180	1,666652
48,668958	1,670926
48,671735	1,653829
48,674513	1,637062
48,677291	1,637719
48,680069	1,650213
48,682846	1,667310
48,685624	1,667967
48,688402	1,652843
48,691180	1,638377
48,693957	1,641007
48,696735	1,652514
48,699513	1,670269
48,702291	1,670926
48,705068	1,653172
48,707846	1,636075
48,710624	1,635746
48,713402	1,648240
48,716179	1,664679
48,718957	1,668625
48,721735	1,653829
48,724513	1,641665
48,727290	1,640678
48,730068	1,652843
48,732846	1,667310
48,735624	1,668953
48,738401	1,652186
48,741179	1,634431
48,743957	1,631143
48,746735	1,645939
48,749512	1,662378
48,752290	1,662378
48,755068	1,647583
48,757846	1,631143
48,760623	1,630157
48,763401	1,642980
48,766179	1,659748
48,768957	1,661063
48,771734	1,647254
48,774512	1,631143
48,777290	1,632130
48,780068	1,647254
48,782846	1,665337
48,785623	1,666323
48,788401	1,652514
48,791179	1,635418
48,793957	1,634760
48,796734	1,649227
48,799512	1,665337
48,802290	1,669282
48,805067	1,653172
48,807845	1,636404
48,810623	1,633116
48,813401	1,645281
48,816178	1,659748
48,818956	1,661391
48,821734	1,646925
48,824512	1,630486
48,827289	1,630157
48,830067	1,642651
48,832845	1,660734
48,835623	1,662378
48,838400	1,649227
48,841178	1,634431
48,843956	1,632787
48,846734	1,644624
48,849511	1,660734
48,852289	1,663035
48,855067	1,648240
48,857845	1,630815
48,860622	1,626541
48,863400	1,636733
48,866178	1,654158
48,868956	1,658104
48,871733	1,641993
48,874511	1,627198
48,877289	1,626212
48,880067	1,638048
48,882844	1,654158
48,885622	1,656789
48,888400	1,641336
48,891178	1,626212
48,893955	1,627856
48,896733	1,642980
48,899511	1,661063
48,902289	1,664351
48,905066	1,648898
48,907844	1,631801
48,910622	1,630157
48,913400	1,641665
48,916177	1,656789
48,918955	1,657775
48,921733	1,640678
48,924511	1,624239
48,927288	1,622595
48,930066	1,639363
48,932844	1,656460
48,935622	1,657775
48,938399	1,643637
48,941177	1,628184
48,943955	1,627527
48,946733	1,639034
48,949510	1,653829
48,952288	1,652514
48,955066	1,636404
48,957844	1,620622
48,960621	1,620622
48,963399	1,637062
48,966177	1,656131
48,968955	1,660076
48,971732	1,648240
48,974510	1,631472
48,977288	1,630486
48,980066	1,642980
48,982843	1,658104
48,985621	1,661720
48,988399	1,646925
48,991177	1,632787
48,993954	1,632130
48,996732	1,644624
48,999510	1,659419
49,002288	1,661391
49,005066	1,644295
49,007843	1,627856
49,010621	1,624568
49,013399	1,637062
49,016177	1,654158
49,018954	1,660734
49,021732	1,644295
49,024510	1,629828
49,027287	1,632459
49,030065	1,643637
49,032843	1,662049
49,035621	1,665008
49,038398	1,648240
49,041176	1,628842
49,043954	1,628513
49,046732	1,639363
49,049509	1,655145
49,052287	1,658104
49,055065	1,643308
49,057843	1,627198
49,060620	1,627856
49,063398	1,642980
49,066176	1,660405
49,068954	1,663693
49,071731	1,647254
49,074509	1,631801
49,077287	1,628513
49,080065	1,642980
49,082842	1,661391
49,085620	1,664679
49,088398	1,654158
49,091176	1,663364
49,093953	1,700517
49,096731	1,760026
49,099509	1,825783
49,102287	1,870497
49,105064	1,885621
49,107842	1,888580
49,110620	1,901074
49,113398	1,926719
49,116175	1,953350
49,118953	1,958940
49,121731	1,944473
49,124509	1,919815
49,127286	1,905019
49,130064	1,900088
49,132842	1,893841
49,135620	1,865894
49,138397	1,815919
49,141175	1,761670
49,143953	1,719915
49,146731	1,696242
49,149508	1,677502
49,152286	1,652843
49,155064	1,615362
49,157842	1,586429
49,160619	1,572949
49,163397	1,578538
49,166175	1,588731
49,168953	1,587087
49,171730	1,571305
49,174508	1,553222
49,177286	1,555524
49,180064	1,570648
49,182841	1,593005
49,185619	1,595964
49,188397	1,579525
49,191175	1,561113
49,193952	1,561770
49,196730	1,570319
49,199508	1,589059
49,202286	1,591361
49,205063	1,578538
49,207841	1,565387
49,210619	1,563414
49,213397	1,577223
49,216174	1,595306
49,218952	1,590046
49,221730	1,548290
49,224508	1,504233
49,227285	1,480561
49,230063	1,504891
49,232841	1,591361
49,235619	1,763314
49,238397	2,002010
49,241174	2,327176
49,243952	2,730264
49,246730	3,130393
49,249507	3,198122
49,252285	3,201410
49,255063	3,201410
49,257841	3,201410
49,260618	3,197794
49,263396	3,173792
49,266174	2,861120
49,268952	2,275557
49,271729	1,678817
49,274507	1,227399
49,277285	1,002183
49,280063	0,970291
49,282840	1,053802
49,285618	1,167232
49,288396	1,256003
49,291174	1,325376
49,293951	1,384557
49,296729	1,435847
49,299507	1,467410
49,302285	1,478588
49,305062	1,462807
49,307840	1,447025
49,310618	1,445053
49,313396	1,463136
49,316173	1,485822
49,318951	1,495356
49,321729	1,485493
49,324507	1,473328
49,327284	1,477273
49,330062	1,490753
49,332840	1,510809
49,335618	1,516070
49,338395	1,509494
49,341173	1,499959
49,343951	1,506535
49,346729	1,525604
49,349506	1,551907
49,352284	1,567031
49,355062	1,561770
49,357840	1,554866
49,360617	1,564401
49,363395	1,584456
49,366173	1,607142
49,368951	1,622924
49,371728	1,614704
49,374506	1,608786
49,377284	1,614376
49,380062	1,638377
49,382839	1,664679
49,385617	1,675529
49,388395	1,665666
49,391173	1,652514
49,393950	1,656131
49,396728	1,673556
49,399506	1,696242
49,402284	1,703804
49,405061	1,694599
49,407839	1,682762
49,410617	1,689009
49,413395	1,717942
49,416172	1,762656
49,418950	1,795864
49,421728	1,809344
49,424506	1,815590
49,427283	1,829399
49,430061	1,859976
49,432839	1,897786
49,435617	1,923431
49,438394	1,926390
49,441172	1,920801
49,443950	1,923431
49,446728	1,936254
49,449505	1,950720
49,452283	1,942829
49,455061	1,910609
49,457839	1,876086
49,460617	1,856031
49,463394	1,847811
49,466172	1,837619
49,468950	1,809015
49,471728	1,758711
49,474505	1,703804
49,477283	1,659419
49,480061	1,623910
49,482838	1,593005
49,485616	1,544345
49,488394	1,487137
49,491172	1,430257
49,493949	1,396722
49,496727	1,386529
49,499505	1,395078
49,502283	1,400338
49,505060	1,388502
49,507838	1,378967
49,510616	1,381926
49,513394	1,398694
49,516171	1,418092
49,518949	1,424997
49,521727	1,410859
49,524505	1,396722
49,527282	1,396064
49,530060	1,407571
49,532838	1,426641
49,535616	1,434203
49,538393	1,420394
49,541171	1,405270
49,543949	1,406256
49,546727	1,420394
49,549504	1,442751
49,552282	1,450642
49,555060	1,440121
49,557838	1,424997
49,560615	1,423353
49,563393	1,432888
49,566171	1,451957
49,568949	1,457218
49,571726	1,446368
49,574504	1,434860
49,577282	1,433545
49,580060	1,446697
49,582837	1,464122
49,585615	1,467410
49,588393	1,452615
49,591171	1,437491
49,593948	1,436504
49,596726	1,449984
49,599504	1,470698
49,602282	1,479904
49,605059	1,472999
49,607837	1,461492
49,610615	1,463136
49,613393	1,474643
49,616170	1,494370
49,618948	1,493384
49,621726	1,478588
49,624504	1,461821
49,627281	1,459848
49,630059	1,476616
49,632837	1,496671
49,635615	1,502918
49,638392	1,491082
49,641170	1,475958
49,643948	1,471684
49,646726	1,483849
49,649503	1,500288
49,652281	1,506206
49,655059	1,494041
49,657837	1,480890
49,660614	1,482534
49,663392	1,499302
49,666170	1,518042
49,668948	1,521330
49,671725	1,506535
49,674503	1,489767
49,677281	1,492068
49,680059	1,505549
49,682837	1,524618
49,685614	1,530536
49,688392	1,515741
49,691170	1,499959
49,693948	1,501603
49,696725	1,513111
49,699503	1,533166
49,702281	1,538756
49,705058	1,524618
49,707836	1,508508
49,710614	1,505877
49,713392	1,518700
49,716169	1,534810
49,718947	1,540400
49,721725	1,526262
49,724503	1,514754
49,727280	1,511467
49,730058	1,526262
49,732836	1,543359
49,735614	1,550263
49,738391	1,539084
49,741169	1,526262
49,743947	1,526262
49,746725	1,537440
49,749502	1,555195
49,752280	1,560455
49,755058	1,550263
49,757836	1,534481
49,760613	1,532838
49,763391	1,544016
49,766169	1,565058
49,768947	1,568017
49,771724	1,555524
49,774502	1,540400
49,777280	1,536125
49,780058	1,549277
49,782835	1,568675
49,785613	1,575250
49,788391	1,563414
49,791169	1,549277
49,793946	1,546975
49,796724	1,563743
49,799502	1,580840
49,802280	1,588731
49,805057	1,574264
49,807835	1,557167
49,810613	1,554866
49,813391	1,568346
49,816168	1,587415
49,818946	1,588731
49,821724	1,575250
49,824502	1,556181
49,827279	1,554866
49,830057	1,567688
49,832835	1,589717
49,835613	1,596293
49,838390	1,586758
49,841168	1,568017
49,843946	1,564072
49,846724	1,577881
49,849501	1,596293
49,852279	1,600567
49,855057	1,584128
49,857835	1,567360
49,860612	1,564401
49,863390	1,580840
49,866168	1,598923
49,868946	1,609115
49,871723	1,590374
49,874501	1,573935
49,877279	1,569004
49,880057	1,580511
49,882834	1,595306
49,885612	1,603526
49,888390	1,592347
49,891168	1,577881
49,893945	1,577881
49,896723	1,586758
49,899501	1,605498
49,902279	1,607471
49,905057	1,596621
49,907834	1,580840
49,910612	1,581169
49,913390	1,593991
49,916168	1,613718
49,918945	1,616677
49,921723	1,605170
49,924501	1,588731
49,927278	1,585114
49,930056	1,596950
49,932834	1,613718
49,935612	1,617006
49,938389	1,603526
49,941167	1,592018
49,943945	1,588402
49,946723	1,603197
49,949500	1,618321
49,952278	1,625554
49,955056	1,613060
49,957834	1,598594
49,960611	1,597608
49,963389	1,612074
49,966167	1,632130
49,968945	1,635746
49,971722	1,620951
49,974500	1,601553
49,977278	1,598923
49,980056	1,608786
49,982833	1,629500
49,985611	1,632787
49,988389	1,621280
49,991167	1,602868
49,993944	1,602539
49,996722	1,613389
