LabVIEW Measurement	
Writer_Version	2
Reader_Version	2
Separator	Tab
Decimal_Separator	,
Multi_Headings	No
X_Columns	Multi
Time_Pref	Absolute
Operator	Alunos
Description	Cont Acq&Graph Voltage Int Clk - LVM71 - Data File
Date	2023/06/01
Time	12:11:01,1055073999426800443
***End_of_Header***	
	
Channels	1	
Samples	500	
Date	2023/06/01	
Time	12:11:01,1055073999426800443	
Y_Unit_Label	Volts	
X_Dimension	Time	
X0	0,0000000000000000E+0	
Delta_X	0,002778	
***End_of_Header***		
X_Value	Dev1/ai1	Comment
0,000000	1,581826
0,002778	1,570976
0,005555	1,572949
0,008333	1,589388
0,011111	1,598265
0,013889	1,595306
0,016667	1,578538
0,019444	1,570648
0,022222	1,573935
0,025000	1,594320
0,027777	1,609115
0,030555	1,605498
0,033333	1,575250
0,036111	1,535797
0,038888	1,509823
0,041666	1,505220
0,044444	1,532509
0,047222	1,598594
0,049999	1,749505
0,052777	1,988859
0,055555	2,333752
0,058333	2,754594
0,061110	3,153408
0,063888	3,198451
0,066666	3,200753
0,069444	3,200753
0,072221	3,200753
0,074999	3,196807
0,077777	3,179382
0,080555	2,887094
0,083332	2,293969
0,086110	1,694927
0,088888	1,252386
0,091666	1,037363
0,094443	1,004156
0,097221	1,066953
0,099999	1,157697
0,102777	1,255016
0,105554	1,342801
0,108332	1,420723
0,111110	1,474314
0,113888	1,486808
0,116665	1,474643
0,119443	1,462478
0,122221	1,466752
0,124999	1,478917
0,127776	1,500946
0,130554	1,497658
0,133332	1,488123
0,136110	1,480232
0,138887	1,492068
0,141665	1,514097
0,144443	1,531851
0,147221	1,531194
0,149998	1,515083
0,152776	1,508508
0,155554	1,514426
0,158332	1,538427
0,161109	1,560455
0,163887	1,572949
0,166665	1,564401
0,169443	1,560455
0,172220	1,568675
0,174998	1,597279
0,177776	1,621280
0,180554	1,627527
0,183331	1,621280
0,186109	1,614376
0,188887	1,624897
0,191665	1,647583
0,194442	1,672241
0,197220	1,676844
0,199998	1,668625
0,202776	1,660734
0,205553	1,670926
0,208331	1,691311
0,211109	1,711695
0,213887	1,712353
0,216664	1,698873
0,219442	1,689996
0,222220	1,699530
0,224998	1,722874
0,227775	1,753122
0,230553	1,776465
0,233331	1,791589
0,236109	1,807700
0,238886	1,831701
0,241664	1,862278
0,244442	1,894170
0,247220	1,912581
0,249997	1,913568
0,252775	1,915869
0,255553	1,929020
0,258331	1,948747
0,261108	1,964858
0,263886	1,961241
0,266664	1,935596
0,269442	1,908307
0,272220	1,894498
0,274997	1,890224
0,277775	1,880361
0,280553	1,850113
0,283330	1,800138
0,286108	1,749834
0,288886	1,717285
0,291664	1,690653
0,294441	1,656460
0,297219	1,605170
0,299997	1,539084
0,302775	1,481547
0,305553	1,443409
0,308330	1,429271
0,311108	1,421380
0,313886	1,408229
0,316663	1,388831
0,319441	1,382255
0,322219	1,394420
0,324997	1,419408
0,327774	1,438477
0,330552	1,434532
0,333330	1,420394
0,336108	1,407571
0,338886	1,414805
0,341663	1,431901
0,344441	1,447025
0,347219	1,442751
0,349996	1,428285
0,352774	1,414805
0,355552	1,419408
0,358330	1,438806
0,361107	1,457218
0,363885	1,458204
0,366663	1,442751
0,369441	1,429271
0,372218	1,433216
0,374996	1,448340
0,377774	1,465108
0,380552	1,468725
0,383329	1,454916
0,386107	1,444395
0,388885	1,444724
0,391663	1,462807
0,394440	1,479246
0,397218	1,480890
0,399996	1,461492
0,402774	1,449656
0,405551	1,453930
0,408329	1,468067
0,411107	1,487137
0,413885	1,486808
0,416662	1,471684
0,419440	1,459190
0,422218	1,464780
0,424996	1,481219
0,427773	1,499630
0,430551	1,498315
0,433329	1,483849
0,436107	1,475958
0,438884	1,482205
0,441662	1,497987
0,444440	1,513439
0,447218	1,511795
0,449995	1,495685
0,452773	1,484178
0,455551	1,488452
0,458329	1,505549
0,461106	1,523960
0,463884	1,522645
0,466662	1,507192
0,469440	1,491411
0,472217	1,492068
0,474995	1,508508
0,477773	1,527577
0,480551	1,527577
0,483328	1,513111
0,486106	1,500617
0,488884	1,504233
0,491662	1,522316
0,494439	1,540400
0,497217	1,539742
0,499995	1,524618
0,502773	1,513111
0,505551	1,515083
0,508328	1,532838
0,511106	1,547633
0,513884	1,546975
0,516661	1,534153
0,519439	1,521988
0,522217	1,523303
0,524995	1,537769
0,527772	1,550592
0,530550	1,550263
0,533328	1,536454
0,536106	1,526262
0,538883	1,532509
0,541661	1,548619
0,544439	1,561770
0,547217	1,557167
0,549994	1,542701
0,552772	1,528235
0,555550	1,534481
0,558328	1,550263
0,561105	1,568017
0,563883	1,568675
0,566661	1,553551
0,569439	1,541715
0,572217	1,545989
0,574994	1,562757
0,577772	1,579525
0,580550	1,580840
0,583327	1,563414
0,586105	1,548619
0,588883	1,547633
0,591661	1,560455
0,594438	1,574922
0,597216	1,578538
0,599994	1,563086
0,602772	1,555195
0,605549	1,560455
0,608327	1,575250
0,611105	1,592018
0,613883	1,590046
0,616660	1,573935
0,619438	1,561442
0,622216	1,566373
0,624994	1,580182
0,627771	1,599909
0,630549	1,597608
0,633327	1,583799
0,636105	1,569004
0,638882	1,570976
0,641660	1,585771
0,644438	1,601553
0,647216	1,600238
0,649994	1,584785
0,652771	1,573935
0,655549	1,572949
0,658327	1,589717
0,661104	1,606156
0,663882	1,607800
0,666660	1,594320
0,669438	1,582155
0,672215	1,583141
0,674993	1,598265
0,677771	1,611745
0,680549	1,610430
0,683326	1,595635
0,686104	1,580840
0,688882	1,582812
0,691660	1,599580
0,694437	1,618650
0,697215	1,617992
0,699993	1,608129
0,702771	1,592347
0,705548	1,594977
0,708326	1,605498
0,711104	1,618979
0,713882	1,616677
0,716660	1,603526
0,719437	1,591690
0,722215	1,597608
0,724993	1,614704
0,727770	1,628842
0,730548	1,629500
0,733326	1,611088
0,736104	1,599252
0,738881	1,601553
0,741659	1,617663
0,744437	1,632459
0,747215	1,631801
0,749992	1,612732
0,752770	1,598923
0,755548	1,603526
0,758326	1,620294
0,761103	1,637719
0,763881	1,635746
0,766659	1,619965
0,769437	1,602539
0,772214	1,604841
0,774992	1,618321
0,777770	1,639034
0,780548	1,639363
0,783326	1,623910
0,786103	1,609444
0,788881	1,612732
0,791659	1,626212
0,794436	1,643308
0,797214	1,646925
0,799992	1,626869
0,802770	1,612403
0,805547	1,611417
0,808325	1,627527
0,811103	1,644295
0,813881	1,643637
0,816658	1,627856
0,819436	1,616348
0,822214	1,616348
0,824992	1,634431
0,827769	1,651857
0,830547	1,648569
0,833325	1,632459
0,836103	1,618650
0,838880	1,619636
0,841658	1,631472
0,844436	1,648240
0,847214	1,645610
0,849991	1,635418
0,852769	1,620622
0,855547	1,625225
0,858325	1,639363
0,861102	1,653829
0,863880	1,651857
0,866658	1,635746
0,869436	1,620294
0,872213	1,623581
0,874991	1,641007
0,877769	1,654816
0,880547	1,657117
0,883324	1,643308
0,886102	1,631472
0,888880	1,633774
0,891658	1,647911
0,894435	1,659748
0,897213	1,659419
0,899991	1,665994
0,902769	1,691311
0,905546	1,740299
0,908324	1,807700
0,911102	1,866223
0,913880	1,896471
0,916657	1,901403
0,919435	1,902718
0,922213	1,918171
0,924991	1,941843
0,927768	1,963214
0,930546	1,959926
0,933324	1,933295
0,936102	1,903375
0,938879	1,886936
0,941657	1,880361
0,944435	1,870168
0,947213	1,838605
0,949990	1,787644
0,952768	1,736025
0,955546	1,697558
0,958324	1,674214
0,961101	1,660076
0,963879	1,639034
0,966657	1,609115
0,969435	1,587087
0,972212	1,579196
0,974990	1,589717
0,977768	1,602211
0,980546	1,598265
0,983323	1,581169
0,986101	1,566373
0,988879	1,569004
0,991657	1,581169
0,994434	1,597279
0,997212	1,593991
0,999990	1,580182
1,002768	1,565716
1,005545	1,569332
1,008323	1,586758
1,011101	1,606485
1,013879	1,607471
1,016656	1,592018
1,019434	1,575908
1,022212	1,573935
1,024990	1,586100
1,027767	1,590374
1,030545	1,569004
1,033323	1,524289
1,036101	1,487794
1,038879	1,497000
1,041656	1,581826
1,044434	1,760684
1,047212	2,002997
1,049989	2,324217
1,052767	2,709222
1,055545	3,098501
1,058323	3,196807
1,061101	3,199437
1,063878	3,200424
1,066656	3,200095
1,069434	3,197794
1,072211	3,182341
1,074989	2,922602
1,077767	2,365315
1,080545	1,768246
1,083322	1,289539
1,086100	1,024869
1,088878	0,967661
1,091656	1,040650
1,094433	1,164272
1,097211	1,272113
1,099989	1,345432
1,102767	1,401982
1,105544	1,443080
1,108322	1,474314
1,111100	1,492068
1,113878	1,494041
1,116656	1,477602
1,119433	1,465108
1,122211	1,469383
1,124989	1,489438
1,127766	1,510809
1,130544	1,516398
1,133322	1,505220
1,136100	1,494370
1,138877	1,496671
1,141655	1,509823
1,144433	1,528563
1,147211	1,530865
1,149988	1,522316
1,152766	1,515741
1,155544	1,526919
1,158322	1,554208
1,161099	1,581826
1,163877	1,590046
1,166655	1,581826
1,169433	1,578538
1,172210	1,587087
1,174988	1,610759
1,177766	1,637390
1,180544	1,646267
1,183321	1,636404
1,186099	1,631143
1,188877	1,642651
1,191655	1,665666
1,194433	1,686050
1,197210	1,692626
1,199988	1,682434
1,202766	1,671913
1,205543	1,676844
1,208321	1,692955
1,211099	1,711366
1,213877	1,716956
1,216654	1,707092
1,219432	1,700188
1,222210	1,716627
1,224988	1,756081
1,227765	1,805727
1,230543	1,836633
1,233321	1,842222
1,236099	1,845838
1,238876	1,862935
1,241654	1,893512
1,244432	1,929349
1,247210	1,947104
1,249988	1,943816
1,252765	1,933623
1,255543	1,935925
1,258321	1,946775
1,261098	1,952364
1,263876	1,938226
1,266654	1,903704
1,269432	1,869182
1,272209	1,847811
1,274987	1,834989
1,277765	1,819536
1,280543	1,787315
1,283320	1,736354
1,286098	1,678488
1,288876	1,631143
1,291654	1,593333
1,294431	1,558811
1,297209	1,515741
1,299987	1,460505
1,302765	1,420723
1,305542	1,400338
1,308320	1,405599
1,311098	1,418421
1,313876	1,423682
1,316653	1,411846
1,319431	1,403297
1,322209	1,404612
1,324987	1,422038
1,327765	1,440121
1,330542	1,441765
1,333320	1,427298
1,336098	1,413818
1,338875	1,417106
1,341653	1,431901
1,344431	1,450971
1,347209	1,448340
1,349986	1,433874
1,352764	1,418421
1,355542	1,422695
1,358320	1,437491
1,361097	1,458861
1,363875	1,462149
1,366653	1,448669
1,369431	1,434860
1,372208	1,434860
1,374986	1,453601
1,377764	1,470040
1,380542	1,472670
1,383319	1,455902
1,386097	1,443409
1,388875	1,444395
1,391653	1,463136
1,394430	1,481876
1,397208	1,484835
1,399986	1,471684
1,402764	1,459190
1,405541	1,464122
1,408319	1,478260
1,411097	1,496671
1,413875	1,497987
1,416652	1,484178
1,419430	1,467739
1,422208	1,472670
1,424986	1,486150
1,427763	1,504233
1,430541	1,505549
1,433319	1,491411
1,436097	1,477931
1,438874	1,479575
1,441652	1,494699
1,444430	1,513111
1,447208	1,518700
1,449985	1,500617
1,452763	1,491082
1,455541	1,492726
1,458319	1,507850
1,461097	1,525276
1,463874	1,530865
1,466652	1,517056
1,469430	1,504562
1,472207	1,505549
1,474985	1,519357
1,477763	1,538427
1,480541	1,538756
1,483318	1,521001
1,486096	1,502918
1,488874	1,504233
1,491652	1,518371
1,494429	1,541057
1,497207	1,541057
1,499985	1,531194
1,502763	1,516398
1,505540	1,519029
1,508318	1,529550
1,511096	1,547304
1,513874	1,549934
1,516652	1,534153
1,519429	1,522974
1,522207	1,525276
1,524985	1,544016
1,527762	1,557496
1,530540	1,560784
1,533318	1,542701
1,536096	1,528563
1,538873	1,528235
1,541651	1,545331
1,544429	1,561770
1,547207	1,564729
1,549984	1,549934
1,552762	1,535797
1,555540	1,535468
1,558318	1,551907
1,561095	1,572620
1,563873	1,575579
1,566651	1,562428
1,569429	1,543359
1,572207	1,545660
1,574984	1,557825
1,577762	1,578867
1,580540	1,582812
1,583317	1,569004
1,586095	1,552236
1,588873	1,553551
1,591651	1,568675
1,594428	1,583799
1,597206	1,588402
1,599984	1,573278
1,602762	1,559798
1,605539	1,557496
1,608317	1,572620
1,611095	1,587087
1,613873	1,593991
1,616650	1,580840
1,619428	1,569990
1,622206	1,570319
1,624984	1,584785
1,627761	1,600895
1,630539	1,601553
1,633317	1,584456
1,636095	1,569004
1,638872	1,570648
1,641650	1,584456
1,644428	1,603526
1,647206	1,604841
1,649983	1,592018
1,652761	1,577223
1,655539	1,579853
1,658317	1,593333
1,661094	1,610759
1,663872	1,614047
1,666650	1,600567
1,669428	1,586100
1,672206	1,581826
1,674983	1,596950
1,677761	1,611088
1,680539	1,616348
1,683316	1,599580
1,686094	1,586429
1,688872	1,581169
1,691650	1,597608
1,694427	1,615362
1,697205	1,618650
1,699983	1,604841
1,702761	1,590374
1,705538	1,591032
1,708316	1,606485
1,711094	1,623581
1,713872	1,622595
1,716649	1,609444
1,719427	1,593991
1,722205	1,595964
1,724983	1,607142
1,727761	1,623910
1,730538	1,626212
1,733316	1,611745
1,736094	1,594649
1,738871	1,596293
1,741649	1,613718
1,744427	1,630815
1,747205	1,634760
1,749982	1,620294
1,752760	1,608129
1,755538	1,607800
1,758316	1,621280
1,761093	1,634760
1,763871	1,635418
1,766649	1,617992
1,769427	1,603526
1,772204	1,603197
1,774982	1,617335
1,777760	1,636075
1,780538	1,639363
1,783316	1,624897
1,786093	1,608786
1,788871	1,608129
1,791649	1,618650
1,794426	1,635418
1,797204	1,636404
1,799982	1,622595
1,802760	1,607142
1,805537	1,610101
1,808315	1,624239
1,811093	1,641007
1,813871	1,643637
1,816648	1,628184
1,819426	1,613389
1,822204	1,609773
1,824982	1,622595
1,827759	1,641993
1,830537	1,647254
1,833315	1,635418
1,836093	1,621609
1,838871	1,618650
1,841648	1,632459
1,844426	1,646925
1,847204	1,649555
1,849981	1,636075
1,852759	1,620951
1,855537	1,619307
1,858315	1,632459
1,861092	1,649555
1,863870	1,649555
1,866648	1,637062
1,869426	1,622266
1,872203	1,621280
1,874981	1,633774
1,877759	1,650542
1,880537	1,654487
1,883315	1,640021
1,886092	1,625883
1,888870	1,622595
1,891648	1,637062
1,894426	1,671913
1,897203	1,712024
1,899981	1,746546
1,902759	1,785671
1,905536	1,827755
1,908314	1,875100
1,911092	1,915869
1,913870	1,933623
1,916647	1,930664
1,919425	1,923102
1,922203	1,926061
1,924981	1,941843
1,927758	1,952364
1,930536	1,944144
1,933314	1,912910
1,936092	1,874114
1,938870	1,842551
1,941647	1,821509
1,944425	1,800795
1,947203	1,765616
1,949980	1,712353
1,952758	1,660734
1,955536	1,628184
1,958314	1,618650
1,961091	1,620951
1,963869	1,611417
1,966647	1,585771
1,969425	1,566373
1,972202	1,563414
1,974980	1,573607
1,977758	1,590046
1,980536	1,593991
1,983313	1,579853
1,986091	1,563743
1,988869	1,564401
1,991647	1,577552
1,994425	1,596950
1,997202	1,596621
1,999980	1,580840
2,002758	1,565387
2,005535	1,566373
2,008313	1,577223
2,011091	1,594649
2,013869	1,597608
2,016646	1,586429
2,019424	1,573278
2,022202	1,563086
2,024980	1,555852
2,027757	1,543030
2,030535	1,521988
2,033313	1,511467
2,036091	1,558811
2,038868	1,707421
2,041646	1,953350
2,044424	2,299230
2,047202	2,695413
2,049980	3,073514
2,052757	3,194835
2,055535	3,200095
2,058313	3,201410
2,061090	3,201410
2,063868	3,200095
2,066646	3,186286
2,069424	2,941343
2,072201	2,386028
2,074979	1,798494
2,077757	1,336883
2,080535	1,073529
2,083312	0,986401
2,086090	1,021252
2,088868	1,124161
2,091646	1,244495
2,094423	1,350034
2,097201	1,422038
2,099979	1,447683
2,102757	1,452615
2,105535	1,455574
2,108312	1,470698
2,111090	1,485493
2,113868	1,491740
2,116645	1,479904
2,119423	1,470040
2,122201	1,475301
2,124979	1,493384
2,127756	1,516070
2,130534	1,521001
2,133312	1,507850
2,136090	1,492726
2,138867	1,496014
2,141645	1,511138
2,144423	1,537769
2,147201	1,550592
2,149979	1,546975
2,152756	1,541715
2,155534	1,550921
2,158312	1,571963
2,161089	1,597279
2,163867	1,610101
2,166645	1,602868
2,169423	1,598265
2,172200	1,606156
2,174978	1,630815
2,177756	1,656131
2,180534	1,668625
2,183311	1,661063
2,186089	1,654816
2,188867	1,656460
2,191645	1,673885
2,194422	1,694270
2,197200	1,702818
2,199978	1,694270
2,202756	1,683091
2,205534	1,688352
2,208311	1,707421
2,211089	1,729121
2,213867	1,739642
2,216644	1,740957
2,219422	1,749176
2,222200	1,778767
2,224978	1,819536
2,227755	1,857346
2,230533	1,877073
2,233311	1,878388
2,236089	1,881347
2,238866	1,900745
2,241644	1,931980
2,244422	1,963543
2,247200	1,971762
2,249977	1,958940
2,252755	1,939870
2,255533	1,928034
2,258311	1,924746
2,261089	1,920801
2,263866	1,906663
2,266644	1,873456
2,269422	1,832358
2,272199	1,798165
2,274977	1,775150
2,277755	1,756081
2,280533	1,716956
2,283310	1,653172
2,286088	1,583141
2,288866	1,535797
2,291644	1,500946
2,294421	1,483849
2,297199	1,454259
2,299977	1,418750
2,302755	1,390146
2,305532	1,386529
2,308310	1,402311
2,311088	1,424668
2,313866	1,435847
2,316644	1,423353
2,319421	1,408887
2,322199	1,403626
2,324977	1,421051
2,327754	1,439463
2,330532	1,445381
2,333310	1,428285
2,336088	1,417106
2,338865	1,414805
2,341643	1,430257
2,344421	1,449984
2,347199	1,456560
2,349976	1,443737
2,352754	1,428285
2,355532	1,429271
2,358310	1,444724
2,361088	1,466423
2,363865	1,470369
2,366643	1,459848
2,369421	1,441107
2,372198	1,441765
2,374976	1,454587
2,377754	1,475301
2,380532	1,479246
2,383309	1,469383
2,386087	1,454587
2,388865	1,451957
2,391643	1,467410
2,394420	1,485164
2,397198	1,492726
2,399976	1,477602
2,402754	1,462807
2,405531	1,458533
2,408309	1,474972
2,411087	1,490753
2,413865	1,498644
2,416643	1,485164
2,419420	1,470040
2,422198	1,469054
2,424976	1,481547
2,427754	1,498973
2,430531	1,504233
2,433309	1,494041
2,436087	1,477602
2,438864	1,479904
2,441642	1,490425
2,444420	1,514754
2,447198	1,517385
2,449975	1,503905
2,452753	1,487794
2,455531	1,489767
2,458309	1,502918
2,461086	1,522316
2,463864	1,530536
2,466642	1,515741
2,469420	1,500946
2,472198	1,498644
2,474975	1,514426
2,477753	1,532180
2,480531	1,543030
2,483308	1,531194
2,486086	1,515083
2,488864	1,510809
2,491642	1,524289
2,494419	1,544674
2,497197	1,549277
2,499975	1,535468
2,502753	1,521001
2,505530	1,518042
2,508308	1,530865
2,511086	1,551249
2,513864	1,552893
2,516641	1,544016
2,519419	1,529221
2,522197	1,527577
2,524975	1,539084
2,527753	1,557167
2,530530	1,560784
2,533308	1,548290
2,536086	1,533824
2,538863	1,530865
2,541641	1,547304
2,544419	1,567031
2,547197	1,572620
2,549974	1,557825
2,552752	1,543030
2,555530	1,538756
2,558308	1,552236
2,561085	1,568675
2,563863	1,576566
2,566641	1,565716
2,569419	1,549277
2,572196	1,545660
2,574974	1,559798
2,577752	1,578538
2,580530	1,581826
2,583308	1,572620
2,586085	1,556181
2,588863	1,555852
2,591641	1,568346
2,594418	1,591690
2,597196	1,598594
2,599974	1,586100
2,602752	1,569990
2,605529	1,565387
2,608307	1,574922
2,611085	1,592018
2,613863	1,597279
2,616640	1,582484
2,619418	1,565716
2,622196	1,564729
2,624974	1,577552
2,627752	1,595635
2,630529	1,604841
2,633307	1,593005
2,636085	1,576566
2,638863	1,575250
2,641640	1,588402
2,644418	1,606156
2,647196	1,611745
2,649973	1,597936
2,652751	1,580511
2,655529	1,576237
2,658307	1,587744
2,661084	1,607471
2,663862	1,613060
2,666640	1,601224
2,669418	1,585114
2,672195	1,582812
2,674973	1,596621
2,677751	1,615033
2,680529	1,619636
2,683307	1,606485
2,686084	1,590046
2,688862	1,587415
2,691640	1,598594
2,694417	1,615691
2,697195	1,621280
2,699973	1,608457
2,702751	1,592347
2,705528	1,589059
2,708306	1,604183
2,711084	1,623581
2,713862	1,628842
2,716639	1,615691
2,719417	1,598594
2,722195	1,595306
2,724973	1,608786
2,727750	1,627198
2,730528	1,633116
2,733306	1,620294
2,736084	1,602868
2,738862	1,601882
2,741639	1,615691
2,744417	1,631801
2,747195	1,636733
2,749972	1,620622
2,752750	1,603526
2,755528	1,601553
2,758306	1,614047
2,761083	1,630486
2,763861	1,637062
2,766639	1,625225
2,769417	1,609115
2,772194	1,605498
2,774972	1,617992
2,777750	1,634760
2,780528	1,641336
2,783305	1,629171
2,786083	1,612403
2,788861	1,612074
2,791639	1,624568
2,794416	1,644295
2,797194	1,654158
2,799972	1,641007
2,802750	1,623581
2,805527	1,619307
2,808305	1,627198
2,811083	1,643308
2,813861	1,649884
2,816638	1,633774
2,819416	1,617992
2,822194	1,613718
2,824972	1,626212
2,827749	1,642980
2,830527	1,650870
2,833305	1,639034
2,836083	1,625554
2,838861	1,620951
2,841638	1,629828
2,844416	1,646596
2,847194	1,651199
2,849971	1,640349
2,852749	1,626212
2,855527	1,623581
2,858305	1,633774
2,861082	1,652186
2,863860	1,657117
2,866638	1,642651
2,869416	1,625225
2,872193	1,619965
2,874971	1,632787
2,877749	1,649555
2,880527	1,654487
2,883304	1,642322
2,886082	1,624239
2,888860	1,639034
2,891638	1,689009
2,894416	1,753122
2,897193	1,810988
2,899971	1,844523
2,902749	1,860305
2,905526	1,877730
2,908304	1,904033
2,911082	1,934610
2,913860	1,952035
2,916637	1,945460
2,919415	1,930993
2,922193	1,920472
2,924971	1,922445
2,927748	1,921458
2,930526	1,904691
2,933304	1,860962
2,936082	1,809344
2,938859	1,769232
2,941637	1,744902
2,944415	1,728463
2,947193	1,698544
2,949971	1,655473
2,952748	1,612732
2,955526	1,591690
2,958304	1,591690
2,961081	1,599252
2,963859	1,604841
2,966637	1,587744
2,969415	1,571305
2,972192	1,565058
2,974970	1,577552
2,977748	1,593662
2,980526	1,600895
2,983303	1,586758
2,986081	1,570976
2,988859	1,567360
2,991637	1,578210
2,994414	1,596950
2,997192	1,604183
2,999970	1,592347
3,002748	1,575908
3,005525	1,574264
3,008303	1,582812
3,011081	1,603526
3,013859	1,607471
3,016636	1,590374
3,019414	1,552564
3,022192	1,519686
3,024970	1,503905
3,027747	1,521988
3,030525	1,585114
3,033303	1,714983
3,036081	1,923102
3,038858	2,246953
3,041636	2,644123
3,044414	3,055759
3,047192	3,196807
3,049969	3,200753
3,052747	3,201739
3,055525	3,201739
3,058303	3,199109
3,061080	3,188588
3,063858	2,990660
3,066636	2,444552
3,069414	1,828413
3,072191	1,335897
3,074969	1,067282
3,077747	0,995936
3,080525	1,045582
3,083302	1,137312
3,086080	1,222467
3,088858	1,311238
3,091636	1,390146
3,094413	1,453272
3,097191	1,482534
3,099969	1,478588
3,102747	1,462478
3,105524	1,460505
3,108302	1,472013
3,111080	1,491082
3,113858	1,504233
3,116635	1,494370
3,119413	1,482863
3,122191	1,481876
3,124969	1,499959
3,127746	1,517385
3,130524	1,528235
3,133302	1,514426
3,136080	1,501932
3,138857	1,505877
3,141635	1,525604
3,144413	1,552893
3,147191	1,571305
3,149968	1,566045
3,152746	1,558483
3,155524	1,562099
3,158302	1,578210
3,161079	1,607142
3,163857	1,619965
3,166635	1,617335
3,169413	1,610430
3,172190	1,617992
3,174968	1,634760
3,177746	1,660734
3,180524	1,673556
3,183301	1,668296
3,186079	1,658761
3,188857	1,656131
3,191635	1,673885
3,194412	1,696900
3,197190	1,711695
3,199968	1,704791
3,202746	1,695256
3,205523	1,694270
3,208301	1,713010
3,211079	1,742601
3,213857	1,773506
3,216634	1,792904
3,219412	1,807371
3,222190	1,828084
3,224968	1,859976
3,227745	1,892854
3,230523	1,917184
3,233301	1,922774
3,236079	1,923431
3,238856	1,932637
3,241634	1,952364
3,244412	1,971433
3,247190	1,975379
3,249967	1,953350
3,252745	1,920472
3,255523	1,898772
3,258301	1,889567
3,261078	1,884964
3,263856	1,869182
3,266634	1,824796
3,269412	1,772849
3,272189	1,732737
3,274967	1,702161
3,277745	1,670597
3,280523	1,629500
3,283300	1,567688
3,286078	1,503905
3,288856	1,459190
3,291634	1,437491
3,294411	1,430586
3,297189	1,425326
3,299967	1,408558
3,302745	1,392447
3,305522	1,395406
3,308300	1,409873
3,311078	1,432559
3,313856	1,439135
3,316634	1,430915
3,319411	1,413818
3,322189	1,412174
3,324967	1,424668
3,327744	1,446039
3,330522	1,454587
3,333300	1,440778
3,336078	1,426970
3,338855	1,421709
3,341633	1,434532
3,344411	1,454916
3,347189	1,465108
3,349966	1,455574
3,352744	1,440450
3,355522	1,433874
3,358300	1,442094
3,361077	1,458204
3,363855	1,466423
3,366633	1,457875
3,369411	1,446039
3,372189	1,443737
3,374966	1,460177
3,377744	1,480232
3,380522	1,485493
3,383299	1,475958
3,386077	1,459190
3,388855	1,457218
3,391633	1,470369
3,394410	1,487794
3,397188	1,496014
3,399966	1,486150
3,402744	1,472670
3,405521	1,469383
3,408299	1,480232
3,411077	1,497329
3,413855	1,505220
3,416632	1,492397
3,419410	1,473657
3,422188	1,469054
3,424966	1,481876
3,427744	1,500946
3,430521	1,512453
3,433299	1,506864
3,436077	1,493055
3,438854	1,492068
3,441632	1,501932
3,444410	1,517056
3,447188	1,521330
3,449965	1,508508
3,452743	1,491411
3,455521	1,490425
3,458299	1,503905
3,461076	1,522974
3,463854	1,533166
3,466632	1,520344
3,469410	1,505549
3,472187	1,502590
3,474965	1,515412
3,477743	1,533495
3,480521	1,545002
3,483298	1,534153
3,486076	1,516070
3,488854	1,513439
3,491632	1,523960
3,494409	1,540400
3,497187	1,548948
3,499965	1,538098
3,502743	1,523303
3,505520	1,521001
3,508298	1,530865
3,511076	1,550592
3,513854	1,558811
3,516631	1,549605
3,519409	1,533495
3,522187	1,527248
3,524965	1,536783
3,527742	1,556839
3,530520	1,563743
3,533298	1,552236
3,536076	1,538427
3,538853	1,534153
3,541631	1,546975
3,544409	1,565716
3,547187	1,574264
3,549964	1,563414
3,552742	1,551249
3,555520	1,544674
3,558298	1,554537
3,561075	1,572291
3,563853	1,579853
3,566631	1,569661
3,569409	1,556510
3,572186	1,551907
3,574964	1,560784
3,577742	1,579853
3,580520	1,586758
3,583297	1,577223
3,586075	1,559140
3,588853	1,553880
3,591631	1,563086
3,594408	1,581497
3,597186	1,590046
3,599964	1,580511
3,602742	1,563414
3,605519	1,558483
3,608297	1,571305
3,611075	1,589717
3,613853	1,601553
3,616630	1,587415
3,619408	1,569990
3,622186	1,565387
3,624964	1,579853
3,627741	1,595635
3,630519	1,605827
3,633297	1,591690
3,636075	1,573935
3,638852	1,569990
3,641630	1,581497
3,644408	1,601224
3,647186	1,608129
3,649963	1,596293
3,652741	1,576566
3,655519	1,575250
3,658297	1,583799
3,661074	1,604512
3,663852	1,611745
3,666630	1,600567
3,669408	1,582484
3,672185	1,579853
3,674963	1,587415
3,677741	1,606814
3,680519	1,615362
3,683296	1,602211
3,686074	1,584785
3,688852	1,578867
3,691630	1,590703
3,694407	1,609773
3,697185	1,622266
3,699963	1,608457
3,702741	1,593662
3,705518	1,585771
3,708296	1,596621
3,711074	1,616019
3,713852	1,621609
3,716629	1,611088
3,719407	1,594649
3,722185	1,591032
3,724963	1,602211
3,727740	1,623581
3,730518	1,631472
3,733296	1,620294
3,736074	1,600238
3,738851	1,594320
3,741629	1,603197
3,744407	1,623253
3,747185	1,632459
3,749962	1,623581
3,752740	1,603197
3,755518	1,597608
3,758296	1,611417
3,761073	1,629171
3,763851	1,640678
3,766629	1,629828
3,769407	1,613718
3,772184	1,606814
3,774962	1,618979
3,777740	1,633445
3,780518	1,643637
3,783295	1,633774
3,786073	1,617992
3,788851	1,610759
3,791629	1,619965
3,794406	1,636733
3,797184	1,644952
3,799962	1,633116
3,802740	1,613389
3,805517	1,609773
3,808295	1,617663
3,811073	1,639034
3,813851	1,649555
3,816628	1,641007
3,819406	1,622266
3,822184	1,617335
3,824962	1,625225
3,827739	1,643637
3,830517	1,652843
3,833295	1,643308
3,836073	1,625554
3,838850	1,618979
3,841628	1,629828
3,844406	1,646596
3,847184	1,657775
3,849961	1,643966
3,852739	1,628513
3,855517	1,621280
3,858295	1,631472
3,861072	1,648898
3,863850	1,658104
3,866628	1,648569
3,869406	1,631143
3,872183	1,625554
3,874961	1,633116
3,877739	1,649227
3,880517	1,657446
3,883294	1,663364
3,886072	1,680461
3,888850	1,721887
3,891628	1,784685
3,894405	1,850441
3,897183	1,894170
3,899961	1,908636
3,902739	1,905677
3,905516	1,908965
3,908294	1,927048
3,911072	1,953350
3,913850	1,965844
3,916627	1,953022
3,919405	1,922445
3,922183	1,896800
3,924961	1,881676
3,927738	1,868196
3,930516	1,844195
3,933294	1,795206
3,936072	1,741943
3,938849	1,699201
3,941627	1,673556
3,944405	1,660734
3,947183	1,643637
3,949960	1,614376
3,952738	1,582812
3,955516	1,567688
3,958294	1,571634
3,961071	1,588731
3,963849	1,595964
3,966627	1,586758
3,969405	1,567031
3,972182	1,562428
3,974960	1,570976
3,977738	1,588731
3,980516	1,597608
3,983293	1,584785
3,986071	1,569661
3,988849	1,563086
3,991627	1,575908
3,994404	1,594649
3,997182	1,608129
3,999960	1,596950
4,002738	1,581826
4,005515	1,576237
4,008293	1,584785
4,011071	1,594977
4,013849	1,584456
4,016627	1,541057
4,019404	1,498644
4,022182	1,488781
4,024960	1,550263
4,027737	1,701174
4,030515	1,930664
4,033293	2,245967
4,036071	2,610258
4,038848	2,999209
4,041626	3,196150
4,044404	3,199437
4,047182	3,201081
4,049959	3,200753
4,052737	3,197794
4,055515	3,189574
4,058293	3,015977
4,061070	2,508664
4,063848	1,908965
4,066626	1,386201
4,069404	1,069912
4,072182	0,959112
4,074959	1,006128
4,077737	1,127778
4,080515	1,248441
4,083292	1,329650
4,086070	1,384885
4,088848	1,424997
4,091626	1,459190
4,094403	1,485822
4,097181	1,494370
4,099959	1,483520
4,102737	1,463793
4,105514	1,458204
4,108292	1,473328
4,111070	1,498973
4,113848	1,514097
4,116625	1,513111
4,119403	1,500946
4,122181	1,498315
4,124959	1,507521
4,127737	1,526591
4,130514	1,537769
4,133292	1,527577
4,136070	1,515741
4,138847	1,517385
4,141625	1,540071
4,144403	1,567031
4,147181	1,585114
4,149958	1,582484
4,152736	1,573935
4,155514	1,577223
4,158292	1,594649
4,161069	1,621609
4,163847	1,640021
4,166625	1,640021
4,169403	1,633774
4,172180	1,637062
4,174958	1,652186
4,177736	1,674543
4,180514	1,689996
4,183292	1,685064
4,186069	1,672899
4,188847	1,671255
4,191625	1,684406
4,194402	1,709394
4,197180	1,726162
4,199958	1,721559
4,202736	1,710709
4,205513	1,715312
4,208291	1,746546
4,211069	1,797179
4,213847	1,835975
4,216624	1,849784
4,219402	1,851099
4,222180	1,862935
4,224958	1,886936
4,227735	1,923431
4,230513	1,950391
4,233291	1,953022
4,236069	1,941185
4,238846	1,934939
4,241624	1,946117
4,244402	1,956638
4,247180	1,953022
4,249957	1,926390
4,252735	1,889238
4,255513	1,857675
4,258291	1,837619
4,261068	1,823810
4,263846	1,797836
4,266624	1,752464
4,269402	1,694927
4,272180	1,644295
4,274957	1,608457
4,277735	1,572620
4,280513	1,535797
4,283290	1,485822
4,286068	1,430257
4,288846	1,396722
4,291624	1,390804
4,294401	1,404941
4,297179	1,416120
4,299957	1,415133
4,302735	1,404284
4,305512	1,402968
4,308290	1,413818
4,311068	1,432230
4,313846	1,444395
4,316623	1,436833
4,319401	1,420065
4,322179	1,417106
4,324957	1,425654
4,327735	1,443737
4,330512	1,456889
4,333290	1,446697
4,336068	1,430915
4,338845	1,424339
4,341623	1,434532
4,344401	1,454587
4,347179	1,468396
4,349956	1,458861
4,352734	1,443080
4,355512	1,435847
4,358290	1,443737
4,361067	1,464780
4,363845	1,475958
4,366623	1,468067
4,369401	1,452286
4,372178	1,448998
4,374956	1,457546
4,377734	1,478260
4,380512	1,487794
4,383290	1,479904
4,386067	1,462807
4,388845	1,459190
4,391623	1,467081
4,394400	1,489109
4,397178	1,499630
4,399956	1,492068
4,402734	1,475958
4,405511	1,467410
4,408289	1,476945
4,411067	1,495685
4,413845	1,508179
4,416622	1,494699
4,419400	1,481876
4,422178	1,472999
4,424956	1,485493
4,427733	1,504891
4,430511	1,516398
4,433289	1,509494
4,436067	1,494699
4,438845	1,489767
4,441622	1,498644
4,444400	1,518042
4,447178	1,527906
4,449955	1,521659
4,452733	1,501603
4,455511	1,496671
4,458289	1,504891
4,461066	1,522645
4,463844	1,534481
4,466622	1,526262
4,469400	1,510152
4,472177	1,508508
4,474955	1,520015
4,477733	1,535468
4,480511	1,546646
4,483288	1,536125
4,486066	1,518042
4,488844	1,510152
4,491622	1,522316
4,494400	1,540728
4,497177	1,557496
4,499955	1,546318
4,502733	1,528235
4,505510	1,520673
4,508288	1,528892
4,511066	1,546975
4,513844	1,558483
4,516621	1,551578
4,519399	1,533824
4,522177	1,531522
4,524955	1,537769
4,527732	1,558154
4,530510	1,566373
4,533288	1,558483
4,536066	1,540400
4,538843	1,534810
4,541621	1,541057
4,544399	1,562757
4,547177	1,574264
4,549955	1,564401
4,552732	1,548619
4,555510	1,542372
4,558288	1,553551
4,561065	1,573278
4,563843	1,587744
4,566621	1,574593
4,569399	1,558811
4,572176	1,548290
4,574954	1,559469
4,577732	1,578210
4,580510	1,588073
4,583287	1,583470
4,586065	1,568017
4,588843	1,560455
4,591621	1,569661
4,594398	1,589717
4,597176	1,597936
4,599954	1,590703
4,602732	1,571634
4,605510	1,564729
4,608287	1,571963
4,611065	1,591361
4,613843	1,601882
4,616620	1,595635
4,619398	1,576237
4,622176	1,567360
4,624954	1,576566
4,627731	1,593662
4,630509	1,604841
4,633287	1,593662
4,636065	1,578538
4,638842	1,571305
4,641620	1,582484
4,644398	1,598265
4,647176	1,613389
4,649953	1,602868
4,652731	1,584456
4,655509	1,574593
4,658287	1,584456
4,661065	1,602868
4,663842	1,617335
4,666620	1,613060
4,669398	1,593662
4,672175	1,586758
4,674953	1,592676
4,677731	1,611088
4,680509	1,618321
4,683286	1,611088
4,686064	1,592347
4,688842	1,587087
4,691620	1,592676
4,694397	1,608457
4,697175	1,618321
4,699953	1,610759
4,702731	1,595964
4,705508	1,588402
4,708286	1,596950
4,711064	1,614704
4,713842	1,626541
4,716620	1,616677
4,719397	1,602868
4,722175	1,593333
4,724953	1,601553
4,727730	1,620951
4,730508	1,633116
4,733286	1,624568
4,736064	1,609115
4,738841	1,602539
4,741619	1,609773
4,744397	1,625554
4,747175	1,635418
4,749953	1,627856
4,752730	1,610101
4,755508	1,602211
4,758286	1,610430
4,761063	1,630486
4,763841	1,642651
4,766619	1,636075
4,769397	1,619307
4,772175	1,612074
4,774952	1,618979
4,777730	1,633116
4,780508	1,642651
4,783285	1,633774
4,786063	1,618321
4,788841	1,607471
4,791619	1,619636
4,794396	1,633774
4,797174	1,645610
4,799952	1,637062
4,802730	1,620622
4,805508	1,613389
4,808285	1,621280
4,811063	1,637062
4,813841	1,646925
4,816618	1,639692
4,819396	1,621609
4,822174	1,616019
4,824952	1,624568
4,827730	1,643637
4,830507	1,653172
4,833285	1,644624
4,836063	1,626541
4,838840	1,619965
4,841618	1,627527
4,844396	1,643308
4,847174	1,656131
4,849951	1,648240
4,852729	1,630157
4,855507	1,621609
4,858285	1,630815
4,861063	1,648569
4,863840	1,661063
4,866618	1,650542
4,869396	1,631801
4,872173	1,622595
4,874951	1,629171
4,877729	1,663693
4,880507	1,710380
4,883285	1,749505
4,886062	1,784027
4,888840	1,823481
4,891618	1,866881
4,894395	1,907650
4,897173	1,933295
4,899951	1,936911
4,902729	1,929678
4,905506	1,928692
4,908284	1,939213
4,911062	1,952364
4,913840	1,952693
4,916618	1,927705
4,919395	1,885621
4,922173	1,848140
4,924951	1,820851
4,927728	1,801453
4,930506	1,776465
4,933284	1,730765
4,936062	1,675858
4,938839	1,634431
4,941617	1,618321
4,944395	1,617663
4,947173	1,615691
4,949950	1,599580
4,952728	1,575250
4,955506	1,564729
4,958284	1,570319
4,961061	1,585114
4,963839	1,596293
4,966617	1,588402
4,969395	1,568675
4,972173	1,563743
4,974950	1,573607
4,977728	1,593991
4,980506	1,607142
4,983283	1,600238
4,986061	1,583799
4,988839	1,574264
4,991617	1,581169
4,994394	1,597279
4,997172	1,609444
4,999950	1,604512
5,002728	1,588731
5,005505	1,575908
5,008283	1,563414
5,011061	1,550921
5,013839	1,535797
5,016616	1,518700
5,019394	1,547304
5,022172	1,662707
5,024950	1,879046
5,027728	2,216377
5,030505	2,605984
5,033283	2,998222
5,036061	3,193191
5,038838	3,197794
5,041616	3,200753
5,044394	3,200753
5,047172	3,199766
5,049949	3,193191
5,052727	3,036361
5,055505	2,530364
5,058283	1,927048
5,061060	1,419408
5,063838	1,115613
5,066616	0,991333
5,069394	1,005799
5,072171	1,095886
5,074949	1,212932
5,077727	1,326362
5,080505	1,408229
5,083282	1,446039
5,086060	1,451628
5,088838	1,451628
5,091616	1,461492
5,094393	1,480561
5,097171	1,489767
5,099949	1,485822
5,102727	1,471684
5,105504	1,466752
5,108282	1,479246
5,111060	1,503247
5,113838	1,519029
5,116615	1,516070
5,119393	1,499630
5,122171	1,494370
5,124949	1,507192
5,127726	1,529221
5,130504	1,549934
5,133282	1,550592
5,136060	1,545660
5,138837	1,545660
5,141615	1,564401
5,144393	1,586758
5,147171	1,610101
5,149948	1,612732
5,152726	1,603197
5,155504	1,601224
5,158282	1,618321
5,161059	1,641993
5,163837	1,661391
5,166615	1,664022
5,169393	1,654158
5,172170	1,654816
5,174948	1,664022
5,177726	1,684077
5,180504	1,698873
5,183281	1,696900
5,186059	1,684077
5,188837	1,681447
5,191615	1,692955
5,194392	1,713997
5,197170	1,732409
5,199948	1,735039
5,202726	1,740957
5,205503	1,763972
5,208281	1,800795
5,211059	1,845181
5,213837	1,877402
5,216614	1,885292
5,219392	1,884635
5,222170	1,893512
5,224948	1,918171
5,227726	1,949734
5,230503	1,970776
5,233281	1,966830
5,236059	1,949734
5,238836	1,928363
5,241614	1,921787
5,244392	1,921130
5,247170	1,911924
5,249947	1,882333
5,252725	1,836633
5,255503	1,794877
5,258281	1,769232
5,261058	1,754437
5,263836	1,727806
5,266614	1,677502
5,269392	1,609444
5,272169	1,545989
5,274947	1,507850
5,277725	1,483191
5,280503	1,461163
5,283281	1,426641
5,286058	1,397050
5,288836	1,379954
5,291614	1,393105
5,294391	1,411846
5,297169	1,431244
5,299947	1,426641
5,302725	1,408558
5,305502	1,398037
5,308280	1,408887
5,311058	1,429600
5,313836	1,442751
5,316613	1,440778
5,319391	1,421709
5,322169	1,415791
5,324947	1,421709
5,327724	1,443409
5,330502	1,454587
5,333280	1,452615
5,336058	1,432559
5,338835	1,425983
5,341613	1,434203
5,344391	1,454259
5,347169	1,470369
5,349946	1,466752
5,352724	1,453272
5,355502	1,445710
5,358280	1,453272
5,361057	1,468396
5,363835	1,484507
5,366613	1,474972
5,369391	1,461492
5,372168	1,452943
5,374946	1,463464
5,377724	1,480890
5,380502	1,496671
5,383279	1,489109
5,386057	1,472342
5,388835	1,464780
5,391613	1,470369
5,394390	1,491411
5,397168	1,505220
5,399946	1,499959
5,402724	1,480232
5,405501	1,473657
5,408279	1,480890
5,411057	1,502261
5,413835	1,515741
5,416612	1,509823
5,419390	1,493712
5,422168	1,484178
5,424946	1,491740
5,427723	1,509494
5,430501	1,524947
5,433279	1,515083
5,436057	1,499630
5,438834	1,490096
5,441612	1,500946
5,444390	1,518371
5,447168	1,536125
5,449945	1,530865
5,452723	1,514097
5,455501	1,501603
5,458279	1,508836
5,461056	1,527906
5,463834	1,538098
5,466612	1,532509
5,469390	1,513768
5,472167	1,507192
5,474945	1,516070
5,477723	1,534810
5,480501	1,545331
5,483278	1,539742
5,486056	1,519357
5,488834	1,511795
5,491612	1,520344
5,494389	1,541715
5,497167	1,556510
5,499945	1,554208
5,502723	1,535468
5,505501	1,525276
5,508278	1,535468
5,511056	1,551907
5,513834	1,570319
5,516611	1,561770
5,519389	1,544674
5,522167	1,531851
5,524945	1,539742
5,527722	1,557825
5,530500	1,570976
5,533278	1,564729
5,536056	1,546318
5,538833	1,538427
5,541611	1,545331
5,544389	1,564072
5,547167	1,578867
5,549944	1,571963
5,552722	1,551578
5,555500	1,543030
5,558278	1,549605
5,561056	1,570319
5,563833	1,583141
5,566611	1,576237
5,569389	1,560784
5,572166	1,552564
5,574944	1,560126
5,577722	1,579853
5,580500	1,594977
5,583277	1,589717
5,586055	1,574264
5,588833	1,562757
5,591611	1,569004
5,594388	1,586429
5,597166	1,598594
5,599944	1,592676
5,602722	1,577223
5,605499	1,567688
5,608277	1,575579
5,611055	1,594649
5,613833	1,606156
5,616611	1,598265
5,619388	1,577552
5,622166	1,568017
5,624944	1,574264
5,627721	1,593333
5,630499	1,606156
5,633277	1,602868
5,636055	1,585771
5,638832	1,575908
5,641610	1,585443
5,644388	1,599580
5,647166	1,611417
5,649944	1,606485
5,652721	1,590046
5,655499	1,579196
5,658277	1,587744
5,661054	1,607800
5,663832	1,622924
5,666610	1,618979
5,669388	1,599909
5,672165	1,589059
5,674943	1,594649
5,677721	1,612732
5,680499	1,624568
5,683276	1,620622
5,686054	1,603197
5,688832	1,596293
5,691610	1,602539
5,694387	1,619965
5,697165	1,634431
5,699943	1,628513
5,702721	1,609115
5,705499	1,598265
5,708276	1,603197
5,711054	1,620294
5,713832	1,633445
5,716609	1,626212
5,719387	1,609773
5,722165	1,598594
5,724943	1,607142
5,727720	1,625554
5,730498	1,638048
5,733276	1,631143
5,736054	1,613060
5,738831	1,604183
5,741609	1,608457
5,744387	1,628184
5,747165	1,642322
5,749942	1,636733
5,752720	1,620294
5,755498	1,611417
5,758276	1,617335
5,761054	1,633774
5,763831	1,645939
5,766609	1,639692
5,769387	1,620951
5,772164	1,609115
5,774942	1,617663
5,777720	1,634103
5,780498	1,648569
5,783275	1,641665
5,786053	1,625883
5,788831	1,613389
5,791609	1,619965
5,794386	1,634760
5,797164	1,648569
5,799942	1,640349
5,802720	1,620951
5,805497	1,606814
5,808275	1,614047
5,811053	1,631472
5,813831	1,644952
5,816608	1,642651
5,819386	1,623581
5,822164	1,615362
5,824942	1,623253
5,827719	1,640678
5,830497	1,651199
5,833275	1,644295
5,836053	1,624897
5,838830	1,615691
5,841608	1,621938
5,844386	1,637390
5,847164	1,653829
5,849941	1,648240
5,852719	1,632130
5,855497	1,620294
5,858275	1,628513
5,861052	1,645939
5,863830	1,660405
5,866608	1,653829
5,869386	1,635089
5,872163	1,635418
5,874941	1,670597
5,877719	1,733724
5,880497	1,801124
5,883274	1,844852
5,886052	1,865237
5,888830	1,877073
5,891608	1,896471
5,894385	1,925404
5,897163	1,948747
5,899941	1,948090
5,902719	1,931651
5,905496	1,916527
5,908274	1,912910
5,911052	1,917184
5,913830	1,909622
5,916607	1,879374
5,919385	1,825783
5,922163	1,778109
5,924941	1,745889
5,927718	1,725175
5,930496	1,700517
5,933274	1,658432
5,936052	1,619307
5,938829	1,590046
5,941607	1,586429
5,944385	1,592347
5,947163	1,599580
5,949940	1,590046
5,952718	1,569661
5,955496	1,555852
5,958274	1,561113
5,961051	1,580182
5,963829	1,593005
5,966607	1,591361
5,969385	1,574264
5,972162	1,566373
5,974940	1,570648
5,977718	1,588402
5,980496	1,599909
5,983273	1,595964
5,986051	1,577881
5,988829	1,566373
5,991607	1,571305
5,994384	1,587087
5,997162	1,603197
5,999940	1,595635
6,002718	1,563414
6,005495	1,521659
6,008273	1,501274
6,011051	1,500288
6,013829	1,560784
6,016606	1,667967
6,019384	1,857017
6,022162	2,161141
6,024940	2,535625
6,027717	2,951864
6,030495	3,195163
6,033273	3,199437
6,036051	3,202068
6,038828	3,201081
6,041606	3,200095
6,044384	3,192862
6,047162	3,075157
6,049939	2,594477
6,052717	1,971105
6,055495	1,433545
6,058273	1,107064
6,061050	0,998566
6,063828	1,036047
6,066606	1,126134
6,069384	1,217206
6,072161	1,300060
6,074939	1,377652
6,077717	1,440121
6,080495	1,483520
6,083272	1,485164
6,086050	1,471355
6,088828	1,457875
6,091606	1,464451
6,094383	1,478260
6,097161	1,497329
6,099939	1,497658
6,102717	1,485822
6,105494	1,478917
6,108272	1,488781
6,111050	1,509823
6,113828	1,523303
6,116605	1,523303
6,119383	1,508508
6,122161	1,505220
6,124939	1,517056
6,127717	1,544345
6,130494	1,564072
6,133272	1,571963
6,136050	1,561113
6,138827	1,556181
6,141605	1,571305
6,144383	1,598265
6,147161	1,621280
6,149938	1,625883
6,152716	1,618979
6,155494	1,613060
6,158272	1,629171
6,161049	1,653829
6,163827	1,678488
6,166605	1,679475
6,169383	1,667967
6,172160	1,659419
6,174938	1,669282
6,177716	1,691968
6,180494	1,714325
6,183272	1,714654
6,186049	1,701174
6,188827	1,694270
6,191605	1,705448
6,194382	1,735368
6,197160	1,771205
6,199938	1,796192
6,202716	1,807700
6,205493	1,820851
6,208271	1,841893
6,211049	1,874443
6,213827	1,906334
6,216604	1,923760
6,219382	1,925404
6,222160	1,928034
6,224938	1,941514
6,227715	1,960584
6,230493	1,973077
6,233271	1,959926
6,236049	1,929020
6,238827	1,898115
6,241604	1,882005
6,244382	1,876086
6,247160	1,866881
6,249937	1,833016
6,252715	1,782383
6,255493	1,733066
6,258271	1,695256
6,261048	1,665008
6,263826	1,628184
6,266604	1,573935
6,269382	1,509494
6,272159	1,460834
6,274937	1,429929
6,277715	1,423024
6,280493	1,416120
6,283270	1,405599
6,286048	1,391461
6,288826	1,385543
6,291604	1,395735
6,294382	1,415133
6,297159	1,431573
6,299937	1,428613
6,302715	1,414805
6,305492	1,403955
6,308270	1,413489
6,311048	1,432888
6,313826	1,449656
6,316603	1,443737
6,319381	1,426641
6,322159	1,415133
6,324937	1,422695
6,327714	1,440778
6,330492	1,456889
6,333270	1,453272
6,336048	1,437162
6,338825	1,427298
6,341603	1,433545
6,344381	1,451628
6,347159	1,467081
6,349937	1,465766
6,352714	1,450642
6,355492	1,441436
6,358270	1,448998
6,361047	1,466752
6,363825	1,486150
6,366603	1,484835
6,369381	1,467081
6,372158	1,455902
6,374936	1,463464
6,377714	1,480561
6,380492	1,495685
6,383269	1,491082
6,386047	1,475629
6,388825	1,465108
6,391603	1,472999
6,394380	1,492397
6,397158	1,507192
6,399936	1,501932
6,402714	1,484835
6,405491	1,474972
6,408269	1,478917
6,411047	1,498644
6,413825	1,514097
6,416602	1,508836
6,419380	1,492397
6,422158	1,484507
6,424936	1,491082
6,427713	1,509165
6,430491	1,524289
6,433269	1,521988
6,436047	1,507850
6,438824	1,494370
6,441602	1,497658
6,444380	1,513111
6,447158	1,526919
6,449935	1,525604
6,452713	1,511138
6,455491	1,499302
6,458269	1,506535
6,461046	1,524618
6,463824	1,539084
6,466602	1,535797
6,469380	1,520673
6,472157	1,511467
6,474935	1,517056
6,477713	1,534481
6,480491	1,548619
6,483268	1,548290
6,486046	1,531194
6,488824	1,519686
6,491602	1,524947
6,494379	1,538427
6,497157	1,556181
6,499935	1,553880
6,502713	1,537112
6,505490	1,525933
6,508268	1,533824
6,511046	1,547633
6,513824	1,560455
6,516601	1,555524
6,519379	1,537769
6,522157	1,529550
6,524935	1,539413
6,527712	1,558154
6,530490	1,571305
6,533268	1,566045
6,536046	1,546318
6,538823	1,536125
6,541601	1,542372
6,544379	1,561770
6,547157	1,578538
6,549934	1,578210
6,552712	1,560455
6,555490	1,552236
6,558268	1,557825
6,561045	1,575250
6,563823	1,590374
6,566601	1,584456
6,569379	1,566373
6,572156	1,555195
6,574934	1,561113
6,577712	1,576237
6,580490	1,593662
6,583267	1,587744
6,586045	1,576894
6,588823	1,564729
6,591601	1,566702
6,594378	1,580182
6,597156	1,594320
6,599934	1,589059
6,602712	1,571963
6,605489	1,561113
6,608267	1,568675
6,611045	1,586429
6,613823	1,601553
6,616600	1,600238
6,619378	1,582812
6,622156	1,573607
6,624934	1,576566
6,627711	1,595635
6,630489	1,608457
6,633267	1,606485
6,636045	1,590374
6,638822	1,580182
6,641600	1,586758
6,644378	1,601882
6,647156	1,617006
6,649933	1,613060
6,652711	1,594649
6,655489	1,579196
6,658267	1,584128
6,661044	1,597608
6,663822	1,614704
6,666600	1,612074
6,669378	1,596950
6,672155	1,584456
6,674933	1,591032
6,677711	1,608129
6,680489	1,626212
6,683266	1,623910
6,686044	1,604183
6,688822	1,593662
6,691600	1,596293
6,694377	1,612074
6,697155	1,625883
6,699933	1,626541
6,702711	1,608786
6,705488	1,598594
6,708266	1,600567
6,711044	1,616348
6,713822	1,633774
6,716599	1,631143
6,719377	1,613389
6,722155	1,600567
6,724933	1,604183
6,727710	1,618650
6,730488	1,634760
6,733266	1,626541
6,736044	1,612074
6,738821	1,600238
6,741599	1,608786
6,744377	1,628184
6,747155	1,643308
6,749932	1,635089
6,752710	1,616677
6,755488	1,603526
6,758266	1,607800
6,761043	1,628184
6,763821	1,642980
6,766599	1,641007
6,769377	1,623253
6,772154	1,614047
6,774932	1,617006
6,777710	1,634431
6,780488	1,646596
6,783265	1,641993
6,786043	1,625883
6,788821	1,612732
6,791599	1,618321
6,794376	1,636075
6,797154	1,653172
6,799932	1,650542
6,802710	1,636404
6,805487	1,620294
6,808265	1,627198
6,811043	1,640349
6,813821	1,654816
6,816598	1,648240
6,819376	1,631801
6,822154	1,618321
6,824932	1,625554
6,827709	1,642651
6,830487	1,656460
6,833265	1,653501
6,836043	1,637390
6,838820	1,626212
6,841598	1,628513
6,844376	1,646267
6,847154	1,660405
6,849931	1,660734
6,852709	1,642651
6,855487	1,631472
6,858265	1,633445
6,861042	1,646925
6,863820	1,660405
6,866598	1,667310
6,869376	1,682434
6,872153	1,717285
6,874931	1,772520
6,877709	1,835317
6,880487	1,885292
6,883264	1,906334
6,886042	1,905019
6,888820	1,904362
6,891598	1,919486
6,894375	1,944144
6,897153	1,966173
6,899931	1,958940
6,902709	1,933952
6,905486	1,906334
6,908264	1,887594
6,911042	1,875100
6,913820	1,855373
6,916597	1,815262
6,919375	1,763314
6,922153	1,716298
6,924931	1,682105
6,927708	1,666652
6,930486	1,654816
6,933264	1,630815
6,936042	1,598594
6,938819	1,573607
6,941597	1,568346
6,944375	1,579853
6,947153	1,595306
6,949930	1,591032
6,952708	1,579853
6,955486	1,567360
6,958264	1,571305
6,961041	1,585771
6,963819	1,602539
6,966597	1,599252
6,969375	1,585771
6,972152	1,573278
6,974930	1,577881
6,977708	1,593005
6,980486	1,607142
6,983263	1,604841
6,986041	1,586758
6,988819	1,575250
6,991597	1,576894
6,994374	1,591361
6,997152	1,588731
6,999930	1,558811
7,002708	1,510809
7,005485	1,482205
7,008263	1,525276
7,011041	1,646267
7,013819	1,858990
7,016596	2,160483
7,019374	2,509980
7,022152	2,901889
7,024930	3,192862
7,027707	3,200753
7,030485	3,201739
7,033263	3,201410
7,036041	3,199109
7,038818	3,193848
7,041596	3,098501
7,044374	2,655959
7,047152	2,055931
7,049929	1,503576
7,052707	1,134682
7,055485	0,976867
7,058263	0,990675
7,061040	1,097201
7,063818	1,221809
7,066596	1,321430
7,069374	1,378310
7,072151	1,418421
7,074929	1,451628
7,077707	1,478917
7,080485	1,498644
7,083263	1,495028
7,086040	1,476945
7,088818	1,463464
7,091596	1,469711
7,094373	1,490425
7,097151	1,511138
7,099929	1,513768
7,102707	1,504891
7,105484	1,492726
7,108262	1,495685
7,111040	1,511467
7,113818	1,532509
7,116595	1,535797
7,119373	1,527248
7,122151	1,519686
7,124929	1,531194
7,127706	1,559469
7,130484	1,585114
7,133262	1,591361
7,136040	1,584128
7,138818	1,583470
7,141595	1,595635
7,144373	1,621280
7,147151	1,645610
7,149928	1,650542
7,152706	1,642322
7,155484	1,636075
7,158262	1,647911
7,161039	1,669611
7,163817	1,689667
7,166595	1,692626
7,169373	1,683420
7,172150	1,677173
7,174928	1,685721
7,177706	1,704462
7,180484	1,721559
7,183261	1,721887
7,186039	1,708736
7,188817	1,705120
7,191595	1,732409
7,194372	1,777780
7,197150	1,825783
7,199928	1,853400
7,202706	1,856688
7,205483	1,860305
7,208261	1,878388
7,211039	1,909951
7,213817	1,943816
7,216594	1,956309
7,219372	1,946446
7,222150	1,934939
7,224928	1,936254
7,227705	1,944802
7,230483	1,948090
7,233261	1,930336
7,236039	1,895156
7,238816	1,860962
7,241594	1,838276
7,244372	1,822166
7,247150	1,804741
7,249927	1,767588
7,252705	1,712682
7,255483	1,656460
7,258261	1,608786
7,261038	1,573935
7,263816	1,541715
7,266594	1,496343
7,269372	1,442422
7,272149	1,402968
7,274927	1,387516
7,277705	1,397708
7,280483	1,413489
7,283260	1,418421
7,286038	1,409873
7,288816	1,401653
7,291594	1,409215
7,294371	1,424668
7,297149	1,438806
7,299927	1,435189
7,302705	1,420394
7,305482	1,407571
7,308260	1,414147
7,311038	1,428942
7,313816	1,448012
7,316593	1,446368
7,319371	1,434203
7,322149	1,424668
7,324927	1,429929
7,327704	1,446039
7,330482	1,459190
7,333260	1,460177
7,336038	1,442751
7,338815	1,431901
7,341593	1,436504
7,344371	1,456231
7,347149	1,474643
7,349926	1,477273
7,352704	1,459848
7,355482	1,448340
7,358260	1,452286
7,361037	1,469054
7,363815	1,484835
7,366593	1,482863
7,369371	1,467739
7,372148	1,455902
7,374926	1,466095
7,377704	1,482863
7,380482	1,504562
7,383259	1,501274
7,386037	1,486479
7,388815	1,472999
7,391593	1,477931
7,394370	1,492068
7,397148	1,510480
7,399926	1,509494
7,402704	1,493384
7,405481	1,485493
7,408259	1,489109
7,411037	1,507521
7,413815	1,525276
7,416592	1,524947
7,419370	1,504562
7,422148	1,493712
7,424926	1,493055
7,427703	1,512124
7,430481	1,527248
7,433259	1,525933
7,436037	1,509165
7,438814	1,500288
7,441592	1,505877
7,444370	1,521659
7,447148	1,535797
7,449925	1,533166
7,452703	1,521988
7,455481	1,506535
7,458259	1,511138
7,461036	1,526919
7,463814	1,546975
7,466592	1,544345
7,469370	1,530207
7,472147	1,517056
7,474925	1,519357
7,477703	1,536783
7,480481	1,551249
7,483258	1,552893
7,486036	1,533495
7,488814	1,519357
7,491592	1,519029
7,494369	1,537769
7,497147	1,554866
7,499925	1,557825
7,502703	1,542372
7,505480	1,531851
7,508258	1,537769
7,511036	1,554208
7,513814	1,571963
7,516591	1,569332
7,519369	1,552236
7,522147	1,534153
7,524925	1,540728
7,527702	1,554537
7,530480	1,575908
7,533258	1,572620
7,536036	1,557825
7,538813	1,543030
7,541591	1,547962
7,544369	1,563743
7,547147	1,582812
7,549924	1,581826
7,552702	1,563414
7,555480	1,552893
7,558258	1,554208
7,561035	1,571305
7,563813	1,588073
7,566591	1,588402
7,569369	1,570648
7,572146	1,561442
7,574924	1,563743
7,577702	1,583799
7,580480	1,602211
7,583257	1,599580
7,586035	1,580511
7,588813	1,567031
7,591591	1,569004
7,594368	1,582484
7,597146	1,604512
7,599924	1,602539
7,602702	1,590374
7,605479	1,575908
7,608257	1,577223
7,611035	1,588073
7,613813	1,605827
7,616590	1,604841
7,619368	1,588402
7,622146	1,573935
7,624924	1,574922
7,627701	1,591032
7,630479	1,607471
7,633257	1,609773
7,636035	1,593991
7,638812	1,582155
7,641590	1,582484
7,644368	1,599252
7,647146	1,614376
7,649923	1,617006
7,652701	1,599580
7,655479	1,586100
7,658257	1,585771
7,661034	1,599580
7,663812	1,616677
7,666590	1,617992
7,669368	1,603526
7,672145	1,587744
7,674923	1,591361
7,677701	1,606814
7,680479	1,626212
7,683256	1,626541
7,686034	1,611417
7,688812	1,596293
7,691590	1,600238
7,694367	1,615362
7,697145	1,630157
7,699923	1,628184
7,702701	1,609773
7,705478	1,595964
7,708256	1,598265
7,711034	1,612732
7,713812	1,629828
7,716589	1,633116
7,719367	1,618321
7,722145	1,607142
7,724923	1,608129
7,727700	1,623910
7,730478	1,640349
7,733256	1,639692
7,736034	1,623253
7,738811	1,611417
7,741589	1,612403
7,744367	1,622595
7,747145	1,641007
7,749922	1,638377
7,752700	1,623253
7,755478	1,606485
7,758256	1,607800
7,761033	1,622924
7,763811	1,641007
7,766589	1,640678
7,769367	1,625883
7,772144	1,612732
7,774922	1,615033
7,777700	1,632787
7,780478	1,647911
7,783255	1,646925
7,786033	1,631143
7,788811	1,619636
7,791589	1,619965
7,794366	1,634760
7,797144	1,650542
7,799922	1,652186
7,802700	1,636733
7,805477	1,624239
7,808255	1,623253
7,811033	1,639692
7,813811	1,657446
7,816588	1,658104
7,819366	1,644295
7,822144	1,626869
7,824922	1,626869
7,827699	1,637719
7,830477	1,652514
7,833255	1,650870
7,836033	1,637719
7,838810	1,623253
7,841588	1,627198
7,844366	1,642980
7,847144	1,657446
7,849921	1,654487
7,852699	1,635089
7,855477	1,620622
7,858255	1,623581
7,861032	1,647911
7,863810	1,690653
7,866588	1,734381
7,869366	1,766931
7,872143	1,801453
7,874921	1,842551
7,877699	1,884635
7,880477	1,918499
7,883254	1,932637
7,886032	1,926390
7,888810	1,920472
7,891588	1,924089
7,894365	1,934281
7,897143	1,941514
7,899921	1,925733
7,902699	1,888580
7,905476	1,846825
7,908254	1,814604
7,911032	1,794548
7,913810	1,776137
7,916587	1,737998
7,919365	1,685721
7,922143	1,641665
7,924921	1,616677
7,927698	1,611417
7,930476	1,615691
7,933254	1,602211
7,936032	1,579196
7,938809	1,563086
7,941587	1,562757
7,944365	1,574922
7,947143	1,590374
7,949920	1,589059
7,952698	1,575250
7,955476	1,559798
7,958254	1,563086
7,961031	1,579196
7,963809	1,595964
7,966587	1,596621
7,969365	1,583470
7,972142	1,567360
7,974920	1,567360
7,977698	1,584456
7,980476	1,599580
7,983253	1,599580
7,986031	1,582484
7,988809	1,565387
7,991587	1,552893
7,994364	1,541715
7,997142	1,528235
7,999920	1,514754
8,002698	1,531194
8,005475	1,614376
8,008253	1,808686
8,011031	2,118399
8,013809	2,490581
8,016586	2,894327
8,019364	3,189574
8,022142	3,197136
8,024920	3,198780
8,027698	3,200753
8,030475	3,199766
8,033253	3,195821
8,036031	3,116913
8,038809	2,684892
8,041586	2,083877
8,044364	1,539084
8,047142	1,181369
8,049919	1,015663
8,052697	0,994950
8,055475	1,067282
8,058253	1,179068
8,061030	1,295785
8,063808	1,386529
8,066586	1,442094
8,069364	1,455902
8,072141	1,455574
8,074919	1,457546
8,077697	1,470369
8,080475	1,486808
8,083253	1,488781
8,086030	1,479575
8,088808	1,472670
8,091586	1,478917
8,094364	1,494699
8,097141	1,516070
8,099919	1,517385
8,102697	1,506535
8,105474	1,494041
8,108252	1,499959
8,111030	1,516727
8,113808	1,538756
8,116585	1,545660
8,119363	1,541057
8,122141	1,536783
8,124919	1,546646
8,127696	1,573278
8,130474	1,598923
8,133252	1,610759
8,136030	1,603855
8,138808	1,600567
8,141585	1,608786
8,144363	1,636404
8,147141	1,655802
8,149919	1,665008
8,152696	1,656460
8,155474	1,649884
8,158252	1,653829
8,161029	1,673556
8,163807	1,694927
8,166585	1,698544
8,169363	1,689009
8,172140	1,679146
8,174918	1,689009
8,177696	1,709065
8,180474	1,729449
8,183251	1,735696
8,186029	1,739313
8,188807	1,752135
8,191585	1,786329
8,194363	1,826440
8,197140	1,862606
8,199918	1,879374
8,202696	1,882005
8,205474	1,885621
8,208251	1,904033
8,211029	1,930664
8,213807	1,955652
8,216584	1,961241
8,219362	1,949405
8,222140	1,931322
8,224918	1,918499
8,227695	1,914225
8,230473	1,910280
8,233251	1,891210
8,236029	1,850113
8,238806	1,807371
8,241584	1,773835
8,244362	1,754108
8,247140	1,732409
8,249917	1,691968
8,252695	1,628184
8,255473	1,561442
8,258251	1,513111
8,261029	1,481876
8,263806	1,461821
8,266584	1,434532
8,269362	1,400338
8,272139	1,381269
8,274917	1,382255
8,277695	1,404284
8,280473	1,428942
8,283250	1,437162
8,286028	1,420065
8,288806	1,409215
8,291584	1,405270
8,294361	1,423353
8,297139	1,440450
8,299917	1,443737
8,302695	1,431244
8,305472	1,418750
8,308250	1,421709
8,311028	1,441436
8,313806	1,458204
8,316584	1,456889
8,319361	1,443409
8,322139	1,425983
8,324917	1,428613
8,327694	1,443409
8,330472	1,464451
8,333250	1,465108
8,336028	1,454259
8,338805	1,442094
8,341583	1,445710
8,344361	1,463136
8,347139	1,480561
8,349916	1,480890
8,352694	1,465108
8,355472	1,453601
8,358250	1,453930
8,361027	1,468725
8,363805	1,483520
8,366583	1,490425
8,369361	1,474643
8,372139	1,462149
8,374916	1,463464
8,377694	1,480232
8,380472	1,498644
8,383249	1,502261
8,386027	1,486479
8,388805	1,467081
8,391583	1,470369
8,394360	1,485164
8,397138	1,507850
8,399916	1,510152
8,402694	1,499302
8,405471	1,485164
8,408249	1,488781
8,411027	1,501932
8,413805	1,521988
8,416582	1,521659
8,419360	1,507850
8,422138	1,493055
8,424916	1,493384
8,427694	1,508179
8,430471	1,525276
8,433249	1,528892
8,436027	1,514426
8,438804	1,505549
8,441582	1,502261
8,444360	1,520673
8,447138	1,536783
8,449915	1,537769
8,452693	1,523632
8,455471	1,511138
8,458249	1,513768
8,461026	1,527577
8,463804	1,548290
8,466582	1,546318
8,469360	1,537769
8,472137	1,522316
8,474915	1,524618
8,477693	1,539742
8,480471	1,562428
8,483249	1,566045
8,486026	1,552236
8,488804	1,534810
8,491582	1,534153
8,494359	1,548948
8,497137	1,565387
8,499915	1,566702
8,502693	1,550263
8,505470	1,536454
8,508248	1,538098
8,511026	1,554866
8,513804	1,570319
8,516581	1,573278
8,519359	1,558154
8,522137	1,545002
8,524915	1,545002
8,527692	1,559798
8,530470	1,575579
8,533248	1,577223
8,536026	1,561442
8,538804	1,548948
8,541581	1,555524
8,544359	1,568346
8,547137	1,586429
8,549914	1,586758
8,552692	1,572620
8,555470	1,554866
8,558248	1,557496
8,561025	1,571963
8,563803	1,591690
8,566581	1,593662
8,569359	1,577552
8,572136	1,562757
8,574914	1,563743
8,577692	1,578210
8,580470	1,595635
8,583247	1,598923
8,586025	1,583470
8,588803	1,570648
8,591581	1,572291
8,594359	1,586758
8,597136	1,605827
8,599914	1,609115
8,602692	1,591690
8,605469	1,572949
8,608247	1,573935
8,611025	1,588402
8,613803	1,607142
8,616580	1,605827
8,619358	1,589059
8,622136	1,573935
8,624914	1,573278
8,627691	1,587087
8,630469	1,607800
8,633247	1,609444
8,636025	1,595306
8,638802	1,580511
8,641580	1,579196
8,644358	1,597936
8,647136	1,617663
8,649914	1,619965
8,652691	1,605498
8,655469	1,590046
8,658247	1,588731
8,661024	1,602539
8,663802	1,617006
8,666580	1,619965
8,669358	1,606814
8,672135	1,592676
8,674913	1,593005
8,677691	1,608129
8,680469	1,623910
8,683246	1,624568
8,686024	1,612074
8,688802	1,597279
8,691580	1,598923
8,694357	1,610759
8,697135	1,624897
8,699913	1,625883
8,702691	1,609773
8,705469	1,594977
8,708246	1,595964
8,711024	1,610101
8,713802	1,627527
8,716579	1,633116
8,719357	1,619307
8,722135	1,602539
8,724913	1,603197
8,727690	1,617335
8,730468	1,636075
8,733246	1,640021
8,736024	1,623253
8,738801	1,608129
8,741579	1,607471
8,744357	1,620622
8,747135	1,640349
8,749912	1,641665
8,752690	1,626212
8,755468	1,611417
8,758246	1,612074
8,761024	1,622266
8,763801	1,638048
8,766579	1,636404
8,769357	1,622266
8,772134	1,609773
8,774912	1,612403
8,777690	1,629828
8,780468	1,648898
8,783245	1,651857
8,786023	1,635089
8,788801	1,622595
8,791579	1,620294
8,794356	1,635089
8,797134	1,652843
8,799912	1,654158
8,802690	1,638377
8,805467	1,624568
8,808245	1,625554
8,811023	1,637719
8,813801	1,653172
8,816579	1,652514
8,819356	1,637719
8,822134	1,621280
8,824912	1,621938
8,827689	1,634431
8,830467	1,649555
8,833245	1,649227
8,836023	1,635746
8,838800	1,621938
8,841578	1,624897
8,844356	1,638048
8,847134	1,651199
8,849911	1,650870
8,852689	1,633774
8,855467	1,627527
8,858245	1,658104
8,861022	1,718271
8,863800	1,783041
8,866578	1,834989
8,869356	1,858003
8,872134	1,870497
8,874911	1,889567
8,877689	1,918828
8,880467	1,946775
8,883244	1,959268
8,886022	1,946775
8,888800	1,928034
8,891578	1,917184
8,894355	1,917842
8,897133	1,915869
8,899911	1,892526
8,902689	1,844852
8,905466	1,794548
8,908244	1,755423
8,911022	1,726490
8,913800	1,704791
8,916577	1,675529
8,919355	1,633116
8,922133	1,602211
8,924911	1,585771
8,927688	1,592676
8,930466	1,600567
8,933244	1,601553
8,936022	1,578867
8,938800	1,565387
8,941577	1,561442
8,944355	1,576566
8,947133	1,594320
8,949910	1,601882
8,952688	1,587744
8,955466	1,572620
8,958244	1,570976
8,961021	1,581826
8,963799	1,600895
8,966577	1,602539
8,969355	1,588402
8,972132	1,574264
8,974910	1,574593
8,977688	1,582812
8,980466	1,600238
8,983244	1,599909
8,986021	1,574593
8,988799	1,535468
8,991577	1,505549
8,994355	1,503905
8,997132	1,545989
8,999910	1,635746
9,002688	1,806713
9,005465	2,070726
9,008243	2,422195
9,011021	2,840406
9,013799	3,188588
9,016576	3,197794
9,019354	3,200753
9,022132	3,201739
9,024910	3,200753
9,027687	3,197136
9,030465	3,153079
9,033243	2,769389
9,036021	2,154565
9,038798	1,571305
9,041576	1,182684
9,044354	1,009745
9,047132	1,010074
9,049910	1,090296
9,052687	1,186958
9,055465	1,272113
9,058243	1,352336
9,061020	1,420723
9,063798	1,471684
9,066576	1,488452
9,069354	1,476616
9,072131	1,461163
9,074909	1,459190
9,077687	1,476616
9,080465	1,494699
9,083242	1,507850
9,086020	1,492397
9,088798	1,483520
9,091576	1,486479
9,094353	1,505549
9,097131	1,522645
9,099909	1,527577
9,102687	1,516727
9,105465	1,507192
9,108242	1,514426
9,111020	1,530865
9,113798	1,559140
9,116575	1,572620
9,119353	1,568346
9,122131	1,559469
9,124909	1,568346
9,127686	1,589059
9,130464	1,617335
9,133242	1,628513
9,136020	1,622924
9,138797	1,617006
9,141575	1,622266
9,144353	1,644295
9,147131	1,667310
9,149908	1,676187
9,152686	1,667967
9,155464	1,661063
9,158242	1,665337
9,161020	1,683749
9,163797	1,704791
9,166575	1,714654
9,169353	1,707092
9,172130	1,697558
9,174908	1,701832
9,177686	1,724518
9,180464	1,761341
9,183241	1,791261
9,186019	1,807042
9,188797	1,818550
9,191575	1,835317
9,194352	1,861949
9,197130	1,894498
9,199908	1,917184
9,202686	1,925733
9,205463	1,928363
9,208241	1,936911
9,211019	1,951706
9,213797	1,969790
9,216575	1,965844
9,219352	1,938226
9,222130	1,904033
9,224908	1,882662
9,227685	1,875100
9,230463	1,868524
9,233241	1,845510
9,236019	1,801124
9,238796	1,752135
9,241574	1,711695
9,244352	1,679146
9,247130	1,642322
9,249907	1,594320
9,252685	1,529878
9,255463	1,472013
9,258241	1,436504
9,261018	1,421051
9,263796	1,421051
9,266574	1,417106
9,269352	1,404612
9,272130	1,394091
9,274907	1,397708
9,277685	1,413161
9,280463	1,435847
9,283240	1,439135
9,286018	1,425326
9,288796	1,414476
9,291574	1,414476
9,294351	1,427956
9,297129	1,445710
9,299907	1,449656
9,302685	1,437819
9,305462	1,427298
9,308240	1,426641
9,311018	1,439463
9,313796	1,455902
9,316573	1,461821
9,319351	1,448669
9,322129	1,436833
9,324907	1,436175
9,327685	1,450642
9,330462	1,472342
9,333240	1,478588
9,336018	1,468067
9,338795	1,453601
9,341573	1,451628
9,344351	1,464122
9,347129	1,481876
9,349906	1,484178
9,352684	1,474314
9,355462	1,459519
9,358240	1,460505
9,361017	1,474314
9,363795	1,490425
9,366573	1,494041
9,369351	1,481547
9,372128	1,466752
9,374906	1,465108
9,377684	1,480561
9,380462	1,500288
9,383240	1,506535
9,386017	1,493055
9,388795	1,477602
9,391573	1,478260
9,394350	1,489438
9,397128	1,507192
9,399906	1,513111
9,402684	1,502590
9,405461	1,492397
9,408239	1,493712
9,411017	1,505877
9,413795	1,522645
9,416572	1,527248
9,419350	1,516398
9,422128	1,503905
9,424906	1,503905
9,427683	1,515412
9,430461	1,531851
9,433239	1,534153
9,436017	1,519029
9,438795	1,505220
9,441572	1,505549
9,444350	1,519357
9,447128	1,536454
9,449905	1,539413
9,452683	1,525276
9,455461	1,514754
9,458239	1,514426
9,461016	1,526262
9,463794	1,545002
9,466572	1,548948
9,469350	1,535468
9,472127	1,520344
9,474905	1,519357
9,477683	1,534810
9,480461	1,554537
9,483238	1,559140
9,486016	1,548290
9,488794	1,534153
9,491572	1,533166
9,494350	1,547962
9,497127	1,564072
9,499905	1,567031
9,502683	1,552236
9,505460	1,539742
9,508238	1,538756
9,511016	1,555852
9,513794	1,572291
9,516571	1,574922
9,519349	1,559469
9,522127	1,543359
9,524905	1,542701
9,527682	1,559469
9,530460	1,577223
9,533238	1,581497
9,536016	1,567688
9,538793	1,551249
9,541571	1,552893
9,544349	1,566045
9,547127	1,585114
9,549905	1,589717
9,552682	1,577881
9,555460	1,560455
9,558238	1,560455
9,561015	1,569004
9,563793	1,585771
9,566571	1,590374
9,569349	1,579196
9,572126	1,567031
9,574904	1,566045
9,577682	1,577881
9,580460	1,591690
9,583237	1,597279
9,586015	1,582155
9,588793	1,569004
9,591571	1,569004
9,594348	1,583141
9,597126	1,599909
9,599904	1,604512
9,602682	1,590046
9,605460	1,575250
9,608237	1,576566
9,611015	1,589059
9,613793	1,608786
9,616570	1,613718
9,619348	1,601553
9,622126	1,584785
9,624904	1,583799
9,627681	1,595635
9,630459	1,615362
9,633237	1,618650
9,636015	1,605827
9,638792	1,591032
9,641570	1,587087
9,644348	1,599580
9,647126	1,615691
9,649903	1,617992
9,652681	1,603197
9,655459	1,593662
9,658237	1,589388
9,661015	1,603855
9,663792	1,621280
9,666570	1,626869
9,669348	1,615362
9,672125	1,600238
9,674903	1,594320
9,677681	1,605170
9,680459	1,623253
9,683236	1,627856
9,686014	1,616677
9,688792	1,600238
9,691570	1,599580
9,694347	1,610430
9,697125	1,629828
9,699903	1,629171
9,702681	1,618321
9,705458	1,601224
9,708236	1,600567
9,711014	1,613389
9,713792	1,632130
9,716569	1,639034
9,719347	1,625554
9,722125	1,611745
9,724903	1,608457
9,727680	1,622266
9,730458	1,634760
9,733236	1,639363
9,736014	1,625554
9,738791	1,612732
9,741569	1,612074
9,744347	1,625225
9,747125	1,640678
9,749902	1,643966
9,752680	1,629828
9,755458	1,613389
9,758236	1,613060
9,761013	1,622924
9,763791	1,641007
9,766569	1,643308
9,769347	1,631801
9,772125	1,616019
9,774902	1,618650
9,777680	1,628513
9,780458	1,647911
9,783235	1,648898
9,786013	1,632459
9,788791	1,617335
9,791569	1,613389
9,794346	1,627198
9,797124	1,646267
9,799902	1,649884
9,802680	1,636075
9,805457	1,623253
9,808235	1,617006
9,811013	1,629828
9,813791	1,645281
9,816568	1,651528
9,819346	1,638705
9,822124	1,624568
9,824902	1,621280
9,827679	1,632459
9,830457	1,649227
9,833235	1,651528
9,836013	1,638048
9,838790	1,621280
9,841568	1,622266
9,844346	1,633116
9,847124	1,649555
9,849901	1,656131
9,852679	1,669282
9,855457	1,694927
9,858235	1,741943
9,861012	1,804412
9,863790	1,862935
9,866568	1,897129
9,869346	1,906006
9,872123	1,904033
9,874901	1,913896
9,877679	1,933952
9,880457	1,954337
9,883234	1,956309
9,886012	1,935925
9,888790	1,906006
9,891568	1,883977
9,894346	1,870826
9,897123	1,854058
9,899901	1,822166
9,902679	1,772520
9,905456	1,719257
9,908234	1,683420
9,911012	1,659748
9,913790	1,646925
9,916567	1,630157
9,919345	1,602868
9,922123	1,573935
9,924901	1,567031
9,927678	1,572949
9,930456	1,589388
9,933234	1,592676
9,936012	1,578538
9,938789	1,565058
9,941567	1,563743
9,944345	1,575579
9,947123	1,593991
9,949901	1,603526
9,952678	1,587087
9,955456	1,573935
9,958234	1,569661
9,961011	1,582812
9,963789	1,598923
9,966567	1,602539
9,969345	1,591361
9,972122	1,579196
9,974900	1,578210
9,977678	1,587415
9,980456	1,594320
9,983233	1,572291
9,986011	1,528892
9,988789	1,493712
9,991567	1,511467
9,994344	1,603197
9,997122	1,799809
9,999900	2,074671
10,002678	2,407728
10,005456	2,796678
10,008233	3,168203
10,011011	3,198122
10,013789	3,201410
10,016566	3,202725
10,019344	3,200753
10,022122	3,196478
10,024900	3,160970
10,027677	2,806871
10,030455	2,221966
10,033233	1,646925
10,036011	1,220823
10,038788	1,004156
10,041566	0,974236
10,044344	1,062350
10,047122	1,189589
10,049899	1,298744
10,052677	1,367789
10,055455	1,408887
10,058233	1,441107
10,061011	1,466752
10,063788	1,488781
10,066566	1,494370
10,069344	1,485164
10,072121	1,467739
10,074899	1,469054
10,077677	1,483520
10,080455	1,505549
10,083232	1,516070
10,086010	1,507521
10,088788	1,495028
10,091566	1,493712
10,094343	1,508179
10,097121	1,527577
10,099899	1,537440
10,102677	1,528563
10,105454	1,521659
10,108232	1,529878
10,111010	1,554537
10,113788	1,581826
10,116566	1,594649
10,119343	1,587087
10,122121	1,581169
10,124899	1,587087
10,127676	1,605170
10,130454	1,635746
10,133232	1,650213
10,136010	1,644952
10,138787	1,637719
10,141565	1,641993
10,144343	1,659419
10,147121	1,685064
10,149898	1,694270
10,152676	1,685721
10,155454	1,673556
10,158232	1,675529
10,161009	1,691639
10,163787	1,712353
10,166565	1,720572
10,169343	1,711038
10,172121	1,704791
10,174898	1,721559
10,177676	1,759697
10,180454	1,809344
10,183231	1,842879
10,186009	1,852085
10,188787	1,853729
10,191565	1,868196
10,194342	1,896471
10,197120	1,933295
10,199898	1,956309
10,202676	1,954666
10,205453	1,941514
10,208231	1,936911
10,211009	1,941514
10,213787	1,947104
10,216564	1,936254
10,219342	1,906663
10,222120	1,871812
10,224898	1,847154
10,227676	1,832030
10,230453	1,816577
10,233231	1,786329
10,236009	1,734381
10,238786	1,674543
10,241564	1,619636
10,244342	1,581826
10,247120	1,550921
10,249897	1,511795
10,252675	1,461492
10,255453	1,412832
10,258231	1,389488
10,261008	1,389488
10,263786	1,405928
10,266564	1,416777
10,269342	1,413489
10,272119	1,402311
10,274897	1,404284
10,277675	1,416120
10,280453	1,435847
10,283231	1,444724
10,286008	1,433216
10,288786	1,419408
10,291564	1,416449
10,294341	1,428613
10,297119	1,445710
10,299897	1,452943
10,302675	1,439463
10,305452	1,426970
10,308230	1,424668
10,311008	1,436833
10,313786	1,456231
10,316563	1,463793
10,319341	1,452615
10,322119	1,440121
10,324897	1,438148
10,327674	1,446697
10,330452	1,464451
10,333230	1,469711
10,336008	1,462149
10,338786	1,449984
10,341563	1,450313
10,344341	1,463793
10,347119	1,486150
10,349896	1,489767
10,352674	1,476287
10,355452	1,459190
10,358230	1,455574
10,361007	1,467739
10,363785	1,487137
10,366563	1,497987
10,369341	1,489767
10,372118	1,476616
10,374896	1,472999
10,377674	1,486808
10,380452	1,502918
10,383229	1,508836
10,386007	1,494699
10,388785	1,480561
10,391563	1,477273
10,394341	1,490425
10,397118	1,509494
10,399896	1,517056
10,402674	1,507521
10,405451	1,490096
10,408229	1,490425
10,411007	1,497000
10,413785	1,513439
10,416562	1,518700
10,419340	1,510480
10,422118	1,496014
10,424896	1,497987
10,427673	1,508836
10,430451	1,529878
10,433229	1,535797
10,436007	1,521330
10,438784	1,503247
10,441562	1,498315
10,444340	1,511138
10,447118	1,529221
10,449896	1,541386
10,452673	1,528892
10,455451	1,515412
10,458229	1,511467
10,461006	1,523960
10,463784	1,543359
10,466562	1,550263
10,469340	1,540071
10,472117	1,526919
10,474895	1,525276
10,477673	1,534153
10,480451	1,555852
10,483228	1,562099
10,486006	1,552236
10,488784	1,535139
10,491562	1,531194
10,494339	1,538098
10,497117	1,560126
10,499895	1,566373
10,502673	1,557496
10,505451	1,542043
10,508228	1,536125
10,511006	1,546975
10,513784	1,564401
10,516561	1,571634
10,519339	1,560784
10,522117	1,547962
10,524895	1,542701
10,527672	1,557825
10,530450	1,574264
10,533228	1,582484
10,536006	1,572620
10,538783	1,561113
10,541561	1,556181
10,544339	1,567688
10,547117	1,585771
10,549894	1,593333
10,552672	1,583799
10,555450	1,567031
10,558228	1,565058
10,561006	1,575908
10,563783	1,595306
10,566561	1,601224
10,569339	1,591032
10,572116	1,572291
10,574894	1,568675
10,577672	1,577552
10,580450	1,593333
10,583227	1,601553
10,586005	1,590046
10,588783	1,575579
10,591561	1,571963
10,594338	1,585771
10,597116	1,600895
10,599894	1,609773
10,602672	1,594649
10,605449	1,580182
10,608227	1,577881
10,611005	1,592018
10,613783	1,610430
10,616560	1,618321
10,619338	1,605498
10,622116	1,589388
10,624894	1,589388
10,627671	1,598923
10,630449	1,617992
10,633227	1,623253
10,636005	1,610101
10,638782	1,590374
10,641560	1,586758
10,644338	1,595964
10,647116	1,616019
10,649893	1,622266
10,652671	1,611745
10,655449	1,596950
10,658227	1,594320
10,661004	1,605498
10,663782	1,624568
10,666560	1,631801
10,669338	1,615362
10,672116	1,600895
10,674893	1,593662
10,677671	1,606485
10,680449	1,622595
10,683226	1,632130
10,686004	1,621938
10,688782	1,607142
10,691560	1,601553
10,694337	1,611417
10,697115	1,628184
10,699893	1,632459
10,702671	1,620294
10,705448	1,604183
10,708226	1,602539
10,711004	1,612732
10,713782	1,630486
10,716559	1,633116
10,719337	1,620951
10,722115	1,604841
10,724893	1,602868
10,727670	1,614376
10,730448	1,633116
10,733226	1,642322
10,736004	1,630157
10,738781	1,611417
10,741559	1,606485
10,744337	1,619965
10,747115	1,638048
10,749892	1,648240
10,752670	1,635089
10,755448	1,617335
10,758226	1,610759
10,761003	1,621609
10,763781	1,638377
10,766559	1,646267
10,769337	1,636075
10,772114	1,622266
10,774892	1,618650
10,777670	1,627856
10,780448	1,644624
10,783226	1,651528
10,786003	1,640678
10,788781	1,622595
10,791559	1,620294
10,794336	1,626869
10,797114	1,643637
10,799892	1,649884
10,802670	1,640349
10,805447	1,624239
10,808225	1,622266
10,811003	1,633774
10,813781	1,648569
10,816558	1,656460
10,819336	1,643637
10,822114	1,626541
10,824892	1,618650
10,827669	1,631472
10,830447	1,648569
10,833225	1,655145
10,836003	1,642980
10,838780	1,627198
10,841558	1,621609
10,844336	1,634431
10,847114	1,678159
10,849892	1,726819
10,852669	1,764629
10,855447	1,800795
10,858225	1,841236
10,861002	1,882005
10,863780	1,919157
10,866558	1,937569
10,869336	1,933623
10,872113	1,923431
10,874891	1,923102
10,877669	1,932966
10,880447	1,945131
10,883224	1,938555
10,886002	1,908636
10,888780	1,865894
10,891558	1,827755
10,894335	1,802768
10,897113	1,783041
10,899891	1,754766
10,902669	1,708407
10,905447	1,656131
10,908224	1,622924
10,911002	1,613060
10,913780	1,615691
10,916557	1,612732
10,919335	1,593005
10,922113	1,568017
10,924891	1,563086
10,927668	1,569990
10,930446	1,586100
10,933224	1,595635
10,936002	1,585114
10,938779	1,572291
10,941557	1,569661
10,944335	1,578210
10,947113	1,594320
10,949890	1,603197
10,952668	1,590374
10,955446	1,574593
10,958224	1,571305
10,961002	1,583141
10,963779	1,600567
10,966557	1,606814
10,969335	1,594977
10,972112	1,578867
10,974890	1,564729
10,977668	1,550263
10,980446	1,539413
10,983223	1,527577
10,986001	1,531522
10,988779	1,587087
10,991557	1,751807
10,994334	2,018778
10,997112	2,378795
10,999890	2,794377
11,002668	3,162614
11,005445	3,198780
11,008223	3,201081
11,011001	3,200753
11,013779	3,201081
11,016557	3,196807
11,019334	3,171820
11,022112	2,840735
11,024890	2,249912
11,027667	1,674872
11,030445	1,256332
11,033223	1,042952
11,036001	0,989689
11,038778	1,042623
11,041556	1,146518
11,044334	1,261263
11,047112	1,364501
11,049889	1,432888
11,052667	1,458861
11,055445	1,456560
11,058223	1,458204
11,061000	1,469383
11,063778	1,486479
11,066556	1,493712
11,069334	1,485164
11,072112	1,472013
11,074889	1,472670
11,077667	1,486808
11,080445	1,509494
11,083222	1,524618
11,086000	1,516070
11,088778	1,501932
11,091556	1,501603
11,094333	1,518700
11,097111	1,538098
11,099889	1,553551
11,102667	1,549277
11,105444	1,544674
11,108222	1,550592
11,111000	1,567688
11,113778	1,589717
11,116555	1,607142
11,119333	1,604183
11,122111	1,595635
11,124889	1,603526
11,127667	1,622266
11,130444	1,651528
11,133222	1,667638
11,136000	1,665008
11,138777	1,652843
11,141555	1,653172
11,144333	1,668625
11,147111	1,694927
11,149888	1,705777
11,152666	1,700188
11,155444	1,683749
11,158222	1,682762
11,160999	1,697886
11,163777	1,720572
11,166555	1,734710
11,169333	1,739971
11,172110	1,749505
11,174888	1,777452
11,177666	1,817563
11,180444	1,857346
11,183222	1,884964
11,185999	1,887265
11,188777	1,887594
11,191555	1,898772
11,194332	1,926390
11,197110	1,954337
11,199888	1,967159
11,202666	1,955652
11,205443	1,935596
11,208221	1,922116
11,210999	1,916856
11,213777	1,915869
11,216554	1,904362
11,219332	1,869182
11,222110	1,822166
11,224888	1,785014
11,227665	1,760684
11,230443	1,739971
11,233221	1,705448
11,235999	1,646267
11,238777	1,582484
11,241554	1,527248
11,244332	1,493712
11,247110	1,468725
11,249887	1,448340
11,252665	1,414805
11,255443	1,391132
11,258221	1,385543
11,260998	1,400667
11,263776	1,422367
11,266554	1,433216
11,269332	1,425654
11,272109	1,407900
11,274887	1,403955
11,277665	1,410202
11,280443	1,430915
11,283220	1,438477
11,285998	1,433216
11,288776	1,416777
11,291554	1,416777
11,294331	1,424668
11,297109	1,446039
11,299887	1,454587
11,302665	1,445381
11,305442	1,429929
11,308220	1,425983
11,310998	1,437819
11,313776	1,454916
11,316553	1,464780
11,319331	1,451628
11,322109	1,440450
11,324887	1,436175
11,327664	1,452943
11,330442	1,472670
11,333220	1,481547
11,335998	1,469711
11,338775	1,454587
11,341553	1,448669
11,344331	1,458204
11,347109	1,481547
11,349887	1,486808
11,352664	1,480232
11,355442	1,463793
11,358220	1,461821
11,360997	1,473328
11,363775	1,495685
11,366553	1,502261
11,369331	1,496343
11,372108	1,479575
11,374886	1,474643
11,377664	1,485493
11,380442	1,502918
11,383219	1,513111
11,385997	1,502261
11,388775	1,489109
11,391553	1,484835
11,394330	1,500617
11,397108	1,518042
11,399886	1,526262
11,402664	1,512782
11,405441	1,498644
11,408219	1,492397
11,410997	1,503247
11,413775	1,520673
11,416552	1,528892
11,419330	1,522645
11,422108	1,507521
11,424886	1,506535
11,427663	1,516070
11,430441	1,532509
11,433219	1,538098
11,435997	1,527577
11,438774	1,509823
11,441552	1,507521
11,444330	1,517385
11,447108	1,540728
11,449885	1,550592
11,452663	1,537112
11,455441	1,518371
11,458219	1,512124
11,460997	1,524289
11,463774	1,541715
11,466552	1,554537
11,469330	1,541057
11,472107	1,529878
11,474885	1,526262
11,477663	1,539084
11,480441	1,557496
11,483218	1,565387
11,485996	1,554208
11,488774	1,538427
11,491552	1,532180
11,494329	1,543359
11,497107	1,564072
11,499885	1,571963
11,502663	1,562757
11,505440	1,545660
11,508218	1,543359
11,510996	1,552893
11,513774	1,575579
11,516551	1,580840
11,519329	1,569990
11,522107	1,551907
11,524885	1,546318
11,527662	1,557825
11,530440	1,575908
11,533218	1,584128
11,535996	1,573607
11,538773	1,558483
11,541551	1,550263
11,544329	1,559798
11,547107	1,577223
11,549884	1,588073
11,552662	1,579525
11,555440	1,565058
11,558218	1,560126
11,560995	1,570976
11,563773	1,588402
11,566551	1,594977
11,569329	1,587415
11,572106	1,572949
11,574884	1,570648
11,577662	1,583141
11,580440	1,602868
11,583217	1,609115
11,585995	1,600238
11,588773	1,580840
11,591551	1,576237
11,594328	1,583470
11,597106	1,598265
11,599884	1,607142
11,602662	1,598265
11,605439	1,584456
11,608217	1,580511
11,610995	1,591032
11,613773	1,607471
11,616550	1,615033
11,619328	1,600895
11,622106	1,585114
11,624884	1,581169
11,627661	1,591361
11,630439	1,609115
11,633217	1,619307
11,635995	1,609115
11,638772	1,592018
11,641550	1,587415
11,644328	1,596621
11,647106	1,613718
11,649883	1,623253
11,652661	1,614376
11,655439	1,596293
11,658217	1,590703
11,660994	1,598594
11,663772	1,615033
11,666550	1,623581
11,669328	1,613389
11,672105	1,598265
11,674883	1,594320
11,677661	1,603526
11,680439	1,623253
11,683216	1,632130
11,685994	1,619307
11,688772	1,602868
11,691550	1,595635
11,694327	1,604512
11,697105	1,625225
11,699883	1,633116
11,702661	1,625225
11,705438	1,607142
11,708216	1,603197
11,710994	1,611088
11,713772	1,630815
11,716549	1,637719
11,719327	1,629500
11,722105	1,613389
11,724883	1,607800
11,727660	1,618321
11,730438	1,636404
11,733216	1,644952
11,735994	1,634431
11,738771	1,616348
11,741549	1,608129
11,744327	1,617992
11,747105	1,634760
11,749882	1,645281
11,752660	1,636404
11,755438	1,622924
11,758216	1,618979
11,760993	1,630815
11,763771	1,646596
11,766549	1,652843
11,769327	1,640349
11,772104	1,621609
11,774882	1,617335
11,777660	1,626869
11,780438	1,644952
11,783215	1,650213
11,785993	1,639034
11,788771	1,621609
11,791549	1,618321
11,794326	1,628842
11,797104	1,646925
11,799882	1,653829
11,802660	1,643308
11,805438	1,625554
11,808215	1,620622
11,810993	1,628842
11,813771	1,647254
11,816548	1,655145
11,819326	1,643966
11,822104	1,629500
11,824882	1,622924
11,827659	1,632130
11,830437	1,649884
11,833215	1,657446
11,835993	1,646267
11,838770	1,634760
11,841548	1,651528
11,844326	1,702161
11,847104	1,767588
11,849881	1,824139
11,852659	1,858332
11,855437	1,871812
11,858215	1,884964
11,860993	1,906663
11,863770	1,934281
11,866548	1,953679
11,869326	1,950063
11,872103	1,933295
11,874881	1,920801
11,877659	1,916527
11,880437	1,916856
11,883214	1,900416
11,885992	1,857346
11,888770	1,805069
11,891548	1,760684
11,894325	1,733395
11,897103	1,713668
11,899881	1,688352
11,902659	1,646267
11,905436	1,607142
11,908214	1,584456
11,910992	1,582155
11,913770	1,591032
11,916548	1,594977
11,919325	1,584128
11,922103	1,564729
11,924881	1,560126
11,927658	1,568346
11,930436	1,587744
11,933214	1,596293
11,935992	1,590046
11,938769	1,570319
11,941547	1,566702
11,944325	1,574922
11,947103	1,591361
11,949880	1,601553
11,952658	1,593991
11,955436	1,579525
11,958214	1,573607
11,960991	1,584128
11,963769	1,600895
11,966547	1,609773
11,969325	1,583799
11,972103	1,548290
11,974880	1,510480
11,977658	1,498973
11,980436	1,524618
11,983213	1,603197
11,985991	1,758382
11,988769	1,988201
11,991547	2,317313
11,994324	2,725004
11,997102	3,129735
11,999880	3,198122
12,002658	3,199766
12,005435	3,200424
12,008213	3,200095
12,010991	3,198122
12,013769	3,182012
12,016546	2,908136
12,019324	2,324546
12,022102	1,717285
12,024880	1,257647
12,027658	1,026184
12,030435	0,990675
12,033213	1,061692
12,035991	1,158683
12,038768	1,252715
12,041546	1,330965
12,044324	1,406914
12,047102	1,462807
12,049879	1,492068
12,052657	1,484507
12,055435	1,468396
12,058213	1,460505
12,060990	1,470698
12,063768	1,493055
12,066546	1,505549
12,069324	1,503905
12,072101	1,488781
12,074879	1,491740
12,077657	1,502261
12,080435	1,521001
12,083213	1,524947
12,085990	1,519357
12,088768	1,503905
12,091546	1,510809
12,094323	1,525604
12,097101	1,552236
12,099879	1,571305
12,102657	1,571305
12,105434	1,563414
12,108212	1,564072
12,110990	1,581169
12,113768	1,603526
12,116545	1,620622
12,119323	1,618321
12,122101	1,613060
12,124879	1,615691
12,127656	1,635746
12,130434	1,661391
12,133212	1,681118
12,135990	1,680132
12,138768	1,669282
12,141545	1,666323
12,144323	1,677831
12,147101	1,700188
12,149878	1,712353
12,152656	1,707092
12,155434	1,696242
12,158212	1,696242
12,160989	1,714325
12,163767	1,748190
12,166545	1,779424
12,169323	1,797179
12,172100	1,809015
12,174878	1,826440
12,177656	1,856031
12,180434	1,891868
12,183211	1,917184
12,185989	1,925075
12,188767	1,924418
12,191545	1,928363
12,194323	1,941843
12,197100	1,961241
12,199878	1,969461
12,202656	1,949405
12,205433	1,916198
12,208211	1,888909
12,210989	1,878059
12,213767	1,871484
12,216544	1,854716
12,219322	1,811974
12,222100	1,758711
12,224878	1,715641
12,227655	1,683749
12,230433	1,650870
12,233211	1,608786
12,235989	1,551249
12,238766	1,488452
12,241544	1,442751
12,244322	1,419079
12,247100	1,415133
12,249878	1,414805
12,252655	1,405599
12,255433	1,395406
12,258211	1,393105
12,260988	1,407243
12,263766	1,424339
12,266544	1,436175
12,269322	1,427298
12,272099	1,415133
12,274877	1,408558
12,277655	1,418750
12,280433	1,436833
12,283210	1,450642
12,285988	1,444066
12,288766	1,426970
12,291544	1,422038
12,294321	1,430586
12,297099	1,449656
12,299877	1,457218
12,302655	1,449327
12,305432	1,434860
12,308210	1,432559
12,310988	1,443080
12,313766	1,463464
12,316543	1,473985
12,319321	1,465437
12,322099	1,448998
12,324877	1,444066
12,327654	1,454259
12,330432	1,473657
12,333210	1,484507
12,335988	1,476616
12,338765	1,463793
12,341543	1,455574
12,344321	1,467739
12,347099	1,484835
12,349876	1,497329
12,352654	1,488123
12,355432	1,472013
12,358210	1,464451
12,360988	1,474314
12,363765	1,495685
12,366543	1,506206
12,369321	1,498973
12,372098	1,482205
12,374876	1,480232
12,377654	1,489767
12,380432	1,509494
12,383209	1,518042
12,385987	1,510809
12,388765	1,493712
12,391543	1,487794
12,394320	1,496014
12,397098	1,512124
12,399876	1,521988
12,402654	1,513768
12,405431	1,499302
12,408209	1,493055
12,410987	1,503247
12,413765	1,521659
12,416542	1,530865
12,419320	1,521659
12,422098	1,504891
12,424876	1,501603
12,427653	1,512453
12,430431	1,534153
12,433209	1,544674
12,435987	1,537112
12,438764	1,520673
12,441542	1,516727
12,444320	1,524947
12,447098	1,542372
12,449875	1,553880
12,452653	1,545002
12,455431	1,527906
12,458209	1,523960
12,460986	1,535468
12,463764	1,552236
12,466542	1,562428
12,469320	1,554208
12,472097	1,539084
12,474875	1,531522
12,477653	1,541715
12,480431	1,558811
12,483208	1,570648
12,485986	1,560784
12,488764	1,541715
12,491542	1,536125
12,494319	1,544345
12,497097	1,563086
12,499875	1,573935
12,502653	1,566373
12,505430	1,551907
12,508208	1,549605
12,510986	1,556510
12,513764	1,574922
12,516541	1,583799
12,519319	1,572291
12,522097	1,555524
12,524875	1,548619
12,527652	1,558154
12,530430	1,575579
12,533208	1,587415
12,535986	1,578538
12,538763	1,564072
12,541541	1,558154
12,544319	1,566373
12,547097	1,583141
12,549874	1,592347
12,552652	1,583141
12,555430	1,563743
12,558208	1,553222
12,560985	1,565716
12,563763	1,587087
12,566541	1,598265
12,569319	1,591690
12,572096	1,575250
12,574874	1,569661
12,577652	1,576237
12,580430	1,595635
12,583207	1,603197
12,585985	1,595964
12,588763	1,578867
12,591541	1,571305
12,594318	1,578538
12,597096	1,594320
12,599874	1,603855
12,602652	1,596621
12,605429	1,581169
12,608207	1,572949
12,610985	1,583470
12,613763	1,596950
12,616540	1,607800
12,619318	1,598265
12,622096	1,584456
12,624874	1,578867
12,627651	1,591032
12,630429	1,608129
12,633207	1,620294
12,635985	1,609444
12,638762	1,591361
12,641540	1,585443
12,644318	1,592018
12,647096	1,611417
12,649873	1,621609
12,652651	1,615033
12,655429	1,596293
12,658207	1,591361
12,660984	1,596950
12,663762	1,615691
12,666540	1,626212
12,669318	1,617663
12,672095	1,601882
12,674873	1,596293
12,677651	1,604841
12,680429	1,619965
12,683206	1,629828
12,685984	1,618979
12,688762	1,606485
12,691540	1,598265
12,694317	1,609444
12,697095	1,625225
12,699873	1,637719
12,702651	1,626541
12,705429	1,612732
12,708206	1,606156
12,710984	1,615362
12,713762	1,634760
12,716539	1,641336
12,719317	1,632130
12,722095	1,615362
12,724873	1,610101
12,727650	1,616019
12,730428	1,636075
12,733206	1,642651
12,735984	1,636404
12,738761	1,618321
12,741539	1,610759
12,744317	1,618321
12,747095	1,634760
12,749872	1,643966
12,752650	1,636075
12,755428	1,618979
12,758206	1,611088
12,760984	1,623581
12,763761	1,638705
12,766539	1,652186
12,769317	1,642651
12,772094	1,625883
12,774872	1,616348
12,777650	1,627527
12,780428	1,645281
12,783205	1,655802
12,785983	1,647254
12,788761	1,627856
12,791539	1,620951
12,794316	1,628842
12,797094	1,646267
12,799872	1,656131
12,802650	1,647911
12,805427	1,629828
12,808205	1,626212
12,810983	1,631472
12,813761	1,649227
12,816539	1,659419
12,819316	1,652186
12,822094	1,631801
12,824872	1,624239
12,827649	1,631801
12,830427	1,646267
12,833205	1,657775
12,835983	1,670269
12,838760	1,695256
12,841538	1,735039
12,844316	1,796521
12,847094	1,858003
12,849871	1,900745
12,852649	1,914554
12,855427	1,911595
12,858205	1,912253
12,860982	1,925075
12,863760	1,944802
12,866538	1,954337
12,869316	1,941843
12,872093	1,911924
12,874871	1,886279
12,877649	1,870826
12,880427	1,857675
12,883204	1,830386
12,885982	1,785342
12,888760	1,727148
12,891538	1,682762
12,894315	1,656131
12,897093	1,646596
12,899871	1,635418
12,902649	1,611745
12,905426	1,584128
12,908204	1,566702
12,910982	1,570319
12,913760	1,583470
12,916537	1,592018
12,919315	1,579853
12,922093	1,566045
12,924871	1,557496
12,927649	1,566373
12,930426	1,584128
12,933204	1,595635
12,935982	1,588402
12,938759	1,571305
12,941537	1,566373
12,944315	1,572291
12,947093	1,590703
12,949870	1,599580
12,952648	1,593991
12,955426	1,574922
12,958204	1,569332
12,960981	1,576894
12,963759	1,584785
12,966537	1,571963
12,969315	1,532509
12,972092	1,491082
12,974870	1,487794
12,977648	1,559140
12,980426	1,732737
12,983203	1,984914
12,985981	2,312710
12,988759	2,694427
12,991537	3,075486
12,994314	3,196478
12,997092	3,199109
12,999870	3,201081
13,002648	3,201410
13,005425	3,198780
13,008203	3,184313
13,010981	2,925890
13,013759	2,372877
13,016536	1,784356
13,019314	1,308279
13,022092	1,039993
13,024870	0,967661
13,027647	1,028814
13,030425	1,154409
13,033203	1,270469
13,035981	1,352994
13,038758	1,401653
13,041536	1,435189
13,044314	1,460834
13,047092	1,483849
13,049869	1,492397
13,052647	1,485493
13,055425	1,472013
13,058203	1,464122
13,060980	1,477602
13,063758	1,497000
13,066536	1,512453
13,069314	1,507850
13,072091	1,498973
13,074869	1,490425
13,077647	1,497987
13,080425	1,519029
13,083202	1,534481
13,085980	1,536454
13,088758	1,527906
13,091536	1,528563
13,094313	1,545002
13,097091	1,570976
13,099869	1,589059
13,102647	1,588731
13,105424	1,576894
13,108202	1,579525
13,110980	1,596950
13,113758	1,624897
13,116535	1,646267
13,119313	1,646925
13,122091	1,639363
13,124869	1,640349
13,127646	1,652514
13,130424	1,673885
13,133202	1,690653
13,135980	1,687037
13,138757	1,675200
13,141535	1,670926
13,144313	1,681776
13,147091	1,703804
13,149868	1,720901
13,152646	1,721230
13,155424	1,713010
13,158202	1,719915
13,160979	1,749176
13,163757	1,795206
13,166535	1,833674
13,169313	1,848140
13,172090	1,848798
13,174868	1,857675
13,177646	1,882333
13,180424	1,917184
13,183201	1,943487
13,185979	1,951049
13,188757	1,942172
13,191535	1,938555
13,194312	1,941843
13,197090	1,948747
13,199868	1,943487
13,202646	1,915212
13,205423	1,878717
13,208201	1,849784
13,210979	1,831043
13,213757	1,815590
13,216534	1,793233
13,219312	1,747532
13,222090	1,689667
13,224868	1,630486
13,227645	1,586429
13,230423	1,554537
13,233201	1,519686
13,235979	1,475958
13,238756	1,427956
13,241534	1,395078
13,244312	1,390146
13,247090	1,405928
13,249867	1,421051
13,252645	1,419079
13,255423	1,405270
13,258201	1,398366
13,260978	1,411517
13,263756	1,430915
13,266534	1,444724
13,269312	1,438477
13,272089	1,426970
13,274867	1,419736
13,277645	1,429600
13,280423	1,447683
13,283200	1,457546
13,285978	1,451299
13,288756	1,432559
13,291534	1,428285
13,294311	1,437162
13,297089	1,458204
13,299867	1,469383
13,302645	1,466752
13,305422	1,449327
13,308200	1,445710
13,310978	1,455574
13,313756	1,474314
13,316533	1,485493
13,319311	1,477602
13,322089	1,457218
13,324867	1,448998
13,327644	1,457546
13,330422	1,474643
13,333200	1,490096
13,335978	1,485493
13,338755	1,472013
13,341533	1,463464
13,344311	1,472342
13,347089	1,489438
13,349866	1,502261
13,352644	1,492068
13,355422	1,478260
13,358200	1,472342
13,360977	1,480890
13,363755	1,500617
13,366533	1,513111
13,369311	1,509165
13,372088	1,488452
13,374866	1,482205
13,377644	1,486479
13,380422	1,507850
13,383199	1,518042
13,385977	1,512124
13,388755	1,497987
13,391533	1,492397
13,394310	1,501603
13,397088	1,519686
13,399866	1,532509
13,402644	1,524618
13,405421	1,510480
13,408199	1,499630
13,410977	1,510809
13,413755	1,526262
13,416532	1,541057
13,419310	1,534810
13,422088	1,519357
13,424866	1,509165
13,427643	1,521001
13,430421	1,537769
13,433199	1,550592
13,435977	1,544016
13,438754	1,524947
13,441532	1,514426
13,444310	1,517714
13,447088	1,536783
13,449865	1,550592
13,452643	1,551578
13,455421	1,535468
13,458199	1,529550
13,460976	1,536783
13,463754	1,557167
13,466532	1,569661
13,469310	1,564072
13,472087	1,546975
13,474865	1,537440
13,477643	1,545002
13,480421	1,560784
13,483198	1,573935
13,485976	1,566045
13,488754	1,550263
13,491532	1,538756
13,494309	1,547962
13,497087	1,561442
13,499865	1,574593
13,502643	1,566702
13,505420	1,550921
13,508198	1,544016
13,510976	1,549605
13,513754	1,569332
13,516531	1,578538
13,519309	1,573278
13,522087	1,560455
13,524865	1,556839
13,527642	1,563414
13,530420	1,581497
13,533198	1,591361
13,535976	1,587087
13,538753	1,573278
13,541531	1,564729
13,544309	1,571963
13,547087	1,588731
13,549864	1,599909
13,552642	1,590374
13,555420	1,577223
13,558198	1,566702
13,560975	1,574922
13,563753	1,591690
13,566531	1,605498
13,569309	1,596621
13,572086	1,584456
13,574864	1,575250
13,577642	1,583470
13,580420	1,600567
13,583197	1,609115
13,585975	1,600567
13,588753	1,582484
13,591531	1,572620
13,594308	1,579196
13,597086	1,600238
13,599864	1,611088
13,602642	1,605498
13,605419	1,589059
13,608197	1,583470
13,610975	1,589717
13,613753	1,607142
13,616530	1,618321
13,619308	1,612074
13,622086	1,593333
13,624864	1,581826
13,627641	1,591690
13,630419	1,607800
13,633197	1,622266
13,635975	1,615033
13,638752	1,599252
13,641530	1,589388
13,644308	1,600895
13,647086	1,618650
13,649863	1,632787
13,652641	1,623253
13,655419	1,605827
13,658197	1,595306
13,660975	1,600567
13,663752	1,619307
13,666530	1,631472
13,669308	1,624568
13,672085	1,603855
13,674863	1,596621
13,677641	1,600567
13,680419	1,619965
13,683196	1,633116
13,685974	1,628842
13,688752	1,610759
13,691530	1,602868
13,694307	1,608786
13,697085	1,624897
13,699863	1,636404
13,702641	1,627527
13,705418	1,613718
13,708196	1,606485
13,710974	1,616019
13,713752	1,630815
13,716530	1,641665
13,719307	1,632459
13,722085	1,616677
13,724863	1,609115
13,727640	1,617335
13,730418	1,634103
13,733196	1,644624
13,735974	1,636075
13,738751	1,618650
13,741529	1,606814
13,744307	1,611088
13,747085	1,629171
13,749862	1,641336
13,752640	1,638048
13,755418	1,620622
13,758196	1,609115
13,760973	1,615362
13,763751	1,632787
13,766529	1,643308
13,769307	1,637390
13,772085	1,619307
13,774862	1,608457
13,777640	1,617663
13,780418	1,632787
13,783195	1,646267
13,785973	1,639692
13,788751	1,622595
13,791529	1,613060
13,794306	1,622266
13,797084	1,638048
13,799862	1,650542
13,802640	1,646267
13,805417	1,630815
13,808195	1,621609
13,810973	1,628184
13,813751	1,643637
13,816528	1,654816
13,819306	1,648240
13,822084	1,628184
13,824862	1,619965
13,827640	1,626541
13,830417	1,662707
13,833195	1,712024
13,835973	1,754437
13,838750	1,791918
13,841528	1,829399
13,844306	1,870497
13,847084	1,908307
13,849861	1,933295
13,852639	1,936582
13,855417	1,925733
13,858195	1,919815
13,860972	1,927377
13,863750	1,939870
13,866528	1,944473
13,869306	1,921458
13,872083	1,880032
13,874861	1,839592
13,877639	1,813618
13,880417	1,789945
13,883194	1,764629
13,885972	1,718600
13,888750	1,664679
13,891528	1,625554
13,894305	1,609773
13,897083	1,610759
13,899861	1,611088
13,902639	1,596621
13,905416	1,575250
13,908194	1,560455
13,910972	1,566373
13,913750	1,583141
13,916527	1,593991
13,919305	1,588073
13,922083	1,574593
13,924861	1,565058
13,927638	1,572620
13,930416	1,588073
13,933194	1,596621
13,935972	1,591361
13,938750	1,575579
13,941527	1,567688
13,944305	1,576566
13,947083	1,595635
13,949860	1,607142
13,952638	1,602868
13,955416	1,582812
13,958194	1,568017
13,960971	1,553880
13,963749	1,538756
13,966527	1,523632
13,969305	1,519686
13,972082	1,560126
13,974860	1,696571
13,977638	1,932637
13,980416	2,277859
13,983193	2,680947
13,985971	3,068911
13,988749	3,196150
13,991527	3,200753
13,994304	3,201410
13,997082	3,202068
13,999860	3,198451
14,002638	3,187601
14,005415	2,963042
14,008193	2,412660
14,010971	1,816577
14,013749	1,347075
14,016526	1,085365
14,019304	0,997251
14,022082	1,023225
14,024860	1,120216
14,027637	1,231015
14,030415	1,340829
14,033193	1,420723
14,035971	1,456560
14,038748	1,460177
14,041526	1,459848
14,044304	1,467739
14,047082	1,485493
14,049859	1,498644
14,052637	1,489438
14,055415	1,478588
14,058193	1,471026
14,060970	1,484507
14,063748	1,504891
14,066526	1,522974
14,069304	1,518042
14,072081	1,503247
14,074859	1,492397
14,077637	1,502261
14,080415	1,528563
14,083192	1,546975
14,085970	1,550263
14,088748	1,544345
14,091526	1,545002
14,094303	1,557167
14,097081	1,584456
14,099859	1,601224
14,102637	1,605498
14,105414	1,596621
14,108192	1,596950
14,110970	1,612403
14,113748	1,638377
14,116525	1,659090
14,119303	1,659419
14,122081	1,647911
14,124859	1,645281
14,127636	1,659419
14,130414	1,681447
14,133192	1,699859
14,135970	1,698544
14,138747	1,689667
14,141525	1,682434
14,144303	1,693941
14,147081	1,713668
14,149858	1,736025
14,152636	1,744573
14,155414	1,752793
14,158192	1,773835
14,160969	1,808357
14,163747	1,849455
14,166525	1,880361
14,169303	1,890882
14,172080	1,890882
14,174858	1,900416
14,177636	1,921787
14,180414	1,950720
14,183191	1,969132
14,185969	1,965515
14,188747	1,946775
14,191525	1,926061
14,194302	1,918171
14,197080	1,917184
14,199858	1,909294
14,202636	1,881018
14,205413	1,838276
14,208191	1,796521
14,210969	1,766931
14,213747	1,747532
14,216524	1,718928
14,219302	1,664351
14,222080	1,599909
14,224858	1,537769
14,227635	1,496014
14,230413	1,474643
14,233191	1,455245
14,235969	1,427627
14,238746	1,396393
14,241524	1,385214
14,244302	1,390475
14,247080	1,415133
14,249857	1,430915
14,252635	1,431244
14,255413	1,414805
14,258191	1,407900
14,260968	1,415133
14,263746	1,434203
14,266524	1,448998
14,269302	1,443737
14,272079	1,430257
14,274857	1,418092
14,277635	1,431244
14,280413	1,447354
14,283190	1,463793
14,285968	1,454259
14,288746	1,439792
14,291524	1,429929
14,294301	1,442422
14,297079	1,459848
14,299857	1,476287
14,302635	1,472999
14,305412	1,457218
14,308190	1,448669
14,310968	1,456231
14,313746	1,472999
14,316523	1,483191
14,319301	1,480890
14,322079	1,463136
14,324857	1,456889
14,327634	1,463136
14,330412	1,483191
14,333190	1,495685
14,335968	1,490096
14,338745	1,472670
14,341523	1,464780
14,344301	1,473328
14,347079	1,489109
14,349856	1,508836
14,352634	1,502918
14,355412	1,488123
14,358190	1,475629
14,360967	1,481876
14,363745	1,495685
14,366523	1,513439
14,369301	1,508836
14,372078	1,496343
14,374856	1,488781
14,377634	1,494699
14,380412	1,512782
14,383189	1,525604
14,385967	1,519357
14,388745	1,498644
14,391523	1,489767
14,394300	1,494699
14,397078	1,515083
14,399856	1,528892
14,402634	1,528892
14,405411	1,512782
14,408189	1,504233
14,410967	1,510809
14,413745	1,530865
14,416522	1,544016
14,419300	1,539742
14,422078	1,524618
14,424856	1,511795
14,427633	1,521330
14,430411	1,536454
14,433189	1,550592
14,435967	1,545002
14,438744	1,532180
14,441522	1,519029
14,444300	1,529221
14,447078	1,546646
14,449855	1,561770
14,452633	1,556181
14,455411	1,539413
14,458189	1,528892
14,460966	1,533166
14,463744	1,550592
14,466522	1,558811
14,469300	1,556510
14,472077	1,538427
14,474855	1,531522
14,477633	1,540400
14,480411	1,559469
14,483188	1,571634
14,485966	1,566702
14,488744	1,550921
14,491522	1,540400
14,494299	1,549277
14,497077	1,563414
14,499855	1,578867
14,502633	1,573278
14,505410	1,557496
14,508188	1,549605
14,510966	1,561113
14,513744	1,576566
14,516521	1,592018
14,519299	1,584128
14,522077	1,567688
14,524855	1,555524
14,527632	1,560455
14,530410	1,578867
14,533188	1,593333
14,535966	1,587744
14,538743	1,572291
14,541521	1,566702
14,544299	1,569990
14,547077	1,586429
14,549854	1,598265
14,552632	1,589388
14,555410	1,569004
14,558188	1,560455
14,560965	1,569332
14,563743	1,587744
14,566521	1,601553
14,569299	1,596293
14,572076	1,579853
14,574854	1,568346
14,577632	1,573607
14,580410	1,588731
14,583187	1,603526
14,585965	1,598265
14,588743	1,585771
14,591521	1,578210
14,594298	1,586758
14,597076	1,604841
14,599854	1,617006
14,602632	1,610759
14,605409	1,596293
14,608187	1,585443
14,610965	1,589059
14,613743	1,605498
14,616521	1,615362
14,619298	1,611745
14,622076	1,595306
14,624854	1,586429
14,627631	1,595306
14,630409	1,612074
14,633187	1,625225
14,635965	1,620951
14,638742	1,604512
14,641520	1,592676
14,644298	1,597279
14,647076	1,611088
14,649853	1,620294
14,652631	1,617006
14,655409	1,600895
14,658187	1,591690
14,660964	1,601224
14,663742	1,620294
14,666520	1,635746
14,669298	1,630486
14,672075	1,611088
14,674853	1,599580
14,677631	1,603197
14,680409	1,618321
14,683186	1,632459
14,685964	1,628184
14,688742	1,611745
14,691520	1,602539
14,694297	1,608786
14,697075	1,626212
14,699853	1,642651
14,702631	1,636733
14,705408	1,619636
14,708186	1,605498
14,710964	1,609773
14,713742	1,624568
14,716519	1,640349
14,719297	1,634431
14,722075	1,617663
14,724853	1,606814
14,727630	1,611417
14,730408	1,629171
14,733186	1,645610
14,735964	1,643308
14,738741	1,626869
14,741519	1,616348
14,744297	1,618650
14,747075	1,634103
14,749852	1,643637
14,752630	1,639034
14,755408	1,623910
14,758186	1,616677
14,760963	1,622595
14,763741	1,638377
14,766519	1,648898
14,769297	1,642980
14,772074	1,629828
14,774852	1,617663
14,777630	1,625225
14,780408	1,640021
14,783185	1,651199
14,785963	1,645610
14,788741	1,631472
14,791519	1,620951
14,794296	1,627198
14,797074	1,643308
14,799852	1,656460
14,802630	1,652843
14,805407	1,634760
14,808185	1,623253
14,810963	1,627198
14,813741	1,645939
14,816518	1,657446
14,819296	1,655145
14,822074	1,637390
14,824852	1,644624
14,827629	1,684077
14,830407	1,746546
14,833185	1,808357
14,835963	1,848798
14,838740	1,864579
14,841518	1,880032
14,844296	1,901403
14,847074	1,930664
14,849851	1,953350
14,852629	1,955323
14,855407	1,938555
14,858185	1,919486
14,860962	1,913568
14,863740	1,912910
14,866518	1,901732
14,869296	1,867538
14,872073	1,817563
14,874851	1,770876
14,877629	1,740957
14,880407	1,718928
14,883184	1,694270
14,885962	1,656789
14,888740	1,616677
14,891518	1,590703
14,894295	1,584128
14,897073	1,593991
14,899851	1,600238
14,902629	1,593005
14,905406	1,572291
14,908184	1,562099
14,910962	1,565716
14,913740	1,583799
14,916517	1,595964
14,919295	1,587087
14,922073	1,573607
14,924851	1,561442
14,927628	1,569661
14,930406	1,586429
14,933184	1,599252
14,935962	1,592018
14,938739	1,579525
14,941517	1,567031
14,944295	1,574264
14,947073	1,592676
14,949850	1,606814
14,952628	1,594649
14,955406	1,556839
14,958184	1,513439
14,960961	1,489767
14,963739	1,505877
14,966517	1,572949
14,969295	1,708079
14,972072	1,911266
14,974850	2,224925
14,977628	2,610258
14,980406	3,022223
14,983183	3,197136
14,985961	3,200424
14,988739	3,201410
14,991517	3,201081
14,994294	3,197794
14,997072	3,190889
14,999850	3,025511
15,002628	2,501431
15,005405	1,881347
15,008183	1,362857
15,010961	1,074515
15,013739	0,983442
15,016516	1,035390
15,019294	1,131065
15,022072	1,222467
15,024850	1,307622
15,027627	1,383242
15,030405	1,446039
15,033183	1,481876
15,035961	1,485493
15,038738	1,467739
15,041516	1,461492
15,044294	1,462149
15,047072	1,481876
15,049849	1,497658
15,052627	1,501274
15,055405	1,487466
15,058183	1,483849
15,060960	1,493384
15,063738	1,512124
15,066516	1,525933
15,069294	1,520344
15,072071	1,510480
15,074849	1,503576
15,077627	1,518371
15,080405	1,540071
15,083182	1,565058
15,085960	1,569004
15,088738	1,565716
15,091516	1,560455
15,094293	1,575579
15,097071	1,601553
15,099849	1,622924
15,102627	1,626541
15,105404	1,619307
15,108182	1,616019
15,110960	1,630157
15,113738	1,657117
15,116515	1,674214
15,119293	1,676515
15,122071	1,665337
15,124849	1,662707
15,127626	1,671255
15,130404	1,692626
15,133182	1,708736
15,135960	1,711695
15,138737	1,698873
15,141515	1,691311
15,144293	1,704133
15,147071	1,732080
15,149848	1,767917
15,152626	1,793891
15,155404	1,810001
15,158182	1,824139
15,160959	1,849126
15,163737	1,879703
15,166515	1,910280
15,169293	1,925075
15,172070	1,928363
15,174848	1,929678
15,177626	1,938555
15,180404	1,955323
15,183181	1,967159
15,185959	1,954337
15,188737	1,924746
15,191515	1,897786
15,194292	1,883320
15,197070	1,879046
15,199848	1,866881
15,202626	1,831043
15,205403	1,776465
15,208181	1,728463
15,210959	1,687694
15,213737	1,656789
15,216514	1,623253
15,219292	1,569004
15,222070	1,508179
15,224848	1,457218
15,227625	1,428285
15,230403	1,417106
15,233181	1,420394
15,235959	1,409215
15,238736	1,397708
15,241514	1,390804
15,244292	1,397708
15,247070	1,418750
15,249847	1,433545
15,252625	1,433874
15,255403	1,420723
15,258181	1,413818
15,260958	1,416449
15,263736	1,434203
15,266514	1,447354
15,269292	1,446039
15,272069	1,430586
15,274847	1,423353
15,277625	1,430915
15,280403	1,449327
15,283180	1,460834
15,285958	1,458204
15,288736	1,441436
15,291514	1,430915
15,294291	1,438148
15,297069	1,454587
15,299847	1,469711
15,302625	1,466423
15,305402	1,453272
15,308180	1,441765
15,310958	1,453272
15,313736	1,471684
15,316513	1,488123
15,319291	1,483849
15,322069	1,468396
15,324847	1,457218
15,327624	1,462149
15,330402	1,480232
15,333180	1,493384
15,335958	1,490425
15,338735	1,477602
15,341513	1,470698
15,344291	1,478260
15,347069	1,493384
15,349846	1,504562
15,352624	1,499302
15,355402	1,481219
15,358180	1,472999
15,360957	1,480890
15,363735	1,498315
15,366513	1,518042
15,369291	1,514754
15,372068	1,498315
15,374846	1,486479
15,377624	1,491740
15,380402	1,507192
15,383179	1,523632
15,385957	1,521659
15,388735	1,506864
15,391513	1,498644
15,394290	1,504233
15,397068	1,522316
15,399846	1,536783
15,402624	1,533166
15,405401	1,518042
15,408179	1,506864
15,410957	1,511467
15,413735	1,524947
15,416512	1,539084
15,419290	1,533824
15,422068	1,521001
15,424846	1,511138
15,427623	1,514426
15,430401	1,529550
15,433179	1,547304
15,435957	1,545331
15,438734	1,534153
15,441512	1,523632
15,444290	1,528563
15,447068	1,546318
15,449845	1,556839
15,452623	1,554208
15,455401	1,539084
15,458179	1,528563
15,460956	1,534481
15,463734	1,551578
15,466512	1,565387
15,469290	1,564072
15,472067	1,549605
15,474845	1,540400
15,477623	1,543359
15,480401	1,561113
15,483178	1,573278
15,485956	1,570648
15,488734	1,554866
15,491512	1,542372
15,494289	1,551578
15,497067	1,567031
15,499845	1,584785
15,502623	1,580511
15,505400	1,566045
15,508178	1,554866
15,510956	1,561113
15,513734	1,573935
15,516511	1,589388
15,519289	1,585771
15,522067	1,569990
15,524845	1,560455
15,527622	1,565387
15,530400	1,583141
15,533178	1,596950
15,535956	1,593333
15,538733	1,573607
15,541511	1,564072
15,544289	1,567360
15,547067	1,582484
15,549844	1,596950
15,552622	1,597279
15,555400	1,583799
15,558178	1,573278
15,560955	1,578538
15,563733	1,592347
15,566511	1,607800
15,569289	1,601882
15,572066	1,586758
15,574844	1,573607
15,577622	1,579196
15,580400	1,594977
15,583177	1,610430
15,585955	1,606156
15,588733	1,592347
15,591511	1,580840
15,594288	1,587087
15,597066	1,604512
15,599844	1,619307
15,602622	1,617335
15,605399	1,598594
15,608177	1,588731
15,610955	1,591032
15,613733	1,608129
15,616510	1,620294
15,619288	1,618650
15,622066	1,603855
15,624844	1,592347
15,627621	1,594320
15,630399	1,612074
15,633177	1,625554
15,635955	1,622595
15,638732	1,606485
15,641510	1,593991
15,644288	1,598923
15,647066	1,614047
15,649843	1,629171
15,652621	1,626541
15,655399	1,612074
15,658177	1,595635
15,660954	1,600567
15,663732	1,613718
15,666510	1,628513
15,669288	1,628184
15,672065	1,614376
15,674843	1,604183
15,677621	1,606814
15,680399	1,622924
15,683176	1,634431
15,685954	1,631143
15,688732	1,611417
15,691510	1,600567
15,694287	1,600895
15,697065	1,619307
15,699843	1,634760
15,702621	1,634431
15,705398	1,617335
15,708176	1,609115
15,710954	1,613060
15,713732	1,628842
15,716509	1,644952
15,719287	1,640678
15,722065	1,624897
15,724843	1,611745
15,727620	1,617663
15,730398	1,631472
15,733176	1,644952
15,735954	1,640349
15,738731	1,624568
15,741509	1,611088
15,744287	1,613718
15,747065	1,630157
15,749842	1,646267
15,752620	1,644952
15,755398	1,628513
15,758176	1,618979
15,760953	1,619965
15,763731	1,637719
15,766509	1,650542
15,769287	1,649555
15,772064	1,633774
15,774842	1,621280
15,777620	1,620951
15,780398	1,635418
15,783175	1,648898
15,785953	1,646596
15,788731	1,633116
15,791509	1,618979
15,794286	1,624568
15,797064	1,637719
15,799842	1,654158
15,802620	1,652514
15,805397	1,640349
15,808175	1,627198
15,810953	1,630157
15,813731	1,642322
15,816508	1,656789
15,819286	1,669940
15,822064	1,687694
15,824842	1,722545
15,827619	1,778438
15,830397	1,838934
15,833175	1,887594
15,835953	1,906334
15,838730	1,904362
15,841508	1,903375
15,844286	1,916198
15,847064	1,940199
15,849841	1,957953
15,852619	1,953022
15,855397	1,926719
15,858175	1,898444
15,860952	1,880361
15,863730	1,863922
15,866508	1,845838
15,869286	1,805727
15,872063	1,752793
15,874841	1,701503
15,877619	1,667310
15,880397	1,646925
15,883174	1,636733
15,885952	1,615362
15,888730	1,588402
15,891508	1,568675
15,894285	1,567031
15,897063	1,581497
15,899841	1,593333
15,902619	1,591032
15,905396	1,571963
15,908174	1,563086
15,910952	1,564729
15,913730	1,582155
15,916507	1,595964
15,919285	1,594320
15,922063	1,578538
15,924841	1,568675
15,927618	1,570648
15,930396	1,586429
15,933174	1,601224
15,935952	1,595635
15,938729	1,580182
15,941507	1,568346
15,944285	1,576566
15,947063	1,588073
15,949840	1,588402
15,952618	1,551907
15,955396	1,510809
15,958174	1,486479
15,960951	1,539084
15,963729	1,676515
15,966507	1,903047
15,969285	2,218678
15,972062	2,578366
15,974840	2,964358
15,977618	3,194177
15,980396	3,198780
15,983173	3,201410
15,985951	3,201081
15,988729	3,199437
15,991507	3,192204
15,994284	3,043594
15,997062	2,556338
15,999840	1,957953
16,002618	1,429929
16,005395	1,095228
16,008173	0,967661
16,010951	1,004813
16,013729	1,116928
16,016506	1,239235
16,019284	1,333595
16,022062	1,388831
16,024840	1,421051
16,027617	1,451957
16,030395	1,473328
16,033173	1,493055
16,035951	1,490753
16,038728	1,473657
16,041506	1,462149
16,044284	1,469054
16,047062	1,488781
16,049839	1,505877
16,052617	1,510480
16,055395	1,496343
16,058173	1,488781
16,060951	1,490753
16,063728	1,508836
16,066506	1,527248
16,069284	1,533166
16,072062	1,524947
16,074839	1,522974
16,077617	1,536125
16,080395	1,564072
16,083172	1,589059
16,085950	1,592347
16,088728	1,583141
16,091506	1,581169
16,094283	1,592676
16,097061	1,617006
16,099839	1,642980
16,102617	1,646925
16,105394	1,642322
16,108172	1,639363
16,110950	1,650213
16,113728	1,672570
16,116505	1,691311
16,119283	1,696571
16,122061	1,685721
16,124839	1,676515
16,127616	1,684077
16,130394	1,702489
16,133172	1,719915
16,135950	1,721887
16,138727	1,712682
16,141505	1,713668
16,144283	1,739971
16,147061	1,784027
16,149838	1,828413
16,152616	1,850113
16,155394	1,854716
16,158172	1,857017
16,160949	1,877402
16,163727	1,910280
16,166505	1,944144
16,169283	1,958611
16,172061	1,950720
16,174838	1,940528
16,177616	1,945131
16,180394	1,951378
16,183172	1,953679
16,185949	1,932966
16,188727	1,893512
16,191505	1,856031
16,194282	1,832358
16,197060	1,818221
16,199838	1,799151
16,202616	1,763643
16,205393	1,706763
16,208171	1,649884
16,210949	1,603855
16,213727	1,568017
16,216504	1,537440
16,219282	1,494699
16,222060	1,442751
16,224838	1,403297
16,227615	1,391132
16,230393	1,398366
16,233171	1,418092
16,235949	1,420065
16,238726	1,409544
16,241504	1,404612
16,244282	1,411517
16,247060	1,426970
16,249837	1,442094
16,252615	1,440450
16,255393	1,423682
16,258171	1,413161
16,260948	1,416120
16,263726	1,436833
16,266504	1,454587
16,269282	1,456231
16,272059	1,439463
16,274837	1,428942
16,277615	1,430915
16,280393	1,446368
16,283171	1,461821
16,285948	1,463793
16,288726	1,452286
16,291504	1,439792
16,294282	1,442751
16,297059	1,457875
16,299837	1,476616
16,302615	1,474972
16,305392	1,465108
16,308170	1,452943
16,310948	1,458533
16,313726	1,472670
16,316503	1,488123
16,319281	1,487466
16,322059	1,472999
16,324837	1,461821
16,327614	1,467739
16,330392	1,485822
16,333170	1,497000
16,335948	1,500617
16,338725	1,483849
16,341503	1,474643
16,344281	1,476616
16,347059	1,492397
16,349836	1,507850
16,352614	1,507192
16,355392	1,491411
16,358170	1,479904
16,360947	1,486479
16,363725	1,500288
16,366503	1,521659
16,369281	1,521330
16,372058	1,507850
16,374836	1,494370
16,377614	1,500617
16,380392	1,513439
16,383169	1,531522
16,385947	1,529878
16,388725	1,514754
16,391503	1,506206
16,394281	1,510809
16,397058	1,524618
16,399836	1,538098
16,402614	1,537112
16,405392	1,517714
16,408169	1,506864
16,410947	1,507850
16,413725	1,527577
16,416502	1,545002
16,419280	1,547304
16,422058	1,532180
16,424836	1,521330
16,427613	1,522316
16,430391	1,534481
16,433169	1,549605
16,435947	1,545002
16,438724	1,530536
16,441502	1,517714
16,444280	1,527577
16,447058	1,544016
16,449835	1,562428
16,452613	1,556839
16,455391	1,542372
16,458169	1,529221
16,460946	1,531194
16,463724	1,546646
16,466502	1,561770
16,469280	1,561113
16,472057	1,545660
16,474835	1,535797
16,477613	1,535468
16,480391	1,556181
16,483168	1,572620
16,485946	1,575579
16,488724	1,559798
16,491502	1,548619
16,494279	1,549605
16,497057	1,566045
16,499835	1,579525
16,502613	1,577552
16,505390	1,563743
16,508168	1,553222
16,510946	1,560784
16,513724	1,576894
16,516502	1,591032
16,519279	1,585443
16,522057	1,570648
16,524835	1,554537
16,527613	1,561770
16,530390	1,574593
16,533168	1,592018
16,535946	1,590703
16,538723	1,577223
16,541501	1,564729
16,544279	1,569332
16,547057	1,584785
16,549834	1,597279
16,552612	1,598923
16,555390	1,579196
16,558168	1,569332
16,560945	1,570976
16,563723	1,588731
16,566501	1,601882
16,569279	1,602868
16,572056	1,585114
16,574834	1,576894
16,577612	1,580182
16,580390	1,596621
16,583167	1,615362
16,585945	1,614376
16,588723	1,600567
16,591501	1,585771
16,594278	1,589388
16,597056	1,601224
16,599834	1,619307
16,602612	1,614376
16,605389	1,600895
16,608167	1,585114
16,610945	1,587744
16,613723	1,603197
16,616501	1,621280
16,619278	1,619636
16,622056	1,603197
16,624834	1,592347
16,627612	1,594649
16,630389	1,611745
16,633167	1,623910
16,635945	1,621938
16,638723	1,605170
16,641500	1,591361
16,644278	1,592347
16,647056	1,612403
16,649833	1,625225
16,652611	1,623253
16,655389	1,605170
16,658167	1,593991
16,660944	1,599252
16,663722	1,616348
16,666500	1,632130
16,669278	1,630486
16,672055	1,618650
16,674833	1,604183
16,677611	1,609444
16,680389	1,621609
16,683166	1,636404
16,685944	1,633116
16,688722	1,617663
16,691500	1,605498
16,694277	1,611417
16,697055	1,628842
16,699833	1,642322
16,702611	1,640349
16,705388	1,618979
16,708166	1,604183
16,710944	1,604512
16,713722	1,620951
16,716499	1,638048
16,719277	1,641993
16,722055	1,627856
16,724833	1,616348
16,727610	1,616677
16,730388	1,629500
16,733166	1,645610
16,735944	1,645610
16,738722	1,630815
16,741499	1,617006
16,744277	1,620294
16,747055	1,633116
16,749833	1,650542
16,752610	1,647583
16,755388	1,632787
16,758166	1,619965
16,760943	1,622266
16,763721	1,635746
16,766499	1,648898
16,769277	1,646267
16,772054	1,630157
16,774832	1,618979
16,777610	1,621280
16,780388	1,639034
16,783165	1,657446
16,785943	1,658104
16,788721	1,644295
16,791499	1,632459
16,794276	1,630486
16,797054	1,642322
16,799832	1,656460
16,802610	1,655145
16,805387	1,637719
16,808165	1,621280
16,810943	1,623253
16,813721	1,650870
16,816498	1,697886
16,819276	1,745231
16,822054	1,782712
16,824832	1,819207
16,827609	1,858661
16,830387	1,898444
16,833165	1,929349
16,835943	1,940199
16,838720	1,934281
16,841498	1,924746
16,844276	1,928692
16,847054	1,936911
16,849832	1,942501
16,852609	1,927705
16,855387	1,889238
16,858165	1,848140
16,860943	1,815590
16,863720	1,793891
16,866498	1,772520
16,869276	1,734381
16,872053	1,683420
16,874831	1,639034
16,877609	1,615691
16,880387	1,606814
16,883164	1,609115
16,885942	1,596293
16,888720	1,575579
16,891498	1,561442
16,894275	1,563414
16,897053	1,574922
16,899831	1,591690
16,902609	1,591032
16,905386	1,573935
16,908164	1,562757
16,910942	1,566702
16,913720	1,584785
16,916497	1,601882
16,919275	1,599909
16,922053	1,583141
16,924831	1,571634
16,927608	1,570976
16,930386	1,584456
16,933164	1,601224
16,935942	1,601224
16,938719	1,586429
16,941497	1,567360
16,944275	1,552236
16,947053	1,538427
16,949830	1,528892
16,952608	1,515741
16,955386	1,546646
16,958164	1,643966
16,960942	1,848469
16,963719	2,170347
16,966497	2,553050
16,969275	2,953508
16,972053	3,192862
16,974830	3,198451
16,977608	3,202397
16,980386	3,201410
16,983163	3,202068
16,985941	3,194835
16,988719	3,075815
16,991497	2,598751
16,994274	1,990174
16,997052	1,465437
16,999830	1,142573
17,002608	1,007115
17,005385	1,010074
17,008163	1,087666
17,010941	1,198466
17,013719	1,311896
17,016496	1,400009
17,019274	1,450313
17,022052	1,464122
17,024830	1,460834
17,027607	1,466095
17,030385	1,480561
17,033163	1,497987
17,035941	1,496014
17,038718	1,484507
17,041496	1,475301
17,044274	1,483191
17,047052	1,506535
17,049829	1,523632
17,052607	1,526591
17,055385	1,505877
17,058163	1,495028
17,060940	1,499959
17,063718	1,523303
17,066496	1,545660
17,069274	1,555195
17,072052	1,549277
17,074829	1,547304
17,077607	1,557825
17,080385	1,577552
17,083163	1,602868
17,085940	1,606814
17,088718	1,600238
17,091496	1,595306
17,094273	1,609115
17,097051	1,630815
17,099829	1,656460
17,102607	1,663035
17,105384	1,657117
17,108162	1,649227
17,110940	1,659090
17,113718	1,678817
17,116495	1,700188
17,119273	1,702818
17,122051	1,691968
17,124829	1,684406
17,127606	1,691639
17,130384	1,714325
17,133162	1,737011
17,135940	1,745889
17,138717	1,749834
17,141495	1,764958
17,144273	1,796521
17,147051	1,836961
17,149828	1,869840
17,152606	1,882991
17,155384	1,882333
17,158162	1,889567
17,160939	1,910280
17,163717	1,941185
17,166495	1,967817
17,169273	1,971433
17,172050	1,955323
17,174828	1,932308
17,177606	1,918171
17,180384	1,912581
17,183162	1,908636
17,185939	1,888909
17,188717	1,849455
17,191495	1,804412
17,194273	1,772520
17,197050	1,753451
17,199828	1,728792
17,202606	1,685393
17,205383	1,616677
17,208161	1,554866
17,210939	1,509494
17,213717	1,483849
17,216494	1,461821
17,219272	1,436504
17,222050	1,403626
17,224828	1,383570
17,227605	1,386858
17,230383	1,403955
17,233161	1,428285
17,235939	1,431244
17,238716	1,419736
17,241494	1,406256
17,244272	1,412832
17,247050	1,426641
17,249827	1,447683
17,252605	1,447354
17,255383	1,433545
17,258161	1,421051
17,260938	1,421709
17,263716	1,434860
17,266494	1,452286
17,269272	1,454587
17,272049	1,441107
17,274827	1,433545
17,277605	1,435518
17,280383	1,454259
17,283160	1,470040
17,285938	1,472999
17,288716	1,454259
17,291494	1,442094
17,294272	1,439135
17,297049	1,455574
17,299827	1,470369
17,302605	1,471355
17,305383	1,460505
17,308160	1,448340
17,310938	1,452615
17,313716	1,468067
17,316493	1,487137
17,319271	1,483849
17,322049	1,472999
17,324827	1,457875
17,327604	1,463793
17,330382	1,478588
17,333160	1,499959
17,335938	1,501603
17,338715	1,487794
17,341493	1,474643
17,344271	1,475629
17,347049	1,495685
17,349826	1,508836
17,352604	1,511138
17,355382	1,493055
17,358160	1,482205
17,360937	1,483191
17,363715	1,501603
17,366493	1,518371
17,369271	1,522645
17,372048	1,508836
17,374826	1,495685
17,377604	1,500946
17,380382	1,515083
17,383159	1,533166
17,385937	1,530865
17,388715	1,517385
17,391493	1,500288
17,394270	1,508179
17,397048	1,519357
17,399826	1,539084
17,402604	1,537440
17,405382	1,522645
17,408159	1,509165
17,410937	1,513111
17,413715	1,528892
17,416493	1,545660
17,419270	1,547633
17,422048	1,529550
17,424826	1,521330
17,427604	1,521001
17,430381	1,537112
17,433159	1,553551
17,435937	1,558483
17,438714	1,543359
17,441492	1,528892
17,444270	1,527906
17,447048	1,541057
17,449825	1,560455
17,452603	1,562099
17,455381	1,548948
17,458159	1,537112
17,460936	1,537769
17,463714	1,552236
17,466492	1,569332
17,469270	1,563743
17,472047	1,549934
17,474825	1,534810
17,477603	1,539742
17,480381	1,555195
17,483158	1,574264
17,485936	1,573607
17,488714	1,562099
17,491492	1,550592
17,494269	1,553222
17,497047	1,568017
17,499825	1,579853
17,502603	1,582155
17,505380	1,565387
17,508158	1,553551
17,510936	1,554537
17,513714	1,572291
17,516491	1,589059
17,519269	1,591032
17,522047	1,576894
17,524825	1,563743
17,527603	1,567031
17,530380	1,581169
17,533158	1,597936
17,535936	1,596621
17,538714	1,581497
17,541491	1,565716
17,544269	1,569332
17,547047	1,580511
17,549824	1,596950
17,552602	1,598923
17,555380	1,585771
17,558158	1,574264
17,560935	1,577223
17,563713	1,594649
17,566491	1,610101
17,569269	1,611417
17,572046	1,593662
17,574824	1,578538
17,577602	1,582155
17,580380	1,596621
17,583157	1,611088
17,585935	1,611088
17,588713	1,595964
17,591491	1,583799
17,594268	1,585771
17,597046	1,598594
17,599824	1,617335
17,602602	1,619307
17,605379	1,604512
17,608157	1,592018
17,610935	1,592347
17,613713	1,605498
17,616490	1,621280
17,619268	1,620951
17,622046	1,607142
17,624824	1,592676
17,627601	1,593662
17,630379	1,607142
17,633157	1,622595
17,635935	1,626869
17,638713	1,611088
17,641490	1,598923
17,644268	1,596293
17,647046	1,612732
17,649824	1,629500
17,652601	1,632130
17,655379	1,620622
17,658157	1,607142
17,660934	1,606814
17,663712	1,620622
17,666490	1,634103
17,669268	1,632459
17,672045	1,618650
17,674823	1,604183
17,677601	1,606485
17,680379	1,621609
17,683156	1,638377
17,685934	1,639692
17,688712	1,626212
17,691490	1,611088
17,694267	1,611088
17,697045	1,623910
17,699823	1,638377
17,702601	1,639692
17,705378	1,624897
17,708156	1,612403
17,710934	1,612403
17,713712	1,625883
17,716489	1,639363
17,719267	1,640021
17,722045	1,625883
17,724823	1,613389
17,727600	1,618650
17,730378	1,633774
17,733156	1,650542
17,735934	1,647911
17,738711	1,631801
17,741489	1,614047
17,744267	1,615362
17,747045	1,628184
17,749823	1,645281
17,752600	1,647911
17,755378	1,634103
17,758156	1,618979
17,760934	1,621609
17,763711	1,635089
17,766489	1,654158
17,769267	1,655145
17,772044	1,641993
17,774822	1,629828
17,777600	1,627856
17,780378	1,640349
17,783155	1,654158
17,785933	1,653501
17,788711	1,636404
17,791489	1,622924
17,794266	1,627856
17,797044	1,643966
17,799822	1,661391
17,802600	1,660734
17,805377	1,646925
17,808155	1,641007
17,810933	1,669940
17,813711	1,729449
17,816488	1,795535
17,819266	1,842879
17,822044	1,867867
17,824822	1,878388
17,827599	1,894827
17,830377	1,920801
17,833155	1,947432
17,835933	1,957953
17,838710	1,946446
17,841488	1,927048
17,844266	1,919815
17,847044	1,917842
17,849821	1,911924
17,852599	1,885292
17,855377	1,836304
17,858155	1,786000
17,860933	1,749505
17,863710	1,725504
17,866488	1,702489
17,869266	1,671584
17,872044	1,631472
17,874821	1,595635
17,877599	1,583799
17,880377	1,582155
17,883154	1,591361
17,885932	1,588731
17,888710	1,571963
17,891488	1,555195
17,894265	1,562099
17,897043	1,574593
17,899821	1,593991
17,902599	1,594977
17,905376	1,582155
17,908154	1,569661
17,910932	1,570648
17,913710	1,580511
17,916487	1,595306
17,919265	1,597936
17,922043	1,581826
17,924821	1,572291
17,927598	1,573278
17,930376	1,589059
17,933154	1,605498
17,935932	1,605498
17,938709	1,569990
17,941487	1,526591
17,944265	1,497000
17,947043	1,494699
17,949820	1,548948
17,952598	1,650213
17,955376	1,832687
17,958154	2,119057
17,960931	2,480718
17,963709	2,896628
17,966487	3,193848
17,969265	3,201410
17,972043	3,201410
17,974820	3,202397
17,977598	3,200424
17,980376	3,194835
17,983154	3,118228
17,985931	2,681933
17,988709	2,062835
17,991487	1,499959
17,994264	1,137641
17,997042	1,002840
17,999820	1,020595
18,002598	1,112982
18,005375	1,203398
18,008153	1,289539
18,010931	1,361871
18,013709	1,431244
18,016486	1,473985
18,019264	1,484835
18,022042	1,472670
18,024820	1,456889
18,027597	1,462478
18,030375	1,478917
18,033153	1,499302
18,035931	1,503905
18,038708	1,495356
18,041486	1,483191
18,044264	1,491082
18,047042	1,505220
18,049819	1,522974
18,052597	1,524947
18,055375	1,517056
18,058153	1,510152
18,060930	1,516727
18,063708	1,534810
18,066486	1,557825
18,069264	1,571305
18,072041	1,561770
18,074819	1,557825
18,077597	1,564729
18,080375	1,590374
18,083153	1,612732
18,085930	1,626869
18,088708	1,621609
18,091486	1,616677
18,094264	1,625883
18,097041	1,646925
18,099819	1,673885
18,102597	1,683091
18,105374	1,675200
18,108152	1,665337
18,110930	1,670597
18,113708	1,686379
18,116485	1,708079
18,119263	1,713997
18,122041	1,705448
18,124819	1,696242
18,127596	1,702161
18,130374	1,724518
18,133152	1,761999
18,135930	1,792576
18,138707	1,809015
18,141485	1,818878
18,144263	1,838276
18,147041	1,866881
18,149818	1,900745
18,152596	1,923102
18,155374	1,928034
18,158152	1,929020
18,160929	1,938226
18,163707	1,952035
18,166485	1,966173
18,169263	1,962228
18,172040	1,935267
18,174818	1,902718
18,177596	1,882991
18,180374	1,874114
18,183151	1,865894
18,185929	1,837948
18,188707	1,794220
18,191485	1,742601
18,194263	1,701503
18,197040	1,667310
18,199818	1,634431
18,202596	1,585771
18,205374	1,525604
18,208151	1,466095
18,210929	1,429600
18,213707	1,415133
18,216484	1,412503
18,219262	1,412174
18,222040	1,397050
18,224818	1,390804
18,227595	1,394091
18,230373	1,412832
18,233151	1,432230
18,235929	1,439463
18,238706	1,426641
18,241484	1,413489
18,244262	1,414805
18,247040	1,428285
18,249817	1,444724
18,252595	1,446368
18,255373	1,433216
18,258151	1,416777
18,260928	1,422038
18,263706	1,436175
18,266484	1,456889
18,269262	1,459848
18,272039	1,446368
18,274817	1,434203
18,277595	1,436833
18,280373	1,449656
18,283150	1,466423
18,285928	1,471684
18,288706	1,456560
18,291484	1,444724
18,294261	1,444724
18,297039	1,460177
18,299817	1,475629
18,302595	1,481876
18,305372	1,465437
18,308150	1,452943
18,310928	1,455574
18,313706	1,470369
18,316484	1,486808
18,319261	1,488452
18,322039	1,477273
18,324817	1,464780
18,327594	1,466095
18,330372	1,480561
18,333150	1,498973
18,335928	1,500617
18,338705	1,490096
18,341483	1,478260
18,344261	1,481547
18,347039	1,496343
18,349816	1,511467
18,352594	1,514426
18,355372	1,501932
18,358150	1,489767
18,360927	1,488452
18,363705	1,506206
18,366483	1,522316
18,369261	1,524947
18,372038	1,508508
18,374816	1,493055
18,377594	1,493055
18,380372	1,508179
18,383149	1,523632
18,385927	1,528235
18,388705	1,517714
18,391483	1,507192
18,394260	1,508836
18,397038	1,518700
18,399816	1,530536
18,402594	1,532180
18,405371	1,516070
18,408149	1,502261
18,410927	1,507192
18,413705	1,521988
18,416482	1,541057
18,419260	1,547304
18,422038	1,534481
18,424816	1,521988
18,427594	1,524947
18,430371	1,539742
18,433149	1,558483
18,435927	1,561770
18,438705	1,545989
18,441482	1,531851
18,444260	1,529878
18,447038	1,543030
18,449815	1,562099
18,452593	1,565058
18,455371	1,552564
18,458149	1,541057
18,460926	1,540400
18,463704	1,554537
18,466482	1,577552
18,469260	1,579525
18,472037	1,565058
18,474815	1,552893
18,477593	1,551249
18,480371	1,566045
18,483148	1,584456
18,485926	1,586100
18,488704	1,573278
18,491482	1,559140
18,494259	1,557167
18,497037	1,570976
18,499815	1,587087
18,502593	1,591361
18,505370	1,576237
18,508148	1,562757
18,510926	1,563414
18,513704	1,579853
18,516481	1,596621
18,519259	1,594649
18,522037	1,576894
18,524815	1,559469
18,527592	1,562428
18,530370	1,576894
18,533148	1,594320
18,535926	1,596950
18,538704	1,588731
18,541481	1,573935
18,544259	1,575579
18,547037	1,588073
18,549815	1,605498
18,552592	1,606814
18,555370	1,592018
18,558148	1,573935
18,560925	1,571305
18,563703	1,585114
18,566481	1,602211
18,569259	1,608129
18,572036	1,593991
18,574814	1,581826
18,577592	1,583470
18,580370	1,598594
18,583147	1,614376
18,585925	1,619307
18,588703	1,603526
18,591481	1,590374
18,594258	1,591361
18,597036	1,604512
18,599814	1,622595
18,602592	1,625225
18,605369	1,611088
18,608147	1,593662
18,610925	1,593991
18,613703	1,604512
18,616480	1,622266
18,619258	1,622595
18,622036	1,611088
18,624814	1,598265
18,627591	1,598594
18,630369	1,612403
18,633147	1,629500
18,635925	1,630157
18,638702	1,615362
18,641480	1,602868
18,644258	1,599909
18,647036	1,612074
18,649814	1,626541
18,652591	1,629171
18,655369	1,612403
18,658147	1,599580
18,660925	1,598265
18,663702	1,613718
18,666480	1,633774
18,669258	1,635746
18,672035	1,621609
18,674813	1,604841
18,677591	1,604183
18,680369	1,615691
18,683146	1,634760
18,685924	1,634431
18,688702	1,622595
18,691480	1,604183
18,694257	1,603855
18,697035	1,617663
18,699813	1,637390
18,702591	1,639034
18,705368	1,628513
18,708146	1,614376
18,710924	1,612403
18,713702	1,625554
18,716479	1,637719
18,719257	1,641336
18,722035	1,625883
18,724813	1,614376
18,727590	1,613060
18,730368	1,627856
18,733146	1,643308
18,735924	1,648240
18,738701	1,634760
18,741479	1,620294
18,744257	1,619307
18,747035	1,631143
18,749812	1,648240
18,752590	1,650542
18,755368	1,638377
18,758146	1,623253
18,760924	1,626212
18,763701	1,635746
18,766479	1,652514
18,769257	1,654158
18,772035	1,641336
18,774812	1,625225
18,777590	1,626869
18,780368	1,637719
18,783145	1,653172
18,785923	1,653501
18,788701	1,638377
18,791479	1,625554
18,794256	1,619965
18,797034	1,634431
18,799812	1,650870
18,802590	1,666323
18,805367	1,680461
18,808145	1,712682
18,810923	1,760684
18,813701	1,821180
18,816478	1,877402
18,819256	1,906992
18,822034	1,907978
18,824812	1,906663
18,827589	1,913568
18,830367	1,935925
18,833145	1,956967
18,835923	1,956967
18,838700	1,933952
18,841478	1,903375
18,844256	1,885621
18,847034	1,869840
18,849811	1,856031
18,852589	1,821509
18,855367	1,774493
18,858145	1,720572
18,860922	1,680461
18,863700	1,657446
18,866478	1,642322
18,869256	1,626212
18,872034	1,598265
18,874811	1,574264
18,877589	1,566373
18,880367	1,581169
18,883145	1,594320
18,885922	1,596293
18,888700	1,582812
18,891478	1,568346
18,894255	1,569004
18,897033	1,579196
18,899811	1,594649
18,902589	1,598594
18,905366	1,586758
18,908144	1,569990
18,910922	1,571634
18,913700	1,582812
18,916477	1,600238
18,919255	1,603197
18,922033	1,591032
18,924811	1,574593
18,927588	1,575579
18,930366	1,582155
18,933144	1,582812
18,935922	1,560455
18,938699	1,515412
18,941477	1,486150
18,944255	1,514097
18,947033	1,619965
18,949810	1,823481
18,952588	2,114783
18,955366	2,455402
18,958144	2,844681
18,960921	3,186286
18,963699	3,198451
18,966477	3,200095
18,969255	3,200753
18,972032	3,200095
18,974810	3,196150
18,977588	3,130064
18,980366	2,728620
18,983144	2,135496
18,985921	1,573607
18,988699	1,177753
18,991477	0,985415
18,994255	0,976209
18,997032	1,069583
18,999810	1,200439
19,002588	1,305978
19,005365	1,372392
19,008143	1,414147
19,010921	1,444395
19,013699	1,469054
19,016476	1,486479
19,019254	1,489438
19,022032	1,476945
19,024810	1,464122
19,027587	1,467410
19,030365	1,487137
19,033143	1,505549
19,035921	1,512782
19,038698	1,505549
19,041476	1,494699
19,044254	1,496014
19,047032	1,508508
19,049809	1,528892
19,052587	1,534153
19,055365	1,527248
19,058143	1,516398
19,060920	1,529221
19,063698	1,553222
19,066476	1,579853
19,069254	1,591690
19,072031	1,586758
19,074809	1,579525
19,077587	1,588731
19,080365	1,608129
19,083142	1,631801
19,085920	1,645610
19,088698	1,638705
19,091476	1,633774
19,094254	1,642322
19,097031	1,661063
19,099809	1,683091
19,102587	1,690324
19,105365	1,680132
19,108142	1,668953
19,110920	1,672570
19,113698	1,689996
19,116475	1,714325
19,119253	1,724518
19,122031	1,717613
19,124809	1,711695
19,127586	1,730765
19,130364	1,769232
19,133142	1,815590
19,135920	1,844195
19,138697	1,851757
19,141475	1,853400
19,144253	1,870168
19,147031	1,901732
19,149808	1,937569
19,152586	1,956638
19,155364	1,954337
19,158142	1,942501
19,160919	1,941843
19,163697	1,949405
19,166475	1,955652
19,169253	1,942172
19,172030	1,908636
19,174808	1,871812
19,177586	1,844852
19,180364	1,829071
19,183141	1,813947
19,185919	1,776137
19,188697	1,721887
19,191475	1,663364
19,194252	1,611088
19,197030	1,572291
19,199808	1,543030
19,202586	1,504562
19,205363	1,456231
19,208141	1,409873
19,210919	1,390475
19,213697	1,397050
19,216475	1,414805
19,219252	1,422695
19,222030	1,412832
19,224808	1,401982
19,227585	1,401653
19,230363	1,418092
19,233141	1,433545
19,235919	1,438148
19,238696	1,426641
19,241474	1,411517
19,244252	1,414476
19,247030	1,430915
19,249807	1,450642
19,252585	1,454259
19,255363	1,442094
19,258141	1,423024
19,260918	1,424339
19,263696	1,435847
19,266474	1,458861
19,269252	1,463136
19,272029	1,451957
19,274807	1,437491
19,277585	1,437819
19,280363	1,452943
19,283140	1,468725
19,285918	1,474314
19,288696	1,459190
19,291474	1,449656
19,294251	1,448998
19,297029	1,463136
19,299807	1,482205
19,302585	1,488452
19,305362	1,472999
19,308140	1,461163
19,310918	1,462478
19,313696	1,478588
19,316473	1,498315
19,319251	1,499302
19,322029	1,484507
19,324807	1,469711
19,327585	1,471026
19,330362	1,484507
19,333140	1,506206
19,335918	1,511467
19,338696	1,501274
19,341473	1,483520
19,344251	1,483191
19,347029	1,496343
19,349806	1,515412
19,352584	1,519357
19,355362	1,505549
19,358140	1,493055
19,360917	1,489109
19,363695	1,507850
19,366473	1,523303
19,369251	1,531522
19,372028	1,517385
19,374806	1,504233
19,377584	1,500617
19,380362	1,517385
19,383139	1,532838
19,385917	1,540071
19,388695	1,526919
19,391473	1,509823
19,394250	1,508179
19,397028	1,520673
19,399806	1,542372
19,402584	1,545002
19,405361	1,537440
19,408139	1,518042
19,410917	1,521988
19,413695	1,532509
19,416472	1,551578
19,419250	1,555195
19,422028	1,544016
19,424806	1,527906
19,427583	1,529878
19,430361	1,544674
19,433139	1,561442
19,435917	1,569990
19,438695	1,554208
19,441472	1,540071
19,444250	1,535468
19,447028	1,549277
19,449806	1,563086
19,452583	1,570319
19,455361	1,553880
19,458139	1,541057
19,460916	1,539413
19,463694	1,553551
19,466472	1,572620
19,469250	1,578538
19,472027	1,566702
19,474805	1,547304
19,477583	1,546975
19,480361	1,555524
19,483138	1,578867
19,485916	1,581169
19,488694	1,571634
19,491472	1,558154
19,494249	1,558483
19,497027	1,571305
19,499805	1,589717
19,502583	1,592347
19,505360	1,577223
19,508138	1,564401
19,510916	1,561113
19,513694	1,575579
19,516471	1,590374
19,519249	1,595964
19,522027	1,579853
19,524805	1,569661
19,527582	1,567688
19,530360	1,583470
19,533138	1,597936
19,535916	1,603197
19,538693	1,592018
19,541471	1,574922
19,544249	1,572291
19,547027	1,587415
19,549805	1,608786
19,552582	1,612732
19,555360	1,602868
19,558138	1,583799
19,560916	1,583799
19,563693	1,594649
19,566471	1,611417
19,569249	1,613389
19,572026	1,600567
19,574804	1,581497
19,577582	1,579525
19,580360	1,594320
19,583137	1,608129
19,585915	1,614047
19,588693	1,601553
19,591471	1,588073
19,594248	1,585443
19,597026	1,602211
19,599804	1,614704
19,602582	1,620294
19,605359	1,602211
19,608137	1,587415
19,610915	1,586429
19,613693	1,602539
19,616470	1,621609
19,619248	1,624897
19,622026	1,613389
19,624804	1,596621
19,627581	1,598923
19,630359	1,607142
19,633137	1,624568
19,635915	1,626541
19,638692	1,613060
19,641470	1,596621
19,644248	1,598594
19,647026	1,608786
19,649803	1,625883
19,652581	1,628184
19,655359	1,615362
19,658137	1,603855
19,660915	1,601882
19,663692	1,615362
19,666470	1,632130
19,669248	1,636404
19,672026	1,622266
19,674803	1,606814
19,677581	1,600895
19,680359	1,616019
19,683136	1,635418
19,685914	1,642651
19,688692	1,631801
19,691470	1,616019
19,694247	1,613389
19,697025	1,621609
19,699803	1,638705
19,702581	1,641007
19,705358	1,631143
19,708136	1,614704
19,710914	1,617335
19,713692	1,630486
19,716469	1,646596
19,719247	1,648898
19,722025	1,634431
19,724803	1,617335
19,727580	1,616348
19,730358	1,629500
19,733136	1,647583
19,735914	1,652514
19,738691	1,637390
19,741469	1,620951
19,744247	1,619965
19,747025	1,636075
19,749802	1,651857
19,752580	1,655473
19,755358	1,638377
19,758136	1,623581
19,760913	1,619636
19,763691	1,628842
19,766469	1,647254
19,769247	1,654816
19,772025	1,644295
19,774802	1,627198
19,777580	1,626541
19,780358	1,635746
19,783136	1,651199
19,785913	1,655473
19,788691	1,642322
19,791469	1,627856
19,794246	1,626869
19,797024	1,642651
19,799802	1,688023
19,802580	1,735039
19,805357	1,771205
19,808135	1,806385
19,810913	1,847811
19,813691	1,890553
19,816468	1,927048
19,819246	1,942829
19,822024	1,937569
19,824802	1,929020
19,827579	1,928692
19,830357	1,939213
19,833135	1,948090
19,835913	1,940528
19,838690	1,908307
19,841468	1,865565
19,844246	1,830057
19,847024	1,806713
19,849801	1,786658
19,852579	1,749176
19,855357	1,699530
19,858135	1,647911
19,860912	1,617663
19,863690	1,608457
19,866468	1,612074
19,869246	1,604183
19,872023	1,584128
19,874801	1,565387
19,877579	1,562428
19,880357	1,572949
19,883134	1,588402
19,885912	1,593991
19,888690	1,580840
19,891468	1,567688
19,894246	1,565716
19,897023	1,579525
19,899801	1,597936
19,902579	1,603855
19,905356	1,591361
19,908134	1,572291
19,910912	1,568346
19,913690	1,577881
19,916467	1,594977
19,919245	1,602211
19,922023	1,591690
19,924801	1,571963
19,927578	1,558483
19,930356	1,549277
19,933134	1,536454
19,935912	1,523632
19,938689	1,529221
19,941467	1,595306
19,944245	1,776465
19,947023	2,062835
19,949800	2,427126
19,952578	2,837447
19,955356	3,181026
19,958134	3,198122
19,960911	3,200424
19,963689	3,202068
19,966467	3,201081
19,969245	3,198451
19,972022	3,158011
19,974800	2,784513
19,977578	2,183170
19,980356	1,615033
19,983133	1,225097
19,985911	1,031773
19,988689	0,995936
19,991467	1,056761
19,994244	1,163615
19,997022	1,276716
19,999800	1,375022
20,002578	1,437162
20,005356	1,458204
20,008133	1,460505
20,010911	1,457875
20,013689	1,470698
20,016466	1,487137
20,019244	1,495028
20,022022	1,485493
20,024800	1,475629
20,027577	1,475629
20,030355	1,493712
20,033133	1,514426
20,035911	1,520673
20,038688	1,508179
20,041466	1,492726
20,044244	1,495028
20,047022	1,514754
20,049799	1,540400
20,052577	1,550921
20,055355	1,550921
20,058133	1,545002
20,060910	1,551907
20,063688	1,568346
20,066466	1,593005
20,069244	1,605498
20,072021	1,602868
20,074799	1,595964
20,077577	1,604512
20,080355	1,630815
20,083132	1,655473
20,085910	1,668625
20,088688	1,665994
20,091466	1,657446
20,094243	1,664351
20,097021	1,679803
20,099799	1,700517
20,102577	1,711366
20,105354	1,700845
20,108132	1,689996
20,110910	1,691311
20,113688	1,705120
20,116466	1,727806
20,119243	1,741286
20,122021	1,749834
20,124799	1,760684
20,127576	1,789617
20,130354	1,828413
20,133132	1,866881
20,135910	1,885621
20,138687	1,889567
20,141465	1,890224
20,144243	1,905677
20,147021	1,934939
20,149798	1,962556
20,152576	1,968803
20,155354	1,954666
20,158132	1,934281
20,160909	1,922774
20,163687	1,917513
20,166465	1,915540
20,169243	1,899430
20,172020	1,860305
20,174798	1,815590
20,177576	1,779753
20,180354	1,758054
20,183131	1,734710
20,185909	1,697558
20,188687	1,634431
20,191465	1,565716
20,194242	1,514426
20,197020	1,480561
20,199798	1,465766
20,202576	1,438806
20,205353	1,411846
20,208131	1,385214
20,210909	1,381926
20,213687	1,397708
20,216464	1,423682
20,219242	1,431244
20,222020	1,422695
20,224798	1,407900
20,227576	1,405270
20,230353	1,420723
20,233131	1,438148
20,235909	1,446039
20,238687	1,432230
20,241464	1,419736
20,244242	1,415791
20,247020	1,430915
20,249797	1,447683
20,252575	1,456889
20,255353	1,445710
20,258131	1,431573
20,260908	1,432559
20,263686	1,446368
20,266464	1,466423
20,269242	1,471026
20,272019	1,462149
20,274797	1,444724
20,277575	1,445710
20,280353	1,455902
20,283130	1,476945
20,285908	1,481876
20,288686	1,470698
20,291464	1,454259
20,294241	1,452615
20,297019	1,463136
20,299797	1,480561
20,302575	1,490425
20,305352	1,476616
20,308130	1,463793
20,310908	1,465437
20,313686	1,480232
20,316463	1,497658
20,319241	1,505549
20,322019	1,493055
20,324797	1,481876
20,327574	1,478260
20,330352	1,489438
20,333130	1,508508
20,335908	1,515083
20,338686	1,501603
20,341463	1,486808
20,344241	1,485822
20,347019	1,493384
20,349797	1,515741
20,352574	1,520673
20,355352	1,514754
20,358130	1,499302
20,360907	1,500288
20,363685	1,510809
20,366463	1,530207
20,369241	1,533166
20,372018	1,521001
20,374796	1,506206
20,377574	1,502590
20,380352	1,516070
20,383129	1,531522
20,385907	1,538756
20,388685	1,526919
20,391463	1,514426
20,394240	1,509823
20,397018	1,526591
20,399796	1,544345
20,402574	1,552564
20,405351	1,539084
20,408129	1,522645
20,410907	1,519029
20,413685	1,529878
20,416462	1,548290
20,419240	1,551578
20,422018	1,543030
20,424796	1,528563
20,427573	1,531522
20,430351	1,542372
20,433129	1,559140
20,435907	1,561442
20,438684	1,547962
20,441462	1,531194
20,444240	1,529221
20,447018	1,542043
20,449796	1,558154
20,452573	1,567688
20,455351	1,557496
20,458129	1,544674
20,460907	1,542372
20,463684	1,555524
20,466462	1,569990
20,469240	1,577881
20,472017	1,566045
20,474795	1,552564
20,477573	1,551907
20,480351	1,564401
20,483128	1,580840
20,485906	1,585443
20,488684	1,573607
20,491462	1,555195
20,494239	1,553551
20,497017	1,563414
20,499795	1,583141
20,502573	1,588731
20,505350	1,578210
20,508128	1,559469
20,510906	1,557496
20,513684	1,569990
20,516461	1,593005
20,519239	1,600895
20,522017	1,587087
20,524795	1,573607
20,527572	1,568675
20,530350	1,577552
20,533128	1,592676
20,535906	1,598923
20,538683	1,584128
20,541461	1,572949
20,544239	1,571305
20,547017	1,586100
20,549794	1,602868
20,552572	1,610101
20,555350	1,597279
20,558128	1,578867
20,560906	1,574593
20,563683	1,588073
20,566461	1,606156
20,569239	1,609773
20,572017	1,601553
20,574794	1,583799
20,577572	1,579525
20,580350	1,591361
20,583127	1,610101
20,585905	1,617663
20,588683	1,607800
20,591461	1,592347
20,594238	1,588731
20,597016	1,599580
20,599794	1,614047
20,602572	1,622266
20,605349	1,611745
20,608127	1,595635
20,610905	1,594320
20,613683	1,604841
20,616460	1,620951
20,619238	1,626869
20,622016	1,610430
20,624794	1,593333
20,627571	1,592018
20,630349	1,605498
20,633127	1,623581
20,635905	1,630486
20,638682	1,619307
20,641460	1,603526
20,644238	1,602211
20,647016	1,611745
20,649793	1,629828
20,652571	1,636733
20,655349	1,620951
20,658127	1,604841
20,660904	1,602211
20,663682	1,615033
20,666460	1,635089
20,669238	1,643637
20,672015	1,633116
20,674793	1,618321
20,677571	1,614704
20,680349	1,625225
20,683127	1,638048
20,685904	1,641336
20,688682	1,625883
20,691460	1,610101
20,694237	1,607800
20,697015	1,618979
20,699793	1,637719
20,702571	1,642651
20,705348	1,632459
20,708126	1,617663
20,710904	1,614704
20,713682	1,623253
20,716459	1,643308
20,719237	1,649227
20,722015	1,639034
20,724793	1,622924
20,727570	1,617006
20,730348	1,628842
20,733126	1,646267
20,735904	1,652186
20,738681	1,640021
20,741459	1,622595
20,744237	1,616348
20,747015	1,626212
20,749792	1,642980
20,752570	1,648898
20,755348	1,637062
20,758126	1,621280
20,760903	1,621938
20,763681	1,635089
20,766459	1,652843
20,769237	1,659419
20,772014	1,648240
20,774792	1,630486
20,777570	1,627198
20,780348	1,634431
20,783125	1,650870
20,785903	1,655802
20,788681	1,644295
20,791459	1,633445
20,794237	1,656789
20,797014	1,707421
20,799792	1,773835
20,802570	1,831372
20,805347	1,860962
20,808125	1,876415
20,810903	1,892526
20,813681	1,916198
20,816458	1,941514
20,819236	1,956638
20,822014	1,948747
20,824792	1,931651
20,827569	1,921787
20,830347	1,919486
20,833125	1,918171
20,835903	1,897457
20,838680	1,851428
20,841458	1,801453
20,844236	1,761341
20,847014	1,735039
20,849791	1,715312
20,852569	1,685721
20,855347	1,645610
20,858125	1,607471
20,860902	1,588402
20,863680	1,585443
20,866458	1,596950
20,869236	1,600238
20,872013	1,585771
20,874791	1,570319
20,877569	1,564729
20,880347	1,577881
20,883124	1,593005
20,885902	1,597936
20,888680	1,586429
20,891458	1,574593
20,894235	1,569661
20,897013	1,578867
20,899791	1,592018
20,902569	1,597936
20,905347	1,587415
20,908124	1,571305
20,910902	1,570648
20,913680	1,584456
20,916457	1,604512
20,919235	1,607471
20,922013	1,585443
20,924791	1,541057
20,927568	1,509823
20,930346	1,498644
20,933124	1,532509
20,935902	1,610430
20,938679	1,771534
20,941457	2,017134
20,944235	2,359068
20,947013	2,775965
20,949790	3,169189
20,952568	3,198780
20,955346	3,202725
20,958124	3,201739
20,960901	3,202068
20,963679	3,197136
20,966457	3,175765
20,969235	2,864408
20,972012	2,266023
20,974790	1,665666
20,977568	1,231344
20,980346	1,022239
20,983123	1,001196
20,985901	1,078132
20,988679	1,175122
20,991457	1,259948
20,994234	1,340500
20,997012	1,409215
20,999790	1,467410
21,002568	1,487794
21,005345	1,479575
21,008123	1,461492
21,010901	1,457875
21,013679	1,466752
21,016457	1,487137
21,019234	1,500288
21,022012	1,494041
21,024790	1,483520
21,027567	1,484507
21,030345	1,500946
21,033123	1,520344
21,035901	1,527248
21,038678	1,516727
21,041456	1,509494
21,044234	1,511795
21,047012	1,532509
21,049789	1,558154
21,052567	1,573935
21,055345	1,569661
21,058123	1,560126
21,060900	1,562757
21,063678	1,583799
21,066456	1,611417
21,069234	1,623910
21,072011	1,626212
21,074789	1,618979
21,077567	1,624568
21,080345	1,642980
21,083122	1,668625
21,085900	1,681118
21,088678	1,676844
21,091456	1,662707
21,094233	1,662378
21,097011	1,678159
21,099789	1,698544
21,102567	1,709065
21,105344	1,704133
21,108122	1,694270
21,110900	1,698215
21,113678	1,717285
21,116455	1,750820
21,119233	1,782055
21,122011	1,802110
21,124789	1,814933
21,127567	1,831043
21,130344	1,856031
21,133122	1,886608
21,135900	1,910937
21,138677	1,919815
21,141455	1,922445
21,144233	1,930664
21,147011	1,945131
21,149788	1,962228
21,152566	1,963871
21,155344	1,940857
21,158122	1,906334
21,160899	1,884635
21,163677	1,876086
21,166455	1,871812
21,169233	1,851428
21,172010	1,807042
21,174788	1,753451
21,177566	1,710380
21,180344	1,677502
21,183121	1,643966
21,185899	1,601553
21,188677	1,539742
21,191455	1,482863
21,194232	1,441436
21,197010	1,420723
21,199788	1,417435
21,202566	1,414147
21,205343	1,400996
21,208121	1,388502
21,210899	1,390146
21,213677	1,401982
21,216454	1,426312
21,219232	1,433874
21,222010	1,426641
21,224788	1,409215
21,227565	1,404941
21,230343	1,417764
21,233121	1,440121
21,235899	1,448340
21,238677	1,438806
21,241454	1,423353
21,244232	1,422367
21,247010	1,435189
21,249788	1,452615
21,252565	1,459190
21,255343	1,448669
21,258121	1,435189
21,260898	1,432230
21,263676	1,448340
21,266454	1,466423
21,269232	1,477931
21,272009	1,468725
21,274787	1,454259
21,277565	1,451299
21,280343	1,461163
21,283120	1,477273
21,285898	1,483849
21,288676	1,476616
21,291454	1,459190
21,294231	1,459848
21,297009	1,472013
21,299787	1,489767
21,302565	1,496343
21,305342	1,487137
21,308120	1,471355
21,310898	1,470369
21,313676	1,483520
21,316453	1,502261
21,319231	1,511467
21,322009	1,498973
21,324787	1,482534
21,327564	1,478917
21,330342	1,489767
21,333120	1,506535
21,335898	1,515741
21,338675	1,503905
21,341453	1,489438
21,344231	1,485164
21,347009	1,497658
21,349787	1,516398
21,352564	1,525933
21,355342	1,514097
21,358120	1,497658
21,360898	1,493712
21,363675	1,504562
21,366453	1,524289
21,369231	1,530536
21,372008	1,521988
21,374786	1,507850
21,377564	1,504891
21,380342	1,516727
21,383119	1,534481
21,385897	1,540400
21,388675	1,529878
21,391453	1,519029
21,394230	1,516070
21,397008	1,527248
21,399786	1,545989
21,402564	1,550263
21,405341	1,537112
21,408119	1,521001
21,410897	1,517385
21,413675	1,532509
21,416452	1,552236
21,419230	1,559469
21,422008	1,550263
21,424786	1,530865
21,427563	1,528235
21,430341	1,539742
21,433119	1,559140
21,435897	1,567031
21,438674	1,560126
21,441452	1,545331
21,444230	1,543359
21,447008	1,555524
21,449785	1,572291
21,452563	1,580840
21,455341	1,569990
21,458119	1,552893
21,460896	1,545989
21,463674	1,555524
21,466452	1,572620
21,469230	1,582155
21,472008	1,573278
21,474785	1,557825
21,477563	1,553551
21,480341	1,564072
21,483118	1,579196
21,485896	1,585771
21,488674	1,573607
21,491452	1,554866
21,494229	1,553551
21,497007	1,564729
21,499785	1,586100
21,502563	1,593005
21,505340	1,584128
21,508118	1,569332
21,510896	1,565716
21,513674	1,573607
21,516451	1,591361
21,519229	1,599580
21,522007	1,587087
21,524785	1,573607
21,527562	1,570648
21,530340	1,584128
21,533118	1,601882
21,535896	1,609444
21,538673	1,595964
21,541451	1,579853
21,544229	1,573607
21,547007	1,580511
21,549784	1,598265
21,552562	1,605498
21,555340	1,595635
21,558118	1,579853
21,560895	1,579525
21,563673	1,589388
21,566451	1,607800
21,569229	1,613060
21,572007	1,603526
21,574784	1,586758
21,577562	1,584128
21,580340	1,593005
21,583118	1,613389
21,585895	1,619965
21,588673	1,612403
21,591451	1,597608
21,594228	1,592676
21,597006	1,604841
21,599784	1,619636
21,602562	1,625225
21,605339	1,610759
21,608117	1,593991
21,610895	1,590046
21,613673	1,604841
21,616450	1,619965
21,619228	1,629828
21,622006	1,620622
21,624784	1,603197
21,627561	1,599580
21,630339	1,610759
21,633117	1,626212
21,635895	1,633116
21,638672	1,621938
21,641450	1,603526
21,644228	1,601553
21,647006	1,610101
21,649783	1,628842
21,652561	1,639034
21,655339	1,628513
21,658117	1,608129
21,660894	1,603197
21,663672	1,611417
21,666450	1,628842
21,669228	1,639363
21,672005	1,628842
21,674783	1,613389
21,677561	1,607142
21,680339	1,617335
21,683116	1,633116
21,685894	1,642322
21,688672	1,628842
21,691450	1,615362
21,694228	1,609773
21,697005	1,617663
21,699783	1,635418
21,702561	1,644952
21,705338	1,633774
21,708116	1,617992
21,710894	1,613389
21,713672	1,622924
21,716449	1,643637
21,719227	1,649227
21,722005	1,637390
21,724783	1,618321
21,727560	1,616019
21,730338	1,623581
21,733116	1,642651
21,735894	1,648569
21,738671	1,636075
21,741449	1,621609
21,744227	1,616677
21,747005	1,628184
21,749782	1,642651
21,752560	1,649884
21,755338	1,637390
21,758116	1,623581
21,760893	1,619636
21,763671	1,633774
21,766449	1,648569
21,769227	1,654487
21,772004	1,643308
21,774782	1,625883
21,777560	1,621280
21,780338	1,632459
21,783115	1,647911
21,785893	1,658104
21,788671	1,672570
21,791449	1,693612
21,794226	1,737998
21,797004	1,800466
21,799782	1,863922
21,802560	1,903375
21,805338	1,912253
21,808115	1,905677
21,810893	1,911595
21,813671	1,929020
21,816448	1,950391
21,819226	1,956638
21,822004	1,941514
21,824782	1,912581
21,827559	1,890882
21,830337	1,874114
21,833115	1,858990
21,835893	1,832687
21,838670	1,788302
21,841448	1,736354
21,844226	1,694270
21,847004	1,666652
21,849781	1,650870
21,852559	1,634760
21,855337	1,606485
21,858115	1,580182
21,860892	1,570976
21,863670	1,574922
21,866448	1,593005
21,869226	1,595635
21,872003	1,583141
21,874781	1,563086
21,877559	1,559798
21,880337	1,569332
21,883114	1,590703
21,885892	1,598594
21,888670	1,589717
21,891448	1,574264
21,894225	1,569004
21,897003	1,580511
21,899781	1,598594
21,902559	1,607800
21,905336	1,592018
21,908114	1,575908
21,910892	1,569990
21,913670	1,580182
21,916448	1,586758
21,919225	1,572291
21,922003	1,530536
21,924781	1,492068
21,927558	1,497000
21,930336	1,578538
21,933114	1,762328
21,935892	2,020422
21,938669	2,347561
21,941447	2,732894
21,944225	3,112968
21,947003	3,198451
21,949780	3,201410
21,952558	3,201410
21,955336	3,200753
21,958114	3,196807
21,960891	3,177409
21,963669	2,880518
21,966447	2,311066
21,969225	1,731751
21,972002	1,273428
21,974780	1,026184
21,977558	0,970291
21,980336	1,042623
21,983113	1,163944
21,985891	1,280333
21,988669	1,355295
21,991447	1,402311
21,994224	1,436504
21,997002	1,463136
21,999780	1,484835
22,002558	1,493712
22,005335	1,482534
22,008113	1,464780
22,010891	1,466095
22,013669	1,480232
22,016446	1,501274
22,019224	1,510809
22,022002	1,506864
22,024780	1,494370
22,027558	1,492397
22,030335	1,501274
22,033113	1,521330
22,035891	1,533166
22,038668	1,528563
22,041446	1,520673
22,044224	1,522645
22,047002	1,544674
22,049779	1,573935
22,052557	1,592347
22,055335	1,588073
22,058113	1,580511
22,060890	1,585114
22,063668	1,605827
22,066446	1,634760
22,069224	1,651528
22,072001	1,646925
22,074779	1,636404
22,077557	1,638048
22,080335	1,654816
22,083112	1,679146
22,085890	1,692955
22,088668	1,688680
22,091446	1,677502
22,094223	1,676515
22,097001	1,691311
22,099779	1,713339
22,102557	1,724189
22,105334	1,716956
22,108112	1,708736
22,110890	1,720244
22,113668	1,754108
22,116445	1,802110
22,119223	1,838276
22,122001	1,850770
22,124779	1,850441
22,127556	1,860962
22,130334	1,888909
22,133112	1,924746
22,135890	1,951378
22,138667	1,953679
22,141445	1,944144
22,144223	1,942501
22,147001	1,950720
22,149779	1,955981
22,152556	1,947432
22,155334	1,917184
22,158112	1,879046
22,160889	1,851099
22,163667	1,833016
22,166445	1,818221
22,169223	1,791261
22,172000	1,743916
22,174778	1,685064
22,177556	1,630157
22,180334	1,586758
22,183111	1,552564
22,185889	1,517056
22,188667	1,468067
22,191445	1,420065
22,194222	1,392119
22,197000	1,391132
22,199778	1,408229
22,202556	1,421709
22,205333	1,418421
22,208111	1,406914
22,210889	1,403297
22,213667	1,411846
22,216444	1,430257
22,219222	1,440121
22,222000	1,432230
22,224778	1,418092
22,227555	1,413818
22,230333	1,423353
22,233111	1,444395
22,235889	1,453272
22,238666	1,444066
22,241444	1,431244
22,244222	1,424997
22,247000	1,437819
22,249778	1,457218
22,252555	1,467739
22,255333	1,457875
22,258111	1,444724
22,260889	1,439463
22,263666	1,451957
22,266444	1,470369
22,269222	1,476287
22,271999	1,473985
22,274777	1,459519
22,277555	1,456231
22,280333	1,465766
22,283110	1,484178
22,285888	1,488452
22,288666	1,482534
22,291444	1,463464
22,294221	1,460177
22,296999	1,470040
22,299777	1,488123
22,302555	1,499302
22,305332	1,494370
22,308110	1,477602
22,310888	1,472670
22,313666	1,482205
22,316443	1,499302
22,319221	1,508836
22,321999	1,499630
22,324777	1,488123
22,327554	1,482863
22,330332	1,494370
22,333110	1,508508
22,335888	1,519357
22,338665	1,509165
22,341443	1,493712
22,344221	1,489438
22,346999	1,497987
22,349776	1,517714
22,352554	1,528892
22,355332	1,523303
22,358110	1,507192
22,360887	1,505877
22,363665	1,513111
22,366443	1,530207
22,369221	1,538098
22,371999	1,528235
22,374776	1,509823
22,377554	1,502918
22,380332	1,515083
22,383109	1,537769
22,385887	1,546318
22,388665	1,537112
22,391443	1,522316
22,394220	1,515083
22,396998	1,527906
22,399776	1,545989
22,402554	1,554537
22,405331	1,543030
22,408109	1,528892
22,410887	1,519686
22,413665	1,530207
22,416442	1,548948
22,419220	1,559469
22,421998	1,549934
22,424776	1,535468
22,427553	1,530536
22,430331	1,541057
22,433109	1,562428
22,435887	1,567688
22,438664	1,558483
22,441442	1,539084
22,444220	1,536125
22,446998	1,544674
22,449775	1,564729
22,452553	1,574593
22,455331	1,568675
22,458109	1,550592
22,460886	1,545331
22,463664	1,555195
22,466442	1,571634
22,469220	1,584128
22,471997	1,575250
22,474775	1,560784
22,477553	1,553222
22,480331	1,564401
22,483109	1,577881
22,485886	1,592347
22,488664	1,582812
22,491442	1,566702
22,494219	1,562099
22,496997	1,570319
22,499775	1,586429
22,502553	1,595635
22,505330	1,586100
22,508108	1,569661
22,510886	1,566702
22,513664	1,573607
22,516441	1,592676
22,519219	1,598594
22,521997	1,592676
22,524775	1,576566
22,527552	1,575250
22,530330	1,583799
22,533108	1,602539
22,535886	1,611745
22,538663	1,600895
22,541441	1,586429
22,544219	1,580511
22,546997	1,593005
22,549774	1,609444
22,552552	1,619965
22,555330	1,605170
22,558108	1,589717
22,560885	1,581826
22,563663	1,591361
22,566441	1,606485
22,569219	1,617006
22,571996	1,608129
22,574774	1,594320
22,577552	1,590046
22,580330	1,596950
22,583107	1,616019
22,585885	1,622266
22,588663	1,613389
22,591441	1,593333
22,594219	1,589388
22,596996	1,597279
22,599774	1,617006
22,602552	1,623910
22,605329	1,616348
22,608107	1,601224
22,610885	1,596621
22,613663	1,606814
22,616440	1,620622
22,619218	1,628513
22,621996	1,616677
22,624774	1,602539
22,627551	1,594977
22,630329	1,607142
22,633107	1,624568
22,635885	1,635089
22,638662	1,626541
22,641440	1,610430
22,644218	1,607142
22,646996	1,617663
22,649773	1,632787
22,652551	1,639692
22,655329	1,628513
22,658107	1,610101
22,660884	1,608129
22,663662	1,616677
22,666440	1,636075
22,669218	1,641007
22,671995	1,633445
22,674773	1,615033
22,677551	1,610430
22,680329	1,618650
22,683106	1,635746
22,685884	1,642651
22,688662	1,630815
22,691440	1,612732
22,694217	1,605827
22,696995	1,617006
22,699773	1,636733
22,702551	1,647911
22,705329	1,639034
22,708106	1,624239
22,710884	1,618650
22,713662	1,626212
22,716439	1,642651
22,719217	1,652514
22,721995	1,641665
22,724773	1,624568
22,727550	1,616019
22,730328	1,623581
22,733106	1,641336
22,735884	1,647583
22,738661	1,636733
22,741439	1,619636
22,744217	1,617663
22,746995	1,625883
22,749772	1,645939
22,752550	1,653501
22,755328	1,642980
22,758106	1,626541
22,760883	1,621280
22,763661	1,630815
22,766439	1,650213
22,769217	1,660076
22,771994	1,650213
22,774772	1,631801
22,777550	1,622266
22,780328	1,631143
22,783105	1,669282
22,785883	1,717285
22,788661	1,756081
22,791439	1,790603
22,794216	1,830714
22,796994	1,875429
22,799772	1,916856
22,802550	1,940528
22,805327	1,940528
22,808105	1,930993
22,810883	1,928034
22,813661	1,934939
22,816439	1,945131
22,819216	1,942501
22,821994	1,917184
22,824772	1,875758
22,827549	1,839592
22,830327	1,813947
22,833105	1,795535
22,835883	1,768903
22,838660	1,723860
22,841438	1,670269
22,844216	1,630486
22,846994	1,615033
22,849771	1,615691
22,852549	1,616019
22,855327	1,598265
22,858105	1,578867
22,860882	1,569332
22,863660	1,574593
22,866438	1,590374
22,869216	1,598923
22,871993	1,588073
22,874771	1,571305
22,877549	1,567360
22,880327	1,576237
22,883104	1,595306
22,885882	1,605170
22,888660	1,597279
22,891438	1,577881
22,894215	1,569990
22,896993	1,578210
22,899771	1,596950
22,902549	1,606156
22,905326	1,595635
22,908104	1,583141
22,910882	1,566373
22,913660	1,551578
22,916437	1,537112
22,919215	1,521001
22,921993	1,515412
22,924771	1,561770
22,927549	1,710380
22,930326	1,960255
22,933104	2,313696
22,935882	2,719743
22,938659	3,098830
22,941437	3,196150
22,944215	3,199766
22,946993	3,201081
22,949770	3,201081
22,952548	3,199766
22,955326	3,186286
22,958104	2,921945
22,960881	2,355123
22,963659	1,766602
22,966437	1,313868
22,969215	1,068268
22,971992	0,992648
22,974770	1,033088
22,977548	1,132052
22,980326	1,249098
22,983103	1,354637
22,985881	1,429600
22,988659	1,459848
22,991437	1,461492
22,994214	1,455574
22,996992	1,463793
22,999770	1,477602
23,002548	1,487794
23,005325	1,485164
23,008103	1,474314
23,010881	1,473657
23,013659	1,485164
23,016436	1,505220
23,019214	1,519357
23,021992	1,516398
23,024770	1,498973
23,027547	1,493055
23,030325	1,505220
23,033103	1,528892
23,035881	1,548290
23,038659	1,546646
23,041436	1,539742
23,044214	1,543687
23,046992	1,560455
23,049770	1,584456
23,052547	1,604841
23,055325	1,601882
23,058103	1,594977
23,060880	1,597608
23,063658	1,615691
23,066436	1,641993
23,069214	1,662707
23,071991	1,663035
23,074769	1,652186
23,077547	1,651528
23,080325	1,662049
23,083102	1,684735
23,085880	1,698873
23,088658	1,696900
23,091436	1,685721
23,094213	1,682762
23,096991	1,696571
23,099769	1,719915
23,102547	1,736025
23,105324	1,742930
23,108102	1,750492
23,110880	1,776465
23,113658	1,814275
23,116435	1,855702
23,119213	1,881347
23,121991	1,885621
23,124769	1,885621
23,127546	1,898115
23,130324	1,924746
23,133102	1,952364
23,135880	1,966173
23,138657	1,958940
23,141435	1,941514
23,144213	1,923431
23,146991	1,916198
23,149769	1,912581
23,152546	1,903375
23,155324	1,874443
23,158102	1,832030
23,160880	1,793233
23,163657	1,764300
23,166435	1,742272
23,169213	1,709723
23,171990	1,655145
23,174768	1,585771
23,177546	1,531851
23,180324	1,498973
23,183101	1,477273
23,185879	1,455574
23,188657	1,418750
23,191435	1,388831
23,194212	1,379625
23,196990	1,392776
23,199768	1,411846
23,202546	1,429600
23,205323	1,419736
23,208101	1,406914
23,210879	1,402311
23,213657	1,412832
23,216434	1,432559
23,219212	1,448340
23,221990	1,440121
23,224768	1,423353
23,227545	1,419079
23,230323	1,427956
23,233101	1,448998
23,235879	1,457546
23,238656	1,448998
23,241434	1,429929
23,244212	1,429271
23,246990	1,437162
23,249767	1,459190
23,252545	1,470040
23,255323	1,462807
23,258101	1,449656
23,260879	1,444395
23,263656	1,452615
23,266434	1,469054
23,269212	1,480890
23,271990	1,471684
23,274767	1,461492
23,277545	1,453601
23,280323	1,464780
23,283100	1,481876
23,285878	1,492397
23,288656	1,482534
23,291434	1,465766
23,294211	1,460177
23,296989	1,472670
23,299767	1,494370
23,302545	1,504233
23,305322	1,498644
23,308100	1,479246
23,310878	1,474314
23,313656	1,482534
23,316433	1,500617
23,319211	1,510152
23,321989	1,505877
23,324767	1,487794
23,327544	1,483520
23,330322	1,492068
23,333100	1,509823
23,335878	1,520015
23,338655	1,512782
23,341433	1,496343
23,344211	1,488781
23,346989	1,500946
23,349766	1,519357
23,352544	1,533824
23,355322	1,524289
23,358100	1,510480
23,360877	1,505549
23,363655	1,515412
23,366433	1,531851
23,369211	1,540728
23,371988	1,532838
23,374766	1,517056
23,377544	1,512453
23,380322	1,520015
23,383100	1,540071
23,385877	1,550592
23,388655	1,542372
23,391433	1,525276
23,394210	1,518700
23,396988	1,526919
23,399766	1,544016
23,402544	1,554208
23,405321	1,546318
23,408099	1,534481
23,410877	1,528892
23,413655	1,539084
23,416432	1,556839
23,419210	1,566045
23,421988	1,555524
23,424766	1,542372
23,427543	1,533824
23,430321	1,544016
23,433099	1,561770
23,435877	1,574593
23,438654	1,565058
23,441432	1,550263
23,444210	1,544016
23,446988	1,552893
23,449765	1,568346
23,452543	1,576894
23,455321	1,572291
23,458099	1,554537
23,460876	1,545660
23,463654	1,552893
23,466432	1,571963
23,469210	1,581169
23,471987	1,576237
23,474765	1,562757
23,477543	1,558483
23,480321	1,567688
23,483098	1,584456
23,485876	1,593662
23,488654	1,584128
23,491432	1,566045
23,494210	1,557825
23,496987	1,568346
23,499765	1,582155
23,502543	1,594320
23,505320	1,587415
23,508098	1,573935
23,510876	1,568675
23,513654	1,577223
23,516431	1,591690
23,519209	1,599909
23,521987	1,593005
23,524765	1,575250
23,527542	1,569661
23,530320	1,580511
23,533098	1,600567
23,535876	1,613060
23,538653	1,607471
23,541431	1,588073
23,544209	1,581497
23,546987	1,585114
23,549764	1,600567
23,552542	1,610759
23,555320	1,602211
23,558098	1,587744
23,560875	1,582812
23,563653	1,591361
23,566431	1,609444
23,569209	1,621280
23,571986	1,611417
23,574764	1,597279
23,577542	1,589388
23,580320	1,594649
23,583097	1,612403
23,585875	1,623253
23,588653	1,614376
23,591431	1,597936
23,594208	1,591690
23,596986	1,601553
23,599764	1,618979
23,602542	1,628513
23,605320	1,622924
23,608097	1,606156
23,610875	1,598923
23,613653	1,605498
23,616430	1,623581
23,619208	1,632459
23,621986	1,625883
23,624764	1,608786
23,627541	1,602868
23,630319	1,610759
23,633097	1,628842
23,635875	1,639034
23,638652	1,632130
23,641430	1,617663
23,644208	1,608457
23,646986	1,615691
23,649763	1,630157
23,652541	1,640349
23,655319	1,634760
23,658097	1,616677
23,660874	1,610430
23,663652	1,617992
23,666430	1,633774
23,669208	1,643966
23,671985	1,636733
23,674763	1,619965
23,677541	1,612732
23,680319	1,619965
23,683096	1,635089
23,685874	1,646596
23,688652	1,638048
23,691430	1,619636
23,694207	1,610759
23,696985	1,617992
23,699763	1,634431
23,702541	1,646596
23,705318	1,638705
23,708096	1,625225
23,710874	1,616677
23,713652	1,624239
23,716430	1,641336
23,719207	1,652514
23,721985	1,646267
23,724763	1,629500
23,727540	1,622266
23,730318	1,627856
23,733096	1,643966
23,735874	1,653829
23,738651	1,645939
23,741429	1,630486
23,744207	1,622266
23,746985	1,628842
23,749762	1,646596
23,752540	1,654487
23,755318	1,646267
23,758096	1,629500
23,760873	1,620951
23,763651	1,628184
23,766429	1,643308
23,769207	1,651528
23,771984	1,643308
23,774762	1,628842
23,777540	1,640349
23,780318	1,684735
23,783095	1,748519
23,785873	1,812303
23,788651	1,850113
23,791429	1,868524
23,794206	1,883320
23,796984	1,905348
23,799762	1,932637
23,802540	1,952364
23,805317	1,948419
23,808095	1,930007
23,810873	1,915212
23,813651	1,909622
23,816428	1,910280
23,819206	1,898444
23,821984	1,862935
23,824762	1,814933
23,827540	1,771534
23,830317	1,741943
23,833095	1,720572
23,835873	1,690982
23,838650	1,652843
23,841428	1,614704
23,844206	1,588731
23,846984	1,585443
23,849761	1,591361
23,852539	1,599252
23,855317	1,588402
23,858095	1,569661
23,860872	1,560784
23,863650	1,567031
23,866428	1,580840
23,869206	1,590703
23,871983	1,585443
23,874761	1,569004
23,877539	1,564401
23,880317	1,568346
23,883094	1,584456
23,885872	1,593662
23,888650	1,588402
23,891428	1,571963
23,894205	1,569004
23,896983	1,577223
23,899761	1,594977
23,902539	1,605170
23,905316	1,587087
23,908094	1,550921
23,910872	1,512782
23,913650	1,496671
23,916427	1,512782
23,919205	1,580840
23,921983	1,716627
23,924761	1,929349
23,927538	2,250241
23,930316	2,649055
23,933094	3,058718
23,935872	3,197794
23,938649	3,200753
23,941427	3,202397
23,944205	3,203054
23,946983	3,199766
23,949760	3,188588
23,952538	2,971591
23,955316	2,418907
23,958094	1,807700
23,960871	1,320115
23,963649	1,056761
23,966427	0,997909
23,969205	1,052487
23,971982	1,151121
23,974760	1,237920
23,977538	1,317156
23,980316	1,390475
23,983093	1,449656
23,985871	1,483849
23,988649	1,483520
23,991427	1,468067
23,994204	1,457218
23,996982	1,468725
23,999760	1,483191
24,002538	1,500617
24,005315	1,496671
24,008093	1,486808
24,010871	1,481219
24,013649	1,491411
24,016426	1,509823
24,019204	1,521659
24,021982	1,519029
24,024760	1,507192
24,027537	1,507192
24,030315	1,520015
24,033093	1,548619
24,035871	1,570648
24,038648	1,576566
24,041426	1,567031
24,044204	1,568675
24,046982	1,583141
24,049759	1,608786
24,052537	1,627527
24,055315	1,630815
24,058093	1,625883
24,060871	1,625883
24,063648	1,641993
24,066426	1,665666
24,069204	1,683749
24,071981	1,682762
24,074759	1,673556
24,077537	1,669940
24,080315	1,682434
24,083092	1,702489
24,085870	1,717285
24,088648	1,713997
24,091426	1,703147
24,094203	1,700845
24,096981	1,716298
24,099759	1,747532
24,102537	1,779753
24,105314	1,800466
24,108092	1,812960
24,110870	1,826769
24,113648	1,850113
24,116425	1,882333
24,119203	1,909622
24,121981	1,922774
24,124759	1,925404
24,127536	1,931322
24,130314	1,943487
24,133092	1,961899
24,135870	1,970118
24,138647	1,953679
24,141425	1,919486
24,144203	1,891868
24,146981	1,880032
24,149758	1,873127
24,152536	1,860634
24,155314	1,823152
24,158092	1,773178
24,160869	1,729121
24,163647	1,693941
24,166425	1,661391
24,169203	1,622595
24,171981	1,566373
24,174758	1,499630
24,177536	1,453272
24,180314	1,425983
24,183091	1,419079
24,185869	1,415133
24,188647	1,408558
24,191425	1,393434
24,194202	1,393434
24,196980	1,406585
24,199758	1,426312
24,202536	1,437819
24,205313	1,432888
24,208091	1,415791
24,210869	1,407243
24,213647	1,417435
24,216424	1,435518
24,219202	1,450642
24,221980	1,441765
24,224758	1,428285
24,227535	1,422038
24,230313	1,430586
24,233091	1,446697
24,235869	1,458533
24,238646	1,450971
24,241424	1,437162
24,244202	1,435189
24,246980	1,447025
24,249757	1,467410
24,252535	1,478588
24,255313	1,471684
24,258091	1,454259
24,260868	1,448012
24,263646	1,453272
24,266424	1,474643
24,269202	1,487794
24,271979	1,481876
24,274757	1,465766
24,277535	1,457218
24,280313	1,464122
24,283091	1,480561
24,285868	1,491411
24,288646	1,484507
24,291424	1,473985
24,294201	1,466095
24,296979	1,474972
24,299757	1,491082
24,302535	1,502590
24,305312	1,497329
24,308090	1,482205
24,310868	1,474643
24,313646	1,485164
24,316423	1,504233
24,319201	1,515083
24,321979	1,510152
24,324757	1,492397
24,327534	1,487466
24,330312	1,495685
24,333090	1,517056
24,335868	1,530207
24,338645	1,526262
24,341423	1,507850
24,344201	1,499959
24,346979	1,508179
24,349756	1,524618
24,352534	1,536783
24,355312	1,529550
24,358090	1,510809
24,360867	1,503576
24,363645	1,514426
24,366423	1,534153
24,369201	1,550263
24,371978	1,543687
24,374756	1,524947
24,377534	1,514754
24,380312	1,522974
24,383089	1,539413
24,385867	1,553222
24,388645	1,550592
24,391423	1,535797
24,394201	1,529221
24,396978	1,535468
24,399756	1,551907
24,402534	1,564072
24,405311	1,555852
24,408089	1,538098
24,410867	1,529550
24,413645	1,535139
24,416422	1,552893
24,419200	1,565387
24,421978	1,555852
24,424756	1,541715
24,427533	1,535139
24,430311	1,544016
24,433089	1,561770
24,435867	1,574593
24,438644	1,567360
24,441422	1,550263
24,444200	1,541386
24,446978	1,548619
24,449755	1,568346
24,452533	1,582484
24,455311	1,575579
24,458089	1,559469
24,460866	1,550921
24,463644	1,558154
24,466422	1,577552
24,469200	1,587415
24,471977	1,578867
24,474755	1,562757
24,477533	1,553551
24,480311	1,561442
24,483088	1,579196
24,485866	1,593991
24,488644	1,588073
24,491422	1,576894
24,494199	1,566373
24,496977	1,572620
24,499755	1,584785
24,502533	1,594977
24,505311	1,587415
24,508088	1,571634
24,510866	1,567360
24,513644	1,577223
24,516421	1,593333
24,519199	1,605170
24,521977	1,600567
24,524755	1,581826
24,527532	1,575250
24,530310	1,580182
24,533088	1,595635
24,535866	1,607471
24,538643	1,603526
24,541421	1,588731
24,544199	1,584128
24,546977	1,593991
24,549754	1,610430
24,552532	1,624568
24,555310	1,619636
24,558088	1,601882
24,560865	1,591032
24,563643	1,597608
24,566421	1,612732
24,569199	1,626212
24,571976	1,616677
24,574754	1,601224
24,577532	1,592676
24,580310	1,598265
24,583087	1,615033
24,585865	1,627198
24,588643	1,620622
24,591421	1,603855
24,594198	1,595635
24,596976	1,599252
24,599754	1,617335
24,602532	1,628513
24,605309	1,621609
24,608087	1,604183
24,610865	1,597608
24,613643	1,600895
24,616421	1,620622
24,619198	1,629828
24,621976	1,623253
24,624754	1,607471
24,627531	1,597608
24,630309	1,605170
24,633087	1,623253
24,635865	1,637062
24,638642	1,630486
24,641420	1,615033
24,644198	1,603526
24,646976	1,612732
24,649753	1,629500
24,652531	1,639692
24,655309	1,630157
24,658087	1,613389
24,660864	1,604183
24,663642	1,612074
24,666420	1,630157
24,669198	1,639692
24,671975	1,634103
24,674753	1,615362
24,677531	1,608786
24,680309	1,614376
24,683086	1,631143
24,685864	1,640021
24,688642	1,635089
24,691420	1,617335
24,694197	1,610101
24,696975	1,617006
24,699753	1,632787
24,702531	1,645610
24,705308	1,640021
24,708086	1,624568
24,710864	1,615691
24,713642	1,623253
24,716419	1,638048
24,719197	1,650213
24,721975	1,640349
24,724753	1,624568
24,727531	1,612732
24,730308	1,620951
24,733086	1,639363
24,735864	1,653172
24,738641	1,646267
24,741419	1,630157
24,744197	1,621938
24,746975	1,626869
24,749752	1,643637
24,752530	1,656789
24,755308	1,653172
24,758086	1,635418
24,760863	1,628184
24,763641	1,631143
24,766419	1,647583
24,769197	1,658761
24,771974	1,669940
24,774752	1,689996
24,777530	1,728134
24,780308	1,784356
24,783085	1,846167
24,785863	1,890882
24,788641	1,906006
24,791419	1,905019
24,794196	1,906334
24,796974	1,922774
24,799752	1,946446
24,802530	1,961241
24,805307	1,949076
24,808085	1,921130
24,810863	1,894498
24,813641	1,879374
24,816418	1,866881
24,819196	1,843208
24,821974	1,799480
24,824752	1,748519
24,827529	1,703147
24,830307	1,671584
24,833085	1,656131
24,835863	1,641007
24,838640	1,620951
24,841418	1,591032
24,844196	1,572949
24,846974	1,573278
24,849751	1,589717
24,852529	1,598923
24,855307	1,589717
24,858085	1,573607
24,860862	1,563743
24,863640	1,573935
24,866418	1,588073
24,869196	1,601224
24,871973	1,592347
24,874751	1,577223
24,877529	1,566702
24,880307	1,574922
24,883084	1,590046
24,885862	1,602211
24,888640	1,597936
24,891418	1,582812
24,894195	1,576566
24,896973	1,581497
24,899751	1,592347
24,902529	1,581826
24,905306	1,543359
24,908084	1,497987
24,910862	1,486808
24,913640	1,544345
24,916417	1,696242
24,919195	1,928692
24,921973	2,247611
24,924751	2,613217
24,927528	3,000853
24,930306	3,196807
24,933084	3,201410
24,935862	3,202397
24,938639	3,202725
24,941417	3,199766
24,944195	3,190232
24,946973	3,007757
24,949750	2,495184
24,952528	1,899430
24,955306	1,386858
24,958084	1,078132
24,960862	0,967003
24,963639	1,010731
24,966417	1,125147
24,969195	1,244495
24,971972	1,337212
24,974750	1,391132
24,977528	1,430257
24,980306	1,457218
24,983083	1,481547
24,985861	1,488781
24,988639	1,483191
24,991417	1,467410
24,994194	1,459190
24,996972	1,471026
24,999750	1,493384
25,002528	1,509494
25,005305	1,512124
25,008083	1,502918
25,010861	1,496671
25,013639	1,507521
25,016416	1,521001
25,019194	1,535139
25,021972	1,533166
25,024750	1,522645
25,027527	1,522316
25,030305	1,540071
25,033083	1,565387
25,035861	1,585443
25,038638	1,587744
25,041416	1,580511
25,044194	1,583470
25,046972	1,597936
25,049749	1,623253
25,052527	1,643308
25,055305	1,645939
25,058083	1,634760
25,060860	1,636404
25,063638	1,650870
25,066416	1,673228
25,069194	1,691639
25,071972	1,690982
25,074749	1,681776
25,077527	1,677831
25,080305	1,688023
25,083082	1,707421
25,085860	1,721887
25,088638	1,718600
25,091416	1,708407
25,094193	1,711038
25,096971	1,740628
25,099749	1,789288
25,102527	1,833016
25,105304	1,852743
25,108082	1,856360
25,110860	1,862935
25,113638	1,883977
25,116415	1,919815
25,119193	1,948747
25,121971	1,956638
25,124749	1,948090
25,127526	1,940199
25,130304	1,944144
25,133082	1,951049
25,135860	1,951378
25,138637	1,928363
25,141415	1,891868
25,144193	1,859319
25,146971	1,839263
25,149748	1,824139
25,152526	1,799480
25,155304	1,757396
25,158082	1,697229
25,160859	1,639034
25,163637	1,596293
25,166415	1,564729
25,169193	1,532838
25,171970	1,487466
25,174748	1,434860
25,177526	1,397708
25,180304	1,387844
25,183082	1,400667
25,185859	1,416449
25,188637	1,419079
25,191415	1,407571
25,194192	1,401653
25,196970	1,413489
25,199748	1,430915
25,202526	1,442422
25,205303	1,435189
25,208081	1,417764
25,210859	1,407900
25,213637	1,415791
25,216414	1,432230
25,219192	1,446697
25,221970	1,444395
25,224748	1,430257
25,227525	1,422038
25,230303	1,432559
25,233081	1,450642
25,235859	1,467410
25,238636	1,463136
25,241414	1,445710
25,244192	1,436175
25,246970	1,439463
25,249747	1,458204
25,252525	1,472342
25,255303	1,472013
25,258081	1,458533
25,260858	1,453272
25,263636	1,458204
25,266414	1,476616
25,269192	1,488123
25,271969	1,483849
25,274747	1,468725
25,277525	1,457875
25,280303	1,463136
25,283080	1,480561
25,285858	1,498644
25,288636	1,494041
25,291414	1,482863
25,294192	1,472999
25,296969	1,479246
25,299747	1,496671
25,302525	1,509494
25,305302	1,502590
25,308080	1,491082
25,310858	1,485164
25,313636	1,492397
25,316413	1,510809
25,319191	1,521001
25,321969	1,517385
25,324747	1,501932
25,327524	1,493384
25,330302	1,495685
25,333080	1,513439
25,335858	1,522645
25,338635	1,521330
25,341413	1,506864
25,344191	1,502918
25,346969	1,511467
25,349746	1,530207
25,352524	1,544674
25,355302	1,544345
25,358080	1,530207
25,360857	1,518371
25,363635	1,525933
25,366413	1,537769
25,369191	1,549605
25,371968	1,543030
25,374746	1,528892
25,377524	1,519357
25,380302	1,527577
25,383079	1,542701
25,385857	1,559798
25,388635	1,556510
25,391413	1,541386
25,394190	1,532838
25,396968	1,536125
25,399746	1,550263
25,402524	1,561442
25,405302	1,559798
25,408079	1,542701
25,410857	1,541715
25,413635	1,548290
25,416412	1,565387
25,419190	1,576566
25,421968	1,567688
25,424746	1,549605
25,427523	1,539413
25,430301	1,546646
25,433079	1,563414
25,435857	1,580182
25,438634	1,572620
25,441412	1,559469
25,444190	1,549605
25,446968	1,554866
25,449745	1,570648
25,452523	1,586429
25,455301	1,579853
25,458079	1,563086
25,460856	1,555852
25,463634	1,561442
25,466412	1,578538
25,469190	1,591032
25,471967	1,585771
25,474745	1,569990
25,477523	1,564072
25,480301	1,568017
25,483078	1,585771
25,485856	1,596950
25,488634	1,594977
25,491412	1,579196
25,494189	1,568346
25,496967	1,573607
25,499745	1,589059
25,502523	1,601553
25,505300	1,597608
25,508078	1,583470
25,510856	1,570319
25,513634	1,578538
25,516412	1,592347
25,519189	1,604512
25,521967	1,599252
25,524745	1,586100
25,527522	1,577552
25,530300	1,584456
25,533078	1,598923
25,535856	1,609444
25,538633	1,604512
25,541411	1,588073
25,544189	1,579853
25,546967	1,586429
25,549744	1,605170
25,552522	1,616677
25,555300	1,615362
25,558078	1,598265
25,560855	1,591361
25,563633	1,596621
25,566411	1,613718
25,569189	1,625554
25,571966	1,621938
25,574744	1,603526
25,577522	1,592676
25,580300	1,596950
25,583077	1,611745
25,585855	1,628842
25,588633	1,622266
25,591411	1,607142
25,594188	1,598265
25,596966	1,606814
25,599744	1,622924
25,602522	1,639692
25,605299	1,632459
25,608077	1,613060
25,610855	1,600238
25,613633	1,603197
25,616410	1,621609
25,619188	1,633116
25,621966	1,627527
25,624744	1,611745
25,627522	1,603855
25,630299	1,607800
25,633077	1,624897
25,635855	1,638048
25,638632	1,636075
25,641410	1,620622
25,644188	1,607142
25,646966	1,609444
25,649743	1,623581
25,652521	1,637719
25,655299	1,633445
25,658077	1,621280
25,660854	1,609773
25,663632	1,616677
25,666410	1,630815
25,669188	1,644624
25,671965	1,638377
25,674743	1,623253
25,677521	1,609115
25,680299	1,616019
25,683076	1,632787
25,685854	1,644952
25,688632	1,641993
25,691410	1,625225
25,694187	1,616019
25,696965	1,618650
25,699743	1,634760
25,702521	1,645939
25,705298	1,641993
25,708076	1,623910
25,710854	1,616019
25,713632	1,620951
25,716409	1,638048
25,719187	1,650213
25,721965	1,645281
25,724743	1,627198
25,727520	1,616677
25,730298	1,621938
25,733076	1,636075
25,735854	1,650542
25,738631	1,646925
25,741409	1,631143
25,744187	1,623253
25,746965	1,629828
25,749742	1,642322
25,752520	1,655473
25,755298	1,650213
25,758076	1,632459
25,760853	1,624568
25,763631	1,630486
25,766409	1,663035
25,769187	1,705448
25,771964	1,747861
25,774742	1,784027
25,777520	1,821509
25,780298	1,861291
25,783075	1,901074
25,785853	1,929678
25,788631	1,937240
25,791409	1,928363
25,794186	1,923760
25,796964	1,929678
25,799742	1,938226
25,802520	1,936911
25,805297	1,916198
25,808075	1,878388
25,810853	1,841236
25,813631	1,813947
25,816408	1,796850
25,819186	1,774493
25,821964	1,731093
25,824742	1,675200
25,827519	1,630157
25,830297	1,610430
25,833075	1,613060
25,835853	1,614047
25,838630	1,598594
25,841408	1,575908
25,844186	1,563743
25,846964	1,566373
25,849741	1,582812
25,852519	1,595964
25,855297	1,594320
25,858075	1,577552
25,860852	1,568017
25,863630	1,572620
25,866408	1,588073
25,869186	1,600895
25,871963	1,599580
25,874741	1,585771
25,877519	1,574593
25,880297	1,578867
25,883074	1,590703
25,885852	1,601882
25,888630	1,600238
25,891408	1,585114
25,894185	1,570648
25,896963	1,556839
25,899741	1,541386
25,902519	1,528235
25,905296	1,517385
25,908074	1,549277
25,910852	1,663035
25,913630	1,878717
25,916407	2,213418
25,919185	2,599409
25,921963	2,991975
25,924741	3,194835
25,927518	3,200095
25,930296	3,200424
25,933074	3,201739
25,935852	3,200095
25,938629	3,193519
25,941407	3,033402
25,944185	2,526090
25,946963	1,923102
25,949740	1,417435
25,952518	1,118243
25,955296	0,998566
25,958074	1,011060
25,960851	1,098845
25,963629	1,211288
25,966407	1,325376
25,969185	1,410530
25,971963	1,451957
25,974740	1,458533
25,977518	1,455574
25,980296	1,460177
25,983073	1,478260
25,985851	1,494370
25,988629	1,493055
25,991407	1,481547
25,994184	1,475301
25,996962	1,485164
25,999740	1,505220
26,002518	1,521659
26,005295	1,519029
26,008073	1,505877
26,010851	1,494370
26,013629	1,505220
26,016406	1,526591
26,019184	1,548290
26,021962	1,551578
26,024740	1,546318
26,027517	1,547304
26,030295	1,563414
26,033073	1,587744
26,035851	1,610430
26,038628	1,615691
26,041406	1,604841
26,044184	1,602868
26,046962	1,616019
26,049739	1,640349
26,052517	1,662707
26,055295	1,667638
26,058073	1,658432
26,060850	1,657775
26,063628	1,667310
26,066406	1,686708
26,069184	1,704791
26,071961	1,705448
26,074739	1,691639
26,077517	1,687037
26,080295	1,697229
26,083073	1,717285
26,085850	1,738655
26,088628	1,746546
26,091406	1,752135
26,094183	1,769890
26,096961	1,804412
26,099739	1,842222
26,102517	1,873785
26,105294	1,883648
26,108072	1,883977
26,110850	1,892854
26,113628	1,916856
26,116405	1,946775
26,119183	1,968803
26,121961	1,966173
26,124739	1,947432
26,127516	1,926719
26,130294	1,919157
26,133072	1,918499
26,135850	1,913568
26,138627	1,888251
26,141405	1,844852
26,144183	1,801782
26,146961	1,771534
26,149738	1,753122
26,152516	1,726490
26,155294	1,678159
26,158072	1,613718
26,160849	1,548290
26,163627	1,508508
26,166405	1,481547
26,169183	1,459519
26,171960	1,426312
26,174738	1,398366
26,177516	1,381926
26,180294	1,388173
26,183071	1,410530
26,185849	1,428613
26,188627	1,430915
26,191405	1,413818
26,194183	1,403955
26,196960	1,408229
26,199738	1,427956
26,202516	1,441107
26,205293	1,442094
26,208071	1,426641
26,210849	1,417106
26,213627	1,424011
26,216404	1,442094
26,219182	1,458204
26,221960	1,454587
26,224738	1,439792
26,227515	1,430257
26,230293	1,442422
26,233071	1,456231
26,235849	1,471684
26,238626	1,466752
26,241404	1,452286
26,244182	1,443409
26,246960	1,450313
26,249737	1,464780
26,252515	1,481219
26,255293	1,477931
26,258071	1,461163
26,260848	1,452943
26,263626	1,457875
26,266404	1,475301
26,269182	1,486479
26,271959	1,488452
26,274737	1,472013
26,277515	1,466752
26,280293	1,472670
26,283070	1,490753
26,285848	1,501932
26,288626	1,497987
26,291404	1,482205
26,294181	1,474314
26,296959	1,481547
26,299737	1,498315
26,302515	1,513111
26,305292	1,506535
26,308070	1,493712
26,310848	1,482863
26,313626	1,493055
26,316403	1,509823
26,319181	1,527248
26,321959	1,521001
26,324737	1,508836
26,327514	1,498315
26,330292	1,506206
26,333070	1,526919
26,335848	1,539742
26,338625	1,536454
26,341403	1,518042
26,344181	1,505877
26,346959	1,505220
26,349736	1,522974
26,352514	1,534481
26,355292	1,535139
26,358070	1,520673
26,360847	1,513768
26,363625	1,520015
26,366403	1,537440
26,369181	1,549934
26,371958	1,543030
26,374736	1,527577
26,377514	1,514754
26,380292	1,522316
26,383069	1,536783
26,385847	1,554208
26,388625	1,550263
26,391403	1,535797
26,394180	1,522316
26,396958	1,532509
26,399736	1,549605
26,402514	1,563743
26,405291	1,560455
26,408069	1,544345
26,410847	1,536125
26,413625	1,541715
26,416402	1,557825
26,419180	1,569990
26,421958	1,570319
26,424736	1,552564
26,427513	1,542701
26,430291	1,544345
26,433069	1,560126
26,435847	1,572620
26,438624	1,571305
26,441402	1,557167
26,444180	1,549605
26,446958	1,552564
26,449735	1,566045
26,452513	1,581169
26,455291	1,573607
26,458069	1,561113
26,460846	1,548948
26,463624	1,554866
26,466402	1,569661
26,469180	1,586100
26,471957	1,580511
26,474735	1,566702
26,477513	1,558154
26,480291	1,563743
26,483068	1,579853
26,485846	1,593991
26,488624	1,591032
26,491402	1,576894
26,494179	1,568675
26,496957	1,572291
26,499735	1,590046
26,502513	1,601553
26,505290	1,599580
26,508068	1,585114
26,510846	1,572620
26,513624	1,576237
26,516401	1,592676
26,519179	1,606814
26,521957	1,600895
26,524735	1,588731
26,527513	1,576237
26,530290	1,583141
26,533068	1,599580
26,535846	1,614376
26,538623	1,610759
26,541401	1,596293
26,544179	1,583141
26,546957	1,590374
26,549734	1,605170
26,552512	1,619636
26,555290	1,618650
26,558068	1,601553
26,560845	1,587744
26,563623	1,590703
26,566401	1,604512
26,569179	1,616019
26,571956	1,613718
26,574734	1,596621
26,577512	1,590046
26,580290	1,594320
26,583067	1,610430
26,585845	1,623910
26,588623	1,621609
26,591401	1,604512
26,594178	1,593991
26,596956	1,601224
26,599734	1,618979
26,602512	1,634760
26,605289	1,628842
26,608067	1,611417
26,610845	1,599909
26,613623	1,603855
26,616400	1,617663
26,619178	1,632130
26,621956	1,627527
26,624734	1,610430
26,627511	1,600238
26,630289	1,603855
26,633067	1,621938
26,635845	1,636733
26,638622	1,634760
26,641400	1,619307
26,644178	1,607800
26,646956	1,611088
26,649733	1,627198
26,652511	1,642322
26,655289	1,640021
26,658067	1,624239
26,660844	1,611417
26,663622	1,616677
26,666400	1,632130
26,669178	1,644295
26,671955	1,638377
26,674733	1,624897
26,677511	1,615362
26,680289	1,619636
26,683066	1,633445
26,685844	1,645610
26,688622	1,641665
26,691400	1,626541
26,694177	1,614376
26,696955	1,617992
26,699733	1,636404
26,702511	1,650213
26,705288	1,648569
26,708066	1,632130
26,710844	1,618650
26,713622	1,620622
26,716399	1,636733
26,719177	1,651528
26,721955	1,647254
26,724733	1,630486
26,727510	1,618650
26,730288	1,624568
26,733066	1,639034
26,735844	1,653172
26,738621	1,650213
26,741399	1,636075
26,744177	1,624239
26,746955	1,629171
26,749732	1,642651
26,752510	1,658104
26,755288	1,655473
26,758066	1,639692
26,760843	1,641665
26,763621	1,676844
26,766399	1,737998
26,769177	1,804741
26,771954	1,848798
26,774732	1,869182
26,777510	1,881347
26,780288	1,899430
26,783065	1,925733
26,785843	1,950063
26,788621	1,956309
26,791399	1,940857
26,794176	1,924418
26,796954	1,917842
26,799732	1,916856
26,802510	1,909294
26,805287	1,877073
26,808065	1,827098
26,810843	1,779753
26,813621	1,747861
26,816398	1,726490
26,819176	1,703147
26,821954	1,666323
26,824732	1,625554
26,827509	1,596621
26,830287	1,583799
26,833065	1,587415
26,835843	1,592676
26,838620	1,588402
26,841398	1,570648
26,844176	1,558811
26,846954	1,561770
26,849731	1,581497
26,852509	1,595306
26,855287	1,592018
26,858065	1,576237
26,860842	1,564072
26,863620	1,569332
26,866398	1,582484
26,869176	1,594977
26,871954	1,591032
26,874731	1,577552
26,877509	1,565716
26,880287	1,572949
26,883064	1,589717
26,885842	1,604512
26,888620	1,598923
26,891398	1,567688
26,894175	1,525933
26,896953	1,502261
26,899731	1,505877
26,902509	1,564072
26,905286	1,675529
26,908064	1,861291
26,910842	2,160812
26,913620	2,534638
26,916397	2,951206
26,919175	3,195821
26,921953	3,199437
26,924731	3,202068
26,927508	3,202725
26,930286	3,201410
26,933064	3,195163
26,935842	3,080418
26,938619	2,606313
26,941397	1,982283
26,944175	1,435189
26,946953	1,105420
26,949730	0,987716
26,952508	1,023225
26,955286	1,111339
26,958064	1,205699
26,960841	1,291182
26,963619	1,374036
26,966397	1,436504
26,969175	1,479904
26,971952	1,481876
26,974730	1,469054
26,977508	1,458861
26,980286	1,464122
26,983064	1,483849
26,985841	1,500617
26,988619	1,503905
26,991397	1,488452
26,994174	1,483849
26,996952	1,488123
26,999730	1,510480
27,002508	1,522316
27,005285	1,521330
27,008063	1,508508
27,010841	1,503247
27,013619	1,514754
27,016396	1,539413
27,019174	1,567360
27,021952	1,572291
27,024730	1,567688
27,027507	1,559469
27,030285	1,570976
27,033063	1,594320
27,035841	1,619636
27,038618	1,626212
27,041396	1,622924
27,044174	1,617663
27,046952	1,632459
27,049729	1,655473
27,052507	1,676844
27,055285	1,680132
27,058063	1,667310
27,060840	1,658104
27,063618	1,665008
27,066396	1,685393
27,069174	1,704133
27,071951	1,708079
27,074729	1,695256
27,077507	1,690324
27,080285	1,702818
27,083062	1,730436
27,085840	1,766273
27,088618	1,793562
27,091396	1,807042
27,094174	1,820193
27,096951	1,841564
27,099729	1,871812
27,102507	1,904033
27,105284	1,921130
27,108062	1,924418
27,110840	1,924746
27,113618	1,935267
27,116395	1,951706
27,119173	1,965187
27,121951	1,956638
27,124729	1,929020
27,127506	1,898115
27,130284	1,880032
27,133062	1,874771
27,135840	1,864579
27,138617	1,831701
27,141395	1,783370
27,144173	1,737998
27,146951	1,699530
27,149728	1,671584
27,152506	1,635089
27,155284	1,578867
27,158062	1,516398
27,160839	1,465437
27,163617	1,431573
27,166395	1,420065
27,169173	1,417764
27,171950	1,409544
27,174728	1,400996
27,177506	1,393105
27,180284	1,400667
27,183061	1,417106
27,185839	1,435847
27,188617	1,434532
27,191395	1,422038
27,194172	1,408887
27,196950	1,415791
27,199728	1,430915
27,202506	1,444395
27,205284	1,442094
27,208061	1,425983
27,210839	1,415133
27,213617	1,424011
27,216394	1,442094
27,219172	1,456231
27,221950	1,458533
27,224728	1,443080
27,227505	1,434532
27,230283	1,439463
27,233061	1,454587
27,235839	1,467739
27,238616	1,469054
27,241394	1,455245
27,244172	1,444724
27,246950	1,451957
27,249727	1,466095
27,252505	1,484178
27,255283	1,481547
27,258061	1,467081
27,260838	1,454587
27,263616	1,463464
27,266394	1,475301
27,269172	1,490425
27,271949	1,490425
27,274727	1,477602
27,277505	1,466752
27,280283	1,469711
27,283060	1,483849
27,285838	1,499630
27,288616	1,499302
27,291394	1,485493
27,294171	1,478260
27,296949	1,482534
27,299727	1,499302
27,302505	1,515412
27,305282	1,512782
27,308060	1,496014
27,310838	1,485164
27,313616	1,489109
27,316393	1,506864
27,319171	1,523303
27,321949	1,519686
27,324727	1,506206
27,327504	1,498315
27,330282	1,504233
27,333060	1,520344
27,335838	1,534481
27,338615	1,530536
27,341393	1,517056
27,344171	1,505877
27,346949	1,509494
27,349726	1,527248
27,352504	1,544016
27,355282	1,542043
27,358060	1,530865
27,360837	1,520673
27,363615	1,523632
27,366393	1,538098
27,369171	1,551578
27,371948	1,550263
27,374726	1,534153
27,377504	1,522316
27,380282	1,529878
27,383059	1,548948
27,385837	1,563086
27,388615	1,561442
27,391393	1,546646
27,394170	1,531522
27,396948	1,535468
27,399726	1,550592
27,402504	1,564729
27,405281	1,563414
27,408059	1,549934
27,410837	1,540071
27,413615	1,547962
27,416392	1,563414
27,419170	1,577223
27,421948	1,571634
27,424726	1,554537
27,427504	1,541386
27,430281	1,546975
27,433059	1,566045
27,435837	1,579525
27,438614	1,578538
27,441392	1,563086
27,444170	1,553551
27,446948	1,556510
27,449725	1,571305
27,452503	1,587415
27,455281	1,587087
27,458059	1,570976
27,460836	1,557167
27,463614	1,560784
27,466392	1,573935
27,469170	1,589717
27,471947	1,587744
27,474725	1,574593
27,477503	1,565716
27,480281	1,571634
27,483058	1,587415
27,485836	1,600238
27,488614	1,595306
27,491392	1,575250
27,494169	1,565058
27,496947	1,568675
27,499725	1,586758
27,502503	1,601553
27,505280	1,600238
27,508058	1,583470
27,510836	1,572620
27,513614	1,574264
27,516391	1,591032
27,519169	1,607471
27,521947	1,606156
27,524725	1,591361
27,527502	1,573935
27,530280	1,580182
27,533058	1,600567
27,535836	1,618321
27,538613	1,615691
27,541391	1,600238
27,544169	1,585771
27,546947	1,589717
27,549724	1,603855
27,552502	1,619636
27,555280	1,619307
27,558058	1,604183
27,560835	1,592347
27,563613	1,594977
27,566391	1,612074
27,569169	1,624568
27,571946	1,623253
27,574724	1,607471
27,577502	1,595635
27,580280	1,597936
27,583057	1,611417
27,585835	1,626541
27,588613	1,627198
27,591391	1,613389
27,594168	1,601224
27,596946	1,605498
27,599724	1,616677
27,602502	1,630157
27,605279	1,627856
27,608057	1,612403
27,610835	1,599252
27,613613	1,607142
27,616390	1,620951
27,619168	1,636733
27,621946	1,635418
27,624724	1,618321
27,627501	1,606814
27,630279	1,609444
27,633057	1,622266
27,635835	1,635089
27,638612	1,635418
27,641390	1,617663
27,644168	1,609444
27,646946	1,612074
27,649723	1,629828
27,652501	1,645610
27,655279	1,645610
27,658057	1,632787
27,660834	1,621609
27,663612	1,622266
27,666390	1,635418
27,669168	1,649555
27,671945	1,642980
27,674723	1,627527
27,677501	1,611088
27,680279	1,615691
27,683056	1,629828
27,685834	1,646596
27,688612	1,645281
27,691390	1,633116
27,694167	1,619636
27,696945	1,622595
27,699723	1,634760
27,702501	1,647583
27,705278	1,643308
27,708056	1,627856
27,710834	1,615362
27,713612	1,619307
27,716389	1,637390
27,719167	1,651528
27,721945	1,650542
27,724723	1,634103
27,727500	1,622266
27,730278	1,623910
27,733056	1,639363
27,735834	1,653172
27,738611	1,651857
27,741389	1,635418
27,744167	1,622595
27,746945	1,628842
27,749722	1,642322
27,752500	1,657117
27,755278	1,665666
27,758056	1,681447
27,760833	1,712682
27,763611	1,764300
27,766389	1,824468
27,769167	1,878388
27,771944	1,905348
27,774722	1,909622
27,777500	1,910280
27,780278	1,924746
27,783055	1,947761
27,785833	1,964200
27,788611	1,958940
27,791389	1,932637
27,794166	1,904033
27,796944	1,882991
27,799722	1,868524
27,802500	1,848798
27,805277	1,811974
27,808055	1,761013
27,810833	1,712682
27,813611	1,679146
27,816388	1,660405
27,819166	1,648898
27,821944	1,623581
27,824722	1,594320
27,827499	1,568346
27,830277	1,565058
27,833055	1,577223
27,835833	1,592018
27,838610	1,586758
27,841388	1,575579
27,844166	1,565716
27,846944	1,569661
27,849721	1,583799
27,852499	1,596950
27,855277	1,595306
27,858055	1,577881
27,860832	1,566373
27,863610	1,568017
27,866388	1,588073
27,869166	1,601553
27,871943	1,603197
27,874721	1,587087
27,877499	1,575908
27,880277	1,577881
27,883055	1,591361
27,885832	1,587744
27,888610	1,556181
27,891388	1,511795
27,894165	1,483191
27,896943	1,526591
27,899721	1,642980
27,902499	1,856688
27,905276	2,161141
27,908054	2,509651
27,910832	2,900574
27,913610	3,193519
27,916387	3,200095
27,919165	3,202397
27,921943	3,202068
27,924721	3,200424
27,927498	3,193519
27,930276	3,096857
27,933054	2,655959
27,935832	2,056588
27,938609	1,508179
27,941387	1,133696
27,944165	0,973908
27,946943	0,983771
27,949720	1,088653
27,952498	1,212275
27,955276	1,314197
27,958054	1,375022
27,960831	1,417764
27,963609	1,451628
27,966387	1,477602
27,969165	1,497658
27,971942	1,494041
27,974720	1,479246
27,977498	1,465437
27,980276	1,472013
27,983053	1,488123
27,985831	1,507192
27,988609	1,506864
27,991387	1,495685
27,994164	1,486150
27,996942	1,489767
27,999720	1,507192
28,002498	1,528235
28,005275	1,534481
28,008053	1,526919
28,010831	1,523632
28,013609	1,533824
28,016386	1,560455
28,019164	1,585771
28,021942	1,592676
28,024720	1,585114
28,027497	1,582155
28,030275	1,590046
28,033053	1,612403
28,035831	1,637062
28,038608	1,642980
28,041386	1,638377
28,044164	1,635089
28,046942	1,646596
28,049719	1,667967
28,052497	1,688023
28,055275	1,690653
28,058053	1,681118
28,060830	1,672899
28,063608	1,681118
28,066386	1,700517
28,069164	1,719915
28,071941	1,725504
28,074719	1,717942
28,077497	1,715312
28,080275	1,736354
28,083052	1,777452
28,085830	1,821180
28,088608	1,847482
28,091386	1,853400
28,094163	1,856688
28,096941	1,874114
28,099719	1,906663
28,102497	1,939542
28,105274	1,953679
28,108052	1,945460
28,110830	1,935596
28,113608	1,937898
28,116385	1,945460
28,119163	1,948090
28,121941	1,928363
28,124719	1,894827
28,127496	1,862935
28,130274	1,839920
28,133052	1,821837
28,135830	1,802439
28,138607	1,766602
28,141385	1,711695
28,144163	1,656131
28,146941	1,608786
28,149718	1,572291
28,152496	1,539413
28,155274	1,495685
28,158052	1,442751
28,160829	1,404284
28,163607	1,389817
28,166385	1,398037
28,169163	1,419408
28,171940	1,421709
28,174718	1,412503
28,177496	1,403297
28,180274	1,408887
28,183051	1,427298
28,185829	1,444066
28,188607	1,442751
28,191385	1,427298
28,194162	1,413818
28,196940	1,417106
28,199718	1,433545
28,202496	1,452615
28,205273	1,454587
28,208051	1,443080
28,210829	1,430586
28,213607	1,433216
28,216384	1,451299
28,219162	1,465437
28,221940	1,466752
28,224718	1,449656
28,227495	1,437162
28,230273	1,439463
28,233051	1,455574
28,235829	1,472999
28,238606	1,473328
28,241384	1,459848
28,244162	1,448669
28,246940	1,456560
28,249717	1,472670
28,252495	1,489767
28,255273	1,487794
28,258051	1,472670
28,260828	1,458861
28,263606	1,462807
28,266384	1,478917
28,269162	1,496014
28,271939	1,500288
28,274717	1,488123
28,277495	1,475958
28,280273	1,479246
28,283050	1,495356
28,285828	1,509165
28,288606	1,510809
28,291384	1,494699
28,294161	1,484835
28,296939	1,489438
28,299717	1,501932
28,302495	1,519357
28,305272	1,517056
28,308050	1,499959
28,310828	1,486808
28,313606	1,491082
28,316383	1,505220
28,319161	1,525604
28,321939	1,522645
28,324717	1,509823
28,327494	1,495028
28,330272	1,499302
28,333050	1,514754
28,335828	1,534153
28,338605	1,534481
28,341383	1,522645
28,344161	1,508508
28,346939	1,505220
28,349716	1,520015
28,352494	1,537112
28,355272	1,540728
28,358050	1,529221
28,360827	1,520344
28,363605	1,521659
28,366383	1,538427
28,369161	1,552564
28,371938	1,552893
28,374716	1,538427
28,377494	1,526919
28,380272	1,527906
28,383049	1,543687
28,385827	1,559469
28,388605	1,558154
28,391383	1,545002
28,394160	1,532838
28,396938	1,537769
28,399716	1,554866
28,402494	1,572620
28,405271	1,568346
28,408049	1,554208
28,410827	1,538427
28,413605	1,542372
28,416382	1,559469
28,419160	1,579853
28,421938	1,583799
28,424716	1,567360
28,427493	1,553551
28,430271	1,554208
28,433049	1,570319
28,435827	1,582484
28,438604	1,583799
28,441382	1,564401
28,444160	1,552893
28,446938	1,555195
28,449715	1,570319
28,452493	1,588731
28,455271	1,590046
28,458049	1,574264
28,460826	1,560126
28,463604	1,562757
28,466382	1,571634
28,469160	1,589717
28,471937	1,590374
28,474715	1,577223
28,477493	1,561770
28,480271	1,567360
28,483048	1,582812
28,485826	1,602211
28,488604	1,599909
28,491382	1,582484
28,494159	1,569661
28,496937	1,569990
28,499715	1,583799
28,502493	1,599580
28,505270	1,601882
28,508048	1,584456
28,510826	1,573607
28,513604	1,575250
28,516381	1,593662
28,519159	1,610430
28,521937	1,612074
28,524715	1,594977
28,527492	1,584128
28,530270	1,584456
28,533048	1,597936
28,535826	1,612403
28,538603	1,612074
28,541381	1,597936
28,544159	1,583799
28,546937	1,586758
28,549714	1,600895
28,552492	1,617006
28,555270	1,616019
28,558048	1,606156
28,560825	1,591361
28,563603	1,592347
28,566381	1,606156
28,569159	1,622266
28,571936	1,623253
28,574714	1,609115
28,577492	1,598265
28,580270	1,601553
28,583047	1,618321
28,585825	1,630157
28,588603	1,626869
28,591381	1,607471
28,594158	1,593662
28,596936	1,595964
28,599714	1,609773
28,602492	1,626212
28,605269	1,625554
28,608047	1,611088
28,610825	1,599909
28,613603	1,605498
28,616380	1,621280
28,619158	1,638048
28,621936	1,636404
28,624714	1,618650
28,627491	1,606814
28,630269	1,611088
28,633047	1,622266
28,635825	1,638705
28,638602	1,636404
28,641380	1,622924
28,644158	1,612403
28,646936	1,616019
28,649713	1,628842
28,652491	1,644295
28,655269	1,644295
28,658047	1,627198
28,660824	1,615362
28,663602	1,614047
28,666380	1,627856
28,669158	1,641665
28,671935	1,644624
28,674713	1,629171
28,677491	1,617992
28,680269	1,620622
28,683046	1,636075
28,685824	1,652186
28,688602	1,651528
28,691380	1,633445
28,694157	1,617992
28,696935	1,616019
28,699713	1,626212
28,702491	1,643308
28,705268	1,643308
28,708046	1,631801
28,710824	1,619307
28,713602	1,619965
28,716379	1,633774
28,719157	1,649884
28,721935	1,650870
28,724713	1,635746
28,727490	1,622595
28,730268	1,623253
28,733046	1,639363
28,735824	1,653501
28,738601	1,654158
28,741379	1,637062
28,744157	1,622266
28,746935	1,622266
28,749712	1,645939
28,752490	1,691639
28,755268	1,737669
28,758046	1,771862
28,760823	1,809344
28,763601	1,852414
28,766379	1,894827
28,769157	1,929020
28,771934	1,940857
28,774712	1,934610
28,777490	1,927048
28,780268	1,930993
28,783046	1,938884
28,785823	1,943158
28,788601	1,926390
28,791379	1,892197
28,794156	1,853400
28,796934	1,823810
28,799712	1,803426
28,802490	1,786329
28,805267	1,745560
28,808045	1,690324
28,810823	1,642651
28,813601	1,613718
28,816378	1,607142
28,819156	1,609115
28,821934	1,597608
28,824712	1,574922
28,827489	1,560126
28,830267	1,559798
28,833045	1,572949
28,835823	1,590046
28,838600	1,589717
28,841378	1,576566
28,844156	1,563743
28,846934	1,568017
28,849711	1,582155
28,852489	1,601553
28,855267	1,600238
28,858045	1,584128
28,860822	1,568017
28,863600	1,569661
28,866378	1,584456
28,869156	1,601882
28,871933	1,604183
28,874711	1,591361
28,877489	1,577223
28,880267	1,562757
28,883044	1,552236
28,885822	1,537440
28,888600	1,520673
28,891378	1,539084
28,894156	1,619965
28,896933	1,808686
28,899711	2,117084
28,902489	2,489924
28,905266	2,895642
28,908044	3,190889
28,910822	3,199109
28,913600	3,199766
28,916377	3,200424
28,919155	3,200753
28,921933	3,196478
28,924711	3,122173
28,927488	2,692125
28,930266	2,088480
28,933044	1,543359
28,935822	1,185643
28,938599	1,016320
28,941377	0,997909
28,944155	1,073200
28,946933	1,184657
28,949710	1,301046
28,952488	1,393105
28,955266	1,450642
28,958044	1,463793
28,960821	1,459519
28,963599	1,461492
28,966377	1,472670
28,969155	1,491411
28,971932	1,494699
28,974710	1,482863
28,977488	1,473328
28,980266	1,480890
28,983043	1,499630
28,985821	1,519357
28,988599	1,522645
28,991377	1,505877
28,994154	1,493055
28,996932	1,497658
28,999710	1,519686
29,002488	1,544016
29,005265	1,554537
29,008043	1,549934
29,010821	1,548619
29,013599	1,557167
29,016376	1,579525
29,019154	1,603197
29,021932	1,611417
29,024710	1,603855
29,027487	1,600567
29,030265	1,611088
29,033043	1,633774
29,035821	1,658432
29,038598	1,666981
29,041376	1,662049
29,044154	1,656131
29,046932	1,661720
29,049709	1,680132
29,052487	1,700845
29,055265	1,704791
29,058043	1,696571
29,060820	1,686050
29,063598	1,690982
29,066376	1,708736
29,069154	1,730107
29,071931	1,738327
29,074709	1,746546
29,077487	1,761341
29,080265	1,791261
29,083042	1,831701
29,085820	1,867209
29,088598	1,884306
29,091376	1,885292
29,094153	1,888909
29,096931	1,910937
29,099709	1,942829
29,102487	1,969790
29,105264	1,975708
29,108042	1,959597
29,110820	1,938884
29,113598	1,926390
29,116375	1,920801
29,119153	1,917184
29,121931	1,897457
29,124709	1,857346
29,127486	1,810659
29,130264	1,777780
29,133042	1,758054
29,135820	1,737011
29,138597	1,696242
29,141375	1,629500
29,144153	1,561442
29,146931	1,513439
29,149708	1,484835
29,152486	1,464780
29,155264	1,436504
29,158042	1,397379
29,160819	1,380611
29,163597	1,381926
29,166375	1,404941
29,169153	1,427627
29,171930	1,433216
29,174708	1,419736
29,177486	1,407571
29,180264	1,410530
29,183041	1,424339
29,185819	1,442751
29,188597	1,445053
29,191375	1,434532
29,194152	1,422695
29,196930	1,426312
29,199708	1,439463
29,202486	1,458861
29,205263	1,458204
29,208041	1,446368
29,210819	1,431901
29,213597	1,434203
29,216374	1,447354
29,219152	1,466423
29,221930	1,468067
29,224708	1,453930
29,227485	1,442751
29,230263	1,444066
29,233041	1,462478
29,235819	1,479246
29,238596	1,481219
29,241374	1,466423
29,244152	1,456231
29,246930	1,457546
29,249707	1,474972
29,252485	1,491411
29,255263	1,493055
29,258041	1,480561
29,260818	1,463793
29,263596	1,467410
29,266374	1,481547
29,269152	1,500288
29,271929	1,500946
29,274707	1,491082
29,277485	1,474314
29,280263	1,479904
29,283040	1,495028
29,285818	1,513111
29,288596	1,516398
29,291374	1,502261
29,294151	1,490096
29,296929	1,492397
29,299707	1,505220
29,302485	1,517056
29,305262	1,520673
29,308040	1,504233
29,310818	1,496014
29,313596	1,499630
29,316373	1,517056
29,319151	1,532509
29,321929	1,533824
29,324707	1,516398
29,327484	1,504233
29,330262	1,506535
29,333040	1,518700
29,335818	1,537112
29,338595	1,538427
29,341373	1,524618
29,344151	1,511795
29,346929	1,517385
29,349706	1,530536
29,352484	1,551249
29,355262	1,550921
29,358040	1,535468
29,360817	1,520015
29,363595	1,521330
29,366373	1,534810
29,369151	1,550921
29,371928	1,554537
29,374706	1,542701
29,377484	1,532838
29,380262	1,533166
29,383039	1,552236
29,385817	1,567031
29,388595	1,568346
29,391373	1,551249
29,394150	1,536454
29,396928	1,537112
29,399706	1,553551
29,402484	1,570319
29,405261	1,572620
29,408039	1,561442
29,410817	1,546975
29,413595	1,549605
29,416372	1,561442
29,419150	1,577881
29,421928	1,577881
29,424706	1,568675
29,427483	1,554537
29,430261	1,556181
29,433039	1,567360
29,435817	1,582155
29,438594	1,583799
29,441372	1,570976
29,444150	1,557825
29,446928	1,559140
29,449705	1,576894
29,452483	1,590374
29,455261	1,590046
29,458039	1,571305
29,460816	1,560784
29,463594	1,564401
29,466372	1,581497
29,469150	1,599252
29,471927	1,601882
29,474705	1,584785
29,477483	1,569990
29,480261	1,572620
29,483038	1,584128
29,485816	1,601224
29,488594	1,601882
29,491372	1,589059
29,494149	1,572620
29,496927	1,574593
29,499705	1,585114
29,502483	1,601882
29,505260	1,606485
29,508038	1,592676
29,510816	1,579525
29,513594	1,581169
29,516371	1,595306
29,519149	1,611417
29,521927	1,612403
29,524705	1,598923
29,527482	1,586758
29,530260	1,584785
29,533038	1,597608
29,535816	1,613389
29,538593	1,614376
29,541371	1,600567
29,544149	1,588731
29,546927	1,590046
29,549704	1,603197
29,552482	1,617992
29,555260	1,618321
29,558038	1,603855
29,560815	1,590046
29,563593	1,591032
29,566371	1,605170
29,569149	1,621280
29,571926	1,620294
29,574704	1,606156
29,577482	1,593005
29,580260	1,596293
29,583037	1,611417
29,585815	1,629828
29,588593	1,630486
29,591371	1,614047
29,594148	1,598594
29,596926	1,600238
29,599704	1,616019
29,602482	1,631472
29,605259	1,633774
29,608037	1,616677
29,610815	1,600895
29,613593	1,600567
29,616370	1,614047
29,619148	1,631143
29,621926	1,633445
29,624704	1,621280
29,627481	1,608129
29,630259	1,609773
29,633037	1,623581
29,635815	1,638048
29,638592	1,639034
29,641370	1,624239
29,644148	1,608786
29,646926	1,606814
29,649703	1,619965
29,652481	1,636075
29,655259	1,638048
29,658037	1,624239
29,660814	1,611745
29,663592	1,612732
29,666370	1,626541
29,669148	1,643308
29,671925	1,648569
29,674703	1,632459
29,677481	1,617006
29,680259	1,616677
29,683037	1,627856
29,685814	1,645939
29,688592	1,648240
29,691370	1,634760
29,694147	1,622595
29,696925	1,624897
29,699703	1,636075
29,702481	1,652514
29,705258	1,651199
29,708036	1,637390
29,710814	1,620951
29,713592	1,619636
29,716369	1,633774
29,719147	1,649884
29,721925	1,651199
29,724703	1,636733
29,727480	1,623910
29,730258	1,622924
29,733036	1,635418
29,735814	1,648898
29,738591	1,652186
29,741369	1,638377
29,744147	1,632787
29,746925	1,661391
29,749702	1,718600
29,752480	1,783041
29,755258	1,834660
29,758036	1,861620
29,760813	1,874443
29,763591	1,891868
29,766369	1,918499
29,769147	1,945131
29,771924	1,953022
29,774702	1,941514
29,777480	1,924089
29,780258	1,915212
29,783035	1,913239
29,785813	1,912253
29,788591	1,889238
29,791369	1,841236
29,794146	1,788959
29,796924	1,755094
29,799702	1,730436
29,802480	1,707750
29,805257	1,673228
29,808035	1,632459
29,810813	1,600567
29,813591	1,587415
29,816368	1,593005
29,819146	1,603855
29,821924	1,602868
29,824702	1,581826
29,827479	1,563086
29,830257	1,561770
29,833035	1,573935
29,835813	1,594977
29,838590	1,597608
29,841368	1,584785
29,844146	1,568346
29,846924	1,569990
29,849701	1,582812
29,852479	1,602868
29,855257	1,605170
29,858035	1,590374
29,860812	1,574593
29,863590	1,572291
29,866368	1,583141
29,869146	1,600567
29,871923	1,602868
29,874701	1,574922
29,877479	1,538427
29,880257	1,507192
29,883034	1,503576
29,885812	1,543687
29,888590	1,635089
29,891368	1,805398
29,894145	2,072699
29,896923	2,423838
29,899701	2,844023
29,902479	3,187601
29,905256	3,199109
29,908034	3,201081
29,910812	3,202068
29,913590	3,201739
29,916367	3,197465
29,919145	3,150778
29,921923	2,765115
29,924701	2,147661
29,927478	1,564729
29,930256	1,173150
29,933034	1,004484
29,935812	1,007443
29,938589	1,091940
29,941367	1,189260
29,944145	1,279018
29,946923	1,355953
29,949700	1,426641
29,952478	1,470369
29,955256	1,486150
29,958034	1,472013
29,960811	1,457218
29,963589	1,459848
29,966367	1,477602
29,969145	1,495356
29,971922	1,501603
29,974700	1,489767
29,977478	1,481219
29,980256	1,490753
29,983033	1,506535
29,985811	1,526262
29,988589	1,527248
29,991367	1,517714
29,994144	1,505877
29,996922	1,519029
29,999700	1,538098
30,002478	1,567688
30,005255	1,581169
30,008033	1,574264
30,010811	1,566045
30,013589	1,570976
30,016366	1,591361
30,019144	1,614047
30,021922	1,625225
30,024700	1,620951
30,027477	1,619307
30,030255	1,628184
30,033033	1,651199
30,035811	1,675858
30,038588	1,682434
30,041366	1,671255
30,044144	1,662378
30,046922	1,664022
30,049699	1,679475
30,052477	1,702818
30,055255	1,710709
30,058033	1,702161
30,060810	1,693612
30,063588	1,698873
30,066366	1,720244
30,069144	1,756410
30,071921	1,785671
30,074699	1,803426
30,077477	1,817234
30,080255	1,838934
30,083032	1,868524
30,085810	1,899759
30,088588	1,917513
30,091366	1,924089
30,094143	1,929678
30,096921	1,939213
30,099699	1,954337
30,102477	1,969461
30,105254	1,963543
30,108032	1,934610
30,110810	1,902060
30,113588	1,884306
30,116365	1,880689
30,119143	1,872799
30,121921	1,847482
30,124699	1,801453
30,127476	1,751478
30,130254	1,712024
30,133032	1,681447
30,135810	1,650213
30,138587	1,601553
30,141365	1,540071
30,144143	1,478917
30,146921	1,443737
30,149698	1,423353
30,152476	1,421709
30,155254	1,416120
30,158032	1,402311
30,160809	1,393105
30,163587	1,398037
30,166365	1,416777
30,169143	1,434860
30,171920	1,440121
30,174698	1,422367
30,177476	1,411517
30,180254	1,410859
30,183031	1,425654
30,185809	1,442094
30,188587	1,445053
30,191365	1,429271
30,194142	1,418750
30,196920	1,420723
30,199698	1,433216
30,202476	1,450971
30,205253	1,455245
30,208031	1,446039
30,210809	1,433216
30,213587	1,436504
30,216364	1,452286
30,219142	1,472342
30,221920	1,473328
30,224698	1,461163
30,227475	1,447025
30,230253	1,445053
30,233031	1,460177
30,235809	1,479575
30,238586	1,486150
30,241364	1,472999
30,244142	1,461163
30,246920	1,461163
30,249697	1,478588
30,252475	1,491411
30,255253	1,493712
30,258031	1,478917
30,260808	1,467410
30,263586	1,466095
30,266364	1,482863
30,269142	1,500946
30,271919	1,505877
30,274697	1,495685
30,277475	1,482205
30,280253	1,482863
30,283030	1,495356
30,285808	1,511138
30,288586	1,509494
30,291364	1,495356
30,294141	1,481876
30,296919	1,486808
30,299697	1,503247
30,302475	1,523960
30,305252	1,526591
30,308030	1,512124
30,310808	1,498644
30,313586	1,500617
30,316363	1,515083
30,319141	1,529550
30,321919	1,533166
30,324697	1,519357
30,327474	1,507192
30,330252	1,508508
30,333030	1,522645
30,335808	1,539084
30,338585	1,543030
30,341363	1,529550
30,344141	1,516727
30,346919	1,517056
30,349696	1,527577
30,352474	1,546975
30,355252	1,550263
30,358030	1,538427
30,360807	1,523632
30,363585	1,524618
30,366363	1,540071
30,369141	1,559798
30,371918	1,562757
30,374696	1,547304
30,377474	1,528892
30,380252	1,524947
30,383029	1,536125
30,385807	1,556181
30,388585	1,560126
30,391363	1,547962
30,394140	1,536125
30,396918	1,534810
30,399696	1,548619
30,402474	1,567360
30,405251	1,570648
30,408029	1,556510
30,410807	1,541715
30,413585	1,541057
30,416362	1,554208
30,419140	1,571305
30,421918	1,576894
30,424696	1,566045
30,427473	1,548948
30,430251	1,548948
30,433029	1,563414
30,435807	1,580840
30,438584	1,585114
30,441362	1,571305
30,444140	1,556510
30,446918	1,554866
30,449695	1,568017
30,452473	1,582812
30,455251	1,585771
30,458029	1,574264
30,460806	1,561770
30,463584	1,563086
30,466362	1,577881
30,469140	1,595635
30,471917	1,599580
30,474695	1,581169
30,477473	1,565716
30,480251	1,568017
30,483028	1,583799
30,485806	1,601882
30,488584	1,605498
30,491362	1,590703
30,494139	1,571963
30,496917	1,572291
30,499695	1,586100
30,502473	1,607471
30,505250	1,608786
30,508028	1,592347
30,510806	1,577223
30,513584	1,577881
30,516361	1,592018
30,519139	1,608129
30,521917	1,611745
30,524695	1,595635
30,527472	1,581497
30,530250	1,579525
30,533028	1,591361
30,535806	1,608457
30,538583	1,615691
30,541361	1,602211
30,544139	1,587087
30,546917	1,585443
30,549694	1,597608
30,552472	1,616019
30,555250	1,617992
30,558028	1,606156
30,560805	1,589388
30,563583	1,589059
30,566361	1,599909
30,569139	1,618321
30,571916	1,618650
30,574694	1,611088
30,577472	1,594320
30,580250	1,593333
30,583028	1,605827
30,585805	1,623910
30,588583	1,627198
30,591361	1,615033
30,594138	1,602211
30,596916	1,600238
30,599694	1,615033
30,602472	1,627527
30,605249	1,630486
30,608027	1,616019
30,610805	1,601553
30,613583	1,600895
30,616360	1,616019
30,619138	1,635089
30,621916	1,636733
30,624694	1,622595
30,627471	1,607471
30,630249	1,606814
30,633027	1,618979
30,635805	1,635089
30,638582	1,639034
30,641360	1,628513
30,644138	1,611088
30,646916	1,611417
30,649693	1,622924
30,652471	1,640678
30,655249	1,643308
30,658027	1,625554
30,660804	1,608457
30,663582	1,606814
30,666360	1,620622
30,669138	1,637390
30,671915	1,644624
30,674693	1,633445
30,677471	1,623910
30,680249	1,622924
30,683026	1,637390
30,685804	1,651857
30,688582	1,655145
30,691360	1,638377
30,694137	1,622266
30,696915	1,621609
30,699693	1,632787
30,702471	1,652843
30,705248	1,654816
30,708026	1,641007
30,710804	1,623910
30,713582	1,623910
30,716359	1,631143
30,719137	1,648240
30,721915	1,649227
30,724693	1,636733
30,727470	1,622266
30,730248	1,621938
30,733026	1,635089
30,735804	1,653501
30,738581	1,664022
30,741359	1,678159
30,744137	1,707421
30,746915	1,754437
30,749692	1,816906
30,752470	1,875100
30,755248	1,903704
30,758026	1,907978
30,760803	1,904033
30,763581	1,913239
30,766359	1,935925
30,769137	1,957625
30,771914	1,959597
30,774692	1,936582
30,777470	1,908307
30,780248	1,887923
30,783025	1,874771
30,785803	1,857675
30,788581	1,825125
30,791359	1,776465
30,794136	1,720901
30,796914	1,683749
30,799692	1,661063
30,802470	1,650213
30,805247	1,631801
30,808025	1,602211
30,810803	1,574593
30,813581	1,567360
30,816358	1,576566
30,819136	1,587744
30,821914	1,592676
30,824692	1,576566
30,827469	1,566702
30,830247	1,564072
30,833025	1,579853
30,835803	1,593662
30,838580	1,598923
30,841358	1,582812
30,844136	1,568346
30,846914	1,568346
30,849691	1,580511
30,852469	1,598923
30,855247	1,599580
30,858025	1,586758
30,860802	1,571963
30,863580	1,574922
30,866358	1,585114
30,869136	1,590374
30,871913	1,566702
30,874691	1,522645
30,877469	1,489438
30,880247	1,511795
30,883024	1,603197
30,885802	1,799809
30,888580	2,075000
30,891358	2,407071
30,894135	2,798322
30,896913	3,170833
30,899691	3,199109
30,902469	3,203712
30,905246	3,202397
30,908024	3,201081
30,910802	3,196150
30,913580	3,159984
30,916357	2,801610
30,919135	2,214075
30,921913	1,640021
30,924691	1,216220
30,927468	1,000868
30,930246	0,979168
30,933024	1,064980
30,935802	1,192877
30,938579	1,296114
30,941357	1,367460
30,944135	1,407900
30,946913	1,443080
30,949690	1,472013
30,952468	1,493384
30,955246	1,497000
30,958024	1,485822
30,960801	1,470698
30,963579	1,469711
30,966357	1,486808
30,969135	1,506864
30,971912	1,517385
30,974690	1,508179
30,977468	1,499959
30,980246	1,498973
30,983023	1,513439
30,985801	1,528235
30,988579	1,538427
30,991357	1,531194
30,994134	1,526591
30,996912	1,536783
30,999690	1,557825
31,002468	1,582484
31,005245	1,592676
31,008023	1,587087
31,010801	1,579525
31,013579	1,589059
31,016356	1,610101
31,019134	1,636075
31,021912	1,649555
31,024690	1,643637
31,027467	1,635418
31,030245	1,641993
31,033023	1,659748
31,035801	1,682105
31,038578	1,691968
31,041356	1,682434
31,044134	1,673885
31,046912	1,678488
31,049689	1,695585
31,052467	1,716956
31,055245	1,724518
31,058023	1,715969
31,060800	1,712353
31,063578	1,730107
31,066356	1,769232
31,069134	1,816906
31,071911	1,848469
31,074689	1,855702
31,077467	1,857346
31,080245	1,871812
31,083022	1,899759
31,085800	1,936254
31,088578	1,956638
31,091356	1,952035
31,094133	1,940528
31,096911	1,939542
31,099689	1,948419
31,102467	1,954008
31,105244	1,940199
31,108022	1,904691
31,110800	1,870497
31,113578	1,847154
31,116355	1,833674
31,119133	1,819865
31,121911	1,786986
31,124689	1,732737
31,127466	1,670926
31,130244	1,615691
31,133022	1,576566
31,135800	1,546646
31,138577	1,510480
31,141355	1,464451
31,144133	1,415791
31,146911	1,393105
31,149688	1,393105
31,152466	1,408229
31,155244	1,417106
31,158022	1,411188
31,160799	1,400667
31,163577	1,405599
31,166355	1,421709
31,169133	1,440121
31,171910	1,446697
31,174688	1,435518
31,177466	1,421709
31,180244	1,420723
31,183021	1,432559
31,185799	1,449327
31,188577	1,453930
31,191355	1,440450
31,194132	1,427298
31,196910	1,428285
31,199688	1,442094
31,202466	1,460834
31,205243	1,468396
31,208021	1,455902
31,210799	1,441107
31,213577	1,441107
31,216354	1,450313
31,219132	1,470040
31,221910	1,473985
31,224688	1,461821
31,227465	1,449656
31,230243	1,451957
31,233021	1,466095
31,235799	1,486150
31,238576	1,493055
31,241354	1,480890
31,244132	1,467410
31,246910	1,462807
31,249687	1,475301
31,252465	1,490425
31,255243	1,495685
31,258021	1,483520
31,260798	1,471026
31,263576	1,470698
31,266354	1,483849
31,269132	1,499959
31,271909	1,504891
31,274687	1,494370
31,277465	1,480561
31,280243	1,481876
31,283020	1,494041
31,285798	1,513111
31,288576	1,518042
31,291354	1,509494
31,294131	1,492397
31,296909	1,492726
31,299687	1,506535
31,302465	1,524947
31,305242	1,529550
31,308020	1,515412
31,310798	1,498315
31,313576	1,497329
31,316353	1,513111
31,319131	1,530865
31,321909	1,537440
31,324687	1,526591
31,327464	1,509165
31,330242	1,510152
31,333020	1,525276
31,335798	1,541057
31,338575	1,544674
31,341353	1,531194
31,344131	1,517385
31,346909	1,519029
31,349686	1,531851
31,352464	1,550263
31,355242	1,555524
31,358020	1,544016
31,360797	1,525604
31,363575	1,529221
31,366353	1,538098
31,369131	1,557167
31,371908	1,562757
31,374686	1,550592
31,377464	1,534810
31,380242	1,531851
31,383019	1,543359
31,385797	1,559798
31,388575	1,566702
31,391353	1,553880
31,394130	1,543687
31,396908	1,540400
31,399686	1,555195
31,402464	1,571305
31,405241	1,574593
31,408019	1,559140
31,410797	1,546975
31,413575	1,549277
31,416352	1,564729
31,419130	1,582812
31,421908	1,587087
31,424686	1,572949
31,427463	1,554866
31,430241	1,551578
31,433019	1,561113
31,435797	1,580840
31,438574	1,583799
31,441352	1,576237
31,444130	1,563086
31,446908	1,564401
31,449685	1,577881
31,452463	1,597279
31,455241	1,601882
31,458019	1,588731
31,460796	1,575250
31,463574	1,572291
31,466352	1,588073
31,469130	1,603855
31,471907	1,607800
31,474685	1,592347
31,477463	1,575908
31,480241	1,571963
31,483018	1,585114
31,485796	1,602539
31,488574	1,607800
31,491352	1,596293
31,494129	1,581169
31,496907	1,582155
31,499685	1,596293
31,502463	1,612403
31,505240	1,615362
31,508018	1,604183
31,510796	1,582484
31,513574	1,584456
31,516351	1,593662
31,519129	1,612732
31,521907	1,618979
31,524685	1,609115
31,527462	1,592018
31,530240	1,588731
31,533018	1,598594
31,535796	1,614376
31,538573	1,619965
31,541351	1,605498
31,544129	1,591032
31,546907	1,590046
31,549684	1,604183
31,552462	1,620294
31,555240	1,625554
31,558018	1,610430
31,560795	1,594320
31,563573	1,591361
31,566351	1,603526
31,569129	1,621609
31,571906	1,625883
31,574684	1,613060
31,577462	1,598923
31,580240	1,600567
31,583017	1,610101
31,585795	1,630486
31,588573	1,633116
31,591351	1,621609
31,594128	1,604183
31,596906	1,602539
31,599684	1,612403
31,602462	1,629500
31,605239	1,632459
31,608017	1,619307
31,610795	1,605498
31,613573	1,603197
31,616350	1,616019
31,619128	1,631472
31,621906	1,638377
31,624684	1,626869
31,627461	1,613060
31,630239	1,606485
31,633017	1,620622
31,635795	1,636404
31,638572	1,642322
31,641350	1,628842
31,644128	1,612074
31,646906	1,611417
31,649683	1,621609
31,652461	1,637062
31,655239	1,642322
31,658017	1,631143
31,660794	1,613718
31,663572	1,613389
31,666350	1,623581
31,669128	1,641993
31,671905	1,646596
31,674683	1,634431
31,677461	1,617335
31,680239	1,616348
31,683016	1,626869
31,685794	1,641336
31,688572	1,647583
31,691350	1,637062
31,694127	1,621280
31,696905	1,617335
31,699683	1,629828
31,702461	1,645281
31,705238	1,653172
31,708016	1,635418
31,710794	1,618650
31,713572	1,615362
31,716349	1,629171
31,719127	1,647911
31,721905	1,655473
31,724683	1,642980
31,727460	1,626212
31,730238	1,623581
31,733016	1,635089
31,735794	1,678488
31,738571	1,722216
31,741349	1,756081
31,744127	1,788302
31,746905	1,828742
31,749682	1,874114
31,752460	1,911595
31,755238	1,929678
31,758016	1,926390
31,760793	1,919815
31,763571	1,921130
31,766349	1,930993
31,769127	1,941514
31,771904	1,933623
31,774682	1,902718
31,777460	1,860305
31,780238	1,825454
31,783015	1,804083
31,785793	1,785342
31,788571	1,753451
31,791349	1,706435
31,794126	1,656789
31,796904	1,626212
31,799682	1,614704
31,802460	1,614047
31,805237	1,604841
31,808015	1,586429
31,810793	1,565058
31,813571	1,561442
31,816348	1,571634
31,819126	1,587415
31,821904	1,592018
31,824682	1,580840
31,827459	1,565058
31,830237	1,563086
31,833015	1,574922
31,835793	1,590703
31,838570	1,598923
31,841348	1,585443
31,844126	1,569004
31,846904	1,569004
31,849681	1,581497
31,852459	1,599580
31,855237	1,608129
31,858015	1,593991
31,860792	1,576894
31,863570	1,562428
31,866348	1,550921
31,869126	1,539084
31,871903	1,524947
31,874681	1,526591
31,877459	1,582155
31,880237	1,750492
31,883014	2,016805
31,885792	2,374192
31,888570	2,782212
31,891348	3,153408
31,894125	3,197465
31,896903	3,199766
31,899681	3,200424
31,902459	3,200753
31,905236	3,196807
31,908014	3,170505
31,910792	2,832516
31,913570	2,243994
31,916347	1,672899
31,919125	1,257647
31,921903	1,042623
31,924681	0,988703
31,927458	1,040650
31,930236	1,147505
31,933014	1,262907
31,935792	1,365487
31,938569	1,429600
31,941347	1,454587
31,944125	1,454259
31,946903	1,456231
31,949680	1,468396
31,952458	1,486808
31,955236	1,489767
31,958014	1,480890
31,960791	1,469711
31,963569	1,472670
31,966347	1,491082
31,969125	1,514097
31,971902	1,521988
31,974680	1,513768
31,977458	1,499630
31,980236	1,500946
31,983013	1,517714
31,985791	1,541057
31,988569	1,554866
31,991347	1,552893
31,994124	1,546646
31,996902	1,554208
31,999680	1,574593
32,002458	1,597608
32,005235	1,610759
32,008013	1,606485
32,010791	1,595964
32,013569	1,605827
32,016346	1,625225
32,019124	1,650213
32,021902	1,665337
32,024680	1,660734
32,027457	1,651528
32,030235	1,658761
32,033013	1,675529
32,035791	1,697886
32,038568	1,709065
32,041346	1,700517
32,044124	1,686379
32,046902	1,687694
32,049679	1,703476
32,052457	1,722216
32,055235	1,734710
32,058013	1,738327
32,060790	1,748519
32,063568	1,776137
32,066346	1,817892
32,069124	1,857017
32,071901	1,879703
32,074679	1,885621
32,077457	1,887923
32,080235	1,904362
32,083012	1,932637
32,085790	1,961570
32,088568	1,974064
32,091346	1,963543
32,094123	1,942172
32,096901	1,925404
32,099679	1,914883
32,102457	1,910937
32,105234	1,898772
32,108012	1,863593
32,110790	1,820522
32,113568	1,786329
32,116346	1,763314
32,119123	1,741943
32,121901	1,705120
32,124679	1,641993
32,127457	1,574922
32,130234	1,521988
32,133012	1,491082
32,135790	1,469711
32,138568	1,442094
32,141345	1,409215
32,144123	1,384228
32,146901	1,384557
32,149679	1,400667
32,152456	1,425326
32,155234	1,433874
32,158012	1,426641
32,160789	1,407900
32,163567	1,406585
32,166345	1,416120
32,169123	1,437819
32,171900	1,444395
32,174678	1,434532
32,177456	1,422695
32,180234	1,423024
32,183011	1,438806
32,185789	1,455245
32,188567	1,463136
32,191345	1,449327
32,194122	1,434860
32,196900	1,431901
32,199678	1,444395
32,202456	1,461163
32,205233	1,469383
32,208011	1,457218
32,210789	1,443080
32,213567	1,443737
32,216344	1,455902
32,219122	1,473985
32,221900	1,481547
32,224678	1,469054
32,227455	1,450642
32,230233	1,448340
32,233011	1,460505
32,235789	1,482534
32,238566	1,488452
32,241344	1,477931
32,244122	1,461492
32,246900	1,461821
32,249677	1,475958
32,252455	1,495685
32,255233	1,503905
32,258011	1,489438
32,260788	1,476945
32,263566	1,472342
32,266344	1,485493
32,269122	1,504562
32,271899	1,510809
32,274677	1,497329
32,277455	1,482534
32,280233	1,479904
32,283010	1,496014
32,285788	1,514097
32,288566	1,520015
32,291344	1,509165
32,294121	1,494041
32,296899	1,491411
32,299677	1,504562
32,302455	1,527577
32,305232	1,530865
32,308010	1,522316
32,310788	1,504891
32,313566	1,505549
32,316343	1,517714
32,319121	1,539084
32,321899	1,544016
32,324677	1,533824
32,327454	1,515412
32,330232	1,511467
32,333010	1,525276
32,335788	1,540071
32,338566	1,548290
32,341343	1,533824
32,344121	1,521988
32,346899	1,518700
32,349677	1,533495
32,352454	1,549605
32,355232	1,558811
32,358010	1,547633
32,360788	1,529221
32,363565	1,525933
32,366343	1,538098
32,369121	1,556510
32,371899	1,561113
32,374676	1,549934
32,377454	1,531851
32,380232	1,531851
32,383009	1,541057
32,385787	1,561442
32,388565	1,569004
32,391343	1,559798
32,394120	1,543687
32,396898	1,543687
32,399676	1,554208
32,402454	1,572291
32,405231	1,578867
32,408009	1,564401
32,410787	1,549934
32,413565	1,547304
32,416342	1,561442
32,419120	1,579525
32,421898	1,586758
32,424676	1,576237
32,427453	1,564401
32,430231	1,560126
32,433009	1,572949
32,435787	1,589059
32,438564	1,595964
32,441342	1,584785
32,444120	1,570319
32,446898	1,569332
32,449675	1,578538
32,452453	1,598265
32,455231	1,602211
32,458009	1,591690
32,460786	1,574593
32,463564	1,572620
32,466342	1,582812
32,469120	1,601882
32,471897	1,608786
32,474675	1,597279
32,477453	1,582812
32,480231	1,578867
32,483008	1,592347
32,485786	1,607471
32,488564	1,611745
32,491342	1,598923
32,494119	1,583799
32,496897	1,582812
32,499675	1,595964
32,502453	1,612403
32,505230	1,618979
32,508008	1,606485
32,510786	1,589059
32,513564	1,586429
32,516341	1,598594
32,519119	1,617335
32,521897	1,624239
32,524675	1,613060
32,527452	1,596621
32,530230	1,595964
32,533008	1,605170
32,535786	1,622266
32,538563	1,628184
32,541341	1,617663
32,544119	1,600895
32,546897	1,599580
32,549674	1,611417
32,552452	1,628842
32,555230	1,636075
32,558008	1,622266
32,560786	1,604512
32,563563	1,600567
32,566341	1,611417
32,569119	1,627198
32,571897	1,634431
32,574674	1,620951
32,577452	1,603526
32,580230	1,600895
32,583008	1,614376
32,585785	1,634431
32,588563	1,644952
32,591341	1,636404
32,594119	1,618650
32,596896	1,611088
32,599674	1,615033
32,602452	1,630815
32,605230	1,635746
32,608007	1,625883
32,610785	1,612732
32,613563	1,612403
32,616340	1,624568
32,619118	1,640349
32,621896	1,642651
32,624674	1,628842
32,627451	1,613718
32,630229	1,611745
32,633007	1,624897
32,635785	1,641336
32,638562	1,645939
32,641340	1,634103
32,644118	1,620294
32,646896	1,617663
32,649673	1,629500
32,652451	1,646267
32,655229	1,652843
32,658007	1,641336
32,660784	1,623910
32,663562	1,617992
32,666340	1,626541
32,669118	1,643637
32,671895	1,650213
32,674673	1,640678
32,677451	1,625883
32,680229	1,623253
32,683006	1,633774
32,685784	1,649555
32,688562	1,654158
32,691340	1,643637
32,694117	1,626869
32,696895	1,622924
32,699673	1,633445
32,702451	1,649884
32,705228	1,660076
32,708006	1,648898
32,710784	1,633774
32,713562	1,629500
32,716339	1,639692
32,719117	1,655802
32,721895	1,661391
32,724673	1,648569
32,727450	1,634760
32,730228	1,654487
32,733006	1,704791
32,735784	1,771205
32,738561	1,831372
32,741339	1,865565
32,744117	1,881676
32,746895	1,898772
32,749672	1,920801
32,752450	1,948747
32,755228	1,962556
32,758006	1,955652
32,760783	1,936582
32,763561	1,923760
32,766339	1,919815
32,769117	1,918499
32,771894	1,901403
32,774672	1,857017
32,777450	1,809344
32,780228	1,771205
32,783006	1,744573
32,785783	1,722216
32,788561	1,690324
32,791339	1,648240
32,794117	1,608129
32,796894	1,589388
32,799672	1,589059
32,802450	1,597936
32,805228	1,600567
32,808005	1,589388
32,810783	1,571634
32,813561	1,567360
32,816339	1,578210
32,819116	1,594649
32,821894	1,598594
32,824672	1,587415
32,827450	1,568017
32,830227	1,563414
32,833005	1,578210
32,835783	1,594649
32,838560	1,604183
32,841338	1,593662
32,844116	1,578210
32,846894	1,573278
32,849671	1,585771
32,852449	1,600567
32,855227	1,607471
32,858005	1,584128
32,860782	1,544345
32,863560	1,508836
32,866338	1,497658
32,869116	1,524618
32,871893	1,595964
32,874671	1,746875
32,877449	1,974392
32,880227	2,306463
32,883004	2,716784
32,885782	3,120530
32,888560	3,197136
32,891338	3,200424
32,894115	3,200753
32,896893	3,201081
32,899671	3,198780
32,902449	3,183985
32,905226	2,911424
32,908004	2,330135
32,910782	1,722874
32,913560	1,263894
32,916337	1,038020
32,919115	0,995607
32,921893	1,060377
32,924671	1,150792
32,927448	1,238906
32,930226	1,323732
32,933004	1,398366
32,935782	1,459848
32,938559	1,483191
32,941337	1,476616
32,944115	1,460177
32,946893	1,456889
32,949670	1,465437
32,952448	1,486808
32,955226	1,496343
32,958004	1,493055
32,960781	1,476287
32,963559	1,475301
32,966337	1,488452
32,969115	1,511467
32,971892	1,519029
32,974670	1,511467
32,977448	1,502261
32,980226	1,505549
32,983003	1,528235
32,985781	1,552236
32,988559	1,571634
32,991337	1,568017
32,994114	1,560784
32,996892	1,560126
32,999670	1,583799
33,002448	1,609115
33,005226	1,626212
33,008003	1,623581
33,010781	1,615033
33,013559	1,620622
33,016337	1,640021
33,019114	1,666981
33,021892	1,681447
33,024670	1,675529
33,027448	1,659419
33,030225	1,660405
33,033003	1,673885
33,035781	1,699201
33,038559	1,711366
33,041336	1,707092
33,044114	1,694270
33,046892	1,696571
33,049670	1,715312
33,052447	1,749505
33,055225	1,781068
33,058003	1,800466
33,060780	1,810330
33,063558	1,825454
33,066336	1,852743
33,069114	1,889238
33,071891	1,914554
33,074669	1,924746
33,077447	1,925075
33,080225	1,933623
33,083002	1,949405
33,085780	1,967159
33,088558	1,970776
33,091336	1,948747
33,094113	1,911924
33,096891	1,886608
33,099669	1,878059
33,102447	1,874771
33,105224	1,858332
33,108002	1,813947
33,110780	1,760026
33,113558	1,719915
33,116335	1,687037
33,119113	1,654158
33,121891	1,610101
33,124669	1,548619
33,127446	1,487794
33,130224	1,444395
33,133002	1,427627
33,135780	1,422038
33,138557	1,420394
33,141335	1,407571
33,144113	1,398037
33,146891	1,395406
33,149668	1,409544
33,152446	1,427956
33,155224	1,437162
33,158002	1,427627
33,160779	1,411517
33,163557	1,407900
33,166335	1,421709
33,169113	1,442422
33,171890	1,449656
33,174668	1,444724
33,177446	1,424011
33,180224	1,421380
33,183001	1,431573
33,185779	1,451628
33,188557	1,459519
33,191335	1,452286
33,194112	1,433545
33,196890	1,431573
33,199668	1,446697
33,202446	1,464122
33,205223	1,473985
33,208001	1,462149
33,210779	1,446368
33,213557	1,440450
33,216334	1,453601
33,219112	1,472013
33,221890	1,484507
33,224668	1,473328
33,227445	1,456889
33,230223	1,454587
33,233001	1,467410
33,235779	1,483849
33,238557	1,493712
33,241334	1,487466
33,244112	1,469711
33,246890	1,468067
33,249668	1,477273
33,252445	1,497658
33,255223	1,505549
33,258001	1,496343
33,260779	1,480561
33,263556	1,482863
33,266334	1,494699
33,269112	1,515412
33,271890	1,521001
33,274667	1,506535
33,277445	1,487466
33,280223	1,484178
33,283000	1,498315
33,285778	1,517385
33,288556	1,526919
33,291334	1,515412
33,294111	1,500946
33,296889	1,496014
33,299667	1,507192
33,302445	1,526919
33,305222	1,535797
33,308000	1,524618
33,310778	1,508836
33,313556	1,505877
33,316333	1,519357
33,319111	1,536783
33,321889	1,542043
33,324667	1,531851
33,327444	1,516727
33,330222	1,515083
33,333000	1,527906
33,335778	1,546975
33,338555	1,553880
33,341333	1,541715
33,344111	1,521659
33,346889	1,518700
33,349666	1,531851
33,352444	1,550921
33,355222	1,562099
33,358000	1,551907
33,360777	1,533495
33,363555	1,529221
33,366333	1,538756
33,369111	1,556510
33,371888	1,566702
33,374666	1,555852
33,377444	1,539413
33,380222	1,538427
33,382999	1,549934
33,385777	1,565716
33,388555	1,572620
33,391333	1,562428
33,394110	1,544345
33,396888	1,541057
33,399666	1,550592
33,402444	1,568675
33,405221	1,577552
33,407999	1,569332
33,410777	1,552236
33,413555	1,549277
33,416332	1,558483
33,419110	1,575250
33,421888	1,585443
33,424666	1,575579
33,427443	1,560126
33,430221	1,555852
33,432999	1,562428
33,435777	1,579196
33,438554	1,588073
33,441332	1,579196
33,444110	1,564729
33,446888	1,563414
33,449665	1,572949
33,452443	1,589717
33,455221	1,597279
33,457999	1,586758
33,460777	1,570976
33,463554	1,568675
33,466332	1,580182
33,469110	1,599580
33,471888	1,606814
33,474665	1,596621
33,477443	1,579853
33,480221	1,575579
33,482999	1,589059
33,485776	1,604841
33,488554	1,611088
33,491332	1,598265
33,494110	1,582484
33,496887	1,577552
33,499665	1,587744
33,502443	1,606814
33,505221	1,618650
33,507998	1,611745
33,510776	1,595306
33,513554	1,589388
33,516331	1,599909
33,519109	1,614704
33,521887	1,620622
33,524665	1,608786
33,527442	1,590374
33,530220	1,585443
33,532998	1,594320
33,535776	1,613718
33,538553	1,624568
33,541331	1,617006
33,544109	1,600238
33,546887	1,596950
33,549664	1,604841
33,552442	1,620294
33,555220	1,628842
33,557998	1,617335
33,560775	1,600567
33,563553	1,596621
33,566331	1,608457
33,569109	1,622595
33,571886	1,633445
33,574664	1,621609
33,577442	1,605170
33,580220	1,600567
33,582997	1,610101
33,585775	1,625554
33,588553	1,634431
33,591331	1,626541
33,594108	1,611088
33,596886	1,609115
33,599664	1,616348
33,602442	1,633774
33,605219	1,639692
33,607997	1,629828
33,610775	1,611417
33,613553	1,605827
33,616330	1,613718
33,619108	1,633116
33,621886	1,641007
33,624664	1,631472
33,627441	1,616677
33,630219	1,611088
33,632997	1,620622
33,635775	1,637390
33,638552	1,646596
33,641330	1,635089
33,644108	1,618979
33,646886	1,613060
33,649663	1,622924
33,652441	1,640021
33,655219	1,647254
33,657997	1,637062
33,660774	1,621938
33,663552	1,618321
33,666330	1,629500
33,669108	1,648898
33,671885	1,653172
33,674663	1,644952
33,677441	1,624897
33,680219	1,620294
33,682997	1,628513
33,685774	1,648240
33,688552	1,656131
33,691330	1,648569
33,694108	1,629500
33,696885	1,623253
33,699663	1,633445
33,702441	1,647583
33,705219	1,659419
33,707996	1,649227
33,710774	1,632130
33,713552	1,624897
33,716330	1,634760
33,719107	1,649227
33,721885	1,659748
33,724663	1,669282
33,727441	1,689667
33,730218	1,734052
33,732996	1,795864
33,735774	1,858003
33,738551	1,897129
33,741329	1,908965
33,744107	1,906663
33,746885	1,913896
33,749662	1,929678
33,752440	1,951706
33,755218	1,961241
33,757996	1,946117
33,760773	1,916527
33,763551	1,895485
33,766329	1,880689
33,769107	1,869840
33,771884	1,842222
33,774662	1,795206
33,777440	1,740628
33,780218	1,698215
33,782995	1,673556
33,785773	1,658104
33,788551	1,644624
33,791329	1,614704
33,794106	1,588073
33,796884	1,572291
33,799662	1,577552
33,802440	1,591361
33,805217	1,595635
33,807995	1,581169
33,810773	1,563086
33,813551	1,560126
33,816328	1,570976
33,819106	1,592676
33,821884	1,599909
33,824662	1,592676
33,827439	1,572949
33,830217	1,570648
33,832995	1,575908
33,835773	1,595306
33,838550	1,599252
33,841328	1,591690
33,844106	1,574593
33,846884	1,568346
33,849661	1,579196
33,852439	1,587415
33,855217	1,575579
33,857995	1,533824
33,860772	1,494699
33,863550	1,487466
33,866328	1,559140
33,869106	1,726490
33,871883	1,971105
33,874661	2,291997
33,877439	2,669768
33,880217	3,058390
33,882994	3,196807
33,885772	3,200753
33,888550	3,203383
33,891328	3,202397
33,894105	3,198780
33,896883	3,185629
33,899661	2,949562
33,902439	2,405098
33,905216	1,812303
33,907994	1,326033
33,910772	1,044925
33,913550	0,967332
33,916328	1,027499
33,919105	1,149148
33,921883	1,264222
33,924661	1,340171
33,927439	1,389488
33,930216	1,428613
33,932994	1,458861
33,935772	1,482863
33,938550	1,493712
33,941327	1,481547
33,944105	1,468396
33,946883	1,463464
33,949661	1,477273
33,952438	1,498644
33,955216	1,511467
33,957994	1,504562
33,960771	1,490753
33,963549	1,486808
33,966327	1,498315
33,969105	1,521001
33,971882	1,531851
33,974660	1,529878
33,977438	1,518700
33,980216	1,522974
33,982993	1,541057
33,985771	1,570648
33,988549	1,585443
33,991327	1,582812
33,994104	1,573935
33,996882	1,577223
33,999660	1,596950
34,002438	1,623910
34,005215	1,643966
34,007993	1,644624
34,010771	1,638705
34,013549	1,639692
34,016326	1,654487
34,019104	1,676844
34,021882	1,688023
34,024660	1,682762
34,027437	1,670269
34,030215	1,670926
34,032993	1,686708
34,035771	1,709065
34,038548	1,723531
34,041326	1,719257
34,044104	1,710380
34,046882	1,719915
34,049659	1,750820
34,052437	1,799809
34,055215	1,836961
34,057993	1,850770
34,060770	1,853072
34,063548	1,865894
34,066326	1,890553
34,069104	1,926719
34,071881	1,954008
34,074659	1,957296
34,077437	1,947104
34,080215	1,940199
34,082992	1,945460
34,085770	1,951706
34,088548	1,944144
34,091326	1,916527
34,094103	1,880361
34,096881	1,852414
34,099659	1,834331
34,102437	1,817892
34,105214	1,791589
34,107992	1,747204
34,110770	1,685721
34,113548	1,630815
34,116325	1,589717
34,119103	1,561442
34,121881	1,524289
34,124659	1,477931
34,127436	1,427956
34,130214	1,399023
34,132992	1,394420
34,135770	1,407243
34,138548	1,418421
34,141325	1,413489
34,144103	1,401325
34,146881	1,399023
34,149659	1,411846
34,152436	1,431244
34,155214	1,441107
34,157992	1,432888
34,160770	1,419408
34,163547	1,413818
34,166325	1,426312
34,169103	1,446697
34,171881	1,455574
34,174658	1,446368
34,177436	1,431901
34,180214	1,429271
34,182991	1,440450
34,185769	1,459519
34,188547	1,466752
34,191325	1,457875
34,194102	1,440121
34,196880	1,433874
34,199658	1,442094
34,202436	1,459519
34,205213	1,471026
34,207991	1,465437
34,210769	1,451299
34,213547	1,446368
34,216324	1,458204
34,219102	1,476616
34,221880	1,487466
34,224658	1,479575
34,227435	1,463136
34,230213	1,457875
34,232991	1,466423
34,235769	1,485822
34,238546	1,496343
34,241324	1,488452
34,244102	1,472999
34,246880	1,471355
34,249657	1,480561
34,252435	1,500946
34,255213	1,510152
34,257991	1,502261
34,260768	1,485164
34,263546	1,480232
34,266324	1,487466
34,269102	1,503576
34,271879	1,514754
34,274657	1,505220
34,277435	1,490096
34,280213	1,485164
34,282990	1,497987
34,285768	1,515412
34,288546	1,527248
34,291324	1,517714
34,294101	1,504891
34,296879	1,499630
34,299657	1,510809
34,302435	1,528892
34,305212	1,536454
34,307990	1,526591
34,310768	1,512782
34,313546	1,508179
34,316323	1,513768
34,319101	1,534481
34,321879	1,543359
34,324657	1,534481
34,327434	1,518700
34,330212	1,517714
34,332990	1,529550
34,335768	1,548290
34,338545	1,556839
34,341323	1,546975
34,344101	1,529878
34,346879	1,524947
34,349656	1,538098
34,352434	1,554866
34,355212	1,564072
34,357990	1,553551
34,360768	1,539084
34,363545	1,534153
34,366323	1,546318
34,369101	1,561770
34,371879	1,572949
34,374656	1,564729
34,377434	1,546975
34,380212	1,541386
34,382990	1,550592
34,385767	1,568675
34,388545	1,577223
34,391323	1,572291
34,394101	1,551578
34,396878	1,549934
34,399656	1,558483
34,402434	1,575579
34,405212	1,584128
34,407989	1,574264
34,410767	1,554208
34,413545	1,548290
34,416322	1,559140
34,419100	1,580511
34,421878	1,592347
34,424656	1,584128
34,427433	1,568346
34,430211	1,561770
34,432989	1,572620
34,435767	1,585114
34,438544	1,597608
34,441322	1,587087
34,444100	1,573278
34,446878	1,567688
34,449655	1,574922
34,452433	1,591032
34,455211	1,601224
34,457989	1,593333
34,460766	1,576237
34,463544	1,572949
34,466322	1,580182
34,469100	1,597936
34,471877	1,605170
34,474655	1,596950
34,477433	1,580840
34,480211	1,579196
34,482988	1,587087
34,485766	1,605827
34,488544	1,612074
34,491322	1,601224
34,494099	1,585771
34,496877	1,579196
34,499655	1,591361
34,502433	1,607142
34,505210	1,618321
34,507988	1,609444
34,510766	1,594320
34,513544	1,586429
34,516321	1,596950
34,519099	1,610759
34,521877	1,620951
34,524655	1,611745
34,527432	1,596293
34,530210	1,588731
34,532988	1,595306
34,535766	1,613060
34,538543	1,623910
34,541321	1,617992
34,544099	1,599909
34,546877	1,593991
34,549654	1,603197
34,552432	1,620294
34,555210	1,628842
34,557988	1,622595
34,560765	1,603855
34,563543	1,596293
34,566321	1,601882
34,569099	1,618979
34,571876	1,632130
34,574654	1,623910
34,577432	1,610759
34,580210	1,602211
34,582988	1,611417
34,585765	1,625554
34,588543	1,636404
34,591321	1,623910
34,594099	1,608129
34,596876	1,601553
34,599654	1,611745
34,602432	1,628184
34,605210	1,639034
34,607987	1,633116
34,610765	1,620294
34,613543	1,617992
34,616321	1,621938
34,619098	1,638705
34,621876	1,642651
34,624654	1,633445
34,627432	1,615033
34,630209	1,610101
34,632987	1,617335
34,635765	1,635089
34,638542	1,642980
34,641320	1,633445
34,644098	1,618979
34,646876	1,614047
34,649653	1,623253
34,652431	1,639692
34,655209	1,649555
34,657987	1,639692
34,660764	1,625883
34,663542	1,616677
34,666320	1,625554
34,669098	1,641993
34,671875	1,652186
34,674653	1,643308
34,677431	1,627527
34,680209	1,620294
34,682986	1,627856
34,685764	1,644624
34,688542	1,653172
34,691320	1,645281
34,694097	1,625225
34,696875	1,618321
34,699653	1,626869
34,702431	1,643637
34,705208	1,651528
34,707986	1,645281
34,710764	1,630157
34,713542	1,625883
34,716319	1,635089
34,719097	1,670269
34,721875	1,714983
34,724653	1,752464
34,727430	1,783699
34,730208	1,820851
34,732986	1,865237
34,735764	1,907321
34,738541	1,934281
34,741319	1,936254
34,744097	1,928692
34,746875	1,927377
34,749652	1,935596
34,752430	1,944802
34,755208	1,941185
34,757986	1,914883
34,760763	1,875429
34,763541	1,840249
34,766319	1,816906
34,769097	1,796850
34,771874	1,768246
34,774652	1,720901
34,777430	1,665008
34,780208	1,627527
34,782985	1,611088
34,785763	1,611745
34,788541	1,609444
34,791319	1,592018
34,794096	1,570319
34,796874	1,563743
34,799652	1,573607
34,802430	1,588731
34,805207	1,598923
34,807985	1,589059
34,810763	1,573935
34,813541	1,567360
34,816319	1,574264
34,819096	1,590374
34,821874	1,601224
34,824652	1,591690
34,827430	1,575250
34,830207	1,569004
34,832985	1,578210
34,835763	1,599580
34,838541	1,609773
34,841318	1,600895
34,844096	1,583141
34,846874	1,566702
34,849652	1,554866
34,852429	1,544016
34,855207	1,527577
34,857985	1,515741
34,860762	1,557167
34,863540	1,688352
34,866318	1,919486
34,869096	2,261091
34,871873	2,657603
34,874651	3,042937
34,877429	3,196807
34,880207	3,199437
34,882984	3,201081
34,885762	3,202068
34,888540	3,199109
34,891318	3,188916
34,894095	2,988030
34,896873	2,453100
34,899651	1,859319
34,902429	1,377323
34,905206	1,099831
34,907984	0,997580
34,910762	1,017307
34,913540	1,110352
34,916317	1,225755
34,919095	1,338198
34,921873	1,419736
34,924651	1,457546
34,927428	1,461821
34,930206	1,460177
34,932984	1,467410
34,935762	1,482534
34,938539	1,497987
34,941317	1,488781
34,944095	1,474972
34,946873	1,472013
34,949650	1,482863
34,952428	1,503905
34,955206	1,519029
34,957984	1,511795
34,960761	1,495356
34,963539	1,492726
34,966317	1,503247
34,969095	1,528563
34,971872	1,547962
34,974650	1,547962
34,977428	1,540728
34,980206	1,545660
34,982983	1,560126
34,985761	1,583799
34,988539	1,601224
34,991317	1,602539
34,994094	1,596293
34,996872	1,600895
34,999650	1,619636
35,002428	1,642980
35,005205	1,661720
35,007983	1,661063
35,010761	1,651199
35,013539	1,650213
35,016316	1,665008
35,019094	1,686379
35,021872	1,700188
35,024650	1,698215
35,027427	1,686050
35,030205	1,683749
35,032983	1,698873
35,035761	1,721887
35,038539	1,739313
35,041316	1,743587
35,044094	1,746875
35,046872	1,765944
35,049650	1,803097
35,052427	1,845838
35,055205	1,875100
35,057983	1,882333
35,060761	1,881347
35,063538	1,892526
35,066316	1,920143
35,069094	1,951378
35,071872	1,968146
35,074649	1,961899
35,077427	1,941843
35,080205	1,924418
35,082982	1,915869
35,085760	1,915540
35,088538	1,906006
35,091316	1,877402
35,094093	1,834002
35,096871	1,796192
35,099649	1,771205
35,102427	1,750820
35,105204	1,719586
35,107982	1,664679
35,110760	1,596950
35,113538	1,539742
35,116315	1,499302
35,119093	1,478917
35,121871	1,455902
35,124649	1,424668
35,127426	1,391132
35,130204	1,383242
35,132982	1,392447
35,135760	1,415462
35,138537	1,431244
35,141315	1,424339
35,144093	1,411517
35,146871	1,405270
35,149648	1,416777
35,152426	1,433545
35,155204	1,446039
35,157982	1,436175
35,160759	1,421051
35,163537	1,410859
35,166315	1,422367
35,169093	1,443080
35,171870	1,456231
35,174648	1,451299
35,177426	1,436833
35,180204	1,431901
35,182981	1,438806
35,185759	1,460505
35,188537	1,469711
35,191315	1,464122
35,194092	1,444395
35,196870	1,438477
35,199648	1,445053
35,202426	1,465108
35,205203	1,476287
35,207981	1,472999
35,210759	1,460177
35,213537	1,454259
35,216314	1,463464
35,219092	1,480890
35,221870	1,493712
35,224648	1,484178
35,227425	1,471026
35,230203	1,462807
35,232981	1,477273
35,235759	1,492068
35,238536	1,505220
35,241314	1,495028
35,244092	1,479575
35,246870	1,475301
35,249647	1,487137
35,252425	1,505877
35,255203	1,520344
35,257981	1,516727
35,260759	1,495028
35,263536	1,489109
35,266314	1,493712
35,269092	1,509823
35,271870	1,520344
35,274647	1,514426
35,277425	1,496343
35,280203	1,494041
35,282981	1,502261
35,285758	1,520015
35,288536	1,531194
35,291314	1,523960
35,294092	1,509823
35,296869	1,502261
35,299647	1,515083
35,302425	1,530536
35,305203	1,545002
35,307980	1,534481
35,310758	1,520015
35,313536	1,512453
35,316313	1,518700
35,319091	1,535468
35,321869	1,549934
35,324647	1,545002
35,327424	1,530865
35,330202	1,524947
35,332980	1,531522
35,335758	1,548290
35,338535	1,555852
35,341313	1,548290
35,344091	1,531522
35,346869	1,529221
35,349646	1,539084
35,352424	1,561770
35,355202	1,569661
35,357980	1,559798
35,360757	1,540071
35,363535	1,533166
35,366313	1,543030
35,369091	1,561113
35,371868	1,572620
35,374646	1,565058
35,377424	1,550921
35,380202	1,540400
35,382979	1,550592
35,385757	1,567688
35,388535	1,580511
35,391313	1,573607
35,394090	1,557496
35,396868	1,549277
35,399646	1,556510
35,402424	1,573607
35,405201	1,585114
35,407979	1,580511
35,410757	1,562757
35,413535	1,557167
35,416312	1,562757
35,419090	1,579853
35,421868	1,589388
35,424646	1,584785
35,427423	1,566702
35,430201	1,560455
35,432979	1,567031
35,435757	1,582812
35,438534	1,593991
35,441312	1,588073
35,444090	1,574593
35,446868	1,569004
35,449645	1,578210
35,452423	1,594320
35,455201	1,607800
35,457979	1,598594
35,460756	1,581169
35,463534	1,571963
35,466312	1,579853
35,469090	1,595635
35,471867	1,609115
35,474645	1,602211
35,477423	1,587415
35,480201	1,581826
35,482978	1,589388
35,485756	1,606814
35,488534	1,617006
35,491312	1,606485
35,494090	1,587087
35,496867	1,580511
35,499645	1,586758
35,502423	1,605827
35,505201	1,615033
35,507978	1,607471
35,510756	1,593333
35,513534	1,587415
35,516312	1,595306
35,519089	1,608786
35,521867	1,617335
35,524645	1,609773
35,527423	1,597608
35,530200	1,588731
35,532978	1,599909
35,535756	1,617006
35,538533	1,629828
35,541311	1,622924
35,544089	1,607471
35,546867	1,600567
35,549644	1,607800
35,552422	1,624897
35,555200	1,635089
35,557978	1,627856
35,560755	1,608457
35,563533	1,602211
35,566311	1,609773
35,569089	1,628513
35,571866	1,636733
35,574644	1,630157
35,577422	1,613389
35,580200	1,604841
35,582977	1,613060
35,585755	1,627198
35,588533	1,635418
35,591311	1,628184
35,594088	1,612732
35,596866	1,607471
35,599644	1,616677
35,602422	1,631801
35,605199	1,641993
35,607977	1,634103
35,610755	1,618321
35,613533	1,608786
35,616310	1,616019
35,619088	1,631143
35,621866	1,640678
35,624644	1,633445
35,627421	1,617335
35,630199	1,612074
35,632977	1,620951
35,635755	1,638048
35,638532	1,650542
35,641310	1,642980
35,644088	1,625554
35,646866	1,617335
35,649643	1,622924
35,652421	1,639034
35,655199	1,651857
35,657977	1,645281
35,660754	1,628184
35,663532	1,622266
35,666310	1,627856
35,669088	1,643637
35,671865	1,655473
35,674643	1,647911
35,677421	1,632459
35,680199	1,623910
35,682976	1,628184
35,685754	1,644295
35,688532	1,655473
35,691310	1,647254
35,694087	1,629828
35,696865	1,621280
35,699643	1,628842
35,702421	1,645281
35,705198	1,655473
35,707976	1,649555
35,710754	1,634103
35,713532	1,641993
35,716310	1,685064
35,719087	1,747532
35,721865	1,808686
35,724643	1,847154
35,727421	1,865237
35,730198	1,881676
35,732976	1,905019
35,735754	1,932966
35,738532	1,952364
35,741309	1,949734
35,744087	1,935267
35,746865	1,919815
35,749643	1,915540
35,752420	1,914883
35,755198	1,902718
35,757976	1,868853
35,760753	1,819865
35,763531	1,777780
35,766309	1,749176
35,769087	1,727806
35,771864	1,700517
35,774642	1,660076
35,777420	1,616677
35,780198	1,593005
35,782975	1,586429
35,785753	1,594320
35,788531	1,602211
35,791309	1,591690
35,794086	1,573278
35,796864	1,561770
35,799642	1,568017
35,802420	1,582484
35,805197	1,595635
35,807975	1,591361
35,810753	1,577881
35,813531	1,569332
35,816308	1,574922
35,819086	1,590703
35,821864	1,600567
35,824642	1,594320
35,827419	1,577881
35,830197	1,571305
35,832975	1,577881
35,835753	1,596950
35,838530	1,607471
35,841308	1,593662
35,844086	1,555852
35,846864	1,519357
35,849641	1,499630
35,852419	1,510809
35,855197	1,569004
35,857975	1,687694
35,860752	1,881676
35,863530	2,196650
35,866308	2,582641
35,869086	2,998551
35,871863	3,195821
35,874641	3,199766
35,877419	3,200095
35,880197	3,201739
35,882974	3,199109
35,885752	3,192204
35,888530	3,047211
35,891308	2,538255
35,894085	1,915212
35,896863	1,390475
35,899641	1,088324
35,902419	0,994621
35,905196	1,034403
35,907974	1,130408
35,910752	1,219508
35,913530	1,309265
35,916307	1,384557
35,919085	1,447025
35,921863	1,476945
35,924641	1,478588
35,927418	1,460177
35,930196	1,451957
35,932974	1,463136
35,935752	1,481547
35,938530	1,499959
35,941307	1,498315
35,944085	1,487794
35,946863	1,484507
35,949641	1,495356
35,952418	1,511138
35,955196	1,525604
35,957974	1,519686
35,960752	1,507850
35,963529	1,505220
35,966307	1,521001
35,969085	1,542701
35,971863	1,566702
35,974640	1,571963
35,977418	1,562757
35,980196	1,562428
35,982973	1,575579
35,985751	1,602539
35,988529	1,621938
35,991307	1,625225
35,994084	1,616019
35,996862	1,617663
35,999640	1,634431
36,002418	1,661063
36,005195	1,680461
36,007973	1,679475
36,010751	1,666981
36,013529	1,661720
36,016306	1,672899
36,019084	1,693283
36,021862	1,712024
36,024640	1,708079
36,027417	1,693941
36,030195	1,692297
36,032973	1,708079
36,035751	1,736025
36,038528	1,769890
36,041306	1,791918
36,044084	1,805727
36,046862	1,822166
36,049639	1,847154
36,052417	1,878388
36,055195	1,905019
36,057973	1,916527
36,060750	1,919157
36,063528	1,925404
36,066306	1,940857
36,069084	1,959597
36,071861	1,969132
36,074639	1,953679
36,077417	1,919486
36,080195	1,892526
36,082972	1,879046
36,085750	1,873785
36,088528	1,860634
36,091306	1,823810
36,094083	1,772849
36,096861	1,728463
36,099639	1,693941
36,102417	1,663035
36,105194	1,626541
36,107972	1,569990
36,110750	1,508836
36,113528	1,460177
36,116305	1,433216
36,119083	1,420723
36,121861	1,417435
36,124639	1,407900
36,127416	1,391790
36,130194	1,391461
36,132972	1,399681
36,135750	1,422038
36,138527	1,433874
36,141305	1,429929
36,144083	1,412832
36,146861	1,407571
36,149638	1,412503
36,152416	1,432230
36,155194	1,445053
36,157972	1,440450
36,160749	1,426970
36,163527	1,419079
36,166305	1,429600
36,169083	1,445381
36,171861	1,460177
36,174638	1,453930
36,177416	1,440121
36,180194	1,428942
36,182972	1,436504
36,185749	1,455574
36,188527	1,472670
36,191305	1,468067
36,194083	1,454587
36,196860	1,444724
36,199638	1,450313
36,202416	1,471026
36,205193	1,482534
36,207971	1,479246
36,210749	1,464451
36,213527	1,458204
36,216304	1,463464
36,219082	1,481547
36,221860	1,492068
36,224638	1,488452
36,227415	1,472342
36,230193	1,465766
36,232971	1,473985
36,235749	1,490096
36,238526	1,501274
36,241304	1,496343
36,244082	1,480561
36,246860	1,472013
36,249637	1,481547
36,252415	1,498315
36,255193	1,513768
36,257971	1,506535
36,260748	1,490425
36,263526	1,482205
36,266304	1,490425
36,269082	1,504233
36,271859	1,516727
36,274637	1,514754
36,277415	1,498315
36,280193	1,491740
36,282970	1,499302
36,285748	1,518700
36,288526	1,530207
36,291304	1,525933
36,294081	1,509494
36,296859	1,505220
36,299637	1,513111
36,302415	1,527577
36,305192	1,540728
36,307970	1,532180
36,310748	1,516070
36,313526	1,508179
36,316303	1,516070
36,319081	1,532509
36,321859	1,550263
36,324637	1,544016
36,327414	1,530865
36,330192	1,522316
36,332970	1,531522
36,335748	1,548948
36,338525	1,561113
36,341303	1,553551
36,344081	1,538756
36,346859	1,531522
36,349636	1,537112
36,352414	1,554208
36,355192	1,565387
36,357970	1,559140
36,360747	1,543687
36,363525	1,538427
36,366303	1,546975
36,369081	1,568675
36,371858	1,579525
36,374636	1,571963
36,377414	1,554537
36,380192	1,545989
36,382969	1,553551
36,385747	1,569661
36,388525	1,583470
36,391303	1,579525
36,394081	1,564401
36,396858	1,553551
36,399636	1,560455
36,402414	1,579196
36,405192	1,591361
36,407969	1,584785
36,410747	1,568675
36,413525	1,559798
36,416303	1,566702
36,419080	1,584785
36,421858	1,597608
36,424636	1,597608
36,427414	1,581497
36,430191	1,572620
36,432969	1,577223
36,435747	1,591690
36,438524	1,603197
36,441302	1,599909
36,444080	1,583799
36,446858	1,574922
36,449635	1,582484
36,452413	1,596950
36,455191	1,610759
36,457969	1,603855
36,460746	1,586758
36,463524	1,577552
36,466302	1,586429
36,469080	1,601882
36,471857	1,614376
36,474635	1,607142
36,477413	1,589717
36,480191	1,581826
36,482968	1,587415
36,485746	1,605498
36,488524	1,617335
36,491302	1,612074
36,494079	1,593662
36,496857	1,587087
36,499635	1,593333
36,502413	1,610101
36,505190	1,621609
36,507968	1,614376
36,510746	1,599909
36,513524	1,591032
36,516301	1,597608
36,519079	1,613389
36,521857	1,626212
36,524635	1,619965
36,527412	1,607471
36,530190	1,599909
36,532968	1,607142
36,535746	1,623581
36,538523	1,636075
36,541301	1,627198
36,544079	1,608786
36,546857	1,596621
36,549634	1,600895
36,552412	1,618979
36,555190	1,628842
36,557968	1,622924
36,560745	1,606814
36,563523	1,600238
36,566301	1,606156
36,569079	1,622924
36,571856	1,634760
36,574634	1,630157
36,577412	1,615691
36,580190	1,605827
36,582967	1,612732
36,585745	1,628842
36,588523	1,642322
36,591301	1,636733
36,594078	1,620622
36,596856	1,608786
36,599634	1,617992
36,602412	1,632459
36,605189	1,647254
36,607967	1,641007
36,610745	1,625883
36,613523	1,618650
36,616301	1,625225
36,619078	1,639363
36,621856	1,650213
36,624634	1,642651
36,627412	1,625225
36,630189	1,618321
36,632967	1,620622
36,635745	1,635089
36,638523	1,646267
36,641300	1,641007
36,644078	1,623581
36,646856	1,615691
36,649634	1,623253
36,652411	1,641665
36,655189	1,654487
36,657967	1,647583
36,660744	1,630157
36,663522	1,616019
36,666300	1,620622
36,669078	1,634760
36,671855	1,647254
36,674633	1,643637
36,677411	1,630157
36,680189	1,620622
36,682966	1,626869
36,685744	1,641993
36,688522	1,655802
36,691300	1,650213
36,694077	1,634431
36,696855	1,623253
36,699633	1,628842
36,702411	1,646267
36,705188	1,657446
36,707966	1,667310
36,710744	1,682105
36,713522	1,719915
36,716299	1,775150
36,719077	1,836633
36,721855	1,885950
36,724633	1,906334
36,727410	1,906006
36,730188	1,907321
36,732966	1,923760
36,735744	1,946446
36,738521	1,959926
36,741299	1,947104
36,744077	1,919815
36,746855	1,895813
36,749632	1,881676
36,752410	1,868524
36,755188	1,846496
36,757966	1,802110
36,760743	1,749505
36,763521	1,700845
36,766299	1,671584
36,769077	1,655802
36,771854	1,642322
36,774632	1,620622
36,777410	1,590374
36,780188	1,571305
36,782965	1,570648
36,785743	1,586100
36,788521	1,593662
36,791299	1,587087
36,794076	1,567031
36,796854	1,560126
36,799632	1,568017
36,802410	1,586100
36,805187	1,600238
36,807965	1,595964
36,810743	1,579196
36,813521	1,569004
36,816298	1,576237
36,819076	1,587744
36,821854	1,601224
36,824632	1,593333
36,827409	1,579853
36,830187	1,568675
36,832965	1,577552
36,835743	1,589059
36,838521	1,587415
36,841298	1,551907
36,844076	1,507521
36,846854	1,485164
36,849632	1,534153
36,852409	1,665666
36,855187	1,880689
36,857965	2,188430
36,860743	2,543187
36,863520	2,934767
36,866298	3,194177
36,869076	3,199437
36,871854	3,202397
36,874631	3,202397
36,877409	3,200424
36,880187	3,194177
36,882964	3,062993
36,885742	2,589874
36,888520	1,987873
36,891298	1,450313
36,894075	1,108708
36,896853	0,968647
36,899631	1,000210
36,902409	1,110352
36,905186	1,232659
36,907964	1,322417
36,910742	1,380282
36,913520	1,417106
36,916297	1,449984
36,919075	1,476616
36,921853	1,487794
36,924631	1,486150
36,927408	1,468067
36,930186	1,461492
36,932964	1,469054
36,935742	1,491082
36,938519	1,507521
36,941297	1,510152
36,944075	1,495028
36,946853	1,489109
36,949630	1,495356
36,952408	1,513111
36,955186	1,529550
36,957964	1,529878
36,960741	1,521330
36,963519	1,520344
36,966297	1,541057
36,969075	1,566373
36,971852	1,590046
36,974630	1,592018
36,977408	1,583141
36,980186	1,580511
36,982963	1,595306
36,985741	1,620622
36,988519	1,645281
36,991297	1,652514
36,994074	1,646596
36,996852	1,645281
36,999630	1,654158
37,002408	1,674872
37,005185	1,689996
37,007963	1,690324
37,010741	1,681118
37,013519	1,676844
37,016296	1,686708
37,019074	1,706106
37,021852	1,722545
37,024630	1,723860
37,027407	1,716956
37,030185	1,720244
37,032963	1,747532
37,035741	1,790274
37,038518	1,830714
37,041296	1,848140
37,044074	1,848798
37,046852	1,854058
37,049629	1,877402
37,052407	1,912910
37,055185	1,944473
37,057963	1,953679
37,060740	1,945131
37,063518	1,936582
37,066296	1,939870
37,069074	1,948419
37,071852	1,946117
37,074629	1,922445
37,077407	1,886608
37,080185	1,858003
37,082963	1,840907
37,085740	1,825783
37,088518	1,804741
37,091296	1,763314
37,094074	1,704133
37,096851	1,647254
37,099629	1,603526
37,102407	1,569004
37,105184	1,537769
37,107962	1,490753
37,110740	1,436833
37,113518	1,401982
37,116295	1,395735
37,119073	1,404941
37,121851	1,418750
37,124629	1,416120
37,127406	1,402311
37,130184	1,396064
37,132962	1,405270
37,135740	1,422038
37,138517	1,438806
37,141295	1,438477
37,144073	1,419736
37,146851	1,410530
37,149628	1,419079
37,152406	1,438148
37,155184	1,452615
37,157962	1,449327
37,160739	1,433216
37,163517	1,425983
37,166295	1,431244
37,169073	1,447025
37,171850	1,463464
37,174628	1,458533
37,177406	1,444395
37,180184	1,437491
37,182961	1,444066
37,185739	1,462149
37,188517	1,479575
37,191295	1,475629
37,194072	1,458204
37,196850	1,448012
37,199628	1,452943
37,202406	1,470698
37,205183	1,484835
37,207961	1,481547
37,210739	1,465437
37,213517	1,456231
37,216294	1,461163
37,219072	1,479904
37,221850	1,493055
37,224628	1,491411
37,227405	1,476616
37,230183	1,469711
37,232961	1,475958
37,235739	1,493055
37,238516	1,506206
37,241294	1,499302
37,244072	1,485822
37,246850	1,477931
37,249627	1,488123
37,252405	1,503576
37,255183	1,518700
37,257961	1,516070
37,260738	1,503247
37,263516	1,492726
37,266294	1,497987
37,269072	1,514426
37,271849	1,528563
37,274627	1,527906
37,277405	1,512453
37,280183	1,502918
37,282960	1,508179
37,285738	1,524947
37,288516	1,537112
37,291294	1,537440
37,294072	1,519357
37,296849	1,512782
37,299627	1,519029
37,302405	1,535468
37,305183	1,549277
37,307960	1,540400
37,310738	1,523303
37,313516	1,516398
37,316294	1,528563
37,319071	1,545002
37,321849	1,558811
37,324627	1,552564
37,327405	1,536454
37,330182	1,524947
37,332960	1,530865
37,335738	1,546646
37,338515	1,560455
37,341293	1,554208
37,344071	1,535139
37,346849	1,527577
37,349626	1,533495
37,352404	1,550921
37,355182	1,563414
37,357960	1,559798
37,360737	1,542372
37,363515	1,537440
37,366293	1,544016
37,369071	1,563743
37,371848	1,574593
37,374626	1,566702
37,377404	1,548619
37,380182	1,539742
37,382959	1,546318
37,385737	1,566045
37,388515	1,579525
37,391293	1,572620
37,394070	1,558154
37,396848	1,544345
37,399626	1,551249
37,402404	1,567031
37,405181	1,581826
37,407959	1,577552
37,410737	1,566373
37,413515	1,556510
37,416292	1,564401
37,419070	1,584456
37,421848	1,597608
37,424626	1,596293
37,427403	1,577552
37,430181	1,568017
37,432959	1,570319
37,435737	1,588731
37,438514	1,599580
37,441292	1,597608
37,444070	1,579853
37,446848	1,569661
37,449625	1,576894
37,452403	1,594977
37,455181	1,611088
37,457959	1,607142
37,460736	1,591032
37,463514	1,577223
37,466292	1,582812
37,469070	1,593333
37,471847	1,609115
37,474625	1,605170
37,477403	1,591361
37,480181	1,581169
37,482958	1,589388
37,485736	1,605170
37,488514	1,618979
37,491292	1,613060
37,494069	1,595635
37,496847	1,587087
37,499625	1,591032
37,502403	1,607142
37,505180	1,619307
37,507958	1,613718
37,510736	1,594977
37,513514	1,589388
37,516292	1,593005
37,519069	1,612403
37,521847	1,625554
37,524625	1,617663
37,527403	1,598923
37,530180	1,587744
37,532958	1,593991
37,535736	1,609444
37,538514	1,626869
37,541291	1,621280
37,544069	1,608457
37,546847	1,598923
37,549625	1,604841
37,552402	1,617006
37,555180	1,630486
37,557958	1,626212
37,560735	1,611417
37,563513	1,602868
37,566291	1,609444
37,569069	1,626541
37,571846	1,638705
37,574624	1,636733
37,577402	1,619307
37,580180	1,610759
37,582957	1,612732
37,585735	1,627527
37,588513	1,636075
37,591291	1,633445
37,594068	1,619636
37,596846	1,611417
37,599624	1,617663
37,602402	1,630815
37,605179	1,641336
37,607957	1,635418
37,610735	1,622595
37,613513	1,614047
37,616290	1,624239
37,619068	1,636404
37,621846	1,649884
37,624624	1,643637
37,627401	1,628513
37,630179	1,618650
37,632957	1,626212
37,635735	1,639692
37,638512	1,651199
37,641290	1,645939
37,644068	1,626869
37,646846	1,616677
37,649623	1,620294
37,652401	1,634431
37,655179	1,647911
37,657957	1,644624
37,660734	1,625554
37,663512	1,617992
37,666290	1,623910
37,669068	1,639363
37,671845	1,652514
37,674623	1,645939
37,677401	1,630486
37,680179	1,619965
37,682956	1,624239
37,685734	1,637062
37,688512	1,650870
37,691290	1,646267
37,694067	1,634103
37,696845	1,624568
37,699623	1,629828
37,702401	1,654158
37,705178	1,697229
37,707956	1,736683
37,710734	1,772520
37,713512	1,811316
37,716289	1,857346
37,719067	1,900416
37,721845	1,930993
37,724623	1,938555
37,727400	1,932637
37,730178	1,931651
37,732956	1,937569
37,735734	1,946446
37,738512	1,948090
37,741289	1,929020
37,744067	1,891539
37,746845	1,855702
37,749623	1,826112
37,752400	1,806385
37,755178	1,782055
37,757956	1,738984
37,760734	1,687037
37,763511	1,639034
37,766289	1,618321
37,769067	1,613060
37,771845	1,614047
37,774622	1,600895
37,777400	1,581169
37,780178	1,566702
37,782955	1,571305
37,785733	1,583799
37,788511	1,595635
37,791289	1,591032
37,794066	1,573607
37,796844	1,565387
37,799622	1,569332
37,802400	1,583799
37,805177	1,594977
37,807955	1,593662
37,810733	1,579525
37,813511	1,573935
37,816288	1,580511
37,819066	1,595635
37,821844	1,608457
37,824622	1,604841
37,827399	1,587415
37,830177	1,573278
37,832955	1,561770
37,835733	1,546646
37,838510	1,532180
37,841288	1,515083
37,844066	1,537440
37,846844	1,630815
37,849621	1,832358
37,852399	2,150949
37,855177	2,527405
37,857955	2,926548
37,860732	3,193848
37,863510	3,198780
37,866288	3,201410
37,869066	3,201410
37,871843	3,199766
37,874621	3,194835
37,877399	3,097515
37,880177	2,646096
37,882954	2,042779
37,885732	1,508179
37,888510	1,161313
37,891288	1,002512
37,894065	0,992319
37,896843	1,072542
37,899621	1,186958
37,902399	1,303347
37,905176	1,392119
37,907954	1,441107
37,910732	1,456889
37,913510	1,458204
37,916287	1,463464
37,919065	1,476945
37,921843	1,490425
37,924621	1,487794
37,927398	1,476616
37,930176	1,472670
37,932954	1,482534
37,935732	1,502590
37,938509	1,518700
37,941287	1,517714
37,944065	1,503576
37,946843	1,495028
37,949620	1,504891
37,952398	1,525276
37,955176	1,545989
37,957954	1,546975
37,960731	1,540400
37,963509	1,539413
37,966287	1,556510
37,969065	1,583141
37,971843	1,607471
37,974620	1,613718
37,977398	1,605498
37,980176	1,601553
37,982954	1,615033
37,985731	1,636733
37,988509	1,656789
37,991287	1,662378
37,994065	1,654487
37,996842	1,650542
37,999620	1,662049
38,002398	1,682434
38,005175	1,701174
38,007953	1,702161
38,010731	1,689338
38,013509	1,684735
38,016286	1,693612
38,019064	1,714325
38,021842	1,732080
38,024620	1,739642
38,027397	1,744245
38,030175	1,761341
38,032953	1,794548
38,035731	1,835975
38,038508	1,869511
38,041286	1,881676
38,044064	1,882333
38,046842	1,890224
38,049619	1,913896
38,052397	1,943487
38,055175	1,966502
38,057953	1,964200
38,060730	1,945788
38,063508	1,926719
38,066286	1,920801
38,069064	1,919157
38,071841	1,914225
38,074619	1,891539
38,077397	1,852085
38,080175	1,811316
38,082952	1,781068
38,085730	1,758711
38,088508	1,729121
38,091286	1,681776
38,094063	1,617335
38,096841	1,554537
38,099619	1,514097
38,102397	1,487137
38,105174	1,464780
38,107952	1,432230
38,110730	1,399023
38,113508	1,378967
38,116285	1,389160
38,119063	1,407900
38,121841	1,427298
38,124619	1,429600
38,127396	1,418750
38,130174	1,409215
38,132952	1,415133
38,135730	1,428942
38,138507	1,442094
38,141285	1,441436
38,144063	1,424668
38,146841	1,418750
38,149618	1,425654
38,152396	1,443737
38,155174	1,454587
38,157952	1,452943
38,160729	1,438477
38,163507	1,433874
38,166285	1,438477
38,169063	1,455245
38,171840	1,469383
38,174618	1,467410
38,177396	1,452943
38,180174	1,444724
38,182951	1,452286
38,185729	1,466095
38,188507	1,483191
38,191285	1,478588
38,194063	1,464122
38,196840	1,451299
38,199618	1,459190
38,202396	1,473985
38,205174	1,490753
38,207951	1,489438
38,210729	1,474314
38,213507	1,463136
38,216285	1,466423
38,219062	1,484178
38,221840	1,499630
38,224618	1,497329
38,227396	1,481219
38,230173	1,474643
38,232951	1,477931
38,235729	1,497329
38,238506	1,510152
38,241284	1,508836
38,244062	1,495685
38,246840	1,487137
38,249617	1,491740
38,252395	1,508836
38,255173	1,527577
38,257951	1,523960
38,260728	1,511138
38,263506	1,495685
38,266284	1,502590
38,269062	1,516727
38,271839	1,532180
38,274617	1,529550
38,277395	1,515741
38,280173	1,502918
38,282950	1,510480
38,285728	1,527577
38,288506	1,541057
38,291284	1,539742
38,294061	1,521988
38,296839	1,514754
38,299617	1,519029
38,302395	1,535468
38,305172	1,546318
38,307950	1,548619
38,310728	1,532180
38,313506	1,522974
38,316283	1,528892
38,319061	1,543687
38,321839	1,556839
38,324617	1,555524
38,327394	1,539413
38,330172	1,527577
38,332950	1,536783
38,335728	1,549934
38,338505	1,566373
38,341283	1,562757
38,344061	1,547304
38,346839	1,535797
38,349616	1,543030
38,352394	1,556839
38,355172	1,570648
38,357950	1,566373
38,360727	1,550263
38,363505	1,539742
38,366283	1,543687
38,369061	1,559798
38,371838	1,572949
38,374616	1,571634
38,377394	1,554866
38,380172	1,548290
38,382949	1,551249
38,385727	1,567688
38,388505	1,580840
38,391283	1,578867
38,394060	1,563086
38,396838	1,556181
38,399616	1,564072
38,402394	1,581826
38,405171	1,594977
38,407949	1,586429
38,410727	1,571634
38,413505	1,560784
38,416283	1,569004
38,419060	1,582484
38,421838	1,597608
38,424616	1,591032
38,427394	1,578210
38,430171	1,569332
38,432949	1,575579
38,435727	1,592347
38,438505	1,606485
38,441282	1,602211
38,444060	1,582484
38,446838	1,572291
38,449616	1,576566
38,452393	1,592347
38,455171	1,602868
38,457949	1,601882
38,460726	1,585771
38,463504	1,576237
38,466282	1,583799
38,469060	1,600567
38,471837	1,615033
38,474615	1,612403
38,477393	1,597608
38,480171	1,583799
38,482948	1,591361
38,485726	1,604183
38,488504	1,618321
38,491282	1,614047
38,494059	1,596950
38,496837	1,586758
38,499615	1,592676
38,502393	1,608786
38,505170	1,625225
38,507948	1,622924
38,510726	1,603197
38,513504	1,592347
38,516281	1,593662
38,519059	1,607800
38,521837	1,622924
38,524615	1,623910
38,527392	1,610759
38,530170	1,601882
38,532948	1,603526
38,535726	1,615362
38,538503	1,627856
38,541281	1,622266
38,544059	1,607142
38,546837	1,598923
38,549614	1,603855
38,552392	1,620622
38,555170	1,635089
38,557948	1,630815
38,560725	1,616348
38,563503	1,603197
38,566281	1,606814
38,569059	1,620951
38,571836	1,634431
38,574614	1,630486
38,577392	1,616019
38,580170	1,605827
38,582947	1,609115
38,585725	1,625554
38,588503	1,639692
38,591281	1,637390
38,594058	1,622266
38,596836	1,612074
38,599614	1,614376
38,602392	1,628842
38,605169	1,642322
38,607947	1,639034
38,610725	1,621280
38,613503	1,610430
38,616280	1,615362
38,619058	1,632130
38,621836	1,645610
38,624614	1,644295
38,627391	1,627527
38,630169	1,613718
38,632947	1,617335
38,635725	1,631801
38,638503	1,646925
38,641280	1,644295
38,644058	1,629500
38,646836	1,617663
38,649614	1,623253
38,652391	1,637719
38,655169	1,653501
38,657947	1,650870
38,660725	1,631472
38,663502	1,620622
38,666280	1,626212
38,669058	1,643308
38,671836	1,657117
38,674613	1,654816
38,677391	1,637719
38,680169	1,628184
38,682946	1,634103
38,685724	1,647254
38,688502	1,659419
38,691280	1,654487
38,694057	1,637719
38,696835	1,633445
38,699613	1,665994
38,702391	1,725175
38,705168	1,789945
38,707946	1,835975
38,710724	1,861620
38,713502	1,877402
38,716279	1,899101
38,719057	1,924746
38,721835	1,949405
38,724613	1,953350
38,727390	1,940528
38,730168	1,925404
38,732946	1,921787
38,735724	1,923431
38,738501	1,918828
38,741279	1,887265
38,744057	1,834331
38,746835	1,786658
38,749612	1,753779
38,752390	1,730765
38,755168	1,707750
38,757946	1,671255
38,760723	1,628842
38,763501	1,594649
38,766279	1,585114
38,769057	1,590046
38,771834	1,598265
38,774612	1,594320
38,777390	1,578210
38,780168	1,565058
38,782945	1,568675
38,785723	1,583799
38,788501	1,594977
38,791279	1,593991
38,794056	1,577881
38,796834	1,567031
38,799612	1,571634
38,802390	1,587744
38,805167	1,600567
38,807945	1,598594
38,810723	1,579525
38,813501	1,566373
38,816278	1,570319
38,819056	1,586429
38,821834	1,601882
38,824612	1,599580
38,827389	1,569990
38,830167	1,532838
38,832945	1,509823
38,835723	1,506206
38,838500	1,552236
38,841278	1,642980
38,844056	1,815919
38,846834	2,093741
38,849611	2,453758
38,852389	2,870983
38,855167	3,190889
38,857945	3,198122
38,860722	3,200095
38,863500	3,201081
38,866278	3,200753
38,869056	3,195821
38,871834	3,134338
38,874611	2,719743
38,877389	2,101303
38,880167	1,533824
38,882945	1,159670
38,885722	1,006128
38,888500	1,015663
38,891278	1,096872
38,894056	1,192219
38,896833	1,281977
38,899611	1,365487
38,902389	1,435847
38,905166	1,483520
38,907944	1,486479
38,910722	1,474314
38,913500	1,457875
38,916277	1,463464
38,919055	1,477931
38,921833	1,497658
38,924611	1,499302
38,927388	1,488123
38,930166	1,482534
38,932944	1,489767
38,935722	1,506206
38,938499	1,518700
38,941277	1,517385
38,944055	1,507521
38,946833	1,503905
38,949610	1,514097
38,952388	1,537769
38,955166	1,558154
38,957944	1,568346
38,960721	1,561113
38,963499	1,557496
38,966277	1,569661
38,969055	1,590703
38,971832	1,612074
38,974610	1,619965
38,977388	1,618650
38,980166	1,618979
38,982943	1,633774
38,985721	1,653501
38,988499	1,673556
38,991277	1,678488
38,994054	1,667967
38,996832	1,658432
38,999610	1,668953
39,002388	1,685721
39,005165	1,705777
39,007943	1,707421
39,010721	1,697229
39,013499	1,691639
39,016276	1,703476
39,019054	1,729778
39,021832	1,763314
39,024610	1,788302
39,027387	1,801782
39,030165	1,816577
39,032943	1,839592
39,035721	1,869511
39,038498	1,898772
39,041276	1,914883
39,044054	1,917842
39,046832	1,924746
39,049609	1,939542
39,052387	1,956967
39,055165	1,972091
39,057943	1,962228
39,060720	1,930336
39,063498	1,900745
39,066276	1,883320
39,069054	1,876086
39,071831	1,864908
39,074609	1,834660
39,077387	1,789945
39,080165	1,743916
39,082942	1,708407
39,085720	1,680790
39,088498	1,645610
39,091276	1,590703
39,094054	1,522645
39,096831	1,469383
39,099609	1,432230
39,102387	1,422367
39,105165	1,417764
39,107942	1,410530
39,110720	1,395078
39,113498	1,387187
39,116276	1,395078
39,119053	1,413161
39,121831	1,431901
39,124609	1,431901
39,127387	1,420394
39,130164	1,408229
39,132942	1,414147
39,135720	1,430586
39,138497	1,447354
39,141275	1,444724
39,144053	1,431244
39,146831	1,418750
39,149608	1,427956
39,152386	1,442751
39,155164	1,459190
39,157942	1,459190
39,160719	1,444066
39,163497	1,433216
39,166275	1,438477
39,169053	1,456231
39,171830	1,470698
39,174608	1,472999
39,177386	1,457875
39,180164	1,447354
39,182941	1,449656
39,185719	1,466752
39,188497	1,483191
39,191275	1,483520
39,194052	1,467739
39,196830	1,456560
39,199608	1,460505
39,202386	1,475629
39,205163	1,492068
39,207941	1,489767
39,210719	1,475301
39,213497	1,463793
39,216274	1,472670
39,219052	1,487794
39,221830	1,504891
39,224608	1,500288
39,227385	1,485822
39,230163	1,472999
39,232941	1,479246
39,235719	1,496343
39,238496	1,512453
39,241274	1,512124
39,244052	1,495685
39,246830	1,486479
39,249607	1,490425
39,252385	1,510480
39,255163	1,523303
39,257941	1,521001
39,260718	1,505877
39,263496	1,495685
39,266274	1,497000
39,269052	1,514754
39,271829	1,529878
39,274607	1,528235
39,277385	1,514097
39,280163	1,501603
39,282940	1,509823
39,285718	1,525276
39,288496	1,543687
39,291274	1,542372
39,294051	1,529550
39,296829	1,516070
39,299607	1,519357
39,302385	1,533495
39,305162	1,548948
39,307940	1,546318
39,310718	1,531851
39,313496	1,519686
39,316274	1,523960
39,319051	1,542043
39,321829	1,558811
39,324607	1,559798
39,327385	1,542701
39,330162	1,528892
39,332940	1,531522
39,335718	1,546975
39,338496	1,563743
39,341273	1,566045
39,344051	1,552893
39,346829	1,540400
39,349607	1,545002
39,352384	1,559798
39,355162	1,575250
39,357940	1,574264
39,360717	1,557496
39,363495	1,544016
39,366273	1,547633
39,369051	1,563086
39,371828	1,578867
39,374606	1,576894
39,377384	1,560126
39,380162	1,549277
39,382939	1,551249
39,385717	1,568346
39,388495	1,585771
39,391273	1,585771
39,394050	1,570648
39,396828	1,561113
39,399606	1,562099
39,402384	1,575908
39,405161	1,592018
39,407939	1,591032
39,410717	1,579196
39,413495	1,568346
39,416272	1,571963
39,419050	1,585771
39,421828	1,599909
39,424606	1,596621
39,427383	1,583470
39,430161	1,572949
39,432939	1,575579
39,435717	1,589717
39,438494	1,606485
39,441272	1,607142
39,444050	1,593005
39,446828	1,578867
39,449605	1,580840
39,452383	1,595964
39,455161	1,608129
39,457939	1,605827
39,460716	1,587087
39,463494	1,579196
39,466272	1,583799
39,469050	1,599909
39,471827	1,614047
39,474605	1,613389
39,477383	1,603197
39,480161	1,591690
39,482938	1,596293
39,485716	1,608129
39,488494	1,620622
39,491272	1,617006
39,494049	1,599252
39,496827	1,584785
39,499605	1,589059
39,502383	1,603197
39,505160	1,617992
39,507938	1,618650
39,510716	1,604841
39,513494	1,593333
39,516271	1,596293
39,519049	1,611745
39,521827	1,626869
39,524605	1,626869
39,527382	1,610430
39,530160	1,597279
39,532938	1,600895
39,535716	1,615033
39,538494	1,631801
39,541271	1,629828
39,544049	1,615033
39,546827	1,604841
39,549605	1,609115
39,552382	1,618979
39,555160	1,632459
39,557938	1,628513
39,560716	1,613389
39,563493	1,602539
39,566271	1,608129
39,569049	1,624239
39,571827	1,641993
39,574604	1,636733
39,577382	1,620951
39,580160	1,610101
39,582937	1,613389
39,585715	1,628184
39,588493	1,641007
39,591271	1,639363
39,594048	1,623581
39,596826	1,613718
39,599604	1,612403
39,602382	1,627198
39,605159	1,641336
39,607937	1,642322
39,610715	1,625883
39,613493	1,614047
39,616270	1,616677
39,619048	1,631472
39,621826	1,647911
39,624604	1,646267
39,627381	1,634760
39,630159	1,622266
39,632937	1,627856
39,635715	1,640678
39,638492	1,655473
39,641270	1,650870
39,644048	1,636404
39,646826	1,622924
39,649603	1,624897
39,652381	1,636733
39,655159	1,649227
39,657937	1,646596
39,660714	1,632459
39,663492	1,622266
39,666270	1,625554
39,669048	1,641007
39,671825	1,653829
39,674603	1,652186
39,677381	1,634760
39,680159	1,624239
39,682936	1,630157
39,685714	1,645281
39,688492	1,660405
39,691270	1,664351
39,694047	1,675200
39,696825	1,706435
39,699603	1,758711
39,702381	1,823481
39,705158	1,876415
39,707936	1,900745
39,710714	1,901732
39,713492	1,900416
39,716269	1,914883
39,719047	1,938555
39,721825	1,958940
39,724603	1,955323
39,727380	1,932966
39,730158	1,906334
39,732936	1,888909
39,735714	1,876744
39,738491	1,856360
39,741269	1,818550
39,744047	1,767917
39,746825	1,718600
39,749602	1,681118
39,752380	1,658761
39,755158	1,643966
39,757936	1,620951
39,760713	1,591690
39,763491	1,569004
39,766269	1,566045
39,769047	1,579525
39,771825	1,594320
39,774602	1,588402
39,777380	1,574593
39,780158	1,561770
39,782936	1,568017
39,785713	1,582155
39,788491	1,598265
39,791269	1,593662
39,794047	1,580511
39,796824	1,568017
39,799602	1,570319
39,802380	1,585443
39,805157	1,599252
39,807935	1,596950
39,810713	1,584128
39,813491	1,573278
39,816268	1,576237
39,819046	1,591032
39,821824	1,586100
39,824602	1,560455
39,827379	1,513439
39,830157	1,485164
39,832935	1,511138
39,835713	1,612403
39,838490	1,809015
39,841268	2,084206
39,844046	2,416934
39,846824	2,810487
39,849601	3,177080
39,852379	3,198780
39,855157	3,202068
39,857935	3,202068
39,860712	3,200424
39,863490	3,195821
39,866268	3,147490
39,869046	2,772348
39,871823	2,181854
39,874601	1,612403
39,877379	1,197808
39,880157	0,995607
39,882934	0,977853
39,885712	1,071556
39,888490	1,196164
39,891268	1,299731
39,894045	1,362528
39,896823	1,411188
39,899601	1,446368
39,902379	1,478917
39,905156	1,496014
39,907934	1,493055
39,910712	1,476616
39,913490	1,463464
39,916267	1,467081
39,919045	1,485822
39,921823	1,506206
39,924601	1,509494
39,927378	1,502918
39,930156	1,494370
39,932934	1,500617
39,935712	1,516070
39,938489	1,535468
39,941267	1,537440
39,944045	1,530865
39,946823	1,523960
39,949600	1,536454
39,952378	1,562757
39,955156	1,587415
39,957934	1,593991
39,960711	1,584456
39,963489	1,580182
39,966267	1,588402
39,969045	1,613718
39,971822	1,639034
39,974600	1,649227
39,977378	1,639363
39,980156	1,633774
39,982933	1,643966
39,985711	1,665666
39,988489	1,686050
39,991267	1,689009
39,994045	1,677831
39,996822	1,668953
39,999600	1,676515
40,002378	1,693612
40,005156	1,713997
40,007933	1,719257
40,010711	1,712024
40,013489	1,707092
40,016267	1,730765
40,019044	1,771862
40,021822	1,819207
40,024600	1,844195
40,027378	1,847811
40,030155	1,850441
40,032933	1,871155
40,035711	1,901074
40,038488	1,934939
40,041266	1,949734
40,044044	1,944802
40,046822	1,934610
40,049599	1,938884
40,052377	1,949076
40,055155	1,953350
40,057933	1,936254
40,060710	1,901732
40,063488	1,869182
40,066266	1,847482
40,069044	1,831701
40,071821	1,813618
40,074599	1,776465
40,077377	1,721230
40,080155	1,665994
40,082932	1,620294
40,085710	1,584128
40,088488	1,550921
40,091266	1,504562
40,094043	1,451628
40,096821	1,408887
40,099599	1,389160
40,102377	1,393763
40,105154	1,409873
40,107932	1,411517
40,110710	1,401982
40,113488	1,395406
40,116265	1,404612
40,119043	1,420723
40,121821	1,435847
40,124599	1,436175
40,127376	1,422367
40,130154	1,408887
40,132932	1,409873
40,135710	1,426641
40,138487	1,442422
40,141265	1,441765
40,144043	1,433216
40,146821	1,423353
40,149598	1,429929
40,152376	1,446697
40,155154	1,461163
40,157932	1,460505
40,160709	1,446368
40,163487	1,434203
40,166265	1,437819
40,169043	1,455245
40,171820	1,471684
40,174598	1,474972
40,177376	1,463464
40,180154	1,452943
40,182931	1,457546
40,185709	1,472999
40,188487	1,483849
40,191265	1,480890
40,194042	1,465766
40,196820	1,455902
40,199598	1,458861
40,202376	1,473328
40,205153	1,491411
40,207931	1,491411
40,210709	1,479575
40,213487	1,469711
40,216265	1,477273
40,219042	1,492397
40,221820	1,510152
40,224598	1,508179
40,227376	1,492068
40,230153	1,481547
40,232931	1,482863
40,235709	1,500288
40,238487	1,518371
40,241264	1,520344
40,244042	1,507192
40,246820	1,498315
40,249598	1,500617
40,252375	1,514754
40,255153	1,530536
40,257931	1,528563
40,260708	1,512453
40,263486	1,499302
40,266264	1,499959
40,269042	1,516070
40,271819	1,535797
40,274597	1,535468
40,277375	1,522645
40,280153	1,509494
40,282930	1,514754
40,285708	1,530536
40,288486	1,547633
40,291264	1,549277
40,294041	1,535797
40,296819	1,521330
40,299597	1,521659
40,302375	1,537440
40,305152	1,552236
40,307930	1,552236
40,310708	1,537769
40,313486	1,527577
40,316263	1,530536
40,319041	1,546975
40,321819	1,560455
40,324597	1,559469
40,327374	1,545331
40,330152	1,534153
40,332930	1,538427
40,335708	1,553551
40,338485	1,568346
40,341263	1,567360
40,344041	1,553222
40,346819	1,539084
40,349596	1,545660
40,352374	1,560126
40,355152	1,578210
40,357930	1,578538
40,360707	1,564729
40,363485	1,549605
40,366263	1,552564
40,369041	1,565716
40,371818	1,580840
40,374596	1,579525
40,377374	1,562099
40,380152	1,553551
40,382929	1,556510
40,385707	1,573935
40,388485	1,589717
40,391263	1,591361
40,394040	1,574593
40,396818	1,564729
40,399596	1,564401
40,402374	1,580182
40,405151	1,596621
40,407929	1,598265
40,410707	1,581497
40,413485	1,568346
40,416262	1,570319
40,419040	1,584128
40,421818	1,600895
40,424596	1,597608
40,427373	1,584785
40,430151	1,568346
40,432929	1,573935
40,435707	1,589717
40,438484	1,608129
40,441262	1,605827
40,444040	1,589059
40,446818	1,575579
40,449596	1,576237
40,452373	1,592018
40,455151	1,608457
40,457929	1,611088
40,460707	1,596950
40,463484	1,584785
40,466262	1,585443
40,469040	1,601553
40,471818	1,615691
40,474595	1,619307
40,477373	1,604183
40,480151	1,592018
40,482928	1,591690
40,485706	1,605170
40,488484	1,620622
40,491262	1,618650
40,494039	1,604512
40,496817	1,588073
40,499595	1,591032
40,502373	1,604841
40,505150	1,622266
40,507928	1,620622
40,510706	1,606814
40,513484	1,592018
40,516261	1,595964
40,519039	1,612074
40,521817	1,628513
40,524595	1,627856
40,527372	1,610759
40,530150	1,597608
40,532928	1,599252
40,535706	1,613718
40,538483	1,627527
40,541261	1,629828
40,544039	1,612732
40,546817	1,602868
40,549594	1,604183
40,552372	1,617663
40,555150	1,631143
40,557928	1,630157
40,560705	1,612732
40,563483	1,598594
40,566261	1,601553
40,569039	1,615691
40,571816	1,635746
40,574594	1,635746
40,577372	1,624239
40,580150	1,611088
40,582927	1,614047
40,585705	1,626212
40,588483	1,642651
40,591261	1,642322
40,594038	1,627198
40,596816	1,615033
40,599594	1,619307
40,602372	1,634431
40,605149	1,648240
40,607927	1,646925
40,610705	1,629828
40,613483	1,618979
40,616260	1,618650
40,619038	1,633445
40,621816	1,647254
40,624594	1,648898
40,627371	1,633445
40,630149	1,619636
40,632927	1,617992
40,635705	1,632787
40,638482	1,646925
40,641260	1,645939
40,644038	1,633445
40,646816	1,620951
40,649593	1,625225
40,652371	1,639034
40,655149	1,655145
40,657927	1,652186
40,660704	1,637390
40,663482	1,621938
40,666260	1,625225
40,669038	1,637719
40,671816	1,653172
40,674593	1,653829
40,677371	1,637390
40,680149	1,622924
40,682927	1,622595
40,685704	1,641665
40,688482	1,682762
40,691260	1,725175
40,694038	1,761013
40,696815	1,798494
40,699593	1,842222
40,702371	1,887594
40,705148	1,923431
40,707926	1,938555
40,710704	1,935596
40,713482	1,929020
40,716259	1,930336
40,719037	1,940199
40,721815	1,947104
40,724593	1,935925
40,727370	1,904362
40,730148	1,866881
40,732926	1,836961
40,735704	1,815262
40,738481	1,795206
40,741259	1,755094
40,744037	1,703476
40,746815	1,653501
40,749592	1,624897
40,752370	1,616019
40,755148	1,616677
40,757926	1,607800
40,760703	1,586100
40,763481	1,570976
40,766259	1,569004
40,769037	1,580511
40,771814	1,591032
40,774592	1,588073
40,777370	1,570319
40,780148	1,557825
40,782925	1,562099
40,785703	1,580511
40,788481	1,600567
40,791259	1,602211
40,794036	1,592347
40,796814	1,576894
40,799592	1,577881
40,802370	1,587744
40,805147	1,602211
40,807925	1,598265
40,810703	1,583799
40,813481	1,570648
40,816258	1,561113
40,819036	1,552893
40,821814	1,537769
40,824592	1,519357
40,827369	1,521988
40,830147	1,585114
40,832925	1,760355
40,835703	2,038176
40,838480	2,394577
40,841258	2,797993
40,844036	3,161956
40,846814	3,197136
40,849591	3,199109
40,852369	3,200753
40,855147	3,200424
40,857925	3,197465
40,860702	3,167546
40,863480	2,816076
40,866258	2,226240
40,869036	1,658761
40,871813	1,248770
40,874591	1,036376
40,877369	0,987059
40,880147	1,042952
40,882924	1,152765
40,885702	1,270140
40,888480	1,369433
40,891258	1,431244
40,894036	1,453601
40,896813	1,456889
40,899591	1,461163
40,902369	1,473328
40,905147	1,487794
40,907924	1,490096
40,910702	1,477931
40,913480	1,470369
40,916258	1,476616
40,919035	1,494699
40,921813	1,516398
40,924591	1,520344
40,927369	1,503905
40,930146	1,492397
40,932924	1,498315
40,935702	1,518700
40,938479	1,545331
40,941257	1,551578
40,944035	1,547962
40,946813	1,543359
40,949590	1,553551
40,952368	1,574922
40,955146	1,599580
40,957924	1,609444
40,960701	1,601882
40,963479	1,596293
40,966257	1,607142
40,969035	1,629500
40,971812	1,649555
40,974590	1,657775
40,977368	1,651857
40,980146	1,645610
40,982923	1,652514
40,985701	1,672570
40,988479	1,694270
40,991257	1,699201
40,994034	1,689667
40,996812	1,680132
40,999590	1,684077
41,002368	1,704462
41,005145	1,727148
41,007923	1,736683
41,010701	1,739642
41,013479	1,748519
41,016256	1,780082
41,019034	1,819865
41,021812	1,858332
41,024590	1,875758
41,027367	1,877073
41,030145	1,880689
41,032923	1,901732
41,035701	1,935596
41,038478	1,961899
41,041256	1,964529
41,044034	1,948090
41,046812	1,931651
41,049589	1,922116
41,052367	1,918828
41,055145	1,912253
41,057923	1,891539
41,060700	1,850113
41,063478	1,808028
41,066256	1,777123
41,069034	1,758054
41,071811	1,738327
41,074589	1,696242
41,077367	1,631801
41,080145	1,564401
41,082922	1,520015
41,085700	1,487794
41,088478	1,469383
41,091256	1,439135
41,094033	1,403297
41,096811	1,381598
41,099589	1,382913
41,102367	1,402311
41,105144	1,424997
41,107922	1,432230
41,110700	1,416449
41,113478	1,405270
41,116255	1,404612
41,119033	1,420723
41,121811	1,438148
41,124589	1,441765
41,127367	1,429600
41,130144	1,418750
41,132922	1,422367
41,135700	1,437162
41,138478	1,454587
41,141255	1,453272
41,144033	1,441436
41,146811	1,429600
41,149589	1,433216
41,152366	1,446697
41,155144	1,467739
41,157922	1,469383
41,160699	1,458533
41,163477	1,443409
41,166255	1,445053
41,169033	1,459190
41,171810	1,476287
41,174588	1,479575
41,177366	1,463464
41,180144	1,449984
41,182921	1,451628
41,185699	1,469711
41,188477	1,483191
41,191255	1,488452
41,194032	1,473985
41,196810	1,463136
41,199588	1,465766
41,202366	1,481876
41,205143	1,496014
41,207921	1,498315
41,210699	1,480561
41,213477	1,465766
41,216254	1,471026
41,219032	1,483520
41,221810	1,503905
41,224588	1,504891
41,227365	1,496343
41,230143	1,482534
41,232921	1,488781
41,235699	1,498315
41,238476	1,513111
41,241254	1,513768
41,244032	1,499630
41,246810	1,488781
41,249587	1,492068
41,252365	1,509165
41,255143	1,525276
41,257921	1,528563
41,260698	1,510152
41,263476	1,501932
41,266254	1,500617
41,269032	1,518700
41,271809	1,534153
41,274587	1,537440
41,277365	1,524618
41,280143	1,515083
41,282920	1,515083
41,285698	1,527906
41,288476	1,542372
41,291254	1,543030
41,294031	1,531194
41,296809	1,519029
41,299587	1,523960
41,302365	1,535797
41,305142	1,553880
41,307920	1,552564
41,310698	1,543359
41,313476	1,527906
41,316253	1,528892
41,319031	1,542043
41,321809	1,558154
41,324587	1,561770
41,327364	1,548948
41,330142	1,536125
41,332920	1,534810
41,335698	1,550592
41,338475	1,568675
41,341253	1,573278
41,344031	1,559469
41,346809	1,548290
41,349587	1,548290
41,352364	1,561770
41,355142	1,573607
41,357920	1,574922
41,360698	1,561113
41,363475	1,545660
41,366253	1,545331
41,369031	1,558483
41,371809	1,575908
41,374586	1,578538
41,377364	1,567688
41,380142	1,552564
41,382919	1,558154
41,385697	1,571305
41,388475	1,587744
41,391253	1,588073
41,394030	1,573278
41,396808	1,557167
41,399586	1,559140
41,402364	1,575579
41,405141	1,593005
41,407919	1,596950
41,410697	1,581497
41,413475	1,569332
41,416252	1,568017
41,419030	1,579853
41,421808	1,596293
41,424586	1,598923
41,427363	1,584128
41,430141	1,573935
41,432919	1,576566
41,435697	1,591032
41,438474	1,609115
41,441252	1,609444
41,444030	1,595635
41,446808	1,579853
41,449585	1,581497
41,452363	1,591361
41,455141	1,608786
41,457919	1,610101
41,460696	1,595964
41,463474	1,582155
41,466252	1,583470
41,469030	1,599252
41,471807	1,616348
41,474585	1,619965
41,477363	1,604512
41,480141	1,592676
41,482918	1,592676
41,485696	1,606156
41,488474	1,617006
41,491252	1,616677
41,494029	1,604512
41,496807	1,593662
41,499585	1,596950
41,502363	1,612403
41,505140	1,625554
41,507918	1,625554
41,510696	1,613060
41,513474	1,601553
41,516251	1,602868
41,519029	1,617006
41,521807	1,632459
41,524585	1,631143
41,527362	1,619636
41,530140	1,606485
41,532918	1,609115
41,535696	1,622266
41,538473	1,635746
41,541251	1,634760
41,544029	1,619307
41,546807	1,604183
41,549584	1,604512
41,552362	1,621280
41,555140	1,636404
41,557918	1,638705
41,560695	1,624239
41,563473	1,610101
41,566251	1,608786
41,569029	1,621609
41,571807	1,638048
41,574584	1,640349
41,577362	1,622266
41,580140	1,607142
41,582918	1,606485
41,585695	1,620294
41,588473	1,638705
41,591251	1,640678
41,594029	1,629828
41,596806	1,617006
41,599584	1,620294
41,602362	1,631801
41,605139	1,649227
41,607917	1,648898
41,610695	1,632130
41,613473	1,616677
41,616250	1,615362
41,619028	1,628184
41,621806	1,646267
41,624584	1,649227
41,627361	1,637390
41,630139	1,624897
41,632917	1,624568
41,635695	1,637719
41,638472	1,652843
41,641250	1,651857
41,644028	1,637390
41,646806	1,623910
41,649583	1,626212
41,652361	1,640021
41,655139	1,656131
41,657917	1,655473
41,660694	1,641993
41,663472	1,626541
41,666250	1,626869
41,669028	1,638377
41,671805	1,654158
41,674583	1,654158
41,677361	1,640349
41,680139	1,628513
41,682916	1,653829
41,685694	1,707750
41,688472	1,772520
41,691250	1,823481
41,694027	1,851757
41,696805	1,868196
41,699583	1,890553
41,702361	1,916856
41,705138	1,942829
41,707916	1,955981
41,710694	1,945788
41,713472	1,932966
41,716249	1,924746
41,719027	1,924089
41,721805	1,921458
41,724583	1,898115
41,727360	1,852085
41,730138	1,803426
41,732916	1,768575
41,735694	1,742930
41,738471	1,722874
41,741249	1,686708
41,744027	1,641993
41,746805	1,606156
41,749582	1,592018
41,752360	1,593662
41,755138	1,601882
41,757916	1,601553
41,760693	1,581826
41,763471	1,567688
41,766249	1,564729
41,769027	1,577881
41,771804	1,597279
41,774582	1,599580
41,777360	1,583470
41,780138	1,570976
41,782915	1,571634
41,785693	1,584785
41,788471	1,601553
41,791249	1,600567
41,794027	1,585114
41,796804	1,571305
41,799582	1,572620
41,802360	1,585443
41,805138	1,604183
41,807915	1,605498
41,810693	1,582812
41,813471	1,544016
41,816249	1,510809
41,819026	1,501603
41,821804	1,524947
41,824582	1,594320
41,827359	1,747532
41,830137	1,986229
41,832915	2,327834
41,835693	2,742758
41,838470	3,143216
41,841248	3,198122
41,844026	3,201410
41,846804	3,201739
41,849581	3,202068
41,852359	3,198451
41,855137	3,180039
41,857915	2,891697
41,860692	2,301531
41,863470	1,701503
41,866248	1,258962
41,869026	1,037363
41,871803	1,000539
41,874581	1,062679
41,877359	1,157697
41,880137	1,246139
41,882914	1,333267
41,885692	1,408558
41,888470	1,465108
41,891248	1,485164
41,894025	1,473985
41,896803	1,459519
41,899581	1,459190
41,902359	1,475958
41,905136	1,492397
41,907914	1,502261
41,910692	1,489109
41,913470	1,480232
41,916247	1,485493
41,919025	1,501932
41,921803	1,517056
41,924581	1,522645
41,927358	1,511795
41,930136	1,505877
41,932914	1,517714
41,935692	1,536125
41,938469	1,562099
41,941247	1,569990
41,944025	1,566373
41,946803	1,557167
41,949580	1,567031
41,952358	1,587415
41,955136	1,615033
41,957914	1,624239
41,960691	1,622266
41,963469	1,619636
41,966247	1,627856
41,969025	1,648898
41,971802	1,672241
41,974580	1,679146
41,977358	1,667310
41,980136	1,657117
41,982913	1,661063
41,985691	1,680132
41,988469	1,702161
41,991247	1,707092
41,994024	1,698544
41,996802	1,690653
41,999580	1,694927
42,002358	1,714983
42,005135	1,746217
42,007913	1,772191
42,010691	1,789617
42,013469	1,804741
42,016246	1,827755
42,019024	1,859319
42,021802	1,893841
42,024580	1,913239
42,027358	1,921458
42,030135	1,924746
42,032913	1,936254
42,035691	1,952364
42,038469	1,968146
42,041246	1,963871
42,044024	1,939870
42,046802	1,910280
42,049580	1,894498
42,052357	1,887594
42,055135	1,879703
42,057913	1,854716
42,060690	1,807700
42,063468	1,758382
42,066246	1,719257
42,069024	1,689338
42,071801	1,653829
42,074579	1,605827
42,077357	1,543030
42,080135	1,485164
42,082912	1,448998
42,085690	1,428285
42,088468	1,422695
42,091246	1,412174
42,094023	1,398037
42,096801	1,386858
42,099579	1,396722
42,102357	1,411188
42,105134	1,433874
42,107912	1,436833
42,110690	1,423024
42,113468	1,407571
42,116245	1,407571
42,119023	1,422367
42,121801	1,442094
42,124579	1,446368
42,127356	1,430586
42,130134	1,420394
42,132912	1,421380
42,135690	1,441107
42,138467	1,457546
42,141245	1,460834
42,144023	1,448669
42,146801	1,435518
42,149578	1,435189
42,152356	1,450313
42,155134	1,468396
42,157912	1,469711
42,160689	1,458861
42,163467	1,446039
42,166245	1,448669
42,169023	1,461492
42,171800	1,480561
42,174578	1,480561
42,177356	1,469054
42,180134	1,453601
42,182911	1,457875
42,185689	1,472670
42,188467	1,492397
42,191245	1,495028
42,194022	1,481219
42,196800	1,463793
42,199578	1,464122
42,202356	1,482534
42,205133	1,498644
42,207911	1,504233
42,210689	1,489109
42,213467	1,477602
42,216244	1,476945
42,219022	1,492068
42,221800	1,507850
42,224578	1,512124
42,227355	1,500617
42,230133	1,487794
42,232911	1,493384
42,235689	1,506864
42,238466	1,525276
42,241244	1,524618
42,244022	1,508508
42,246800	1,492068
42,249578	1,496671
42,252355	1,507521
42,255133	1,524289
42,257911	1,527906
42,260689	1,516727
42,263466	1,504562
42,266244	1,505877
42,269022	1,519029
42,271800	1,538098
42,274577	1,544016
42,277355	1,526919
42,280133	1,513439
42,282910	1,513439
42,285688	1,529878
42,288466	1,545660
42,291244	1,550921
42,294021	1,536454
42,296799	1,525933
42,299577	1,528563
42,302355	1,541386
42,305132	1,558483
42,307910	1,560126
42,310688	1,544674
42,313466	1,529550
42,316243	1,526919
42,319021	1,539413
42,321799	1,560126
42,324577	1,563414
42,327354	1,552236
42,330132	1,538756
42,332910	1,538098
42,335688	1,551907
42,338465	1,569661
42,341243	1,571634
42,344021	1,558154
42,346799	1,545660
42,349576	1,543687
42,352354	1,558811
42,355132	1,574922
42,357910	1,576894
42,360687	1,565058
42,363465	1,551907
42,366243	1,550921
42,369021	1,564401
42,371798	1,581169
42,374576	1,584128
42,377354	1,571305
42,380132	1,558811
42,382909	1,559798
42,385687	1,576894
42,388465	1,592676
42,391243	1,593662
42,394020	1,580840
42,396798	1,562757
42,399576	1,562428
42,402354	1,574593
42,405131	1,592347
42,407909	1,597279
42,410687	1,583470
42,413465	1,571963
42,416242	1,570648
42,419020	1,584785
42,421798	1,602211
42,424576	1,608129
42,427353	1,595306
42,430131	1,579525
42,432909	1,579525
42,435687	1,590374
42,438464	1,607142
42,441242	1,608786
42,444020	1,595964
42,446798	1,581497
42,449575	1,582155
42,452353	1,594320
42,455131	1,614047
42,457909	1,614704
42,460686	1,600567
42,463464	1,586429
42,466242	1,584456
42,469020	1,596293
42,471798	1,615033
42,474575	1,617663
42,477353	1,605827
42,480131	1,592347
42,482909	1,590374
42,485686	1,605827
42,488464	1,624239
42,491242	1,626869
42,494020	1,611088
42,496797	1,593662
42,499575	1,591690
42,502353	1,605170
42,505130	1,619307
42,507908	1,621609
42,510686	1,610759
42,513464	1,598265
42,516241	1,600895
42,519019	1,615362
42,521797	1,631801
42,524575	1,630815
42,527352	1,615033
42,530130	1,598594
42,532908	1,601224
42,535686	1,614047
42,538463	1,631143
42,541241	1,634431
42,544019	1,623253
42,546797	1,609115
42,549574	1,606156
42,552352	1,618321
42,555130	1,633445
42,557908	1,637719
42,560685	1,626212
42,563463	1,614047
42,566241	1,615033
42,569019	1,629500
42,571796	1,642980
42,574574	1,645939
42,577352	1,632130
42,580130	1,621280
42,582907	1,623581
42,585685	1,636404
42,588463	1,650542
42,591241	1,649227
42,594018	1,634431
42,596796	1,617992
42,599574	1,621280
42,602352	1,631472
42,605129	1,647583
42,607907	1,650213
42,610685	1,636075
42,613463	1,621280
42,616240	1,617335
42,619018	1,627198
42,621796	1,642651
42,624574	1,646596
42,627351	1,632130
42,630129	1,620294
42,632907	1,619965
42,635685	1,633116
42,638462	1,648569
42,641240	1,651199
42,644018	1,633774
42,646796	1,621609
42,649573	1,623253
42,652351	1,638048
42,655129	1,655145
42,657907	1,658104
42,660684	1,646596
42,663462	1,632130
42,666240	1,631143
42,669018	1,641993
42,671795	1,658761
42,674573	1,662378
42,677351	1,669282
42,680129	1,690653
42,682906	1,737998
42,685684	1,801782
42,688462	1,861291
42,691240	1,894827
42,694018	1,904033
42,696795	1,902718
42,699573	1,913568
42,702351	1,936582
42,705129	1,958282
42,707906	1,961899
42,710684	1,941514
42,713462	1,914225
42,716240	1,896800
42,719017	1,884306
42,721795	1,869182
42,724573	1,834660
42,727350	1,783041
42,730128	1,731093
42,732906	1,696242
42,735684	1,673556
42,738461	1,659419
42,741239	1,639034
42,744017	1,609773
42,746795	1,581169
42,749572	1,573935
42,752350	1,579196
42,755128	1,592347
42,757906	1,594977
42,760683	1,580511
42,763461	1,566373
42,766239	1,568675
42,769017	1,580840
42,771794	1,596293
42,774572	1,600895
42,777350	1,584785
42,780128	1,571963
42,782905	1,569332
42,785683	1,580511
42,788461	1,593333
42,791239	1,597279
42,794016	1,583141
42,796794	1,569990
42,799572	1,569990
42,802350	1,581497
42,805127	1,591690
42,807905	1,572620
42,810683	1,528235
42,813461	1,490096
42,816238	1,498973
42,819016	1,572949
42,821794	1,745231
42,824572	1,983598
42,827349	2,303504
42,830127	2,687194
42,832905	3,078445
42,835683	3,198122
42,838460	3,201410
42,841238	3,201410
42,844016	3,201081
42,846794	3,196150
42,849571	3,183985
42,852349	2,933123
42,855127	2,382083
42,857905	1,789945
42,860682	1,306635
42,863460	1,039335
42,866238	0,969962
42,869016	1,040322
42,871793	1,162957
42,874571	1,272442
42,877349	1,351350
42,880127	1,401653
42,882904	1,439792
42,885682	1,467739
42,888460	1,489767
42,891238	1,491082
42,894015	1,478917
42,896793	1,463136
42,899571	1,468725
42,902349	1,484835
42,905126	1,504562
42,907904	1,511138
42,910682	1,500288
42,913460	1,488781
42,916237	1,489109
42,919015	1,503905
42,921793	1,525604
42,924571	1,535468
42,927349	1,526591
42,930126	1,520015
42,932904	1,527577
42,935682	1,553551
42,938460	1,577552
42,941237	1,591361
42,944015	1,582812
42,946793	1,576894
42,949571	1,585771
42,952348	1,606814
42,955126	1,633116
42,957904	1,644624
42,960681	1,638705
42,963459	1,631472
42,966237	1,640021
42,969015	1,658432
42,971792	1,683749
42,974570	1,692626
42,977348	1,683091
42,980126	1,672899
42,982903	1,673228
42,985681	1,687365
42,988459	1,706435
42,991237	1,715969
42,994014	1,709394
42,996792	1,704133
42,999570	1,720572
43,002348	1,757725
43,005125	1,805398
43,007903	1,835317
43,010681	1,845181
43,013459	1,847482
43,016236	1,863593
43,019014	1,892526
43,021792	1,929020
43,024570	1,949405
43,027347	1,946775
43,030125	1,934939
43,032903	1,934939
43,035681	1,947432
43,038458	1,956967
43,041236	1,943816
43,044014	1,908307
43,046792	1,870497
43,049569	1,844195
43,052347	1,829728
43,055125	1,815590
43,057903	1,786658
43,060680	1,737998
43,063458	1,681118
43,066236	1,630486
43,069014	1,592347
43,071791	1,559469
43,074569	1,520344
43,077347	1,466752
43,080125	1,420065
43,082902	1,396393
43,085680	1,398037
43,088458	1,411846
43,091236	1,419736
43,094013	1,412503
43,096791	1,405928
43,099569	1,408887
43,102347	1,422367
43,105124	1,437819
43,107902	1,440778
43,110680	1,427298
43,113458	1,412832
43,116235	1,413489
43,119013	1,426641
43,121791	1,446697
43,124569	1,452943
43,127346	1,439463
43,130124	1,427956
43,132902	1,428613
43,135680	1,440450
43,138457	1,459848
43,141235	1,468067
43,144013	1,454259
43,146791	1,442751
43,149569	1,442094
43,152346	1,455902
43,155124	1,475629
43,157902	1,479904
43,160680	1,466423
43,163457	1,452943
43,166235	1,453601
43,169013	1,465766
43,171791	1,483520
43,174568	1,485822
43,177346	1,473985
43,180124	1,460177
43,182901	1,458204
43,185679	1,473328
43,188457	1,493055
43,191235	1,499630
43,194012	1,490425
43,196790	1,476616
43,199568	1,473657
43,202346	1,487794
43,205123	1,503576
43,207901	1,507192
43,210679	1,494041
43,213457	1,481547
43,216234	1,482863
43,219012	1,498973
43,221790	1,516398
43,224568	1,521659
43,227345	1,508836
43,230123	1,492068
43,232901	1,490096
43,235679	1,502918
43,238456	1,520673
43,241234	1,524947
43,244012	1,516398
43,246790	1,500946
43,249567	1,503247
43,252345	1,518042
43,255123	1,533824
43,257901	1,535797
43,260678	1,519029
43,263456	1,503905
43,266234	1,503905
43,269012	1,518042
43,271789	1,533824
43,274567	1,540400
43,277345	1,529878
43,280123	1,520344
43,282900	1,523303
43,285678	1,535468
43,288456	1,550592
43,291234	1,556510
43,294011	1,541715
43,296789	1,525276
43,299567	1,523960
43,302345	1,536125
43,305122	1,555852
43,307900	1,560126
43,310678	1,549934
43,313456	1,535468
43,316233	1,536125
43,319011	1,545331
43,321789	1,563743
43,324567	1,566702
43,327344	1,554866
43,330122	1,539413
43,332900	1,537769
43,335678	1,549934
43,338455	1,568346
43,341233	1,571634
43,344011	1,557825
43,346789	1,543687
43,349566	1,542372
43,352344	1,557825
43,355122	1,573935
43,357900	1,578538
43,360677	1,564729
43,363455	1,551907
43,366233	1,551907
43,369011	1,567031
43,371789	1,584785
43,374566	1,590046
43,377344	1,577223
43,380122	1,559798
43,382900	1,558154
43,385677	1,569661
43,388455	1,590046
43,391233	1,592018
43,394011	1,581169
43,396788	1,564401
43,399566	1,562428
43,402344	1,573278
43,405121	1,589717
43,407899	1,594320
43,410677	1,581169
43,413455	1,567031
43,416232	1,565387
43,419010	1,579853
43,421788	1,596293
43,424566	1,601224
43,427343	1,588402
43,430121	1,576237
43,432899	1,575250
43,435677	1,591032
43,438454	1,604841
43,441232	1,610759
43,444010	1,599909
43,446788	1,586100
43,449565	1,587744
43,452343	1,597936
43,455121	1,614047
43,457899	1,616019
43,460676	1,604512
43,463454	1,588073
43,466232	1,589059
43,469010	1,597608
43,471787	1,616677
43,474565	1,620622
43,477343	1,608786
43,480121	1,593991
43,482898	1,593333
43,485676	1,603855
43,488454	1,621609
43,491232	1,625883
43,494009	1,612403
43,496787	1,601553
43,499565	1,599580
43,502343	1,613718
43,505120	1,628842
43,507898	1,635089
43,510676	1,619965
43,513454	1,607800
43,516231	1,602868
43,519009	1,614376
43,521787	1,631143
43,524565	1,634431
43,527342	1,622595
43,530120	1,605498
43,532898	1,604512
43,535676	1,614047
43,538453	1,632459
43,541231	1,635089
43,544009	1,626212
43,546787	1,609115
43,549564	1,606814
43,552342	1,620622
43,555120	1,638377
43,557898	1,641336
43,560675	1,629171
43,563453	1,613718
43,566231	1,611417
43,569009	1,622924
43,571786	1,636733
43,574564	1,641665
43,577342	1,627198
43,580120	1,612403
43,582897	1,608786
43,585675	1,623910
43,588453	1,641665
43,591231	1,648569
43,594008	1,636404
43,596786	1,619307
43,599564	1,617663
43,602342	1,626541
43,605120	1,642651
43,607897	1,643966
43,610675	1,631472
43,613453	1,616677
43,616231	1,619307
43,619008	1,632459
43,621786	1,650542
43,624564	1,654816
43,627341	1,641007
43,630119	1,624568
43,632897	1,620951
43,635675	1,629500
43,638452	1,645610
43,641230	1,650213
43,644008	1,637062
43,646786	1,624239
43,649563	1,620951
43,652341	1,635418
43,655119	1,650542
43,657897	1,654816
43,660674	1,640021
43,663452	1,626869
43,666230	1,627198
43,669008	1,640678
43,671785	1,676187
43,674563	1,717285
43,677341	1,750163
43,680119	1,785342
43,682896	1,830057
43,685674	1,874443
43,688452	1,913239
43,691230	1,930336
43,694007	1,926390
43,696785	1,920143
43,699563	1,923102
43,702341	1,935596
43,705118	1,946446
43,707896	1,940199
43,710674	1,911595
43,713452	1,874771
43,716229	1,842879
43,719007	1,820193
43,721785	1,799809
43,724563	1,767259
43,727340	1,717285
43,730118	1,665994
43,732896	1,629828
43,735674	1,620294
43,738451	1,620622
43,741229	1,613389
43,744007	1,591032
43,746785	1,569332
43,749562	1,566702
43,752340	1,576237
43,755118	1,592676
43,757896	1,596621
43,760673	1,585443
43,763451	1,568675
43,766229	1,567688
43,769007	1,580840
43,771784	1,597936
43,774562	1,602539
43,777340	1,588402
43,780118	1,571634
43,782895	1,573278
43,785673	1,588402
43,788451	1,606485
43,791229	1,613389
43,794006	1,599580
43,796784	1,585114
43,799562	1,573278
43,802340	1,565716
43,805117	1,548948
43,807895	1,528235
43,810673	1,513439
43,813451	1,558483
43,816228	1,698873
43,819006	1,934939
43,821784	2,277859
43,824562	2,671412
43,827340	3,053129
43,830117	3,195492
43,832895	3,199437
43,835673	3,201739
43,838451	3,202397
43,841228	3,200095
43,844006	3,189574
43,846784	2,964686
43,849562	2,419564
43,852339	1,826440
43,855117	1,354309
43,857895	1,082734
43,860672	0,987716
43,863450	1,022567
43,866228	1,122188
43,869006	1,243509
43,871783	1,349706
43,874561	1,419736
43,877339	1,449984
43,880117	1,455574
43,882894	1,460505
43,885672	1,475958
43,888450	1,496671
43,891228	1,501603
43,894005	1,492726
43,896783	1,479575
43,899561	1,481219
43,902339	1,494370
43,905116	1,512453
43,907894	1,518371
43,910672	1,507850
43,913450	1,495356
43,916227	1,497000
43,919005	1,517056
43,921783	1,542043
43,924561	1,554866
43,927338	1,550592
43,930116	1,545331
43,932894	1,554866
43,935672	1,573935
43,938449	1,593991
43,941227	1,606485
43,944005	1,600567
43,946783	1,593991
43,949560	1,602868
43,952338	1,623581
43,955116	1,647911
43,957894	1,660734
43,960671	1,657775
43,963449	1,650870
43,966227	1,658432
43,969005	1,672899
43,971782	1,694270
43,974560	1,704791
43,977338	1,696242
43,980116	1,685064
43,982893	1,687694
43,985671	1,704133
43,988449	1,726819
43,991227	1,738327
43,994004	1,739642
43,996782	1,746546
43,999560	1,776794
44,002338	1,816248
44,005115	1,855044
44,007893	1,877402
44,010671	1,882005
44,013449	1,882991
44,016226	1,900745
44,019004	1,930336
44,021782	1,961899
44,024560	1,974064
44,027337	1,960584
44,030115	1,942172
44,032893	1,931980
44,035671	1,927048
44,038448	1,925075
44,041226	1,908965
44,044004	1,872799
44,046782	1,831043
44,049560	1,797179
44,052337	1,777452
44,055115	1,760026
44,057893	1,722874
44,060671	1,660734
44,063448	1,595306
44,066226	1,539742
44,069004	1,505877
44,071782	1,484835
44,074559	1,454587
44,077337	1,415462
44,080115	1,387516
44,082892	1,381598
44,085670	1,398694
44,088448	1,419079
44,091226	1,429271
44,094003	1,419408
44,096781	1,403955
44,099559	1,405270
44,102337	1,417764
44,105114	1,437491
44,107892	1,440778
44,110670	1,433216
44,113448	1,417435
44,116225	1,423024
44,119003	1,434203
44,121781	1,452615
44,124559	1,460177
44,127336	1,450313
44,130114	1,436504
44,132892	1,434860
44,135670	1,447683
44,138447	1,462478
44,141225	1,469383
44,144003	1,454916
44,146781	1,442422
44,149558	1,443080
44,152336	1,459190
44,155114	1,477602
44,157892	1,483520
44,160669	1,472999
44,163447	1,458861
44,166225	1,459519
44,169003	1,472670
44,171780	1,491082
44,174558	1,493055
44,177336	1,480890
44,180114	1,466423
44,182891	1,469383
44,185669	1,478588
44,188447	1,498973
44,191225	1,504562
44,194002	1,494699
44,196780	1,479575
44,199558	1,476945
44,202336	1,487794
44,205113	1,506535
44,207891	1,510152
44,210669	1,497658
44,213447	1,485822
44,216224	1,482534
44,219002	1,498973
44,221780	1,513439
44,224558	1,519357
44,227335	1,506535
44,230113	1,494699
44,232891	1,492397
44,235669	1,505877
44,238446	1,521988
44,241224	1,526919
44,244002	1,515083
44,246780	1,499302
44,249557	1,504233
44,252335	1,516070
44,255113	1,535139
44,257891	1,538427
44,260668	1,530536
44,263446	1,511795
44,266224	1,511795
44,269002	1,522645
44,271780	1,540400
44,274557	1,545989
44,277335	1,537112
44,280113	1,521330
44,282891	1,517385
44,285668	1,529221
44,288446	1,544674
44,291224	1,554208
44,294002	1,544674
44,296779	1,531194
44,299557	1,526919
44,302335	1,541715
44,305112	1,557496
44,307890	1,567360
44,310668	1,552893
44,313446	1,538756
44,316223	1,537112
44,319001	1,549605
44,321779	1,568675
44,324557	1,574922
44,327334	1,565058
44,330112	1,547633
44,332890	1,546646
44,335668	1,552893
44,338445	1,570648
44,341223	1,574593
44,344001	1,562757
44,346779	1,547633
44,349556	1,546646
44,352334	1,557496
44,355112	1,577552
44,357890	1,583799
44,360667	1,570976
44,363445	1,557825
44,366223	1,552564
44,369001	1,564401
44,371778	1,579525
44,374556	1,585443
44,377334	1,571305
44,380112	1,561770
44,382889	1,559140
44,385667	1,573607
44,388445	1,589059
44,391223	1,592676
44,394000	1,578867
44,396778	1,563086
44,399556	1,563743
44,402334	1,576237
44,405111	1,596293
44,407889	1,600567
44,410667	1,589388
44,413445	1,570319
44,416222	1,569661
44,419000	1,583141
44,421778	1,602539
44,424556	1,607142
44,427333	1,595306
44,430111	1,578867
44,432889	1,577223
44,435667	1,589717
44,438444	1,605170
44,441222	1,610101
44,444000	1,594320
44,446778	1,580840
44,449555	1,578867
44,452333	1,593005
44,455111	1,607471
44,457889	1,612403
44,460666	1,600567
44,463444	1,587744
44,466222	1,586758
44,469000	1,598594
44,471777	1,616348
44,474555	1,622595
44,477333	1,612732
44,480111	1,597608
44,482888	1,598923
44,485666	1,607142
44,488444	1,624897
44,491222	1,628842
44,493999	1,616677
44,496777	1,597608
44,499555	1,596950
44,502333	1,606814
44,505111	1,624897
44,507888	1,629171
44,510666	1,617663
44,513444	1,605498
44,516222	1,602868
44,518999	1,612732
44,521777	1,627198
44,524555	1,631143
44,527332	1,615362
44,530110	1,601882
44,532888	1,600238
44,535666	1,611417
44,538443	1,629171
44,541221	1,635089
44,543999	1,621938
44,546777	1,604841
44,549554	1,603197
44,552332	1,612732
44,555110	1,629828
44,557888	1,635089
44,560665	1,625883
44,563443	1,612074
44,566221	1,611745
44,568999	1,625225
44,571776	1,642322
44,574554	1,645939
44,577332	1,632787
44,580110	1,617335
44,582887	1,614047
44,585665	1,626212
44,588443	1,641993
44,591221	1,647911
44,593998	1,634760
44,596776	1,618650
44,599554	1,616677
44,602332	1,629500
44,605109	1,645939
44,607887	1,650213
44,610665	1,638048
44,613443	1,622595
44,616220	1,622924
44,618998	1,635089
44,621776	1,649884
44,624554	1,655145
44,627331	1,641007
44,630109	1,623253
44,632887	1,619965
44,635665	1,629500
44,638442	1,646596
44,641220	1,654816
44,643998	1,644295
44,646776	1,626212
44,649553	1,621609
44,652331	1,632130
44,655109	1,651199
44,657887	1,659419
44,660664	1,647254
44,663442	1,636404
44,666220	1,651199
44,668998	1,693612
44,671775	1,754108
44,674553	1,809015
44,677331	1,841236
44,680109	1,861291
44,682886	1,881018
44,685664	1,906992
44,688442	1,934939
44,691220	1,951706
44,693997	1,948419
44,696775	1,932966
44,699553	1,925075
44,702331	1,923431
44,705108	1,924418
44,707886	1,906663
44,710664	1,865894
44,713442	1,812960
44,716219	1,769561
44,718997	1,742272
44,721775	1,723203
44,724553	1,694270
44,727331	1,652514
44,730108	1,614704
44,732886	1,591032
44,735664	1,590374
44,738442	1,598923
44,741219	1,600895
44,743997	1,587744
44,746775	1,567688
44,749553	1,561113
44,752330	1,571634
44,755108	1,591690
44,757886	1,600567
44,760663	1,589388
44,763441	1,569990
44,766219	1,568346
44,768997	1,576566
44,771774	1,593333
44,774552	1,597608
44,777330	1,586429
44,780108	1,572291
44,782885	1,571634
44,785663	1,584128
44,788441	1,600895
44,791219	1,608786
44,793996	1,587087
44,796774	1,552236
44,799552	1,516398
44,802330	1,504233
44,805107	1,516727
44,807885	1,580840
44,810663	1,700188
44,813441	1,899759
44,816218	2,217034
44,818996	2,607299
44,821774	3,020908
44,824552	3,198122
44,827329	3,201410
44,830107	3,203054
44,832885	3,201081
44,835663	3,199766
44,838440	3,192204
44,841218	3,025511
44,843996	2,502089
44,846774	1,883320
44,849551	1,374364
44,852329	1,085365
44,855107	1,000210
44,857885	1,042952
44,860662	1,127449
44,863440	1,218850
44,866218	1,305978
44,868996	1,388831
44,871773	1,452286
44,874551	1,481219
44,877329	1,476945
44,880107	1,462478
44,882884	1,459519
44,885662	1,472013
44,888440	1,490096
44,891218	1,497987
44,893995	1,489767
44,896773	1,475301
44,899551	1,477931
44,902329	1,494370
44,905106	1,518700
44,907884	1,523303
44,910662	1,518371
44,913440	1,505549
44,916217	1,509823
44,918995	1,528563
44,921773	1,552236
44,924551	1,565387
44,927328	1,565716
44,930106	1,559798
44,932884	1,563086
44,935662	1,584128
44,938439	1,609773
44,941217	1,625225
44,943995	1,622924
44,946773	1,617663
44,949551	1,618650
44,952328	1,643308
44,955106	1,669940
44,957884	1,686379
44,960662	1,678159
44,963439	1,666323
44,966217	1,666323
44,968995	1,680461
44,971773	1,703147
44,974550	1,716956
44,977328	1,709394
44,980106	1,696242
44,982883	1,696900
44,985661	1,710051
44,988439	1,739313
44,991217	1,766602
44,993994	1,786329
44,996772	1,801453
44,999550	1,823810
45,002328	1,854387
45,005105	1,888251
45,007883	1,910280
45,010661	1,919157
45,013439	1,918499
45,016216	1,928034
45,018994	1,944802
45,021772	1,963543
45,024550	1,966502
45,027327	1,946775
45,030105	1,914554
45,032883	1,891539
45,035661	1,882662
45,038438	1,876744
45,041216	1,856688
45,043994	1,813947
45,046772	1,765287
45,049549	1,728463
45,052327	1,696900
45,055105	1,670269
45,057883	1,627527
45,060660	1,566702
45,063438	1,501274
45,066216	1,456889
45,068994	1,430257
45,071771	1,423024
45,074549	1,413489
45,077327	1,398366
45,080105	1,385543
45,082882	1,385872
45,085660	1,406256
45,088438	1,428942
45,091216	1,440121
45,093993	1,427956
45,096771	1,415133
45,099549	1,412832
45,102327	1,429271
45,105104	1,445710
45,107882	1,452286
45,110660	1,440121
45,113438	1,425654
45,116215	1,424668
45,118993	1,438148
45,121771	1,458204
45,124549	1,463136
45,127326	1,454587
45,130104	1,434203
45,132882	1,436175
45,135660	1,446039
45,138437	1,466752
45,141215	1,474314
45,143993	1,463136
45,146771	1,445381
45,149548	1,441436
45,152326	1,451957
45,155104	1,471026
45,157882	1,482205
45,160659	1,472999
45,163437	1,461163
45,166215	1,457546
45,168993	1,467081
45,171770	1,481876
45,174548	1,493712
45,177326	1,481219
45,180104	1,468725
45,182882	1,468067
45,185659	1,484178
45,188437	1,503576
45,191215	1,510480
45,193993	1,496014
45,196770	1,481219
45,199548	1,480232
45,202326	1,488452
45,205103	1,509494
45,207881	1,515412
45,210659	1,505549
45,213437	1,488452
45,216214	1,485493
45,218992	1,497000
45,221770	1,518700
45,224548	1,524618
45,227325	1,515412
45,230103	1,499630
45,232881	1,494041
45,235659	1,506535
45,238436	1,524618
45,241214	1,535797
45,243992	1,525933
45,246770	1,514426
45,249547	1,510152
45,252325	1,520344
45,255103	1,533495
45,257881	1,539413
45,260658	1,528563
45,263436	1,515741
45,266214	1,514097
45,268992	1,527248
45,271769	1,543687
45,274547	1,551249
45,277325	1,544345
45,280103	1,525604
45,282880	1,522645
45,285658	1,533495
45,288436	1,552236
45,291214	1,558811
45,293991	1,547962
45,296769	1,529878
45,299547	1,527577
45,302325	1,539742
45,305102	1,555524
45,307880	1,562757
45,310658	1,552236
45,313436	1,535468
45,316213	1,531851
45,318991	1,544674
45,321769	1,562757
45,324547	1,572291
45,327324	1,561113
45,330102	1,547304
45,332880	1,543030
45,335658	1,553551
45,338435	1,572620
45,341213	1,581497
45,343991	1,572949
45,346769	1,555524
45,349546	1,551578
45,352324	1,561113
45,355102	1,579196
45,357880	1,584785
45,360657	1,573278
45,363435	1,558811
45,366213	1,557496
45,368991	1,570648
45,371768	1,590703
45,374546	1,597936
45,377324	1,584785
45,380102	1,571634
45,382879	1,567360
45,385657	1,576894
45,388435	1,595964
45,391213	1,601224
45,393990	1,590046
45,396768	1,575250
45,399546	1,569661
45,402324	1,580511
45,405102	1,597279
45,407879	1,604183
45,410657	1,593333
45,413435	1,575908
45,416213	1,572620
45,418990	1,580182
45,421768	1,598923
45,424546	1,602868
45,427323	1,594320
45,430101	1,582155
45,432879	1,582484
45,435657	1,596293
45,438434	1,612732
45,441212	1,621280
45,443990	1,610759
45,446768	1,592676
45,449545	1,585771
45,452323	1,596621
45,455101	1,611745
45,457879	1,619307
45,460656	1,608129
45,463434	1,591032
45,466212	1,587415
45,468990	1,600238
45,471767	1,617006
45,474545	1,623253
45,477323	1,614704
45,480101	1,597279
45,482878	1,594977
45,485656	1,603855
45,488434	1,620622
45,491212	1,625225
45,493989	1,615691
45,496767	1,599580
45,499545	1,596293
45,502323	1,604841
45,505100	1,623910
45,507878	1,633445
45,510656	1,620951
45,513434	1,601882
45,516211	1,597279
45,518989	1,609115
45,521767	1,627856
45,524545	1,636075
45,527322	1,625225
45,530100	1,610759
45,532878	1,605827
45,535656	1,614704
45,538433	1,630157
45,541211	1,638377
45,543989	1,626541
45,546767	1,612403
45,549544	1,608786
45,552322	1,619636
45,555100	1,640349
45,557878	1,647911
45,560655	1,638048
45,563433	1,621938
45,566211	1,615033
45,568989	1,623581
45,571766	1,639034
45,574544	1,643966
45,577322	1,632787
45,580100	1,617006
45,582877	1,611417
45,585655	1,622924
45,588433	1,641336
45,591211	1,650213
45,593988	1,639034
45,596766	1,622595
45,599544	1,614704
45,602322	1,625554
45,605099	1,641993
45,607877	1,650542
45,610655	1,640678
45,613433	1,625554
45,616210	1,619965
45,618988	1,629171
45,621766	1,649555
45,624544	1,656789
45,627322	1,646596
45,630099	1,626869
45,632877	1,623910
45,635655	1,632459
45,638433	1,648898
45,641210	1,656131
45,643988	1,646925
45,646766	1,629171
45,649544	1,625225
45,652321	1,637062
45,655099	1,654487
45,657877	1,664679
45,660654	1,666323
45,663432	1,684406
45,666210	1,724518
45,668988	1,783041
45,671765	1,846825
45,674543	1,890553
45,677321	1,904033
45,680099	1,903375
45,682876	1,910280
45,685654	1,932308
45,688432	1,956967
45,691210	1,968474
45,693987	1,950391
45,696765	1,920143
45,699543	1,898115
45,702321	1,884964
45,705098	1,873456
45,707876	1,846496
45,710654	1,797836
45,713432	1,746546
45,716209	1,706435
45,718987	1,679803
45,721765	1,665666
45,724543	1,645939
45,727320	1,614376
45,730098	1,584128
45,732876	1,567360
45,735654	1,573278
45,738431	1,590374
45,741209	1,598923
45,743987	1,584785
45,746765	1,569990
45,749542	1,563414
45,752320	1,573607
45,755098	1,588402
45,757876	1,595635
45,760653	1,581826
45,763431	1,562757
45,766209	1,561442
45,768987	1,573935
45,771764	1,594649
45,774542	1,601553
45,777320	1,593662
45,780098	1,575908
45,782875	1,570648
45,785653	1,576894
45,788431	1,590046
45,791209	1,578538
45,793986	1,539742
45,796764	1,493055
45,799542	1,479246
45,802320	1,539742
45,805097	1,678488
45,807875	1,897129
45,810653	2,204540
45,813431	2,560283
45,816208	2,955480
45,818986	3,195492
45,821764	3,200753
45,824542	3,200753
45,827319	3,202068
45,830097	3,199109
45,832875	3,192204
45,835653	3,049184
45,838430	2,568503
45,841208	1,965187
45,843986	1,430586
45,846764	1,092598
45,849542	0,972592
45,852319	1,005142
45,855097	1,124819
45,857875	1,240221
45,860653	1,327677
45,863430	1,379954
45,866208	1,424668
45,868986	1,457546
45,871764	1,485493
45,874541	1,494041
45,877319	1,481219
45,880097	1,462807
45,882874	1,456889
45,885652	1,471355
45,888430	1,490096
45,891208	1,506206
45,893985	1,498315
45,896763	1,489767
45,899541	1,486808
45,902319	1,501274
45,905096	1,521330
45,907874	1,536454
45,910652	1,533166
45,913430	1,525933
45,916207	1,527906
45,918985	1,547304
45,921763	1,578538
45,924541	1,592018
45,927318	1,589717
45,930096	1,581169
45,932874	1,587415
45,935652	1,602211
45,938429	1,628184
45,941207	1,642651
45,943985	1,641993
45,946763	1,636075
45,949540	1,639363
45,952318	1,655802
45,955096	1,678159
45,957874	1,690324
45,960651	1,683749
45,963429	1,671913
45,966207	1,673228
45,968985	1,689996
45,971762	1,709394
45,974540	1,722874
45,977318	1,718600
45,980096	1,709394
45,982873	1,715312
45,985651	1,745231
45,988429	1,790932
45,991207	1,829728
45,993984	1,844195
45,996762	1,845181
45,999540	1,854058
46,002318	1,877402
46,005095	1,913896
46,007873	1,940528
46,010651	1,945788
46,013429	1,935925
46,016206	1,931980
46,018984	1,942501
46,021762	1,952364
46,024540	1,946775
46,027317	1,917513
46,030095	1,880361
46,032873	1,854058
46,035651	1,837619
46,038428	1,823481
46,041206	1,799151
46,043984	1,752135
46,046762	1,694270
46,049539	1,643308
46,052317	1,605498
46,055095	1,571963
46,057873	1,533495
46,060650	1,480561
46,063428	1,428942
46,066206	1,398694
46,068984	1,389817
46,071761	1,404941
46,074539	1,413161
46,077317	1,411517
46,080095	1,404284
46,082873	1,403297
46,085650	1,417435
46,088428	1,435847
46,091206	1,440450
46,093984	1,430257
46,096761	1,415462
46,099539	1,409873
46,102317	1,423353
46,105094	1,444066
46,107872	1,455245
46,110650	1,446697
46,113428	1,431573
46,116205	1,427298
46,118983	1,440450
46,121761	1,458204
46,124539	1,464451
46,127316	1,452943
46,130094	1,436175
46,132872	1,432559
46,135650	1,445053
46,138427	1,466752
46,141205	1,474314
46,143983	1,466752
46,146761	1,450971
46,149538	1,450971
46,152316	1,462807
46,155094	1,479246
46,157872	1,488452
46,160649	1,480561
46,163427	1,462807
46,166205	1,456889
46,168983	1,467739
46,171760	1,487794
46,174538	1,499302
46,177316	1,491740
46,180094	1,477273
46,182871	1,472670
46,185649	1,481876
46,188427	1,498973
46,191205	1,509494
46,193982	1,497329
46,196760	1,481547
46,199538	1,477602
46,202316	1,488452
46,205093	1,508508
46,207871	1,515412
46,210649	1,506206
46,213427	1,490425
46,216204	1,488781
46,218982	1,497658
46,221760	1,515741
46,224538	1,529550
46,227315	1,519029
46,230093	1,503576
46,232871	1,497000
46,235649	1,507192
46,238426	1,525276
46,241204	1,535139
46,243982	1,525276
46,246760	1,511138
46,249537	1,508508
46,252315	1,519029
46,255093	1,537440
46,257871	1,542043
46,260648	1,534153
46,263426	1,520344
46,266204	1,518700
46,268982	1,528235
46,271759	1,546318
46,274537	1,552236
46,277315	1,541715
46,280093	1,524947
46,282870	1,519357
46,285648	1,529550
46,288426	1,550592
46,291204	1,558811
46,293981	1,551907
46,296759	1,536783
46,299537	1,528235
46,302315	1,539084
46,305093	1,555195
46,307870	1,565716
46,310648	1,554208
46,313426	1,537769
46,316204	1,532509
46,318981	1,546975
46,321759	1,563414
46,324537	1,576894
46,327314	1,567360
46,330092	1,550921
46,332870	1,542701
46,335648	1,549605
46,338425	1,567688
46,341203	1,578867
46,343981	1,569990
46,346759	1,551578
46,349536	1,550592
46,352314	1,559469
46,355092	1,578538
46,357870	1,587415
46,360647	1,578210
46,363425	1,561770
46,366203	1,559798
46,368981	1,570976
46,371758	1,589388
46,374536	1,599580
46,377314	1,588402
46,380092	1,571634
46,382869	1,565716
46,385647	1,578210
46,388425	1,597936
46,391203	1,608457
46,393980	1,597279
46,396758	1,582155
46,399536	1,575908
46,402314	1,584456
46,405091	1,601882
46,407869	1,609773
46,410647	1,599580
46,413425	1,584128
46,416202	1,578210
46,418980	1,585771
46,421758	1,605170
46,424536	1,611745
46,427313	1,605170
46,430091	1,588402
46,432869	1,584128
46,435647	1,588402
46,438424	1,608786
46,441202	1,615691
46,443980	1,608129
46,446758	1,592676
46,449535	1,587415
46,452313	1,596293
46,455091	1,612074
46,457869	1,622595
46,460646	1,613060
46,463424	1,598265
46,466202	1,589717
46,468980	1,601224
46,471757	1,617992
46,474535	1,626869
46,477313	1,616348
46,480091	1,599252
46,482868	1,593662
46,485646	1,601553
46,488424	1,620294
46,491202	1,629500
46,493979	1,619965
46,496757	1,600238
46,499535	1,596621
46,502313	1,603526
46,505090	1,621280
46,507868	1,627856
46,510646	1,621609
46,513424	1,605170
46,516201	1,604183
46,518979	1,616677
46,521757	1,634103
46,524535	1,642322
46,527313	1,628842
46,530090	1,611417
46,532868	1,603197
46,535646	1,611417
46,538424	1,624568
46,541201	1,636733
46,543979	1,625225
46,546757	1,611745
46,549534	1,605827
46,552312	1,614376
46,555090	1,631472
46,557868	1,639034
46,560645	1,627198
46,563423	1,611417
46,566201	1,609444
46,568979	1,618979
46,571756	1,639692
46,574534	1,647911
46,577312	1,639692
46,580090	1,623253
46,582867	1,617663
46,585645	1,624239
46,588423	1,642322
46,591201	1,649884
46,593978	1,640678
46,596756	1,626212
46,599534	1,617006
46,602312	1,628184
46,605089	1,645281
46,607867	1,654816
46,610645	1,643637
46,613423	1,627198
46,616200	1,619965
46,618978	1,631143
46,621756	1,647254
46,624534	1,654487
46,627311	1,643637
46,630089	1,627527
46,632867	1,620294
46,635645	1,630815
46,638422	1,648898
46,641200	1,657446
46,643978	1,650870
46,646756	1,633774
46,649533	1,627527
46,652311	1,634431
46,655089	1,663693
46,657867	1,702818
46,660644	1,739642
46,663422	1,772849
46,666200	1,815590
46,668978	1,863264
46,671755	1,906006
46,674533	1,931651
46,677311	1,933623
46,680089	1,925733
46,682866	1,924089
46,685644	1,933623
46,688422	1,945460
46,691200	1,945131
46,693977	1,919815
46,696755	1,884964
46,699533	1,853072
46,702311	1,828413
46,705088	1,809672
46,707866	1,781397
46,710644	1,733066
46,713422	1,678488
46,716199	1,639692
46,718977	1,620622
46,721755	1,617992
46,724533	1,611088
46,727310	1,593005
46,730088	1,569990
46,732866	1,564401
46,735644	1,571963
46,738421	1,593005
46,741199	1,601553
46,743977	1,589059
46,746755	1,571305
46,749533	1,563086
46,752310	1,573607
46,755088	1,591032
46,757866	1,602868
46,760644	1,594320
46,763421	1,580182
46,766199	1,573607
46,768977	1,584456
46,771755	1,601224
46,774532	1,610430
46,777310	1,598594
46,780088	1,580511
46,782865	1,570648
46,785643	1,562757
46,788421	1,553222
46,791199	1,532838
46,793976	1,513111
46,796754	1,539084
46,799532	1,644952
46,802310	1,853072
46,805087	2,180539
46,807865	2,555352
46,810643	2,946603
46,813421	3,193848
46,816198	3,198122
46,818976	3,199437
46,821754	3,201081
46,824532	3,200095
46,827309	3,194506
46,830087	3,067595
46,832865	2,590531
46,835643	1,991818
46,838420	1,471684
46,841198	1,142902
46,843976	0,998237
46,846754	0,998895
46,849531	1,087995
46,852309	1,207672
46,855087	1,325047
46,857865	1,407571
46,860642	1,447025
46,863420	1,455902
46,866198	1,456231
46,868976	1,461492
46,871753	1,480232
46,874531	1,489438
46,877309	1,482863
46,880087	1,469383
46,882864	1,472999
46,885642	1,486150
46,888420	1,509823
46,891198	1,522974
46,893975	1,516398
46,896753	1,499630
46,899531	1,494041
46,902309	1,504233
46,905086	1,531522
46,907864	1,547962
46,910642	1,543687
46,913420	1,537769
46,916197	1,544345
46,918975	1,565058
46,921753	1,591361
46,924531	1,608129
46,927308	1,606156
46,930086	1,596293
46,932864	1,596950
46,935642	1,615362
46,938419	1,643308
46,941197	1,661391
46,943975	1,663035
46,946753	1,655145
46,949530	1,654816
46,952308	1,667967
46,955086	1,690324
46,957864	1,702818
46,960641	1,697558
46,963419	1,683420
46,966197	1,680132
46,968975	1,691639
46,971752	1,715312
46,974530	1,730765
46,977308	1,731093
46,980086	1,737011
46,982864	1,761013
46,985641	1,800795
46,988419	1,841564
46,991197	1,869840
46,993975	1,876086
46,996752	1,875429
46,999530	1,887923
47,002308	1,915869
47,005085	1,947104
47,007863	1,966502
47,010641	1,959597
47,013419	1,941514
47,016196	1,925733
47,018974	1,922116
47,021752	1,922116
47,024530	1,913239
47,027307	1,883977
47,030085	1,841236
47,032863	1,803754
47,035641	1,778767
47,038418	1,759697
47,041196	1,728792
47,043974	1,676844
47,046752	1,612074
47,049529	1,553551
47,052307	1,512124
47,055085	1,487794
47,057863	1,460177
47,060640	1,422038
47,063418	1,388502
47,066196	1,377652
47,068974	1,387516
47,071751	1,412832
47,074529	1,427956
47,077307	1,424339
47,080085	1,413489
47,082862	1,408887
47,085640	1,416449
47,088418	1,433216
47,091196	1,442094
47,093973	1,433545
47,096751	1,416777
47,099529	1,411517
47,102307	1,423682
47,105084	1,442422
47,107862	1,456231
47,110640	1,448012
47,113418	1,436504
47,116195	1,428613
47,118973	1,440121
47,121751	1,458861
47,124529	1,471026
47,127306	1,463464
47,130084	1,447025
47,132862	1,442751
47,135640	1,451628
47,138417	1,471684
47,141195	1,479904
47,143973	1,474643
47,146751	1,454587
47,149528	1,451628
47,152306	1,462807
47,155084	1,483849
47,157862	1,493712
47,160639	1,490425
47,163417	1,472999
47,166195	1,467081
47,168973	1,479575
47,171750	1,496014
47,174528	1,508836
47,177306	1,499630
47,180084	1,482534
47,182861	1,475301
47,185639	1,485493
47,188417	1,499630
47,191195	1,511795
47,193972	1,502590
47,196750	1,489767
47,199528	1,484835
47,202306	1,494699
47,205084	1,512453
47,207861	1,524618
47,210639	1,516727
47,213417	1,498973
47,216195	1,493384
47,218972	1,501932
47,221750	1,525604
47,224528	1,536783
47,227305	1,530536
47,230083	1,513768
47,232861	1,509494
47,235639	1,515741
47,238416	1,535468
47,241194	1,542043
47,243972	1,533495
47,246750	1,522316
47,249527	1,515412
47,252305	1,527577
47,255083	1,544345
47,257861	1,557496
47,260638	1,545989
47,263416	1,534153
47,266194	1,524289
47,268972	1,535797
47,271749	1,553880
47,274527	1,561770
47,277305	1,553551
47,280083	1,537440
47,282860	1,530536
47,285638	1,538756
47,288416	1,557825
47,291194	1,566045
47,293971	1,560784
47,296749	1,542701
47,299527	1,537769
47,302305	1,544016
47,305082	1,563414
47,307860	1,572291
47,310638	1,566045
47,313416	1,550263
47,316193	1,544016
47,318971	1,555195
47,321749	1,572620
47,324527	1,584456
47,327304	1,574264
47,330082	1,557825
47,332860	1,547633
47,335638	1,556181
47,338415	1,570319
47,341193	1,582812
47,343971	1,575250
47,346749	1,561442
47,349526	1,553880
47,352304	1,564729
47,355082	1,579853
47,357860	1,590703
47,360637	1,581169
47,363415	1,562428
47,366193	1,559140
47,368971	1,566373
47,371748	1,588073
47,374526	1,598594
47,377304	1,593005
47,380082	1,575250
47,382859	1,570648
47,385637	1,576237
47,388415	1,595635
47,391193	1,606485
47,393970	1,598265
47,396748	1,583799
47,399526	1,573607
47,402304	1,582812
47,405081	1,599252
47,407859	1,612403
47,410637	1,601882
47,413415	1,588073
47,416192	1,579196
47,418970	1,587744
47,421748	1,602211
47,424526	1,611745
47,427304	1,602539
47,430081	1,585443
47,432859	1,581497
47,435637	1,592676
47,438415	1,615362
47,441192	1,624568
47,443970	1,617992
47,446748	1,597608
47,449525	1,589717
47,452303	1,595964
47,455081	1,616019
47,457859	1,625883
47,460636	1,618321
47,463414	1,600895
47,466192	1,593662
47,468970	1,604183
47,471747	1,621938
47,474525	1,629828
47,477303	1,616348
47,480081	1,598594
47,482858	1,589717
47,485636	1,602539
47,488414	1,621280
47,491192	1,630815
47,493969	1,621938
47,496747	1,602868
47,499525	1,594977
47,502303	1,605498
47,505080	1,622266
47,507858	1,634431
47,510636	1,629171
47,513414	1,609773
47,516191	1,600238
47,518969	1,605498
47,521747	1,623581
47,524525	1,636075
47,527302	1,631472
47,530080	1,612074
47,532858	1,607471
47,535636	1,619307
47,538413	1,636404
47,541191	1,645281
47,543969	1,635418
47,546747	1,618321
47,549524	1,611417
47,552302	1,616677
47,555080	1,632459
47,557858	1,644952
47,560635	1,636075
47,563413	1,620951
47,566191	1,613060
47,568969	1,620622
47,571746	1,636733
47,574524	1,645939
47,577302	1,634760
47,580080	1,620294
47,582857	1,614047
47,585635	1,621609
47,588413	1,641665
47,591191	1,652843
47,593968	1,644952
47,596746	1,624568
47,599524	1,614376
47,602302	1,619307
47,605079	1,639363
47,607857	1,651528
47,610635	1,645939
47,613413	1,630157
47,616190	1,621609
47,618968	1,627856
47,621746	1,643637
47,624524	1,652186
47,627301	1,642980
47,630079	1,628513
47,632857	1,620951
47,635635	1,630815
47,638412	1,649555
47,641190	1,658432
47,643968	1,648569
47,646746	1,631472
47,649524	1,633445
47,652301	1,671255
47,655079	1,734710
47,657857	1,797507
47,660635	1,840907
47,663412	1,864908
47,666190	1,883648
47,668968	1,904691
47,671746	1,930664
47,674523	1,947104
47,677301	1,945460
47,680079	1,929349
47,682856	1,917513
47,685634	1,915869
47,688412	1,919157
47,691190	1,909951
47,693967	1,873127
47,696745	1,824796
47,699523	1,782712
47,702301	1,757067
47,705078	1,735696
47,707856	1,707750
47,710634	1,665994
47,713412	1,620622
47,716189	1,593333
47,718967	1,586100
47,721745	1,594320
47,724523	1,600238
47,727300	1,588402
47,730078	1,569004
47,732856	1,562757
47,735634	1,568017
47,738411	1,583799
47,741189	1,593662
47,743967	1,586758
47,746745	1,570319
47,749522	1,565387
47,752300	1,573935
47,755078	1,590374
47,757856	1,602211
47,760633	1,593333
47,763411	1,578210
47,766189	1,572291
47,768967	1,581826
47,771744	1,599580
47,774522	1,611088
47,777300	1,599580
47,780078	1,565716
47,782855	1,529550
47,785633	1,506535
47,788411	1,510809
47,791189	1,557167
47,793966	1,652514
47,796744	1,830386
47,799522	2,120372
47,802300	2,484992
47,805077	2,905505
47,807855	3,193519
47,810633	3,199766
47,813411	3,201410
47,816188	3,202068
47,818966	3,201410
47,821744	3,196807
47,824522	3,120530
47,827299	2,682919
47,830077	2,060862
47,832855	1,500288
47,835633	1,146189
47,838410	1,006128
47,841188	1,023225
47,843966	1,101475
47,846744	1,192877
47,849521	1,281977
47,852299	1,362857
47,855077	1,432559
47,857855	1,474643
47,860632	1,481876
47,863410	1,466423
47,866188	1,460177
47,868966	1,470698
47,871743	1,490425
47,874521	1,503905
47,877299	1,502261
47,880077	1,484507
47,882855	1,483191
47,885632	1,495356
47,888410	1,517385
47,891188	1,529878
47,893966	1,521659
47,896743	1,507850
47,899521	1,503905
47,902299	1,519686
47,905076	1,541715
47,907854	1,567031
47,910632	1,569990
47,913410	1,564401
47,916187	1,564072
47,918965	1,578210
47,921743	1,602539
47,924521	1,623910
47,927298	1,625554
47,930076	1,617663
47,932854	1,620622
47,935632	1,633774
47,938409	1,661391
47,941187	1,680790
47,943965	1,682105
47,946743	1,668625
47,949520	1,665008
47,952298	1,675858
47,955076	1,695914
47,957854	1,710380
47,960631	1,708736
47,963409	1,696571
47,966187	1,692626
47,968965	1,705777
47,971742	1,732737
47,974520	1,762985
47,977298	1,783041
47,980076	1,795864
47,982853	1,812631
47,985631	1,840249
47,988409	1,874771
47,991187	1,902718
47,993964	1,912910
47,996742	1,914225
47,999520	1,921458
48,002298	1,940199
48,005075	1,960584
48,007853	1,971105
48,010631	1,956309
48,013409	1,927048
48,016186	1,899101
48,018964	1,884964
48,021742	1,879703
48,024520	1,866881
48,027297	1,830386
48,030075	1,781397
48,032853	1,738984
48,035631	1,705120
48,038408	1,679475
48,041186	1,639692
48,043964	1,578210
48,046742	1,515083
48,049519	1,462807
48,052297	1,438148
48,055075	1,425654
48,057853	1,422038
48,060630	1,407243
48,063408	1,391790
48,066186	1,387516
48,068964	1,400996
48,071741	1,420723
48,074519	1,436175
48,077297	1,429929
48,080075	1,410530
48,082852	1,403955
48,085630	1,412832
48,088408	1,438148
48,091186	1,450971
48,093963	1,445710
48,096741	1,425983
48,099519	1,419736
48,102297	1,426641
48,105075	1,448012
48,107852	1,459848
48,110630	1,454587
48,113408	1,438806
48,116186	1,429271
48,118963	1,436504
48,121741	1,456889
48,124519	1,472999
48,127296	1,465108
48,130074	1,452943
48,132852	1,441107
48,135630	1,448669
48,138407	1,465766
48,141185	1,480232
48,143963	1,473328
48,146741	1,458533
48,149518	1,451628
48,152296	1,461163
48,155074	1,481219
48,157852	1,494041
48,160629	1,488452
48,163407	1,469054
48,166185	1,462478
48,168963	1,469383
48,171740	1,490096
48,174518	1,500617
48,177296	1,498315
48,180074	1,480890
48,182851	1,471026
48,185629	1,477602
48,188407	1,493055
48,191185	1,507521
48,193962	1,502918
48,196740	1,490096
48,199518	1,481547
48,202296	1,493055
48,205073	1,508836
48,207851	1,525933
48,210629	1,515412
48,213407	1,498644
48,216184	1,492397
48,218962	1,502918
48,221740	1,521001
48,224518	1,532838
48,227295	1,524947
48,230073	1,508179
48,232851	1,503905
48,235629	1,511795
48,238406	1,530536
48,241184	1,543359
48,243962	1,536783
48,246740	1,517714
48,249517	1,512453
48,252295	1,518042
48,255073	1,538098
48,257851	1,550263
48,260628	1,541386
48,263406	1,524947
48,266184	1,514426
48,268962	1,523960
48,271739	1,544016
48,274517	1,561113
48,277295	1,551578
48,280073	1,535139
48,282850	1,523960
48,285628	1,532180
48,288406	1,550921
48,291184	1,565058
48,293961	1,559140
48,296739	1,547633
48,299517	1,538756
48,302295	1,545331
48,305072	1,563414
48,307850	1,575908
48,310628	1,570648
48,313406	1,553222
48,316183	1,543687
48,318961	1,549605
48,321739	1,568675
48,324517	1,577881
48,327294	1,574264
48,330072	1,557167
48,332850	1,550921
48,335628	1,560784
48,338406	1,579196
48,341183	1,589717
48,343961	1,579525
48,346739	1,562757
48,349516	1,553880
48,352294	1,565387
48,355072	1,582484
48,357850	1,596621
48,360627	1,590374
48,363405	1,573278
48,366183	1,564401
48,368961	1,572291
48,371738	1,590703
48,374516	1,604183
48,377294	1,597608
48,380072	1,581497
48,382849	1,573935
48,385627	1,582484
48,388405	1,599252
48,391183	1,610759
48,393960	1,603197
48,396738	1,583799
48,399516	1,574922
48,402294	1,581169
48,405071	1,596950
48,407849	1,612074
48,410627	1,604841
48,413405	1,587744
48,416182	1,578867
48,418960	1,585771
48,421738	1,604512
48,424516	1,620294
48,427293	1,612732
48,430071	1,596293
48,432849	1,588402
48,435627	1,595306
48,438404	1,612732
48,441182	1,624239
48,443960	1,616348
48,446738	1,596621
48,449515	1,586758
48,452293	1,593333
48,455071	1,612074
48,457849	1,625225
48,460626	1,618650
48,463404	1,604512
48,466182	1,595306
48,468960	1,601882
48,471737	1,619307
48,474515	1,630486
48,477293	1,622595
48,480071	1,604841
48,482848	1,593662
48,485626	1,600895
48,488404	1,617006
48,491182	1,630815
48,493959	1,626541
48,496737	1,612403
48,499515	1,601553
48,502293	1,610430
48,505070	1,628842
48,507848	1,639034
48,510626	1,633445
48,513404	1,618650
48,516181	1,612074
48,518959	1,617992
48,521737	1,634760
48,524515	1,648569
48,527292	1,643308
48,530070	1,622924
48,532848	1,609444
48,535626	1,614704
48,538403	1,631472
48,541181	1,644295
48,543959	1,638048
48,546737	1,620951
48,549515	1,613718
48,552292	1,621280
48,555070	1,637062
48,557848	1,648898
48,560626	1,640678
48,563403	1,625554
48,566181	1,616348
48,568959	1,622595
48,571737	1,636733
48,574514	1,650542
48,577292	1,644624
48,580070	1,626869
48,582847	1,617992
48,585625	1,622924
48,588403	1,641665
48,591181	1,650870
48,593958	1,642980
48,596736	1,622924
48,599514	1,613389
48,602292	1,618979
48,605069	1,639363
48,607847	1,652514
48,610625	1,647583
48,613403	1,631472
48,616180	1,620951
48,618958	1,629828
48,621736	1,646596
48,624514	1,661063
48,627291	1,651528
48,630069	1,633445
48,632847	1,620294
48,635625	1,628513
48,638402	1,646596
48,641180	1,660076
48,643958	1,661391
48,646736	1,671255
48,649513	1,704462
48,652291	1,761670
48,655069	1,828084
48,657847	1,881018
48,660624	1,904033
48,663402	1,903704
48,666180	1,905677
48,668958	1,919815
48,671735	1,944144
48,674513	1,961570
48,677291	1,955323
48,680069	1,929678
48,682846	1,904691
48,685624	1,890224
48,688402	1,880689
48,691180	1,860634
48,693957	1,819865
48,696735	1,764300
48,699513	1,714325
48,702291	1,683091
48,705068	1,664022
48,707846	1,650213
48,710624	1,623253
48,713402	1,595635
48,716179	1,573935
48,718957	1,575250
48,721735	1,588402
48,724513	1,599580
48,727290	1,592676
48,730068	1,572949
48,732846	1,567360
48,735624	1,572620
48,738401	1,591361
48,741179	1,604183
48,743957	1,596950
48,746735	1,574264
48,749512	1,566373
48,752290	1,574593
48,755068	1,595306
48,757846	1,610101
48,760623	1,602539
48,763401	1,585771
48,766179	1,575908
48,768957	1,582484
48,771734	1,594649
48,774512	1,593662
48,777290	1,555195
48,780068	1,508179
48,782846	1,478588
48,785623	1,513768
48,788401	1,620294
48,791179	1,821180
48,793957	2,101631
48,796734	2,440606
48,799512	2,838434
48,802290	3,186944
48,805067	3,200095
48,807845	3,202397
48,810623	3,202068
48,813401	3,201410
48,816178	3,195821
48,818956	3,137955
48,821734	2,744731
48,824512	2,150620
48,827289	1,583141
48,830067	1,178739
48,832845	0,991662
48,835623	0,987388
48,838400	1,086351
48,841178	1,209644
48,843956	1,308937
48,846734	1,373049
48,849511	1,414805
48,852289	1,455245
48,855067	1,482205
48,857845	1,497987
48,860622	1,488781
48,863400	1,470040
48,866178	1,456231
48,868956	1,466423
48,871733	1,489109
48,874511	1,506864
48,877289	1,508508
48,880067	1,494370
48,882844	1,490096
48,885622	1,497987
48,888400	1,518371
48,891178	1,531851
48,893955	1,533166
48,896733	1,517385
48,899511	1,516398
48,902289	1,531194
48,905066	1,560784
48,907844	1,583799
48,910622	1,584785
48,913400	1,577552
48,916177	1,576237
48,918955	1,592676
48,921733	1,617992
48,924511	1,641993
48,927288	1,641993
48,930066	1,631801
48,932844	1,627527
48,935622	1,646267
48,938399	1,672241
48,941177	1,692955
48,943955	1,690653
48,946733	1,677502
48,949510	1,669940
48,952288	1,680790
48,955066	1,701503
48,957844	1,718600
48,960621	1,718928
48,963399	1,708407
48,966177	1,704791
48,968955	1,727477
48,971732	1,772520
48,974510	1,814933
48,977288	1,840907
48,980066	1,848798
48,982843	1,856031
48,985621	1,876086
48,988399	1,909294
48,991177	1,940528
48,993954	1,951706
48,996732	1,941843
48,999510	1,933623
49,002288	1,939213
49,005066	1,950720
49,007843	1,950720
49,010621	1,926061
49,013399	1,890224
49,016177	1,859319
49,018954	1,840249
49,021732	1,826769
49,024510	1,807042
49,027287	1,768575
49,030065	1,712682
49,032843	1,660734
49,035621	1,615033
49,038398	1,586100
49,041176	1,552236
49,043954	1,504891
49,046732	1,447354
49,049509	1,407900
49,052287	1,394091
49,055065	1,403955
49,057843	1,417106
49,060620	1,418092
49,063398	1,403626
49,066176	1,396064
49,068954	1,405599
49,071731	1,425326
49,074509	1,441436
49,077287	1,434532
49,080065	1,415791
49,082842	1,406256
49,085620	1,415133
49,088398	1,434532
49,091176	1,453272
49,093953	1,448998
49,096731	1,432559
49,099509	1,424668
49,102287	1,431244
49,105064	1,451299
49,107842	1,466095
49,110620	1,462478
49,113398	1,444395
49,116175	1,435189
49,118953	1,439463
49,121731	1,458861
49,124509	1,473328
49,127286	1,469711
49,130064	1,455245
49,132842	1,444066
49,135620	1,451299
49,138397	1,471355
49,141175	1,487466
49,143953	1,482863
49,146731	1,465437
49,149508	1,454916
49,152286	1,461163
49,155064	1,479904
49,157842	1,493712
49,160619	1,490425
49,163397	1,476945
49,166175	1,469383
49,168953	1,477931
49,171730	1,498644
49,174508	1,511467
49,177286	1,505877
49,180064	1,488123
49,182841	1,479246
49,185619	1,489767
49,188397	1,511138
49,191175	1,525276
49,193952	1,517385
49,196730	1,500288
49,199508	1,491411
49,202286	1,497329
49,205063	1,514426
49,207841	1,528892
49,210619	1,523960
49,213397	1,507521
49,216174	1,494699
49,218952	1,503905
49,221730	1,520673
49,224508	1,535468
49,227285	1,532509
49,230063	1,516070
49,232841	1,507521
49,235619	1,512782
49,238397	1,529550
49,241174	1,545002
49,243952	1,542043
49,246730	1,524618
49,249507	1,518042
49,252285	1,522645
49,255063	1,540728
49,257841	1,553880
49,260618	1,548290
49,263396	1,530865
49,266174	1,522316
49,268952	1,527248
49,271729	1,545002
49,274507	1,559798
49,277285	1,553551
49,280063	1,538427
49,282840	1,528892
49,285618	1,533824
49,288396	1,552236
49,291174	1,566702
49,293951	1,559469
49,296729	1,543687
49,299507	1,533495
49,302285	1,537769
49,305062	1,558154
49,307840	1,572620
49,310618	1,568017
49,313396	1,549605
49,316173	1,539413
49,318951	1,545989
49,321729	1,568675
49,324507	1,582812
49,327284	1,576237
49,330062	1,559469
49,332840	1,549277
49,335618	1,556510
49,338395	1,576894
49,341173	1,592347
49,343951	1,587087
49,346729	1,571305
49,349506	1,558154
49,352284	1,564729
49,355062	1,580840
49,357840	1,593991
49,360617	1,589059
49,363395	1,572620
49,366173	1,559140
49,368951	1,567031
49,371728	1,585114
49,374506	1,597608
49,377284	1,596950
49,380062	1,581169
49,382839	1,572949
49,385617	1,577881
49,388395	1,596621
49,391173	1,610430
49,393950	1,605170
49,396728	1,583799
49,399506	1,573278
49,402284	1,580840
49,405061	1,601553
49,407839	1,617992
49,410617	1,613060
49,413395	1,592676
49,416172	1,579525
49,418950	1,582484
49,421728	1,597279
49,424506	1,615033
49,427283	1,608457
49,430061	1,593991
49,432839	1,582812
49,435617	1,593333
49,438394	1,609773
49,441172	1,625225
49,443950	1,619965
49,446728	1,602539
49,449505	1,594977
49,452283	1,600567
49,455061	1,619965
49,457839	1,631143
49,460617	1,624897
49,463394	1,604183
49,466172	1,594320
49,468950	1,598923
49,471728	1,621280
49,474505	1,637390
49,477283	1,633445
49,480061	1,616019
49,482838	1,603855
49,485616	1,608457
49,488394	1,623581
49,491172	1,638377
49,493949	1,632130
49,496727	1,616019
49,499505	1,603197
49,502283	1,611417
49,505060	1,627856
49,507838	1,642322
49,510616	1,635418
49,513394	1,619307
49,516171	1,606814
49,518949	1,612403
49,521727	1,627198
49,524505	1,637390
49,527282	1,634103
49,530060	1,619636
49,532838	1,610759
49,535616	1,616348
49,538393	1,632459
49,541171	1,642651
49,543949	1,638377
49,546727	1,617006
49,549504	1,607142
49,552282	1,614704
49,555060	1,632130
49,557838	1,647254
49,560615	1,643308
49,563393	1,625225
49,566171	1,611417
49,568949	1,616348
49,571726	1,631472
49,574504	1,649884
49,577282	1,644952
49,580060	1,627198
49,582837	1,612074
49,585615	1,616348
49,588393	1,630815
49,591171	1,644952
49,593948	1,642322
49,596726	1,627527
49,599504	1,619965
49,602282	1,623910
49,605059	1,642651
49,607837	1,657117
49,610615	1,652843
49,613393	1,632130
49,616170	1,622266
49,618948	1,626212
49,621726	1,645610
49,624504	1,660076
49,627281	1,655145
49,630059	1,635746
49,632837	1,622595
49,635615	1,625883
49,638392	1,647583
49,641170	1,687694
49,643948	1,724189
49,646726	1,757067
49,649503	1,795206
49,652281	1,841893
49,655059	1,888580
49,657837	1,921787
49,660614	1,930664
49,663392	1,925404
49,666170	1,922445
49,668948	1,931651
49,671725	1,947432
49,674503	1,952693
49,677281	1,933295
49,680059	1,896800
49,682837	1,859647
49,685614	1,831043
49,688392	1,815262
49,691170	1,796192
49,693948	1,754437
49,696725	1,698215
49,699503	1,649555
49,702281	1,624897
49,705058	1,619965
49,707836	1,618979
49,710614	1,603197
49,713392	1,576566
49,716169	1,561442
49,718947	1,566373
49,721725	1,578538
49,724503	1,593005
49,727280	1,588731
49,730058	1,570648
49,732836	1,556839
49,735614	1,564729
49,738391	1,583799
49,741169	1,600895
49,743947	1,600895
49,746725	1,583141
49,749502	1,573607
49,752280	1,579196
49,755058	1,596293
49,757836	1,610101
49,760613	1,606485
49,763391	1,584785
49,766169	1,571963
49,768947	1,561770
49,771724	1,554537
49,774502	1,537769
49,777280	1,514426
49,780058	1,520015
49,782835	1,593005
49,785613	1,777123
49,788391	2,065794
49,791169	2,426140
49,793946	2,826926
49,796724	3,177409
49,799502	3,197794
49,802280	3,200753
49,805057	3,201081
49,807835	3,200095
49,810613	3,196807
49,813391	3,151106
49,816168	2,767088
49,818946	2,172320
49,821724	1,615362
49,824502	1,222467
49,827279	1,022567
49,830057	0,980812
49,832835	1,045582
49,835613	1,156382
49,838390	1,281319
49,841168	1,377981
49,843946	1,433216
49,846724	1,449327
49,849501	1,451299
49,852279	1,458861
49,855057	1,473657
49,857835	1,486808
49,860612	1,483849
49,863390	1,472670
49,866168	1,467081
49,868946	1,477273
49,871723	1,499630
49,874501	1,520015
49,877279	1,517714
49,880057	1,501932
49,882834	1,489767
49,885612	1,497658
49,888390	1,518371
49,891168	1,540400
49,893945	1,546318
49,896723	1,539084
49,899501	1,538756
49,902279	1,556181
49,905057	1,581169
49,907834	1,603855
49,910612	1,609773
49,913390	1,598923
49,916168	1,594320
49,918945	1,607471
49,921723	1,632130
49,924501	1,656789
49,927278	1,664679
49,930056	1,656789
49,932834	1,650870
49,935612	1,660405
49,938389	1,679475
49,941167	1,697229
49,943945	1,695585
49,946723	1,682105
49,949500	1,676187
49,952278	1,687365
49,955056	1,709065
49,957834	1,729121
49,960611	1,733395
49,963389	1,735039
49,966167	1,748190
49,968945	1,782712
49,971722	1,829071
49,974500	1,865237
49,977278	1,880361
49,980056	1,879703
49,982833	1,883320
49,985611	1,906006
49,988389	1,939542
49,991167	1,964200
49,993944	1,964529
49,996722	1,949076
